# MagicaVoxel @ Ephtracy

# group
o pc-screen

# material
mtllib bedroom-desk-view-television-11-pc-screen.mtl
usemtl palette

# normals
vn -1 0 0
vn 1 0 0
vn 0 0 1
vn 0 0 -1
vn 0 -1 0
vn 0 1 0

# texcoords
vt 0.783203 0.5
vt 0.787109 0.5
vt 0.791016 0.5
vt 0.794922 0.5
vt 0.857422 0.5
vt 0.970703 0.5
vt 0.982422 0.5

# verts
v 11.3 8.5 5.2
v 11.3 8.5 3.4
v 11.3 8.5 3.2
v 11.3 8.5 2.2
v 11.3 8.7 5.2
v 11.3 8.7 3.4
v 11.3 8.7 3.2
v 11.3 8.7 2.2
v 11.3 21.7 5.2
v 11.3 21.7 3.4
v 11.3 21.7 3.2
v 11.3 21.7 2.2
v 11.3 21.9 5.2
v 11.3 21.9 3.4
v 11.3 21.9 3.2
v 11.3 21.9 2.2
v 11.4 8.4 5.3
v 11.4 8.4 3.4
v 11.4 8.4 3.2
v 11.4 8.4 2.1
v 11.4 8.5 5.2
v 11.4 8.5 3.4
v 11.4 8.5 3.2
v 11.4 8.5 2.2
v 11.4 8.7 5.2
v 11.4 8.7 2.2
v 11.4 21.7 5.2
v 11.4 21.7 2.2
v 11.4 21.9 5.3
v 11.4 21.9 5.2
v 11.4 21.9 3.4
v 11.4 21.9 3.2
v 11.4 21.9 2.2
v 11.4 21.9 2.1
v 11.4 22 5.3
v 11.4 22 3.4
v 11.4 22 3.2
v 11.4 22 2.2
v 11.5 8.3 5.2
v 11.5 8.3 3.4
v 11.5 8.3 3.2
v 11.5 8.3 2
v 11.5 8.4 5.2
v 11.5 8.4 3.4
v 11.5 8.4 3.2
v 11.5 8.4 2.1
v 11.5 8.5 5.4
v 11.5 8.5 5.3
v 11.5 8.5 3.4
v 11.5 8.5 3.2
v 11.5 8.5 2.1
v 11.5 8.5 2
v 11.5 8.7 5.4
v 11.5 8.7 5.3
v 11.5 8.7 3.4
v 11.5 8.7 3.2
v 11.5 21.7 3.4
v 11.5 21.7 3.2
v 11.5 21.7 2.1
v 11.5 21.7 2
v 11.5 21.9 5.4
v 11.5 21.9 5.3
v 11.5 21.9 3.4
v 11.5 21.9 3.2
v 11.5 21.9 2.2
v 11.5 21.9 2.1
v 11.5 21.9 2
v 11.5 22 5.2
v 11.5 22 3.4
v 11.5 22 3.2
v 11.5 22 2.2
v 11.5 22 2.1
v 11.5 22.1 5.2
v 11.5 22.1 3.4
v 11.5 22.1 3.2
v 11.5 22.1 2.2
v 11.7 8.3 3.4
v 11.7 8.3 3.2
v 11.7 8.5 3.4
v 11.7 8.5 3.2
v 11.9 10.2 2
v 11.9 10.2 1.9
v 11.9 10.3 1.9
v 11.9 10.3 1.4
v 11.9 10.4 1.4
v 11.9 10.4 1.3
v 11.9 10.5 1.3
v 11.9 10.5 0.4
v 11.9 10.6 0.4
v 11.9 10.6 0.3
v 11.9 10.7 0.3
v 11.9 10.7 -0.8
v 11.9 10.8 -0.8
v 11.9 10.8 -0.9
v 11.9 10.9 -0.9
v 11.9 10.9 -1.8
v 11.9 11 -1.8
v 11.9 11 -1.9
v 11.9 11.1 -1.9
v 11.9 11.1 -2.8
v 11.9 11.2 -2.8
v 11.9 11.2 -2.9
v 11.9 11.3 -2.9
v 11.9 11.3 -4
v 11.9 11.4 -4
v 11.9 11.4 -4.1
v 11.9 11.5 -4.1
v 11.9 11.5 -5
v 11.9 11.6 -5
v 11.9 11.6 -5.1
v 11.9 11.7 -5.1
v 11.9 11.7 -6
v 11.9 11.8 -6
v 11.9 11.8 -6.1
v 11.9 11.9 -6.1
v 11.9 11.9 -7.6
v 11.9 12 -7.6
v 11.9 12 -7.7
v 11.9 12.1 -7.7
v 11.9 12.1 -8.6
v 11.9 19 -8.2
v 11.9 19 -8.6
v 11.9 19.1 -7.4
v 11.9 19.1 -8.2
v 11.9 19.2 -7.4
v 11.9 19.2 -8.2
v 11.9 19.3 -6.4
v 11.9 19.3 -7.4
v 11.9 19.4 -6.4
v 11.9 19.4 -7.4
v 11.9 19.5 -5.4
v 11.9 19.5 -6.4
v 11.9 19.6 -5.4
v 11.9 19.6 -6.4
v 11.9 19.7 -4.6
v 11.9 19.7 -5.4
v 11.9 19.8 -4.6
v 11.9 19.8 -5.4
v 11.9 19.9 -3.6
v 11.9 19.9 -4.6
v 11.9 20 -3.6
v 11.9 20 -4.6
v 11.9 20.1 -2.6
v 11.9 20.1 -3.6
v 11.9 20.2 -2.6
v 11.9 20.2 -3.6
v 11.9 20.3 -1.6
v 11.9 20.3 -2.6
v 11.9 20.4 -1.6
v 11.9 20.4 -2.6
v 11.9 20.5 -0.6
v 11.9 20.5 -1.6
v 11.9 20.6 -0.6
v 11.9 20.6 -1.6
v 11.9 20.7 0.2
v 11.9 20.7 -0.6
v 11.9 20.8 0.2
v 11.9 20.8 -0.6
v 11.9 20.9 1.2
v 11.9 20.9 0.2
v 11.9 21 1.2
v 11.9 21 0.2
v 11.9 21.1 2
v 11.9 21.1 1.2
v 11.9 21.2 2
v 11.9 21.2 1.2
v 12 12.3 -8.6
v 12 12.3 -8.7
v 12 18.8 -8.6
v 12 18.8 -8.7
v 12 19 -8.2
v 12 19 -8.6
v 12 19.1 -8.2
v 12 19.1 -8.6
v 12 19.2 -7.4
v 12 19.2 -8.2
v 12 19.3 -7.4
v 12 19.3 -8.2
v 12 19.4 -6.4
v 12 19.4 -7.4
v 12 19.5 -6.4
v 12 19.5 -7.4
v 12 19.6 -5.4
v 12 19.6 -6.4
v 12 19.7 -5.4
v 12 19.7 -6.4
v 12 19.8 -4.6
v 12 19.8 -5.4
v 12 19.9 -4.6
v 12 19.9 -5.4
v 12 20 -3.6
v 12 20 -4.6
v 12 20.1 -3.6
v 12 20.1 -4.6
v 12 20.2 -2.6
v 12 20.2 -3.6
v 12 20.3 -2.6
v 12 20.3 -3.6
v 12 20.4 -1.6
v 12 20.4 -2.6
v 12 20.5 -1.6
v 12 20.5 -2.6
v 12 20.6 -0.6
v 12 20.6 -1.6
v 12 20.7 -0.6
v 12 20.7 -1.6
v 12 20.8 0.2
v 12 20.8 -0.6
v 12 20.9 0.2
v 12 20.9 -0.6
v 12 21 1.2
v 12 21 0.2
v 12 21.1 1.2
v 12 21.1 0.2
v 12 21.2 2
v 12 21.2 1.2
v 12 21.3 2
v 12 21.3 1.2
v 12.1 12.3 -8.7
v 12.1 12.3 -8.8
v 12.1 18.8 -8.7
v 12.1 18.8 -8.8
v 12.2 12.5 -8.8
v 12.2 12.5 -8.9
v 12.2 18.6 -8.8
v 12.2 18.6 -8.9
v 12.2 18.8 -8.6
v 12.2 18.8 -8.8
v 12.2 18.9 -8.6
v 12.2 18.9 -8.8
v 12.3 8.3 5.4
v 12.3 8.3 5.2
v 12.3 8.4 5.4
v 12.3 8.4 5.3
v 12.3 8.4 5.2
v 12.3 8.5 5.4
v 12.3 8.5 5.3
v 12.3 10 2
v 12.3 10 1.9
v 12.3 10.1 1.9
v 12.3 10.1 1.4
v 12.3 10.2 2
v 12.3 10.2 1.9
v 12.3 10.2 1.4
v 12.3 10.2 1.3
v 12.3 10.3 1.9
v 12.3 10.3 1.4
v 12.3 10.3 1.3
v 12.3 10.3 0.4
v 12.3 10.4 1.4
v 12.3 10.4 1.3
v 12.3 10.4 0.4
v 12.3 10.4 0.3
v 12.3 10.5 1.3
v 12.3 10.5 0.4
v 12.3 10.5 0.3
v 12.3 10.5 -0.8
v 12.3 10.6 0.4
v 12.3 10.6 0.3
v 12.3 10.6 -0.8
v 12.3 10.6 -0.9
v 12.3 10.7 0.3
v 12.3 10.7 -0.8
v 12.3 10.7 -0.9
v 12.3 10.7 -1.8
v 12.3 10.8 -0.8
v 12.3 10.8 -0.9
v 12.3 10.8 -1.8
v 12.3 10.8 -1.9
v 12.3 10.9 -0.9
v 12.3 10.9 -1.8
v 12.3 10.9 -1.9
v 12.3 10.9 -2.8
v 12.3 11 -1.8
v 12.3 11 -1.9
v 12.3 11 -2.8
v 12.3 11 -2.9
v 12.3 11.1 -1.9
v 12.3 11.1 -2.8
v 12.3 11.1 -2.9
v 12.3 11.1 -4
v 12.3 11.2 -2.8
v 12.3 11.2 -2.9
v 12.3 11.2 -4
v 12.3 11.2 -4.1
v 12.3 11.3 -2.9
v 12.3 11.3 -4
v 12.3 11.3 -4.1
v 12.3 11.3 -5
v 12.3 11.4 -4
v 12.3 11.4 -4.1
v 12.3 11.4 -5
v 12.3 11.4 -5.1
v 12.3 11.5 -4.1
v 12.3 11.5 -5
v 12.3 11.5 -5.1
v 12.3 11.5 -6
v 12.3 11.6 -5
v 12.3 11.6 -5.1
v 12.3 11.6 -6
v 12.3 11.6 -6.1
v 12.3 11.7 -5.1
v 12.3 11.7 -6
v 12.3 11.7 -6.1
v 12.3 11.7 -7.4
v 12.3 11.8 -6
v 12.3 11.8 -6.1
v 12.3 11.8 -7.4
v 12.3 11.8 -7.5
v 12.3 11.9 -6.1
v 12.3 11.9 -7.5
v 12.3 11.9 -7.6
v 12.3 11.9 -8.6
v 12.3 12 -7.6
v 12.3 12 -7.7
v 12.3 12.1 -7.7
v 12.3 12.1 -8.6
v 12.3 12.5 -8.9
v 12.3 12.5 -9
v 12.3 18.6 -8.9
v 12.3 18.6 -9
v 12.3 21.9 5.4
v 12.3 21.9 5.3
v 12.3 21.9 3.4
v 12.3 21.9 3.2
v 12.3 21.9 2.1
v 12.3 21.9 2
v 12.3 22 5.3
v 12.3 22 5.2
v 12.3 22 2.2
v 12.3 22 2.1
v 12.3 22.1 5.4
v 12.3 22.1 5.3
v 12.3 22.1 5.2
v 12.3 22.1 3.4
v 12.3 22.1 3.2
v 12.3 22.1 2.2
v 12.3 22.1 2.1
v 12.3 22.1 2
v 12.3 22.2 5.3
v 12.3 22.2 5.2
v 12.3 22.2 2.2
v 12.3 22.2 2.1
v 12.3 22.3 5.2
v 12.3 22.3 3.4
v 12.3 22.3 3.2
v 12.3 22.3 2.2
v 12.4 8.2 5.3
v 12.4 8.2 3.4
v 12.4 8.3 5.3
v 12.4 8.3 3.4
v 12.4 18.6 -8.8
v 12.4 18.6 -9
v 12.4 18.7 -8.8
v 12.4 18.7 -9
v 12.5 8.1 5.2
v 12.5 8.1 3.4
v 12.5 8.2 5.2
v 12.5 8.2 3.4
v 12.5 12.1 -8.6
v 12.5 12.1 -8.8
v 12.5 12.3 -8.6
v 12.5 12.3 -8.8
v 12.7 8.1 3.4
v 12.7 8.1 -6.6
v 12.7 8.3 3.4
v 12.7 8.3 3.2
v 12.7 8.3 2
v 12.7 8.3 -6.6
v 12.7 8.9 -6.6
v 12.7 8.9 -6.8
v 12.7 9.7 -6.8
v 12.7 9.7 -7
v 12.7 10 2
v 12.7 10 1.9
v 12.7 10.1 1.9
v 12.7 10.1 1.4
v 12.7 10.2 1.4
v 12.7 10.2 1.3
v 12.7 10.3 1.3
v 12.7 10.3 0.4
v 12.7 10.4 0.4
v 12.7 10.4 0.3
v 12.7 10.5 0.3
v 12.7 10.5 -0.8
v 12.7 10.5 -7
v 12.7 10.5 -7.2
v 12.7 10.6 -0.8
v 12.7 10.6 -0.9
v 12.7 10.7 -0.9
v 12.7 10.7 -1.8
v 12.7 10.8 -1.8
v 12.7 10.8 -1.9
v 12.7 10.9 -1.9
v 12.7 10.9 -2.8
v 12.7 11 -2.8
v 12.7 11 -2.9
v 12.7 11.1 -2.9
v 12.7 11.1 -4
v 12.7 11.2 -4
v 12.7 11.2 -4.1
v 12.7 11.3 -4.1
v 12.7 11.3 -5
v 12.7 11.3 -7.2
v 12.7 11.3 -7.4
v 12.7 11.4 -5
v 12.7 11.4 -5.1
v 12.7 11.5 -5.1
v 12.7 11.5 -6
v 12.7 11.6 -6
v 12.7 11.6 -6.1
v 12.7 11.7 -6.1
v 12.7 11.7 -7.4
v 12.7 11.7 -7.6
v 12.7 11.8 -7.4
v 12.7 11.8 -7.5
v 12.7 11.9 -7.5
v 12.7 11.9 -7.6
v 12.7 12.3 -8.8
v 12.7 12.3 -9
v 12.7 12.5 -8.8
v 12.7 12.5 -9
v 12.8 8.1 -6.6
v 12.8 8.1 -6.7
v 12.8 8.3 -6.6
v 12.8 8.3 -6.7
v 12.8 8.9 -6.6
v 12.8 8.9 -6.7
v 12.8 8.9 -6.8
v 12.8 8.9 -6.9
v 12.8 9.7 -6.8
v 12.8 9.7 -6.9
v 12.8 9.7 -7
v 12.8 9.7 -7.1
v 12.8 10.5 -7
v 12.8 10.5 -7.1
v 12.8 10.5 -7.2
v 12.8 10.5 -7.3
v 12.8 11.3 -7.2
v 12.8 11.3 -7.3
v 12.8 11.3 -7.4
v 12.8 11.3 -7.5
v 12.8 11.7 -7.4
v 12.8 11.7 -7.5
v 12.8 11.7 -7.6
v 12.8 11.7 -7.7
v 12.8 11.9 -7.6
v 12.8 11.9 -7.7
v 12.9 8.1 -6.7
v 12.9 8.1 -6.8
v 12.9 8.3 -6.7
v 12.9 8.3 -6.8
v 12.9 8.7 -6.8
v 12.9 8.7 -6.9
v 12.9 8.8 -6.9
v 12.9 8.8 -7
v 12.9 8.9 -6.7
v 12.9 8.9 -6.9
v 12.9 9.6 -7
v 12.9 9.6 -7.1
v 12.9 9.7 -6.9
v 12.9 9.7 -7.1
v 12.9 9.7 -7.2
v 12.9 10.4 -7.2
v 12.9 10.4 -7.3
v 12.9 10.5 -7.1
v 12.9 10.5 -7.3
v 12.9 10.5 -7.4
v 12.9 11.2 -7.4
v 12.9 11.2 -7.5
v 12.9 11.3 -7.3
v 12.9 11.3 -7.5
v 12.9 11.3 -7.6
v 12.9 11.6 -7.6
v 12.9 11.6 -7.7
v 12.9 11.7 -7.5
v 12.9 11.7 -7.7
v 12.9 11.7 -8
v 12.9 11.8 -8
v 12.9 11.8 -8.1
v 12.9 11.9 -7.7
v 12.9 11.9 -8.1
v 13.5 19.5 4.6
v 13.5 19.5 4.4
v 13.5 19.7 4.6
v 13.5 19.7 4.4
v 15.1 7.9 5.2
v 15.1 7.9 4.6
v 15.1 7.9 -6.8
v 15.1 8 5.3
v 15.1 8 5.2
v 15.1 8.1 5.4
v 15.1 8.1 5.3
v 15.1 8.1 5.2
v 15.1 8.1 4.6
v 15.1 8.1 3.4
v 15.1 8.1 -6.8
v 15.1 8.2 5.4
v 15.1 8.2 5.3
v 15.1 8.2 5.2
v 15.1 8.3 5.4
v 15.1 8.3 5.3
v 15.1 22.1 5.4
v 15.1 22.1 5.3
v 15.1 22.1 3.4
v 15.1 22.1 3.2
v 15.1 22.1 2.1
v 15.1 22.1 2
v 15.1 22.2 5.3
v 15.1 22.2 5.2
v 15.1 22.2 2.2
v 15.1 22.2 2.1
v 15.1 22.3 5.4
v 15.1 22.3 5.3
v 15.1 22.3 5.2
v 15.1 22.3 3.4
v 15.1 22.3 3.2
v 15.1 22.3 2.2
v 15.1 22.3 2.1
v 15.1 22.3 2
v 15.1 22.4 5.3
v 15.1 22.4 5.2
v 15.1 22.4 2.2
v 15.1 22.4 2.1
v 15.1 22.5 5.2
v 15.1 22.5 3.4
v 15.1 22.5 3.2
v 15.1 22.5 2.2
v 15.4 8.9 5.5
v 15.4 8.9 5.4
v 15.4 9.3 5.5
v 15.4 9.3 5.4
v 15.4 9.5 5.5
v 15.4 9.5 5.4
v 15.4 9.9 5.5
v 15.4 9.9 5.4
v 15.5 8.8 5.5
v 15.5 8.8 5.4
v 15.5 8.9 5.5
v 15.5 8.9 5.4
v 15.5 9.4 5.5
v 15.5 9.4 5.4
v 15.5 9.5 5.5
v 15.5 9.5 5.4
v 15.5 9.9 5.5
v 15.5 9.9 5.4
v 15.5 10 5.5
v 15.5 10 5.4
v 15.6 8.7 5.5
v 15.6 8.7 5.4
v 15.6 8.8 5.5
v 15.6 8.8 5.4
v 15.6 9.3 5.5
v 15.6 9.3 5.4
v 15.6 9.4 5.5
v 15.6 9.4 5.4
v 15.6 10 5.5
v 15.6 10 5.4
v 15.6 10.1 5.5
v 15.6 10.1 5.4
v 15.7 9 5.5
v 15.7 9 5.4
v 15.7 9.3 5.5
v 15.7 9.3 5.4
v 15.7 9.5 5.5
v 15.7 9.5 5.4
v 15.7 9.8 5.5
v 15.7 9.8 5.4
v 16.5 7.9 5.2
v 16.5 7.9 5.1
v 16.5 8 5.3
v 16.5 8 5.2
v 16.5 8 5.1
v 16.5 8.1 5.4
v 16.5 8.1 5.3
v 16.5 8.1 5.2
v 16.5 8.8 5.4
v 16.5 8.8 5.3
v 16.5 8.9 5.4
v 16.5 8.9 5.3
v 17.5 7.7 5.2
v 17.5 7.7 4.6
v 17.5 7.7 -6.8
v 17.5 7.8 5.3
v 17.5 7.8 5.2
v 17.5 7.9 5.4
v 17.5 7.9 5.3
v 17.5 7.9 5.2
v 17.5 7.9 4.6
v 17.5 7.9 -6.8
v 17.5 8 5.4
v 17.5 8 5.3
v 17.5 8 5.2
v 17.5 8.1 5.4
v 17.5 8.1 5.3
v 17.5 22.3 5.4
v 17.5 22.3 5.3
v 17.5 22.3 3.4
v 17.5 22.3 3.2
v 17.5 22.3 2.1
v 17.5 22.3 2
v 17.5 22.4 5.3
v 17.5 22.4 5.2
v 17.5 22.4 2.2
v 17.5 22.4 2.1
v 17.5 22.5 5.4
v 17.5 22.5 5.3
v 17.5 22.5 5.2
v 17.5 22.5 3.4
v 17.5 22.5 3.2
v 17.5 22.5 2.2
v 17.5 22.5 2.1
v 17.5 22.5 2
v 17.5 22.6 5.3
v 17.5 22.6 5.2
v 17.5 22.6 2.2
v 17.5 22.6 2.1
v 17.5 22.7 5.2
v 17.5 22.7 3.4
v 17.5 22.7 3.2
v 17.5 22.7 2.2
v 22.2 7.9 5.2
v 22.2 7.9 5.1
v 22.2 8 5.3
v 22.2 8 5.2
v 22.2 8 5.1
v 22.2 8.1 5.4
v 22.2 8.1 5.3
v 22.2 8.1 5.2
v 22.2 8.2 5.4
v 22.2 8.2 5.3
v 22.2 9 5.4
v 22.2 9 5.3
v 25.1 10.9 5
v 25.1 10.9 4.9
v 25.1 11 4.6
v 25.1 11 4.2
v 25.1 11.1 4.6
v 25.1 11.1 4.2
v 25.1 11.1 4
v 25.1 11.1 3.9
v 25.1 11.2 4
v 25.1 11.2 3.9
v 25.1 19.5 5
v 25.1 19.5 4.9
v 25.2 10.8 5.1
v 25.2 10.8 5
v 25.2 10.9 5
v 25.2 10.9 4.9
v 25.2 10.9 4.6
v 25.2 11.1 4.6
v 25.2 19.5 5
v 25.2 19.5 4.9
v 25.2 19.5 4.8
v 25.2 19.5 4.6
v 25.2 19.6 5.1
v 25.2 19.6 5
v 25.3 10.7 5.2
v 25.3 10.7 5.1
v 25.3 10.8 5.1
v 25.3 11.1 4.6
v 25.3 11.1 4
v 25.3 19.6 5.1
v 25.3 19.7 5.2
v 25.3 19.7 5.1
v 25.3 19.7 4.6
v 25.3 19.7 4
v 25.4 10.6 5.3
v 25.4 10.6 5.2
v 25.4 10.7 5.2
v 25.4 19.7 5.2
v 25.4 19.8 5.3
v 25.4 19.8 5.2
v 25.5 10.5 5.4
v 25.5 10.5 5.3
v 25.5 10.6 5.3
v 25.5 19.8 5.3
v 25.5 19.9 5.4
v 25.5 19.9 5.3
v 13.1 10.5 5.4
v 13.1 10.5 5.3
v 13.1 10.6 5.3
v 13.1 19.8 5.3
v 13.1 19.9 5.4
v 13.1 19.9 5.3
v 13.2 10.6 5.3
v 13.2 10.6 5.2
v 13.2 10.7 5.2
v 13.2 19.7 5.2
v 13.2 19.8 5.3
v 13.2 19.8 5.2
v 13.3 10.7 5.2
v 13.3 10.7 5.1
v 13.3 10.8 5.1
v 13.3 11.1 4.6
v 13.3 11.1 4
v 13.3 19.6 5.1
v 13.3 19.7 5.2
v 13.3 19.7 5.1
v 13.3 19.7 4.6
v 13.3 19.7 4
v 13.4 10.8 5.1
v 13.4 10.8 5
v 13.4 10.9 5
v 13.4 10.9 4.9
v 13.4 10.9 4.6
v 13.4 11.1 4.6
v 13.4 19.5 5
v 13.4 19.5 4.9
v 13.4 19.5 4.8
v 13.4 19.5 4.6
v 13.4 19.6 5.1
v 13.4 19.6 5
v 13.5 10.9 5
v 13.5 10.9 4.9
v 13.5 11 4.6
v 13.5 11 4.2
v 13.5 11.1 4.6
v 13.5 11.1 4.2
v 13.5 11.1 4
v 13.5 11.1 3.9
v 13.5 11.2 4
v 13.5 11.2 3.9
v 13.5 19.5 5
v 13.5 19.5 4.9
v 15.6 9 5.5
v 15.6 9 5.4
v 15.6 9.3 5.5
v 15.6 9.3 5.4
v 15.6 9.5 5.5
v 15.6 9.5 5.4
v 15.6 9.8 5.5
v 15.6 9.8 5.4
v 15.7 8.7 5.5
v 15.7 8.7 5.4
v 15.7 8.8 5.5
v 15.7 8.8 5.4
v 15.7 9.4 5.5
v 15.7 9.4 5.4
v 15.7 9.5 5.5
v 15.7 9.5 5.4
v 15.7 10 5.5
v 15.7 10 5.4
v 15.7 10.1 5.5
v 15.7 10.1 5.4
v 15.8 8.8 5.5
v 15.8 8.8 5.4
v 15.8 8.9 5.5
v 15.8 8.9 5.4
v 15.8 9.3 5.5
v 15.8 9.3 5.4
v 15.8 9.4 5.5
v 15.8 9.4 5.4
v 15.8 9.9 5.5
v 15.8 9.9 5.4
v 15.8 10 5.5
v 15.8 10 5.4
v 15.9 8.9 5.5
v 15.9 8.9 5.4
v 15.9 9.3 5.5
v 15.9 9.3 5.4
v 15.9 9.5 5.5
v 15.9 9.5 5.4
v 15.9 9.9 5.5
v 15.9 9.9 5.4
v 16.4 7.9 5.2
v 16.4 7.9 5.1
v 16.4 8 5.3
v 16.4 8 5.2
v 16.4 8 5.1
v 16.4 8.1 5.4
v 16.4 8.1 5.3
v 16.4 8.1 5.2
v 16.4 8.2 5.4
v 16.4 8.2 5.3
v 16.4 9 5.4
v 16.4 9 5.3
v 21.1 7.7 5.2
v 21.1 7.7 4.6
v 21.1 7.7 -6.8
v 21.1 7.8 5.3
v 21.1 7.8 5.2
v 21.1 7.9 5.4
v 21.1 7.9 5.3
v 21.1 7.9 5.2
v 21.1 7.9 4.6
v 21.1 7.9 -6.8
v 21.1 8 5.4
v 21.1 8 5.3
v 21.1 8 5.2
v 21.1 8.1 5.4
v 21.1 8.1 5.3
v 21.1 22.3 5.4
v 21.1 22.3 5.3
v 21.1 22.3 3.4
v 21.1 22.3 3.2
v 21.1 22.3 2.1
v 21.1 22.3 2
v 21.1 22.4 5.3
v 21.1 22.4 5.2
v 21.1 22.4 2.2
v 21.1 22.4 2.1
v 21.1 22.5 5.4
v 21.1 22.5 5.3
v 21.1 22.5 5.2
v 21.1 22.5 3.4
v 21.1 22.5 3.2
v 21.1 22.5 2.2
v 21.1 22.5 2.1
v 21.1 22.5 2
v 21.1 22.6 5.3
v 21.1 22.6 5.2
v 21.1 22.6 2.2
v 21.1 22.6 2.1
v 21.1 22.7 5.2
v 21.1 22.7 3.4
v 21.1 22.7 3.2
v 21.1 22.7 2.2
v 22.1 7.9 5.2
v 22.1 7.9 5.1
v 22.1 8 5.3
v 22.1 8 5.2
v 22.1 8 5.1
v 22.1 8.1 5.4
v 22.1 8.1 5.3
v 22.1 8.1 5.2
v 22.1 8.8 5.4
v 22.1 8.8 5.3
v 22.1 8.9 5.4
v 22.1 8.9 5.3
v 23.5 7.9 5.2
v 23.5 7.9 4.6
v 23.5 7.9 -6.8
v 23.5 8 5.3
v 23.5 8 5.2
v 23.5 8.1 5.4
v 23.5 8.1 5.3
v 23.5 8.1 5.2
v 23.5 8.1 4.6
v 23.5 8.1 3.4
v 23.5 8.1 -6.8
v 23.5 8.2 5.4
v 23.5 8.2 5.3
v 23.5 8.2 5.2
v 23.5 8.3 5.4
v 23.5 8.3 5.3
v 23.5 22.1 5.4
v 23.5 22.1 5.3
v 23.5 22.1 3.4
v 23.5 22.1 3.2
v 23.5 22.1 2.1
v 23.5 22.1 2
v 23.5 22.2 5.3
v 23.5 22.2 5.2
v 23.5 22.2 2.2
v 23.5 22.2 2.1
v 23.5 22.3 5.4
v 23.5 22.3 5.3
v 23.5 22.3 5.2
v 23.5 22.3 3.4
v 23.5 22.3 3.2
v 23.5 22.3 2.2
v 23.5 22.3 2.1
v 23.5 22.3 2
v 23.5 22.4 5.3
v 23.5 22.4 5.2
v 23.5 22.4 2.2
v 23.5 22.4 2.1
v 23.5 22.5 5.2
v 23.5 22.5 3.4
v 23.5 22.5 3.2
v 23.5 22.5 2.2
v 25.1 19.5 4.6
v 25.1 19.5 4.4
v 25.1 19.7 4.6
v 25.1 19.7 4.4
v 25.7 8.1 -6.7
v 25.7 8.1 -6.8
v 25.7 8.3 -6.7
v 25.7 8.3 -6.8
v 25.7 8.7 -6.8
v 25.7 8.7 -6.9
v 25.7 8.8 -6.9
v 25.7 8.8 -7
v 25.7 8.9 -6.7
v 25.7 8.9 -6.9
v 25.7 9.6 -7
v 25.7 9.6 -7.1
v 25.7 9.7 -6.9
v 25.7 9.7 -7.1
v 25.7 9.7 -7.2
v 25.7 10.4 -7.2
v 25.7 10.4 -7.3
v 25.7 10.5 -7.1
v 25.7 10.5 -7.3
v 25.7 10.5 -7.4
v 25.7 11.2 -7.4
v 25.7 11.2 -7.5
v 25.7 11.3 -7.3
v 25.7 11.3 -7.5
v 25.7 11.3 -7.6
v 25.7 11.6 -7.6
v 25.7 11.6 -7.7
v 25.7 11.7 -7.5
v 25.7 11.7 -7.7
v 25.7 11.7 -8
v 25.7 11.8 -8
v 25.7 11.8 -8.1
v 25.7 11.9 -7.7
v 25.7 11.9 -8.1
v 25.8 8.1 -6.6
v 25.8 8.1 -6.7
v 25.8 8.3 -6.6
v 25.8 8.3 -6.7
v 25.8 8.9 -6.6
v 25.8 8.9 -6.7
v 25.8 8.9 -6.8
v 25.8 8.9 -6.9
v 25.8 9.7 -6.8
v 25.8 9.7 -6.9
v 25.8 9.7 -7
v 25.8 9.7 -7.1
v 25.8 10.5 -7
v 25.8 10.5 -7.1
v 25.8 10.5 -7.2
v 25.8 10.5 -7.3
v 25.8 11.3 -7.2
v 25.8 11.3 -7.3
v 25.8 11.3 -7.4
v 25.8 11.3 -7.5
v 25.8 11.7 -7.4
v 25.8 11.7 -7.5
v 25.8 11.7 -7.6
v 25.8 11.7 -7.7
v 25.8 11.9 -7.6
v 25.8 11.9 -7.7
v 25.9 8.1 3.4
v 25.9 8.1 -6.6
v 25.9 8.3 3.4
v 25.9 8.3 3.2
v 25.9 8.3 2
v 25.9 8.3 -6.6
v 25.9 8.9 -6.6
v 25.9 8.9 -6.8
v 25.9 9.7 -6.8
v 25.9 9.7 -7
v 25.9 10 2
v 25.9 10 1.9
v 25.9 10.1 1.9
v 25.9 10.1 1.4
v 25.9 10.2 1.4
v 25.9 10.2 1.3
v 25.9 10.3 1.3
v 25.9 10.3 0.4
v 25.9 10.4 0.4
v 25.9 10.4 0.3
v 25.9 10.5 0.3
v 25.9 10.5 -0.8
v 25.9 10.5 -7
v 25.9 10.5 -7.2
v 25.9 10.6 -0.8
v 25.9 10.6 -0.9
v 25.9 10.7 -0.9
v 25.9 10.7 -1.8
v 25.9 10.8 -1.8
v 25.9 10.8 -1.9
v 25.9 10.9 -1.9
v 25.9 10.9 -2.8
v 25.9 11 -2.8
v 25.9 11 -2.9
v 25.9 11.1 -2.9
v 25.9 11.1 -4
v 25.9 11.2 -4
v 25.9 11.2 -4.1
v 25.9 11.3 -4.1
v 25.9 11.3 -5
v 25.9 11.3 -7.2
v 25.9 11.3 -7.4
v 25.9 11.4 -5
v 25.9 11.4 -5.1
v 25.9 11.5 -5.1
v 25.9 11.5 -6
v 25.9 11.6 -6
v 25.9 11.6 -6.1
v 25.9 11.7 -6.1
v 25.9 11.7 -7.4
v 25.9 11.7 -7.6
v 25.9 11.8 -7.4
v 25.9 11.8 -7.5
v 25.9 11.9 -7.5
v 25.9 11.9 -7.6
v 25.9 12.3 -8.8
v 25.9 12.3 -9
v 25.9 12.5 -8.8
v 25.9 12.5 -9
v 26.1 8.1 5.2
v 26.1 8.1 3.4
v 26.1 8.2 5.2
v 26.1 8.2 3.4
v 26.1 12.1 -8.6
v 26.1 12.1 -8.8
v 26.1 12.3 -8.6
v 26.1 12.3 -8.8
v 26.2 8.2 5.3
v 26.2 8.2 3.4
v 26.2 8.3 5.3
v 26.2 8.3 3.4
v 26.2 18.6 -8.8
v 26.2 18.6 -9
v 26.2 18.7 -8.8
v 26.2 18.7 -9
v 26.3 8.3 5.4
v 26.3 8.3 5.2
v 26.3 8.4 5.3
v 26.3 8.4 5.2
v 26.3 8.5 5.4
v 26.3 8.5 5.3
v 26.3 10 2
v 26.3 10 1.9
v 26.3 10.1 1.9
v 26.3 10.1 1.4
v 26.3 10.2 2
v 26.3 10.2 1.9
v 26.3 10.2 1.4
v 26.3 10.2 1.3
v 26.3 10.3 1.9
v 26.3 10.3 1.4
v 26.3 10.3 1.3
v 26.3 10.3 0.4
v 26.3 10.4 1.4
v 26.3 10.4 1.3
v 26.3 10.4 0.4
v 26.3 10.4 0.3
v 26.3 10.5 1.3
v 26.3 10.5 0.4
v 26.3 10.5 0.3
v 26.3 10.5 -0.8
v 26.3 10.6 0.4
v 26.3 10.6 0.3
v 26.3 10.6 -0.8
v 26.3 10.6 -0.9
v 26.3 10.7 0.3
v 26.3 10.7 -0.8
v 26.3 10.7 -0.9
v 26.3 10.7 -1.8
v 26.3 10.8 -0.8
v 26.3 10.8 -0.9
v 26.3 10.8 -1.8
v 26.3 10.8 -1.9
v 26.3 10.9 -0.9
v 26.3 10.9 -1.8
v 26.3 10.9 -1.9
v 26.3 10.9 -2.8
v 26.3 11 -1.8
v 26.3 11 -1.9
v 26.3 11 -2.8
v 26.3 11 -2.9
v 26.3 11.1 -1.9
v 26.3 11.1 -2.8
v 26.3 11.1 -2.9
v 26.3 11.1 -4
v 26.3 11.2 -2.8
v 26.3 11.2 -2.9
v 26.3 11.2 -4
v 26.3 11.2 -4.1
v 26.3 11.3 -2.9
v 26.3 11.3 -4
v 26.3 11.3 -4.1
v 26.3 11.3 -5
v 26.3 11.4 -4
v 26.3 11.4 -4.1
v 26.3 11.4 -5
v 26.3 11.4 -5.1
v 26.3 11.5 -4.1
v 26.3 11.5 -5
v 26.3 11.5 -5.1
v 26.3 11.5 -6
v 26.3 11.6 -5
v 26.3 11.6 -5.1
v 26.3 11.6 -6
v 26.3 11.6 -6.1
v 26.3 11.7 -5.1
v 26.3 11.7 -6
v 26.3 11.7 -6.1
v 26.3 11.7 -7.4
v 26.3 11.8 -6
v 26.3 11.8 -6.1
v 26.3 11.8 -7.4
v 26.3 11.8 -7.5
v 26.3 11.9 -6.1
v 26.3 11.9 -7.5
v 26.3 11.9 -7.6
v 26.3 11.9 -8.6
v 26.3 12 -7.6
v 26.3 12 -7.7
v 26.3 12.1 -7.7
v 26.3 12.1 -8.6
v 26.3 12.5 -8.9
v 26.3 12.5 -9
v 26.3 18.6 -8.9
v 26.3 18.6 -9
v 26.3 21.9 5.4
v 26.3 21.9 5.3
v 26.3 21.9 3.4
v 26.3 21.9 3.2
v 26.3 21.9 2.1
v 26.3 21.9 2
v 26.3 22 5.3
v 26.3 22 5.2
v 26.3 22 2.2
v 26.3 22 2.1
v 26.3 22.1 5.4
v 26.3 22.1 5.3
v 26.3 22.1 5.2
v 26.3 22.1 3.4
v 26.3 22.1 3.2
v 26.3 22.1 2.2
v 26.3 22.1 2.1
v 26.3 22.1 2
v 26.3 22.2 5.3
v 26.3 22.2 5.2
v 26.3 22.2 2.2
v 26.3 22.2 2.1
v 26.3 22.3 5.2
v 26.3 22.3 3.4
v 26.3 22.3 3.2
v 26.3 22.3 2.2
v 26.4 12.5 -8.8
v 26.4 12.5 -8.9
v 26.4 18.6 -8.8
v 26.4 18.6 -8.9
v 26.4 18.8 -8.6
v 26.4 18.8 -8.8
v 26.4 18.9 -8.6
v 26.4 18.9 -8.8
v 26.5 12.3 -8.7
v 26.5 12.3 -8.8
v 26.5 18.8 -8.7
v 26.5 18.8 -8.8
v 26.6 12.3 -8.6
v 26.6 12.3 -8.7
v 26.6 18.8 -8.6
v 26.6 18.8 -8.7
v 26.6 19 -8.2
v 26.6 19 -8.6
v 26.6 19.1 -8.2
v 26.6 19.1 -8.6
v 26.6 19.2 -7.4
v 26.6 19.2 -8.2
v 26.6 19.3 -7.4
v 26.6 19.3 -8.2
v 26.6 19.4 -6.4
v 26.6 19.4 -7.4
v 26.6 19.5 -6.4
v 26.6 19.5 -7.4
v 26.6 19.6 -5.4
v 26.6 19.6 -6.4
v 26.6 19.7 -5.4
v 26.6 19.7 -6.4
v 26.6 19.8 -4.6
v 26.6 19.8 -5.4
v 26.6 19.9 -4.6
v 26.6 19.9 -5.4
v 26.6 20 -3.6
v 26.6 20 -4.6
v 26.6 20.1 -3.6
v 26.6 20.1 -4.6
v 26.6 20.2 -2.6
v 26.6 20.2 -3.6
v 26.6 20.3 -2.6
v 26.6 20.3 -3.6
v 26.6 20.4 -1.6
v 26.6 20.4 -2.6
v 26.6 20.5 -1.6
v 26.6 20.5 -2.6
v 26.6 20.6 -0.6
v 26.6 20.6 -1.6
v 26.6 20.7 -0.6
v 26.6 20.7 -1.6
v 26.6 20.8 0.2
v 26.6 20.8 -0.6
v 26.6 20.9 0.2
v 26.6 20.9 -0.6
v 26.6 21 1.2
v 26.6 21 0.2
v 26.6 21.1 1.2
v 26.6 21.1 0.2
v 26.6 21.2 2
v 26.6 21.2 1.2
v 26.6 21.3 2
v 26.6 21.3 1.2
v 26.7 10.2 2
v 26.7 10.2 1.9
v 26.7 10.3 1.9
v 26.7 10.3 1.4
v 26.7 10.4 1.4
v 26.7 10.4 1.3
v 26.7 10.5 1.3
v 26.7 10.5 0.4
v 26.7 10.6 0.4
v 26.7 10.6 0.3
v 26.7 10.7 0.3
v 26.7 10.7 -0.8
v 26.7 10.8 -0.8
v 26.7 10.8 -0.9
v 26.7 10.9 -0.9
v 26.7 10.9 -1.8
v 26.7 11 -1.8
v 26.7 11 -1.9
v 26.7 11.1 -1.9
v 26.7 11.1 -2.8
v 26.7 11.2 -2.8
v 26.7 11.2 -2.9
v 26.7 11.3 -2.9
v 26.7 11.3 -4
v 26.7 11.4 -4
v 26.7 11.4 -4.1
v 26.7 11.5 -4.1
v 26.7 11.5 -5
v 26.7 11.6 -5
v 26.7 11.6 -5.1
v 26.7 11.7 -5.1
v 26.7 11.7 -6
v 26.7 11.8 -6
v 26.7 11.8 -6.1
v 26.7 11.9 -6.1
v 26.7 11.9 -7.6
v 26.7 12 -7.6
v 26.7 12 -7.7
v 26.7 12.1 -7.7
v 26.7 12.1 -8.6
v 26.7 19 -8.2
v 26.7 19 -8.6
v 26.7 19.1 -7.4
v 26.7 19.1 -8.2
v 26.7 19.2 -7.4
v 26.7 19.2 -8.2
v 26.7 19.3 -6.4
v 26.7 19.3 -7.4
v 26.7 19.4 -6.4
v 26.7 19.4 -7.4
v 26.7 19.5 -5.4
v 26.7 19.5 -6.4
v 26.7 19.6 -5.4
v 26.7 19.6 -6.4
v 26.7 19.7 -4.6
v 26.7 19.7 -5.4
v 26.7 19.8 -4.6
v 26.7 19.8 -5.4
v 26.7 19.9 -3.6
v 26.7 19.9 -4.6
v 26.7 20 -3.6
v 26.7 20 -4.6
v 26.7 20.1 -2.6
v 26.7 20.1 -3.6
v 26.7 20.2 -2.6
v 26.7 20.2 -3.6
v 26.7 20.3 -1.6
v 26.7 20.3 -2.6
v 26.7 20.4 -1.6
v 26.7 20.4 -2.6
v 26.7 20.5 -0.6
v 26.7 20.5 -1.6
v 26.7 20.6 -0.6
v 26.7 20.6 -1.6
v 26.7 20.7 0.2
v 26.7 20.7 -0.6
v 26.7 20.8 0.2
v 26.7 20.8 -0.6
v 26.7 20.9 1.2
v 26.7 20.9 0.2
v 26.7 21 1.2
v 26.7 21 0.2
v 26.7 21.1 2
v 26.7 21.1 1.2
v 26.7 21.2 2
v 26.7 21.2 1.2
v 26.9 8.3 3.4
v 26.9 8.3 3.2
v 26.9 8.5 3.4
v 26.9 8.5 3.2
v 27.1 8.3 5.2
v 27.1 8.3 3.4
v 27.1 8.3 3.2
v 27.1 8.3 2
v 27.1 8.4 5.2
v 27.1 8.4 3.4
v 27.1 8.4 3.2
v 27.1 8.4 2.1
v 27.1 8.5 5.4
v 27.1 8.5 5.3
v 27.1 8.5 3.4
v 27.1 8.5 3.2
v 27.1 8.5 2.1
v 27.1 8.5 2
v 27.1 8.6 5.4
v 27.1 8.6 5.3
v 27.1 8.6 3.2
v 27.1 8.7 3.4
v 27.1 21.7 3.4
v 27.1 21.7 3.2
v 27.1 21.7 2.1
v 27.1 21.7 2
v 27.1 21.9 5.4
v 27.1 21.9 5.3
v 27.1 21.9 3.4
v 27.1 21.9 3.2
v 27.1 21.9 2.2
v 27.1 21.9 2.1
v 27.1 21.9 2
v 27.1 22 5.2
v 27.1 22 3.4
v 27.1 22 3.2
v 27.1 22 2.2
v 27.1 22 2.1
v 27.1 22.1 5.2
v 27.1 22.1 3.4
v 27.1 22.1 3.2
v 27.1 22.1 2.2
v 27.2 8.4 5.3
v 27.2 8.4 3.4
v 27.2 8.4 3.2
v 27.2 8.4 2.1
v 27.2 8.5 5.2
v 27.2 8.5 3.4
v 27.2 8.5 3.2
v 27.2 8.5 2.2
v 27.2 8.6 5.2
v 27.2 8.6 2.2
v 27.2 21.7 5.2
v 27.2 21.7 2.2
v 27.2 21.9 5.3
v 27.2 21.9 5.2
v 27.2 21.9 3.4
v 27.2 21.9 3.2
v 27.2 21.9 2.2
v 27.2 21.9 2.1
v 27.2 22 5.3
v 27.2 22 3.4
v 27.2 22 3.2
v 27.2 22 2.2
v 27.3 8.5 5.2
v 27.3 8.5 3.4
v 27.3 8.5 3.2
v 27.3 8.5 2.2
v 27.3 8.6 5.2
v 27.3 8.6 3.4
v 27.3 8.6 3.2
v 27.3 8.6 2.2
v 27.3 21.7 5.2
v 27.3 21.7 3.4
v 27.3 21.7 3.2
v 27.3 21.7 2.2
v 27.3 21.9 5.2
v 27.3 21.9 3.4
v 27.3 21.9 3.2
v 27.3 21.9 2.2
v 15.4 8.9 5.5
v 15.4 9.3 5.5
v 15.4 9.5 5.5
v 15.4 9.9 5.5
v 15.5 8.8 5.5
v 15.5 8.9 5.5
v 15.5 9.4 5.5
v 15.5 9.5 5.5
v 15.5 9.9 5.5
v 15.5 10 5.5
v 15.6 8.7 5.5
v 15.6 8.8 5.5
v 15.6 9 5.5
v 15.6 9.3 5.5
v 15.6 9.4 5.5
v 15.6 9.5 5.5
v 15.6 9.8 5.5
v 15.6 10 5.5
v 15.6 10.1 5.5
v 15.7 8.7 5.5
v 15.7 8.8 5.5
v 15.7 9 5.5
v 15.7 9.3 5.5
v 15.7 9.4 5.5
v 15.7 9.5 5.5
v 15.7 9.8 5.5
v 15.7 10 5.5
v 15.7 10.1 5.5
v 15.8 8.8 5.5
v 15.8 8.9 5.5
v 15.8 9.3 5.5
v 15.8 9.4 5.5
v 15.8 9.9 5.5
v 15.8 10 5.5
v 15.9 8.9 5.5
v 15.9 9.3 5.5
v 15.9 9.5 5.5
v 15.9 9.9 5.5
v 11.5 8.5 5.4
v 11.5 8.7 5.4
v 11.5 21.9 5.4
v 11.6 8.6 5.4
v 11.6 8.7 5.4
v 12.3 8.3 5.4
v 12.3 8.4 5.4
v 12.3 8.5 5.4
v 12.3 8.6 5.4
v 12.3 21.9 5.4
v 12.3 22.1 5.4
v 13 10.4 5.4
v 13 10.5 5.4
v 13 19.9 5.4
v 13 20 5.4
v 13.1 10.5 5.4
v 13.1 19.9 5.4
v 15.1 8.1 5.4
v 15.1 8.2 5.4
v 15.1 8.3 5.4
v 15.1 8.4 5.4
v 15.1 22.1 5.4
v 15.1 22.3 5.4
v 15.3 8.8 5.4
v 15.3 9.3 5.4
v 15.3 9.4 5.4
v 15.3 10 5.4
v 15.4 8.7 5.4
v 15.4 8.8 5.4
v 15.4 8.9 5.4
v 15.4 9.3 5.4
v 15.4 9.4 5.4
v 15.4 9.5 5.4
v 15.4 9.9 5.4
v 15.4 10 5.4
v 15.4 10.1 5.4
v 15.5 8.6 5.4
v 15.5 8.7 5.4
v 15.5 8.8 5.4
v 15.5 8.9 5.4
v 15.5 9.4 5.4
v 15.5 9.5 5.4
v 15.5 9.9 5.4
v 15.5 10 5.4
v 15.5 10.1 5.4
v 15.5 10.2 5.4
v 15.6 8.5 5.4
v 15.6 8.6 5.4
v 15.6 8.7 5.4
v 15.6 8.8 5.4
v 15.6 9 5.4
v 15.6 9.3 5.4
v 15.6 9.4 5.4
v 15.6 9.5 5.4
v 15.6 9.8 5.4
v 15.6 10 5.4
v 15.6 10.1 5.4
v 15.6 10.2 5.4
v 15.6 10.3 5.4
v 15.7 8.5 5.4
v 15.7 8.6 5.4
v 15.7 8.7 5.4
v 15.7 8.8 5.4
v 15.7 9 5.4
v 15.7 9.3 5.4
v 15.7 9.4 5.4
v 15.7 9.5 5.4
v 15.7 9.8 5.4
v 15.7 10 5.4
v 15.7 10.1 5.4
v 15.7 10.2 5.4
v 15.7 10.3 5.4
v 15.8 8.6 5.4
v 15.8 8.7 5.4
v 15.8 8.8 5.4
v 15.8 8.9 5.4
v 15.8 9.3 5.4
v 15.8 9.4 5.4
v 15.8 9.9 5.4
v 15.8 10 5.4
v 15.8 10.1 5.4
v 15.8 10.2 5.4
v 15.9 8.7 5.4
v 15.9 8.8 5.4
v 15.9 8.9 5.4
v 15.9 9.3 5.4
v 15.9 9.4 5.4
v 15.9 9.5 5.4
v 15.9 9.9 5.4
v 15.9 10 5.4
v 15.9 10.1 5.4
v 16 8.8 5.4
v 16 9.4 5.4
v 16 9.5 5.4
v 16 10 5.4
v 16.3 9.4 5.4
v 16.3 9.5 5.4
v 16.3 9.8 5.4
v 16.3 10.1 5.4
v 16.4 8.1 5.4
v 16.4 8.2 5.4
v 16.4 9 5.4
v 16.4 9.3 5.4
v 16.4 9.4 5.4
v 16.4 9.5 5.4
v 16.4 9.7 5.4
v 16.4 9.8 5.4
v 16.4 10.1 5.4
v 16.4 10.2 5.4
v 16.5 8.1 5.4
v 16.5 8.8 5.4
v 16.5 8.9 5.4
v 16.6 8.1 5.4
v 16.6 8.8 5.4
v 16.7 9.3 5.4
v 16.7 9.4 5.4
v 16.7 9.7 5.4
v 16.7 9.8 5.4
v 16.7 10 5.4
v 16.7 10.1 5.4
v 16.7 10.2 5.4
v 16.8 9.4 5.4
v 16.8 9.7 5.4
v 16.8 10 5.4
v 16.8 10.1 5.4
v 17 10.1 5.4
v 17 10.2 5.4
v 17.2 9.3 5.4
v 17.2 10.1 5.4
v 17.2 10.2 5.4
v 17.3 9.3 5.4
v 17.3 10.1 5.4
v 17.3 10.2 5.4
v 17.5 7.9 5.4
v 17.5 8 5.4
v 17.5 8.1 5.4
v 17.5 10.1 5.4
v 17.5 10.2 5.4
v 17.5 22.3 5.4
v 17.5 22.5 5.4
v 17.7 9.3 5.4
v 17.7 10.1 5.4
v 17.8 9.3 5.4
v 17.8 9.7 5.4
v 17.8 9.8 5.4
v 17.8 10.1 5.4
v 17.8 10.2 5.4
v 18.1 9.3 5.4
v 18.1 9.7 5.4
v 18.1 9.8 5.4
v 18.1 10.1 5.4
v 18.1 10.2 5.4
v 18.2 9.3 5.4
v 18.2 10.1 5.4
v 18.4 9.3 5.4
v 18.4 9.7 5.4
v 18.4 9.8 5.4
v 18.4 10.2 5.4
v 18.5 9.3 5.4
v 18.5 9.6 5.4
v 18.5 9.7 5.4
v 18.5 9.8 5.4
v 18.5 10.1 5.4
v 18.6 9.5 5.4
v 18.6 9.6 5.4
v 18.6 9.7 5.4
v 18.7 9.4 5.4
v 18.7 9.5 5.4
v 18.7 9.6 5.4
v 18.8 9.3 5.4
v 18.8 9.4 5.4
v 18.8 9.5 5.4
v 18.8 9.7 5.4
v 18.8 9.8 5.4
v 18.8 10.1 5.4
v 18.8 10.2 5.4
v 18.9 9.3 5.4
v 18.9 9.4 5.4
v 18.9 9.8 5.4
v 18.9 10.1 5.4
v 19.1 9.4 5.4
v 19.1 10.2 5.4
v 19.2 9.3 5.4
v 19.2 9.4 5.4
v 19.2 10.2 5.4
v 19.3 9.3 5.4
v 19.3 9.4 5.4
v 19.3 10.2 5.4
v 19.4 9.3 5.4
v 19.4 9.4 5.4
v 19.4 10.2 5.4
v 19.5 9.3 5.4
v 19.5 9.4 5.4
v 19.5 10.2 5.4
v 19.6 9.4 5.4
v 19.6 10.2 5.4
v 19.8 9.3 5.4
v 19.8 10.1 5.4
v 19.9 9.3 5.4
v 19.9 9.7 5.4
v 19.9 9.8 5.4
v 19.9 10.1 5.4
v 19.9 10.2 5.4
v 20.2 9.3 5.4
v 20.2 9.7 5.4
v 20.2 9.8 5.4
v 20.2 10.1 5.4
v 20.2 10.2 5.4
v 20.3 9.3 5.4
v 20.3 10.1 5.4
v 20.5 9.3 5.4
v 20.5 9.4 5.4
v 20.5 9.8 5.4
v 20.5 10.2 5.4
v 20.6 9.7 5.4
v 20.6 9.8 5.4
v 20.6 10.2 5.4
v 20.9 9.3 5.4
v 20.9 9.4 5.4
v 20.9 9.7 5.4
v 20.9 9.8 5.4
v 20.9 10.2 5.4
v 21 9.4 5.4
v 21 10.2 5.4
v 21.1 7.9 5.4
v 21.1 8 5.4
v 21.1 8.1 5.4
v 21.1 22.3 5.4
v 21.1 22.5 5.4
v 21.2 9.3 5.4
v 21.2 9.7 5.4
v 21.2 9.9 5.4
v 21.2 10.1 5.4
v 21.3 9.4 5.4
v 21.3 9.7 5.4
v 21.3 9.8 5.4
v 21.3 9.9 5.4
v 21.3 10.1 5.4
v 21.3 10.2 5.4
v 21.6 9.7 5.4
v 21.6 9.8 5.4
v 21.6 10.1 5.4
v 21.6 10.2 5.4
v 21.7 9.3 5.4
v 21.7 9.4 5.4
v 21.7 9.8 5.4
v 21.7 10.1 5.4
v 21.9 9.3 5.4
v 21.9 10.2 5.4
v 22 8.1 5.4
v 22 8.8 5.4
v 22 9.3 5.4
v 22 9.7 5.4
v 22 9.8 5.4
v 22 10.2 5.4
v 22.1 8.1 5.4
v 22.1 8.8 5.4
v 22.1 8.9 5.4
v 22.1 9.6 5.4
v 22.1 9.7 5.4
v 22.1 9.8 5.4
v 22.1 9.9 5.4
v 22.2 8.1 5.4
v 22.2 8.2 5.4
v 22.2 9 5.4
v 22.2 9.5 5.4
v 22.2 9.6 5.4
v 22.2 9.7 5.4
v 22.2 9.8 5.4
v 22.2 9.9 5.4
v 22.2 10 5.4
v 22.3 9.3 5.4
v 22.3 9.5 5.4
v 22.3 9.6 5.4
v 22.3 9.9 5.4
v 22.3 10 5.4
v 22.3 10.2 5.4
v 22.4 9.3 5.4
v 22.4 9.5 5.4
v 22.4 10 5.4
v 22.4 10.2 5.4
v 23.5 8.1 5.4
v 23.5 8.2 5.4
v 23.5 8.3 5.4
v 23.5 8.4 5.4
v 23.5 22.1 5.4
v 23.5 22.3 5.4
v 25.5 10.5 5.4
v 25.5 19.9 5.4
v 25.6 10.4 5.4
v 25.6 10.5 5.4
v 25.6 19.9 5.4
v 25.6 20 5.4
v 26.2 8.4 5.4
v 26.2 8.5 5.4
v 26.3 8.3 5.4
v 26.3 8.5 5.4
v 26.3 8.6 5.4
v 26.3 21.9 5.4
v 26.3 22.1 5.4
v 27.1 8.5 5.4
v 27.1 8.6 5.4
v 27.1 21.9 5.4
v 11.4 8.4 5.3
v 11.4 21.9 5.3
v 11.4 22 5.3
v 11.5 8.5 5.3
v 11.5 8.7 5.3
v 11.5 21.9 5.3
v 12.3 8.4 5.3
v 12.3 8.5 5.3
v 12.3 21.9 5.3
v 12.3 22 5.3
v 12.3 22.1 5.3
v 12.3 22.2 5.3
v 12.4 8.2 5.3
v 12.4 8.3 5.3
v 13.1 10.5 5.3
v 13.1 10.6 5.3
v 13.1 19.8 5.3
v 13.1 19.9 5.3
v 13.2 10.6 5.3
v 13.2 19.8 5.3
v 15.1 8 5.3
v 15.1 8.1 5.3
v 15.1 8.2 5.3
v 15.1 8.3 5.3
v 15.1 22.1 5.3
v 15.1 22.2 5.3
v 15.1 22.3 5.3
v 15.1 22.4 5.3
v 16.4 8 5.3
v 16.4 8.1 5.3
v 16.4 8.2 5.3
v 16.4 9 5.3
v 16.5 8 5.3
v 16.5 8.1 5.3
v 16.5 8.8 5.3
v 16.5 8.9 5.3
v 16.6 8.1 5.3
v 17.5 7.8 5.3
v 17.5 7.9 5.3
v 17.5 8 5.3
v 17.5 8.1 5.3
v 17.5 22.3 5.3
v 17.5 22.4 5.3
v 17.5 22.5 5.3
v 17.5 22.6 5.3
v 21.1 7.8 5.3
v 21.1 7.9 5.3
v 21.1 8 5.3
v 21.1 8.1 5.3
v 21.1 22.3 5.3
v 21.1 22.4 5.3
v 21.1 22.5 5.3
v 21.1 22.6 5.3
v 22 8.1 5.3
v 22.1 8 5.3
v 22.1 8.1 5.3
v 22.1 8.8 5.3
v 22.1 8.9 5.3
v 22.2 8 5.3
v 22.2 8.1 5.3
v 22.2 8.2 5.3
v 22.2 9 5.3
v 23.5 8 5.3
v 23.5 8.1 5.3
v 23.5 8.2 5.3
v 23.5 8.3 5.3
v 23.5 22.1 5.3
v 23.5 22.2 5.3
v 23.5 22.3 5.3
v 23.5 22.4 5.3
v 25.4 10.6 5.3
v 25.4 19.8 5.3
v 25.5 10.5 5.3
v 25.5 10.6 5.3
v 25.5 19.8 5.3
v 25.5 19.9 5.3
v 26.2 8.2 5.3
v 26.2 8.3 5.3
v 26.3 8.4 5.3
v 26.3 8.5 5.3
v 26.3 21.9 5.3
v 26.3 22 5.3
v 26.3 22.1 5.3
v 26.3 22.2 5.3
v 27.1 8.5 5.3
v 27.1 8.6 5.3
v 27.1 21.9 5.3
v 27.2 8.4 5.3
v 27.2 21.9 5.3
v 27.2 22 5.3
v 11.3 8.5 5.2
v 11.3 8.7 5.2
v 11.3 21.7 5.2
v 11.3 21.9 5.2
v 11.4 8.5 5.2
v 11.4 8.7 5.2
v 11.4 21.7 5.2
v 11.4 21.9 5.2
v 11.5 8.3 5.2
v 11.5 8.4 5.2
v 11.5 22 5.2
v 11.5 22.1 5.2
v 12.3 8.3 5.2
v 12.3 8.4 5.2
v 12.3 22 5.2
v 12.3 22.1 5.2
v 12.3 22.2 5.2
v 12.3 22.3 5.2
v 12.5 8.1 5.2
v 12.5 8.2 5.2
v 13.2 10.6 5.2
v 13.2 10.7 5.2
v 13.2 19.7 5.2
v 13.2 19.8 5.2
v 13.3 10.7 5.2
v 13.3 19.7 5.2
v 15.1 7.9 5.2
v 15.1 8 5.2
v 15.1 8.1 5.2
v 15.1 8.2 5.2
v 15.1 22.2 5.2
v 15.1 22.3 5.2
v 15.1 22.4 5.2
v 15.1 22.5 5.2
v 16.4 7.9 5.2
v 16.4 8 5.2
v 16.4 8.1 5.2
v 16.5 7.9 5.2
v 16.5 8 5.2
v 16.5 8.1 5.2
v 17.5 7.7 5.2
v 17.5 7.8 5.2
v 17.5 7.9 5.2
v 17.5 8 5.2
v 17.5 22.4 5.2
v 17.5 22.5 5.2
v 17.5 22.6 5.2
v 17.5 22.7 5.2
v 21.1 7.7 5.2
v 21.1 7.8 5.2
v 21.1 7.9 5.2
v 21.1 8 5.2
v 21.1 22.4 5.2
v 21.1 22.5 5.2
v 21.1 22.6 5.2
v 21.1 22.7 5.2
v 22.1 7.9 5.2
v 22.1 8 5.2
v 22.1 8.1 5.2
v 22.2 7.9 5.2
v 22.2 8 5.2
v 22.2 8.1 5.2
v 23.5 7.9 5.2
v 23.5 8 5.2
v 23.5 8.1 5.2
v 23.5 8.2 5.2
v 23.5 22.2 5.2
v 23.5 22.3 5.2
v 23.5 22.4 5.2
v 23.5 22.5 5.2
v 25.3 10.7 5.2
v 25.3 19.7 5.2
v 25.4 10.6 5.2
v 25.4 10.7 5.2
v 25.4 19.7 5.2
v 25.4 19.8 5.2
v 26.1 8.1 5.2
v 26.1 8.2 5.2
v 26.3 8.3 5.2
v 26.3 8.4 5.2
v 26.3 22 5.2
v 26.3 22.1 5.2
v 26.3 22.2 5.2
v 26.3 22.3 5.2
v 27.1 8.3 5.2
v 27.1 8.4 5.2
v 27.1 22 5.2
v 27.1 22.1 5.2
v 27.2 8.5 5.2
v 27.2 8.6 5.2
v 27.2 21.7 5.2
v 27.2 21.9 5.2
v 27.3 8.5 5.2
v 27.3 8.6 5.2
v 27.3 21.7 5.2
v 27.3 21.9 5.2
v 13.3 10.7 5.1
v 13.3 10.8 5.1
v 13.3 19.6 5.1
v 13.3 19.7 5.1
v 13.4 10.8 5.1
v 13.4 19.6 5.1
v 16.4 7.9 5.1
v 16.4 8 5.1
v 16.5 7.9 5.1
v 16.5 8 5.1
v 22.1 7.9 5.1
v 22.1 8 5.1
v 22.2 7.9 5.1
v 22.2 8 5.1
v 25.2 10.8 5.1
v 25.2 19.6 5.1
v 25.3 10.7 5.1
v 25.3 10.8 5.1
v 25.3 19.6 5.1
v 25.3 19.7 5.1
v 13.4 10.8 5
v 13.4 10.9 5
v 13.4 19.5 5
v 13.4 19.6 5
v 13.5 10.9 5
v 13.5 19.5 5
v 25.1 10.9 5
v 25.1 19.5 5
v 25.2 10.8 5
v 25.2 10.9 5
v 25.2 19.5 5
v 25.2 19.6 5
v 13.4 10.9 4.6
v 13.4 11.1 4.6
v 13.5 11 4.6
v 13.5 11.1 4.6
v 25.1 11 4.6
v 25.1 11.1 4.6
v 25.2 10.9 4.6
v 25.2 11.1 4.6
v 13.5 11 4.2
v 13.5 11.1 4.2
v 25.1 11 4.2
v 25.1 11.1 4.2
v 13.3 11.1 4
v 13.3 19.7 4
v 13.5 11.1 4
v 13.5 11.2 4
v 25.1 11.1 4
v 25.1 11.2 4
v 25.3 11.1 4
v 25.3 19.7 4
v 13.5 11.1 3.9
v 13.5 11.2 3.9
v 25.1 11.1 3.9
v 25.1 11.2 3.9
v 11.3 8.5 3.2
v 11.3 8.7 3.2
v 11.3 21.7 3.2
v 11.3 21.9 3.2
v 11.4 8.4 3.2
v 11.4 8.5 3.2
v 11.4 21.9 3.2
v 11.4 22 3.2
v 11.5 8.3 3.2
v 11.5 8.4 3.2
v 11.5 8.5 3.2
v 11.5 8.7 3.2
v 11.5 21.7 3.2
v 11.5 21.9 3.2
v 11.5 22 3.2
v 11.5 22.1 3.2
v 11.7 8.3 3.2
v 11.7 8.5 3.2
v 12.3 21.9 3.2
v 12.3 22.1 3.2
v 12.3 22.3 3.2
v 15.1 22.1 3.2
v 15.1 22.3 3.2
v 15.1 22.5 3.2
v 17.5 22.3 3.2
v 17.5 22.5 3.2
v 17.5 22.7 3.2
v 21.1 22.3 3.2
v 21.1 22.5 3.2
v 21.1 22.7 3.2
v 23.5 22.1 3.2
v 23.5 22.3 3.2
v 23.5 22.5 3.2
v 26.3 21.9 3.2
v 26.3 22.1 3.2
v 26.3 22.3 3.2
v 26.9 8.3 3.2
v 26.9 8.5 3.2
v 27.1 8.3 3.2
v 27.1 8.4 3.2
v 27.1 8.5 3.2
v 27.1 8.6 3.2
v 27.1 21.7 3.2
v 27.1 21.9 3.2
v 27.1 22 3.2
v 27.1 22.1 3.2
v 27.2 8.4 3.2
v 27.2 8.5 3.2
v 27.2 21.9 3.2
v 27.2 22 3.2
v 27.3 8.5 3.2
v 27.3 8.6 3.2
v 27.3 21.7 3.2
v 27.3 21.9 3.2
v 13.4 10.9 4.9
v 13.4 19.5 4.9
v 13.5 10.9 4.9
v 13.5 19.5 4.9
v 25.1 10.9 4.9
v 25.1 19.5 4.9
v 25.2 10.9 4.9
v 25.2 19.5 4.9
v 13.3 11.1 4.6
v 13.3 19.7 4.6
v 13.4 11.1 4.6
v 13.4 19.5 4.6
v 13.5 19.5 4.6
v 13.5 19.7 4.6
v 25.1 19.5 4.6
v 25.1 19.7 4.6
v 25.2 11.1 4.6
v 25.2 19.5 4.6
v 25.3 11.1 4.6
v 25.3 19.7 4.6
v 13.5 19.5 4.4
v 13.5 19.7 4.4
v 25.1 19.5 4.4
v 25.1 19.7 4.4
v 11.3 8.5 3.4
v 11.3 8.7 3.4
v 11.3 21.7 3.4
v 11.3 21.9 3.4
v 11.4 8.4 3.4
v 11.4 8.5 3.4
v 11.4 21.9 3.4
v 11.4 22 3.4
v 11.5 8.3 3.4
v 11.5 8.4 3.4
v 11.5 8.5 3.4
v 11.5 8.7 3.4
v 11.5 21.7 3.4
v 11.5 21.9 3.4
v 11.5 22 3.4
v 11.5 22.1 3.4
v 11.7 8.3 3.4
v 11.7 8.5 3.4
v 12.3 21.9 3.4
v 12.3 22.1 3.4
v 12.3 22.3 3.4
v 12.4 8.2 3.4
v 12.4 8.3 3.4
v 12.5 8.1 3.4
v 12.5 8.2 3.4
v 12.7 8.1 3.4
v 12.7 8.3 3.4
v 15.1 22.1 3.4
v 15.1 22.3 3.4
v 15.1 22.5 3.4
v 17.5 22.3 3.4
v 17.5 22.5 3.4
v 17.5 22.7 3.4
v 21.1 22.3 3.4
v 21.1 22.5 3.4
v 21.1 22.7 3.4
v 23.5 22.1 3.4
v 23.5 22.3 3.4
v 23.5 22.5 3.4
v 25.9 8.1 3.4
v 25.9 8.3 3.4
v 26.1 8.1 3.4
v 26.1 8.2 3.4
v 26.2 8.2 3.4
v 26.2 8.3 3.4
v 26.3 21.9 3.4
v 26.3 22.1 3.4
v 26.3 22.3 3.4
v 26.9 8.3 3.4
v 26.9 8.5 3.4
v 27.1 8.3 3.4
v 27.1 8.4 3.4
v 27.1 8.5 3.4
v 27.1 8.7 3.4
v 27.1 21.7 3.4
v 27.1 21.9 3.4
v 27.1 22 3.4
v 27.1 22.1 3.4
v 27.2 8.4 3.4
v 27.2 8.5 3.4
v 27.2 8.6 3.4
v 27.2 8.7 3.4
v 27.2 21.9 3.4
v 27.2 22 3.4
v 27.3 8.5 3.4
v 27.3 8.6 3.4
v 27.3 21.7 3.4
v 27.3 21.9 3.4
v 11.3 8.5 2.2
v 11.3 8.7 2.2
v 11.3 21.7 2.2
v 11.3 21.9 2.2
v 11.4 8.5 2.2
v 11.4 8.7 2.2
v 11.4 21.7 2.2
v 11.4 21.9 2.2
v 11.4 22 2.2
v 11.5 21.9 2.2
v 11.5 22 2.2
v 11.5 22.1 2.2
v 12.3 22 2.2
v 12.3 22.1 2.2
v 12.3 22.2 2.2
v 12.3 22.3 2.2
v 15.1 22.2 2.2
v 15.1 22.3 2.2
v 15.1 22.4 2.2
v 15.1 22.5 2.2
v 17.5 22.4 2.2
v 17.5 22.5 2.2
v 17.5 22.6 2.2
v 17.5 22.7 2.2
v 21.1 22.4 2.2
v 21.1 22.5 2.2
v 21.1 22.6 2.2
v 21.1 22.7 2.2
v 23.5 22.2 2.2
v 23.5 22.3 2.2
v 23.5 22.4 2.2
v 23.5 22.5 2.2
v 26.3 22 2.2
v 26.3 22.1 2.2
v 26.3 22.2 2.2
v 26.3 22.3 2.2
v 27.1 21.9 2.2
v 27.1 22 2.2
v 27.1 22.1 2.2
v 27.2 8.5 2.2
v 27.2 8.6 2.2
v 27.2 21.7 2.2
v 27.2 21.9 2.2
v 27.2 22 2.2
v 27.3 8.5 2.2
v 27.3 8.6 2.2
v 27.3 21.7 2.2
v 27.3 21.9 2.2
v 11.4 8.4 2.1
v 11.4 21.9 2.1
v 11.5 8.4 2.1
v 11.5 8.5 2.1
v 11.5 21.7 2.1
v 11.5 21.9 2.1
v 11.5 22 2.1
v 12.3 21.9 2.1
v 12.3 22 2.1
v 12.3 22.1 2.1
v 12.3 22.2 2.1
v 15.1 22.1 2.1
v 15.1 22.2 2.1
v 15.1 22.3 2.1
v 15.1 22.4 2.1
v 17.5 22.3 2.1
v 17.5 22.4 2.1
v 17.5 22.5 2.1
v 17.5 22.6 2.1
v 21.1 22.3 2.1
v 21.1 22.4 2.1
v 21.1 22.5 2.1
v 21.1 22.6 2.1
v 23.5 22.1 2.1
v 23.5 22.2 2.1
v 23.5 22.3 2.1
v 23.5 22.4 2.1
v 26.3 21.9 2.1
v 26.3 22 2.1
v 26.3 22.1 2.1
v 26.3 22.2 2.1
v 27.1 8.4 2.1
v 27.1 8.5 2.1
v 27.1 21.7 2.1
v 27.1 21.9 2.1
v 27.1 22 2.1
v 27.2 8.4 2.1
v 27.2 21.9 2.1
v 11.5 8.3 2
v 11.5 8.5 2
v 11.5 21.7 2
v 11.5 21.9 2
v 11.9 10.2 2
v 11.9 21.1 2
v 11.9 21.2 2
v 12 21.2 2
v 12 21.3 2
v 12.3 10 2
v 12.3 10.2 2
v 12.3 21.7 2
v 12.3 21.9 2
v 12.3 22.1 2
v 12.5 8.3 2
v 12.5 8.5 2
v 12.7 8.3 2
v 12.7 10 2
v 15.1 21.9 2
v 15.1 22.1 2
v 15.1 22.3 2
v 17.5 22.1 2
v 17.5 22.3 2
v 17.5 22.5 2
v 21.1 22.1 2
v 21.1 22.3 2
v 21.1 22.5 2
v 23.5 21.9 2
v 23.5 22.1 2
v 23.5 22.3 2
v 25.9 8.3 2
v 25.9 10 2
v 26.1 8.3 2
v 26.1 8.5 2
v 26.3 10 2
v 26.3 10.2 2
v 26.3 21.7 2
v 26.3 21.9 2
v 26.3 22.1 2
v 26.6 21.2 2
v 26.6 21.3 2
v 26.7 10.2 2
v 26.7 21.1 2
v 26.7 21.2 2
v 27.1 8.3 2
v 27.1 8.5 2
v 27.1 21.7 2
v 27.1 21.9 2
v 11.9 10.2 1.9
v 11.9 10.3 1.9
v 12.3 10 1.9
v 12.3 10.1 1.9
v 12.3 10.2 1.9
v 12.3 10.3 1.9
v 12.7 10 1.9
v 12.7 10.1 1.9
v 25.9 10 1.9
v 25.9 10.1 1.9
v 26.3 10 1.9
v 26.3 10.1 1.9
v 26.3 10.2 1.9
v 26.3 10.3 1.9
v 26.7 10.2 1.9
v 26.7 10.3 1.9
v 11.9 10.3 1.4
v 11.9 10.4 1.4
v 12.3 10.1 1.4
v 12.3 10.2 1.4
v 12.3 10.3 1.4
v 12.3 10.4 1.4
v 12.7 10.1 1.4
v 12.7 10.2 1.4
v 25.9 10.1 1.4
v 25.9 10.2 1.4
v 26.3 10.1 1.4
v 26.3 10.2 1.4
v 26.3 10.3 1.4
v 26.3 10.4 1.4
v 26.7 10.3 1.4
v 26.7 10.4 1.4
v 11.9 10.4 1.3
v 11.9 10.5 1.3
v 12.3 10.2 1.3
v 12.3 10.3 1.3
v 12.3 10.4 1.3
v 12.3 10.5 1.3
v 12.7 10.2 1.3
v 12.7 10.3 1.3
v 25.9 10.2 1.3
v 25.9 10.3 1.3
v 26.3 10.2 1.3
v 26.3 10.3 1.3
v 26.3 10.4 1.3
v 26.3 10.5 1.3
v 26.7 10.4 1.3
v 26.7 10.5 1.3
v 11.9 21 1.2
v 11.9 21.1 1.2
v 11.9 21.2 1.2
v 12 21 1.2
v 12 21.1 1.2
v 12 21.2 1.2
v 12 21.3 1.2
v 26.6 21 1.2
v 26.6 21.1 1.2
v 26.6 21.2 1.2
v 26.6 21.3 1.2
v 26.7 21 1.2
v 26.7 21.1 1.2
v 26.7 21.2 1.2
v 11.9 10.5 0.4
v 11.9 10.6 0.4
v 12.3 10.3 0.4
v 12.3 10.4 0.4
v 12.3 10.5 0.4
v 12.3 10.6 0.4
v 12.7 10.3 0.4
v 12.7 10.4 0.4
v 25.9 10.3 0.4
v 25.9 10.4 0.4
v 26.3 10.3 0.4
v 26.3 10.4 0.4
v 26.3 10.5 0.4
v 26.3 10.6 0.4
v 26.7 10.5 0.4
v 26.7 10.6 0.4
v 11.9 10.6 0.3
v 11.9 10.7 0.3
v 12.3 10.4 0.3
v 12.3 10.5 0.3
v 12.3 10.6 0.3
v 12.3 10.7 0.3
v 12.7 10.4 0.3
v 12.7 10.5 0.3
v 25.9 10.4 0.3
v 25.9 10.5 0.3
v 26.3 10.4 0.3
v 26.3 10.5 0.3
v 26.3 10.6 0.3
v 26.3 10.7 0.3
v 26.7 10.6 0.3
v 26.7 10.7 0.3
v 11.9 20.8 0.2
v 11.9 20.9 0.2
v 11.9 21 0.2
v 12 20.8 0.2
v 12 20.9 0.2
v 12 21 0.2
v 12 21.1 0.2
v 26.6 20.8 0.2
v 26.6 20.9 0.2
v 26.6 21 0.2
v 26.6 21.1 0.2
v 26.7 20.8 0.2
v 26.7 20.9 0.2
v 26.7 21 0.2
v 11.9 20.6 -0.6
v 11.9 20.7 -0.6
v 11.9 20.8 -0.6
v 12 20.6 -0.6
v 12 20.7 -0.6
v 12 20.8 -0.6
v 12 20.9 -0.6
v 26.6 20.6 -0.6
v 26.6 20.7 -0.6
v 26.6 20.8 -0.6
v 26.6 20.9 -0.6
v 26.7 20.6 -0.6
v 26.7 20.7 -0.6
v 26.7 20.8 -0.6
v 11.9 10.7 -0.8
v 11.9 10.8 -0.8
v 12.3 10.5 -0.8
v 12.3 10.6 -0.8
v 12.3 10.7 -0.8
v 12.3 10.8 -0.8
v 12.7 10.5 -0.8
v 12.7 10.6 -0.8
v 25.9 10.5 -0.8
v 25.9 10.6 -0.8
v 26.3 10.5 -0.8
v 26.3 10.6 -0.8
v 26.3 10.7 -0.8
v 26.3 10.8 -0.8
v 26.7 10.7 -0.8
v 26.7 10.8 -0.8
v 11.9 10.8 -0.9
v 11.9 10.9 -0.9
v 12.3 10.6 -0.9
v 12.3 10.7 -0.9
v 12.3 10.8 -0.9
v 12.3 10.9 -0.9
v 12.7 10.6 -0.9
v 12.7 10.7 -0.9
v 25.9 10.6 -0.9
v 25.9 10.7 -0.9
v 26.3 10.6 -0.9
v 26.3 10.7 -0.9
v 26.3 10.8 -0.9
v 26.3 10.9 -0.9
v 26.7 10.8 -0.9
v 26.7 10.9 -0.9
v 11.9 20.4 -1.6
v 11.9 20.5 -1.6
v 11.9 20.6 -1.6
v 12 20.4 -1.6
v 12 20.5 -1.6
v 12 20.6 -1.6
v 12 20.7 -1.6
v 26.6 20.4 -1.6
v 26.6 20.5 -1.6
v 26.6 20.6 -1.6
v 26.6 20.7 -1.6
v 26.7 20.4 -1.6
v 26.7 20.5 -1.6
v 26.7 20.6 -1.6
v 11.9 10.9 -1.8
v 11.9 11 -1.8
v 12.3 10.7 -1.8
v 12.3 10.8 -1.8
v 12.3 10.9 -1.8
v 12.3 11 -1.8
v 12.7 10.7 -1.8
v 12.7 10.8 -1.8
v 25.9 10.7 -1.8
v 25.9 10.8 -1.8
v 26.3 10.7 -1.8
v 26.3 10.8 -1.8
v 26.3 10.9 -1.8
v 26.3 11 -1.8
v 26.7 10.9 -1.8
v 26.7 11 -1.8
v 11.9 11 -1.9
v 11.9 11.1 -1.9
v 12.3 10.8 -1.9
v 12.3 10.9 -1.9
v 12.3 11 -1.9
v 12.3 11.1 -1.9
v 12.7 10.8 -1.9
v 12.7 10.9 -1.9
v 25.9 10.8 -1.9
v 25.9 10.9 -1.9
v 26.3 10.8 -1.9
v 26.3 10.9 -1.9
v 26.3 11 -1.9
v 26.3 11.1 -1.9
v 26.7 11 -1.9
v 26.7 11.1 -1.9
v 11.9 20.2 -2.6
v 11.9 20.3 -2.6
v 11.9 20.4 -2.6
v 12 20.2 -2.6
v 12 20.3 -2.6
v 12 20.4 -2.6
v 12 20.5 -2.6
v 26.6 20.2 -2.6
v 26.6 20.3 -2.6
v 26.6 20.4 -2.6
v 26.6 20.5 -2.6
v 26.7 20.2 -2.6
v 26.7 20.3 -2.6
v 26.7 20.4 -2.6
v 11.9 11.1 -2.8
v 11.9 11.2 -2.8
v 12.3 10.9 -2.8
v 12.3 11 -2.8
v 12.3 11.1 -2.8
v 12.3 11.2 -2.8
v 12.7 10.9 -2.8
v 12.7 11 -2.8
v 25.9 10.9 -2.8
v 25.9 11 -2.8
v 26.3 10.9 -2.8
v 26.3 11 -2.8
v 26.3 11.1 -2.8
v 26.3 11.2 -2.8
v 26.7 11.1 -2.8
v 26.7 11.2 -2.8
v 11.9 11.2 -2.9
v 11.9 11.3 -2.9
v 12.3 11 -2.9
v 12.3 11.1 -2.9
v 12.3 11.2 -2.9
v 12.3 11.3 -2.9
v 12.7 11 -2.9
v 12.7 11.1 -2.9
v 25.9 11 -2.9
v 25.9 11.1 -2.9
v 26.3 11 -2.9
v 26.3 11.1 -2.9
v 26.3 11.2 -2.9
v 26.3 11.3 -2.9
v 26.7 11.2 -2.9
v 26.7 11.3 -2.9
v 11.9 20 -3.6
v 11.9 20.1 -3.6
v 11.9 20.2 -3.6
v 12 20 -3.6
v 12 20.1 -3.6
v 12 20.2 -3.6
v 12 20.3 -3.6
v 26.6 20 -3.6
v 26.6 20.1 -3.6
v 26.6 20.2 -3.6
v 26.6 20.3 -3.6
v 26.7 20 -3.6
v 26.7 20.1 -3.6
v 26.7 20.2 -3.6
v 11.9 11.3 -4
v 11.9 11.4 -4
v 12.3 11.1 -4
v 12.3 11.2 -4
v 12.3 11.3 -4
v 12.3 11.4 -4
v 12.7 11.1 -4
v 12.7 11.2 -4
v 25.9 11.1 -4
v 25.9 11.2 -4
v 26.3 11.1 -4
v 26.3 11.2 -4
v 26.3 11.3 -4
v 26.3 11.4 -4
v 26.7 11.3 -4
v 26.7 11.4 -4
v 11.9 11.4 -4.1
v 11.9 11.5 -4.1
v 12.3 11.2 -4.1
v 12.3 11.3 -4.1
v 12.3 11.4 -4.1
v 12.3 11.5 -4.1
v 12.7 11.2 -4.1
v 12.7 11.3 -4.1
v 25.9 11.2 -4.1
v 25.9 11.3 -4.1
v 26.3 11.2 -4.1
v 26.3 11.3 -4.1
v 26.3 11.4 -4.1
v 26.3 11.5 -4.1
v 26.7 11.4 -4.1
v 26.7 11.5 -4.1
v 11.9 19.8 -4.6
v 11.9 19.9 -4.6
v 11.9 20 -4.6
v 12 19.8 -4.6
v 12 19.9 -4.6
v 12 20 -4.6
v 12 20.1 -4.6
v 26.6 19.8 -4.6
v 26.6 19.9 -4.6
v 26.6 20 -4.6
v 26.6 20.1 -4.6
v 26.7 19.8 -4.6
v 26.7 19.9 -4.6
v 26.7 20 -4.6
v 11.9 11.5 -5
v 11.9 11.6 -5
v 12.3 11.3 -5
v 12.3 11.4 -5
v 12.3 11.5 -5
v 12.3 11.6 -5
v 12.7 11.3 -5
v 12.7 11.4 -5
v 25.9 11.3 -5
v 25.9 11.4 -5
v 26.3 11.3 -5
v 26.3 11.4 -5
v 26.3 11.5 -5
v 26.3 11.6 -5
v 26.7 11.5 -5
v 26.7 11.6 -5
v 11.9 11.6 -5.1
v 11.9 11.7 -5.1
v 12.3 11.4 -5.1
v 12.3 11.5 -5.1
v 12.3 11.6 -5.1
v 12.3 11.7 -5.1
v 12.7 11.4 -5.1
v 12.7 11.5 -5.1
v 25.9 11.4 -5.1
v 25.9 11.5 -5.1
v 26.3 11.4 -5.1
v 26.3 11.5 -5.1
v 26.3 11.6 -5.1
v 26.3 11.7 -5.1
v 26.7 11.6 -5.1
v 26.7 11.7 -5.1
v 11.9 19.6 -5.4
v 11.9 19.7 -5.4
v 11.9 19.8 -5.4
v 12 19.6 -5.4
v 12 19.7 -5.4
v 12 19.8 -5.4
v 12 19.9 -5.4
v 26.6 19.6 -5.4
v 26.6 19.7 -5.4
v 26.6 19.8 -5.4
v 26.6 19.9 -5.4
v 26.7 19.6 -5.4
v 26.7 19.7 -5.4
v 26.7 19.8 -5.4
v 11.9 11.7 -6
v 11.9 11.8 -6
v 12.3 11.5 -6
v 12.3 11.6 -6
v 12.3 11.7 -6
v 12.3 11.8 -6
v 12.7 11.5 -6
v 12.7 11.6 -6
v 25.9 11.5 -6
v 25.9 11.6 -6
v 26.3 11.5 -6
v 26.3 11.6 -6
v 26.3 11.7 -6
v 26.3 11.8 -6
v 26.7 11.7 -6
v 26.7 11.8 -6
v 11.9 11.8 -6.1
v 11.9 11.9 -6.1
v 12.3 11.6 -6.1
v 12.3 11.7 -6.1
v 12.3 11.8 -6.1
v 12.3 11.9 -6.1
v 12.7 11.6 -6.1
v 12.7 11.7 -6.1
v 25.9 11.6 -6.1
v 25.9 11.7 -6.1
v 26.3 11.6 -6.1
v 26.3 11.7 -6.1
v 26.3 11.8 -6.1
v 26.3 11.9 -6.1
v 26.7 11.8 -6.1
v 26.7 11.9 -6.1
v 11.9 19.4 -6.4
v 11.9 19.5 -6.4
v 11.9 19.6 -6.4
v 12 19.4 -6.4
v 12 19.5 -6.4
v 12 19.6 -6.4
v 12 19.7 -6.4
v 26.6 19.4 -6.4
v 26.6 19.5 -6.4
v 26.6 19.6 -6.4
v 26.6 19.7 -6.4
v 26.7 19.4 -6.4
v 26.7 19.5 -6.4
v 26.7 19.6 -6.4
v 12.7 8.1 -6.6
v 12.7 8.3 -6.6
v 12.7 8.9 -6.6
v 12.8 8.1 -6.6
v 12.8 8.3 -6.6
v 12.8 8.9 -6.6
v 25.8 8.1 -6.6
v 25.8 8.3 -6.6
v 25.8 8.9 -6.6
v 25.9 8.1 -6.6
v 25.9 8.3 -6.6
v 25.9 8.9 -6.6
v 12.8 8.1 -6.7
v 12.8 8.3 -6.7
v 12.8 8.9 -6.7
v 12.9 8.1 -6.7
v 12.9 8.3 -6.7
v 12.9 8.9 -6.7
v 25.7 8.1 -6.7
v 25.7 8.3 -6.7
v 25.7 8.9 -6.7
v 25.8 8.1 -6.7
v 25.8 8.3 -6.7
v 25.8 8.9 -6.7
v 12.7 8.9 -6.8
v 12.7 9.7 -6.8
v 12.8 8.9 -6.8
v 12.8 9.7 -6.8
v 12.9 8.1 -6.8
v 12.9 8.3 -6.8
v 12.9 8.7 -6.8
v 15.1 7.9 -6.8
v 15.1 8.1 -6.8
v 17.5 7.7 -6.8
v 17.5 7.9 -6.8
v 17.5 8.1 -6.8
v 21.1 7.7 -6.8
v 21.1 7.9 -6.8
v 21.1 8.1 -6.8
v 23.5 7.9 -6.8
v 23.5 8.1 -6.8
v 25.7 8.1 -6.8
v 25.7 8.3 -6.8
v 25.7 8.7 -6.8
v 25.8 8.9 -6.8
v 25.8 9.7 -6.8
v 25.9 8.9 -6.8
v 25.9 9.7 -6.8
v 12.8 8.9 -6.9
v 12.8 9.7 -6.9
v 12.9 8.7 -6.9
v 12.9 8.8 -6.9
v 12.9 8.9 -6.9
v 12.9 9.7 -6.9
v 25.7 8.7 -6.9
v 25.7 8.8 -6.9
v 25.7 8.9 -6.9
v 25.7 9.7 -6.9
v 25.8 8.9 -6.9
v 25.8 9.7 -6.9
v 12.7 9.7 -7
v 12.7 10.5 -7
v 12.8 9.7 -7
v 12.8 10.5 -7
v 12.9 8.8 -7
v 12.9 9.6 -7
v 25.7 8.8 -7
v 25.7 9.6 -7
v 25.8 9.7 -7
v 25.8 10.5 -7
v 25.9 9.7 -7
v 25.9 10.5 -7
v 12.8 9.7 -7.1
v 12.8 10.5 -7.1
v 12.9 9.6 -7.1
v 12.9 9.7 -7.1
v 12.9 10.5 -7.1
v 25.7 9.6 -7.1
v 25.7 9.7 -7.1
v 25.7 10.5 -7.1
v 25.8 9.7 -7.1
v 25.8 10.5 -7.1
v 12.7 10.5 -7.2
v 12.7 11.3 -7.2
v 12.8 10.5 -7.2
v 12.8 11.3 -7.2
v 12.9 9.7 -7.2
v 12.9 10.4 -7.2
v 25.7 9.7 -7.2
v 25.7 10.4 -7.2
v 25.8 10.5 -7.2
v 25.8 11.3 -7.2
v 25.9 10.5 -7.2
v 25.9 11.3 -7.2
v 12.8 10.5 -7.3
v 12.8 11.3 -7.3
v 12.9 10.4 -7.3
v 12.9 10.5 -7.3
v 12.9 11.3 -7.3
v 25.7 10.4 -7.3
v 25.7 10.5 -7.3
v 25.7 11.3 -7.3
v 25.8 10.5 -7.3
v 25.8 11.3 -7.3
v 11.9 19.2 -7.4
v 11.9 19.3 -7.4
v 11.9 19.4 -7.4
v 12 19.2 -7.4
v 12 19.3 -7.4
v 12 19.4 -7.4
v 12 19.5 -7.4
v 12.3 11.7 -7.4
v 12.3 11.8 -7.4
v 12.7 11.3 -7.4
v 12.7 11.7 -7.4
v 12.7 11.8 -7.4
v 12.8 11.3 -7.4
v 12.8 11.7 -7.4
v 12.9 10.5 -7.4
v 12.9 11.2 -7.4
v 25.7 10.5 -7.4
v 25.7 11.2 -7.4
v 25.8 11.3 -7.4
v 25.8 11.7 -7.4
v 25.9 11.3 -7.4
v 25.9 11.7 -7.4
v 25.9 11.8 -7.4
v 26.3 11.7 -7.4
v 26.3 11.8 -7.4
v 26.6 19.2 -7.4
v 26.6 19.3 -7.4
v 26.6 19.4 -7.4
v 26.6 19.5 -7.4
v 26.7 19.2 -7.4
v 26.7 19.3 -7.4
v 26.7 19.4 -7.4
v 12.3 11.8 -7.5
v 12.3 11.9 -7.5
v 12.7 11.8 -7.5
v 12.7 11.9 -7.5
v 12.8 11.3 -7.5
v 12.8 11.7 -7.5
v 12.9 11.2 -7.5
v 12.9 11.3 -7.5
v 12.9 11.7 -7.5
v 25.7 11.2 -7.5
v 25.7 11.3 -7.5
v 25.7 11.7 -7.5
v 25.8 11.3 -7.5
v 25.8 11.7 -7.5
v 25.9 11.8 -7.5
v 25.9 11.9 -7.5
v 26.3 11.8 -7.5
v 26.3 11.9 -7.5
v 11.9 11.9 -7.6
v 11.9 12 -7.6
v 12.3 11.9 -7.6
v 12.3 12 -7.6
v 12.7 11.7 -7.6
v 12.7 11.9 -7.6
v 12.8 11.7 -7.6
v 12.8 11.9 -7.6
v 12.9 11.3 -7.6
v 12.9 11.6 -7.6
v 25.7 11.3 -7.6
v 25.7 11.6 -7.6
v 25.8 11.7 -7.6
v 25.8 11.9 -7.6
v 25.9 11.7 -7.6
v 25.9 11.9 -7.6
v 26.3 11.9 -7.6
v 26.3 12 -7.6
v 26.7 11.9 -7.6
v 26.7 12 -7.6
v 11.9 12 -7.7
v 11.9 12.1 -7.7
v 12.3 12 -7.7
v 12.3 12.1 -7.7
v 12.8 11.7 -7.7
v 12.8 11.9 -7.7
v 12.9 11.6 -7.7
v 12.9 11.7 -7.7
v 12.9 11.9 -7.7
v 25.7 11.6 -7.7
v 25.7 11.7 -7.7
v 25.7 11.9 -7.7
v 25.8 11.7 -7.7
v 25.8 11.9 -7.7
v 26.3 12 -7.7
v 26.3 12.1 -7.7
v 26.7 12 -7.7
v 26.7 12.1 -7.7
v 12.9 11.7 -8
v 12.9 11.8 -8
v 25.7 11.7 -8
v 25.7 11.8 -8
v 12.9 11.8 -8.1
v 12.9 11.9 -8.1
v 25.7 11.8 -8.1
v 25.7 11.9 -8.1
v 11.9 19 -8.2
v 11.9 19.1 -8.2
v 11.9 19.2 -8.2
v 12 19 -8.2
v 12 19.1 -8.2
v 12 19.2 -8.2
v 12 19.3 -8.2
v 12.5 19.1 -8.2
v 26.1 19.1 -8.2
v 26.6 19 -8.2
v 26.6 19.1 -8.2
v 26.6 19.2 -8.2
v 26.6 19.3 -8.2
v 26.7 19 -8.2
v 26.7 19.1 -8.2
v 26.7 19.2 -8.2
v 11.9 12.1 -8.6
v 11.9 19 -8.6
v 12 12.3 -8.6
v 12 18.8 -8.6
v 12 19 -8.6
v 12 19.1 -8.6
v 12.2 18.8 -8.6
v 12.2 18.9 -8.6
v 12.3 11.9 -8.6
v 12.3 12.1 -8.6
v 12.5 12.1 -8.6
v 12.5 12.3 -8.6
v 12.5 18.9 -8.6
v 12.5 19.1 -8.6
v 26.1 12.1 -8.6
v 26.1 12.3 -8.6
v 26.1 18.9 -8.6
v 26.1 19.1 -8.6
v 26.3 11.9 -8.6
v 26.3 12.1 -8.6
v 26.4 18.8 -8.6
v 26.4 18.9 -8.6
v 26.6 12.3 -8.6
v 26.6 18.8 -8.6
v 26.6 19 -8.6
v 26.6 19.1 -8.6
v 26.7 12.1 -8.6
v 26.7 19 -8.6
v 12 12.3 -8.7
v 12 18.8 -8.7
v 12.1 12.3 -8.7
v 12.1 18.8 -8.7
v 26.5 12.3 -8.7
v 26.5 18.8 -8.7
v 26.6 12.3 -8.7
v 26.6 18.8 -8.7
v 12.1 12.3 -8.8
v 12.1 18.8 -8.8
v 12.2 12.5 -8.8
v 12.2 18.6 -8.8
v 12.2 18.8 -8.8
v 12.2 18.9 -8.8
v 12.4 18.6 -8.8
v 12.4 18.7 -8.8
v 12.5 12.1 -8.8
v 12.5 12.3 -8.8
v 12.7 12.3 -8.8
v 12.7 12.5 -8.8
v 25.9 12.3 -8.8
v 25.9 12.5 -8.8
v 26.1 12.1 -8.8
v 26.1 12.3 -8.8
v 26.2 18.6 -8.8
v 26.2 18.7 -8.8
v 26.4 12.5 -8.8
v 26.4 18.6 -8.8
v 26.4 18.8 -8.8
v 26.4 18.9 -8.8
v 26.5 12.3 -8.8
v 26.5 18.8 -8.8
v 12.2 12.5 -8.9
v 12.2 18.6 -8.9
v 12.3 12.5 -8.9
v 12.3 18.6 -8.9
v 26.3 12.5 -8.9
v 26.3 18.6 -8.9
v 26.4 12.5 -8.9
v 26.4 18.6 -8.9
v 12.3 12.5 -9
v 12.3 18.6 -9
v 12.4 18.6 -9
v 12.4 18.7 -9
v 12.7 12.3 -9
v 12.7 12.5 -9
v 25.9 12.3 -9
v 25.9 12.5 -9
v 26.2 18.6 -9
v 26.2 18.7 -9
v 26.3 12.5 -9
v 26.3 18.6 -9
v 17.5 7.7 5.2
v 21.1 7.7 5.2
v 17.5 7.7 4.6
v 21.1 7.7 4.6
v 17.5 7.7 -6.8
v 21.1 7.7 -6.8
v 17.5 7.8 5.3
v 21.1 7.8 5.3
v 17.5 7.8 5.2
v 21.1 7.8 5.2
v 17.5 7.9 5.4
v 21.1 7.9 5.4
v 17.5 7.9 5.3
v 21.1 7.9 5.3
v 15.1 7.9 5.2
v 16.4 7.9 5.2
v 16.5 7.9 5.2
v 17.5 7.9 5.2
v 21.1 7.9 5.2
v 22.1 7.9 5.2
v 22.2 7.9 5.2
v 23.5 7.9 5.2
v 16.4 7.9 5.1
v 16.5 7.9 5.1
v 22.1 7.9 5.1
v 22.2 7.9 5.1
v 15.1 7.9 4.6
v 17.5 7.9 4.6
v 21.1 7.9 4.6
v 23.5 7.9 4.6
v 15.1 7.9 -6.8
v 17.5 7.9 -6.8
v 21.1 7.9 -6.8
v 23.5 7.9 -6.8
v 15.1 8 5.3
v 16.4 8 5.3
v 16.5 8 5.3
v 17.5 8 5.3
v 21.1 8 5.3
v 22.1 8 5.3
v 22.2 8 5.3
v 23.5 8 5.3
v 15.1 8 5.2
v 16.4 8 5.2
v 16.5 8 5.2
v 17.5 8 5.2
v 21.1 8 5.2
v 22.1 8 5.2
v 22.2 8 5.2
v 23.5 8 5.2
v 16.4 8 5.1
v 16.5 8 5.1
v 22.1 8 5.1
v 22.2 8 5.1
v 15.1 8.1 5.4
v 16.4 8.1 5.4
v 16.5 8.1 5.4
v 16.6 8.1 5.4
v 17.5 8.1 5.4
v 21.1 8.1 5.4
v 22 8.1 5.4
v 22.1 8.1 5.4
v 22.2 8.1 5.4
v 23.5 8.1 5.4
v 15.1 8.1 5.3
v 16.4 8.1 5.3
v 16.5 8.1 5.3
v 16.6 8.1 5.3
v 17.5 8.1 5.3
v 21.1 8.1 5.3
v 22 8.1 5.3
v 22.1 8.1 5.3
v 22.2 8.1 5.3
v 23.5 8.1 5.3
v 12.5 8.1 5.2
v 15.1 8.1 5.2
v 16.4 8.1 5.2
v 16.5 8.1 5.2
v 22.1 8.1 5.2
v 22.2 8.1 5.2
v 23.5 8.1 5.2
v 26.1 8.1 5.2
v 15.1 8.1 4.6
v 23.5 8.1 4.6
v 12.5 8.1 3.4
v 12.7 8.1 3.4
v 15.1 8.1 3.4
v 23.5 8.1 3.4
v 25.9 8.1 3.4
v 26.1 8.1 3.4
v 12.7 8.1 -6.6
v 12.8 8.1 -6.6
v 25.8 8.1 -6.6
v 25.9 8.1 -6.6
v 12.8 8.1 -6.7
v 12.9 8.1 -6.7
v 25.7 8.1 -6.7
v 25.8 8.1 -6.7
v 12.9 8.1 -6.8
v 15.1 8.1 -6.8
v 23.5 8.1 -6.8
v 25.7 8.1 -6.8
v 12.4 8.2 5.3
v 15.1 8.2 5.3
v 23.5 8.2 5.3
v 26.2 8.2 5.3
v 12.5 8.2 5.2
v 15.1 8.2 5.2
v 23.5 8.2 5.2
v 26.1 8.2 5.2
v 12.4 8.2 3.4
v 12.5 8.2 3.4
v 26.1 8.2 3.4
v 26.2 8.2 3.4
v 12.3 8.3 5.4
v 15.1 8.3 5.4
v 23.5 8.3 5.4
v 26.3 8.3 5.4
v 12.4 8.3 5.3
v 15.1 8.3 5.3
v 23.5 8.3 5.3
v 26.2 8.3 5.3
v 11.5 8.3 5.2
v 12.3 8.3 5.2
v 26.3 8.3 5.2
v 27.1 8.3 5.2
v 11.5 8.3 3.4
v 11.7 8.3 3.4
v 12.4 8.3 3.4
v 12.7 8.3 3.4
v 25.9 8.3 3.4
v 26.2 8.3 3.4
v 26.9 8.3 3.4
v 27.1 8.3 3.4
v 11.5 8.3 3.2
v 11.7 8.3 3.2
v 12.5 8.3 3.2
v 12.7 8.3 3.2
v 25.9 8.3 3.2
v 26.1 8.3 3.2
v 26.9 8.3 3.2
v 27.1 8.3 3.2
v 11.5 8.3 2
v 12.5 8.3 2
v 12.7 8.3 2
v 25.9 8.3 2
v 26.1 8.3 2
v 27.1 8.3 2
v 11.4 8.4 5.3
v 12.3 8.4 5.3
v 26.3 8.4 5.3
v 27.2 8.4 5.3
v 11.5 8.4 5.2
v 12.3 8.4 5.2
v 26.3 8.4 5.2
v 27.1 8.4 5.2
v 11.4 8.4 3.4
v 11.5 8.4 3.4
v 27.1 8.4 3.4
v 27.2 8.4 3.4
v 11.4 8.4 3.2
v 11.5 8.4 3.2
v 27.1 8.4 3.2
v 27.2 8.4 3.2
v 11.4 8.4 2.1
v 11.5 8.4 2.1
v 27.1 8.4 2.1
v 27.2 8.4 2.1
v 11.5 8.5 5.4
v 12.3 8.5 5.4
v 26.3 8.5 5.4
v 27.1 8.5 5.4
v 11.5 8.5 5.3
v 12.3 8.5 5.3
v 26.3 8.5 5.3
v 27.1 8.5 5.3
v 11.3 8.5 5.2
v 11.4 8.5 5.2
v 27.2 8.5 5.2
v 27.3 8.5 5.2
v 11.3 8.5 3.4
v 11.4 8.5 3.4
v 11.5 8.5 3.4
v 11.7 8.5 3.4
v 26.9 8.5 3.4
v 27.1 8.5 3.4
v 27.2 8.5 3.4
v 27.3 8.5 3.4
v 11.3 8.5 3.2
v 11.4 8.5 3.2
v 11.5 8.5 3.2
v 11.7 8.5 3.2
v 26.9 8.5 3.2
v 27.1 8.5 3.2
v 27.2 8.5 3.2
v 27.3 8.5 3.2
v 11.3 8.5 2.2
v 11.4 8.5 2.2
v 27.2 8.5 2.2
v 27.3 8.5 2.2
v 15.6 8.7 5.5
v 15.7 8.7 5.5
v 15.6 8.7 5.4
v 15.7 8.7 5.4
v 12.9 8.7 -6.8
v 25.7 8.7 -6.8
v 12.9 8.7 -6.9
v 25.7 8.7 -6.9
v 15.5 8.8 5.5
v 15.6 8.8 5.5
v 15.7 8.8 5.5
v 15.8 8.8 5.5
v 15.5 8.8 5.4
v 15.6 8.8 5.4
v 15.7 8.8 5.4
v 15.8 8.8 5.4
v 12.9 8.8 -6.9
v 25.7 8.8 -6.9
v 12.9 8.8 -7
v 25.7 8.8 -7
v 15.4 8.9 5.5
v 15.5 8.9 5.5
v 15.8 8.9 5.5
v 15.9 8.9 5.5
v 15.4 8.9 5.4
v 15.5 8.9 5.4
v 15.8 8.9 5.4
v 15.9 8.9 5.4
v 12.7 8.9 -6.6
v 12.8 8.9 -6.6
v 25.8 8.9 -6.6
v 25.9 8.9 -6.6
v 12.8 8.9 -6.7
v 12.9 8.9 -6.7
v 25.7 8.9 -6.7
v 25.8 8.9 -6.7
v 12.7 8.9 -6.8
v 12.8 8.9 -6.8
v 25.8 8.9 -6.8
v 25.9 8.9 -6.8
v 12.8 8.9 -6.9
v 12.9 8.9 -6.9
v 25.7 8.9 -6.9
v 25.8 8.9 -6.9
v 16.4 9 5.4
v 22.2 9 5.4
v 16.4 9 5.3
v 22.2 9 5.3
v 15.6 9.3 5.5
v 15.7 9.3 5.5
v 15.6 9.3 5.4
v 15.7 9.3 5.4
v 15.5 9.4 5.5
v 15.6 9.4 5.5
v 15.5 9.4 5.4
v 15.6 9.4 5.4
v 15.4 9.5 5.5
v 15.5 9.5 5.5
v 15.7 9.5 5.5
v 15.9 9.5 5.5
v 15.4 9.5 5.4
v 15.5 9.5 5.4
v 15.7 9.5 5.4
v 15.9 9.5 5.4
v 12.9 9.6 -7
v 25.7 9.6 -7
v 12.9 9.6 -7.1
v 25.7 9.6 -7.1
v 12.7 9.7 -6.8
v 12.8 9.7 -6.8
v 25.8 9.7 -6.8
v 25.9 9.7 -6.8
v 12.8 9.7 -6.9
v 12.9 9.7 -6.9
v 25.7 9.7 -6.9
v 25.8 9.7 -6.9
v 12.7 9.7 -7
v 12.8 9.7 -7
v 25.8 9.7 -7
v 25.9 9.7 -7
v 12.8 9.7 -7.1
v 12.9 9.7 -7.1
v 25.7 9.7 -7.1
v 25.8 9.7 -7.1
v 12.9 9.7 -7.2
v 25.7 9.7 -7.2
v 15.6 9.8 5.5
v 15.7 9.8 5.5
v 15.6 9.8 5.4
v 15.7 9.8 5.4
v 12.3 10 2
v 12.7 10 2
v 25.9 10 2
v 26.3 10 2
v 12.3 10 1.9
v 12.7 10 1.9
v 25.9 10 1.9
v 26.3 10 1.9
v 12.3 10.1 1.9
v 12.7 10.1 1.9
v 25.9 10.1 1.9
v 26.3 10.1 1.9
v 12.3 10.1 1.4
v 12.7 10.1 1.4
v 25.9 10.1 1.4
v 26.3 10.1 1.4
v 11.9 10.2 2
v 12.3 10.2 2
v 26.3 10.2 2
v 26.7 10.2 2
v 11.9 10.2 1.9
v 12.3 10.2 1.9
v 26.3 10.2 1.9
v 26.7 10.2 1.9
v 12.3 10.2 1.4
v 12.7 10.2 1.4
v 25.9 10.2 1.4
v 26.3 10.2 1.4
v 12.3 10.2 1.3
v 12.7 10.2 1.3
v 25.9 10.2 1.3
v 26.3 10.2 1.3
v 11.9 10.3 1.9
v 12.3 10.3 1.9
v 26.3 10.3 1.9
v 26.7 10.3 1.9
v 11.9 10.3 1.4
v 12.3 10.3 1.4
v 26.3 10.3 1.4
v 26.7 10.3 1.4
v 12.3 10.3 1.3
v 12.7 10.3 1.3
v 25.9 10.3 1.3
v 26.3 10.3 1.3
v 12.3 10.3 0.4
v 12.7 10.3 0.4
v 25.9 10.3 0.4
v 26.3 10.3 0.4
v 11.9 10.4 1.4
v 12.3 10.4 1.4
v 26.3 10.4 1.4
v 26.7 10.4 1.4
v 11.9 10.4 1.3
v 12.3 10.4 1.3
v 26.3 10.4 1.3
v 26.7 10.4 1.3
v 12.3 10.4 0.4
v 12.7 10.4 0.4
v 25.9 10.4 0.4
v 26.3 10.4 0.4
v 12.3 10.4 0.3
v 12.7 10.4 0.3
v 25.9 10.4 0.3
v 26.3 10.4 0.3
v 12.9 10.4 -7.2
v 25.7 10.4 -7.2
v 12.9 10.4 -7.3
v 25.7 10.4 -7.3
v 11.9 10.5 1.3
v 12.3 10.5 1.3
v 26.3 10.5 1.3
v 26.7 10.5 1.3
v 11.9 10.5 0.4
v 12.3 10.5 0.4
v 26.3 10.5 0.4
v 26.7 10.5 0.4
v 12.3 10.5 0.3
v 12.7 10.5 0.3
v 25.9 10.5 0.3
v 26.3 10.5 0.3
v 12.3 10.5 -0.8
v 12.7 10.5 -0.8
v 25.9 10.5 -0.8
v 26.3 10.5 -0.8
v 12.7 10.5 -7
v 12.8 10.5 -7
v 25.8 10.5 -7
v 25.9 10.5 -7
v 12.8 10.5 -7.1
v 12.9 10.5 -7.1
v 25.7 10.5 -7.1
v 25.8 10.5 -7.1
v 12.7 10.5 -7.2
v 12.8 10.5 -7.2
v 25.8 10.5 -7.2
v 25.9 10.5 -7.2
v 12.8 10.5 -7.3
v 12.9 10.5 -7.3
v 25.7 10.5 -7.3
v 25.8 10.5 -7.3
v 12.9 10.5 -7.4
v 25.7 10.5 -7.4
v 11.9 10.6 0.4
v 12.3 10.6 0.4
v 26.3 10.6 0.4
v 26.7 10.6 0.4
v 11.9 10.6 0.3
v 12.3 10.6 0.3
v 26.3 10.6 0.3
v 26.7 10.6 0.3
v 12.3 10.6 -0.8
v 12.7 10.6 -0.8
v 25.9 10.6 -0.8
v 26.3 10.6 -0.8
v 12.3 10.6 -0.9
v 12.7 10.6 -0.9
v 25.9 10.6 -0.9
v 26.3 10.6 -0.9
v 11.9 10.7 0.3
v 12.3 10.7 0.3
v 26.3 10.7 0.3
v 26.7 10.7 0.3
v 11.9 10.7 -0.8
v 12.3 10.7 -0.8
v 26.3 10.7 -0.8
v 26.7 10.7 -0.8
v 12.3 10.7 -0.9
v 12.7 10.7 -0.9
v 25.9 10.7 -0.9
v 26.3 10.7 -0.9
v 12.3 10.7 -1.8
v 12.7 10.7 -1.8
v 25.9 10.7 -1.8
v 26.3 10.7 -1.8
v 11.9 10.8 -0.8
v 12.3 10.8 -0.8
v 26.3 10.8 -0.8
v 26.7 10.8 -0.8
v 11.9 10.8 -0.9
v 12.3 10.8 -0.9
v 26.3 10.8 -0.9
v 26.7 10.8 -0.9
v 12.3 10.8 -1.8
v 12.7 10.8 -1.8
v 25.9 10.8 -1.8
v 26.3 10.8 -1.8
v 12.3 10.8 -1.9
v 12.7 10.8 -1.9
v 25.9 10.8 -1.9
v 26.3 10.8 -1.9
v 11.9 10.9 -0.9
v 12.3 10.9 -0.9
v 26.3 10.9 -0.9
v 26.7 10.9 -0.9
v 11.9 10.9 -1.8
v 12.3 10.9 -1.8
v 26.3 10.9 -1.8
v 26.7 10.9 -1.8
v 12.3 10.9 -1.9
v 12.7 10.9 -1.9
v 25.9 10.9 -1.9
v 26.3 10.9 -1.9
v 12.3 10.9 -2.8
v 12.7 10.9 -2.8
v 25.9 10.9 -2.8
v 26.3 10.9 -2.8
v 11.9 11 -1.8
v 12.3 11 -1.8
v 26.3 11 -1.8
v 26.7 11 -1.8
v 11.9 11 -1.9
v 12.3 11 -1.9
v 26.3 11 -1.9
v 26.7 11 -1.9
v 12.3 11 -2.8
v 12.7 11 -2.8
v 25.9 11 -2.8
v 26.3 11 -2.8
v 12.3 11 -2.9
v 12.7 11 -2.9
v 25.9 11 -2.9
v 26.3 11 -2.9
v 11.9 11.1 -1.9
v 12.3 11.1 -1.9
v 26.3 11.1 -1.9
v 26.7 11.1 -1.9
v 11.9 11.1 -2.8
v 12.3 11.1 -2.8
v 26.3 11.1 -2.8
v 26.7 11.1 -2.8
v 12.3 11.1 -2.9
v 12.7 11.1 -2.9
v 25.9 11.1 -2.9
v 26.3 11.1 -2.9
v 12.3 11.1 -4
v 12.7 11.1 -4
v 25.9 11.1 -4
v 26.3 11.1 -4
v 13.5 11.2 4
v 25.1 11.2 4
v 13.5 11.2 3.9
v 25.1 11.2 3.9
v 11.9 11.2 -2.8
v 12.3 11.2 -2.8
v 26.3 11.2 -2.8
v 26.7 11.2 -2.8
v 11.9 11.2 -2.9
v 12.3 11.2 -2.9
v 26.3 11.2 -2.9
v 26.7 11.2 -2.9
v 12.3 11.2 -4
v 12.7 11.2 -4
v 25.9 11.2 -4
v 26.3 11.2 -4
v 12.3 11.2 -4.1
v 12.7 11.2 -4.1
v 25.9 11.2 -4.1
v 26.3 11.2 -4.1
v 12.9 11.2 -7.4
v 25.7 11.2 -7.4
v 12.9 11.2 -7.5
v 25.7 11.2 -7.5
v 11.9 11.3 -2.9
v 12.3 11.3 -2.9
v 26.3 11.3 -2.9
v 26.7 11.3 -2.9
v 11.9 11.3 -4
v 12.3 11.3 -4
v 26.3 11.3 -4
v 26.7 11.3 -4
v 12.3 11.3 -4.1
v 12.7 11.3 -4.1
v 25.9 11.3 -4.1
v 26.3 11.3 -4.1
v 12.3 11.3 -5
v 12.7 11.3 -5
v 25.9 11.3 -5
v 26.3 11.3 -5
v 12.7 11.3 -7.2
v 12.8 11.3 -7.2
v 25.8 11.3 -7.2
v 25.9 11.3 -7.2
v 12.8 11.3 -7.3
v 12.9 11.3 -7.3
v 25.7 11.3 -7.3
v 25.8 11.3 -7.3
v 12.7 11.3 -7.4
v 12.8 11.3 -7.4
v 25.8 11.3 -7.4
v 25.9 11.3 -7.4
v 12.8 11.3 -7.5
v 12.9 11.3 -7.5
v 25.7 11.3 -7.5
v 25.8 11.3 -7.5
v 12.9 11.3 -7.6
v 25.7 11.3 -7.6
v 11.9 11.4 -4
v 12.3 11.4 -4
v 26.3 11.4 -4
v 26.7 11.4 -4
v 11.9 11.4 -4.1
v 12.3 11.4 -4.1
v 26.3 11.4 -4.1
v 26.7 11.4 -4.1
v 12.3 11.4 -5
v 12.7 11.4 -5
v 25.9 11.4 -5
v 26.3 11.4 -5
v 12.3 11.4 -5.1
v 12.7 11.4 -5.1
v 25.9 11.4 -5.1
v 26.3 11.4 -5.1
v 11.9 11.5 -4.1
v 12.3 11.5 -4.1
v 26.3 11.5 -4.1
v 26.7 11.5 -4.1
v 11.9 11.5 -5
v 12.3 11.5 -5
v 26.3 11.5 -5
v 26.7 11.5 -5
v 12.3 11.5 -5.1
v 12.7 11.5 -5.1
v 25.9 11.5 -5.1
v 26.3 11.5 -5.1
v 12.3 11.5 -6
v 12.7 11.5 -6
v 25.9 11.5 -6
v 26.3 11.5 -6
v 11.9 11.6 -5
v 12.3 11.6 -5
v 26.3 11.6 -5
v 26.7 11.6 -5
v 11.9 11.6 -5.1
v 12.3 11.6 -5.1
v 26.3 11.6 -5.1
v 26.7 11.6 -5.1
v 12.3 11.6 -6
v 12.7 11.6 -6
v 25.9 11.6 -6
v 26.3 11.6 -6
v 12.3 11.6 -6.1
v 12.7 11.6 -6.1
v 25.9 11.6 -6.1
v 26.3 11.6 -6.1
v 12.9 11.6 -7.6
v 25.7 11.6 -7.6
v 12.9 11.6 -7.7
v 25.7 11.6 -7.7
v 11.9 11.7 -5.1
v 12.3 11.7 -5.1
v 26.3 11.7 -5.1
v 26.7 11.7 -5.1
v 11.9 11.7 -6
v 12.3 11.7 -6
v 26.3 11.7 -6
v 26.7 11.7 -6
v 12.3 11.7 -6.1
v 12.7 11.7 -6.1
v 25.9 11.7 -6.1
v 26.3 11.7 -6.1
v 12.3 11.7 -7.4
v 12.7 11.7 -7.4
v 12.8 11.7 -7.4
v 25.8 11.7 -7.4
v 25.9 11.7 -7.4
v 26.3 11.7 -7.4
v 12.8 11.7 -7.5
v 12.9 11.7 -7.5
v 25.7 11.7 -7.5
v 25.8 11.7 -7.5
v 12.7 11.7 -7.6
v 12.8 11.7 -7.6
v 25.8 11.7 -7.6
v 25.9 11.7 -7.6
v 12.8 11.7 -7.7
v 12.9 11.7 -7.7
v 25.7 11.7 -7.7
v 25.8 11.7 -7.7
v 12.9 11.7 -8
v 25.7 11.7 -8
v 11.9 11.8 -6
v 12.3 11.8 -6
v 26.3 11.8 -6
v 26.7 11.8 -6
v 11.9 11.8 -6.1
v 12.3 11.8 -6.1
v 26.3 11.8 -6.1
v 26.7 11.8 -6.1
v 12.3 11.8 -7.4
v 12.7 11.8 -7.4
v 25.9 11.8 -7.4
v 26.3 11.8 -7.4
v 12.3 11.8 -7.5
v 12.7 11.8 -7.5
v 25.9 11.8 -7.5
v 26.3 11.8 -7.5
v 12.9 11.8 -8
v 25.7 11.8 -8
v 12.9 11.8 -8.1
v 25.7 11.8 -8.1
v 11.9 11.9 -6.1
v 12.3 11.9 -6.1
v 26.3 11.9 -6.1
v 26.7 11.9 -6.1
v 12.3 11.9 -7.5
v 12.7 11.9 -7.5
v 25.9 11.9 -7.5
v 26.3 11.9 -7.5
v 11.9 11.9 -7.6
v 12.3 11.9 -7.6
v 12.7 11.9 -7.6
v 12.8 11.9 -7.6
v 25.8 11.9 -7.6
v 25.9 11.9 -7.6
v 26.3 11.9 -7.6
v 26.7 11.9 -7.6
v 12.8 11.9 -7.7
v 12.9 11.9 -7.7
v 25.7 11.9 -7.7
v 25.8 11.9 -7.7
v 12.9 11.9 -8.1
v 25.7 11.9 -8.1
v 12.3 11.9 -8.6
v 26.3 11.9 -8.6
v 11.9 12 -7.6
v 12.3 12 -7.6
v 26.3 12 -7.6
v 26.7 12 -7.6
v 11.9 12 -7.7
v 12.3 12 -7.7
v 26.3 12 -7.7
v 26.7 12 -7.7
v 11.9 12.1 -7.7
v 12.3 12.1 -7.7
v 26.3 12.1 -7.7
v 26.7 12.1 -7.7
v 11.9 12.1 -8.6
v 12.3 12.1 -8.6
v 12.5 12.1 -8.6
v 26.1 12.1 -8.6
v 26.3 12.1 -8.6
v 26.7 12.1 -8.6
v 12.5 12.1 -8.8
v 26.1 12.1 -8.8
v 12 12.3 -8.6
v 12.5 12.3 -8.6
v 26.1 12.3 -8.6
v 26.6 12.3 -8.6
v 12 12.3 -8.7
v 12.1 12.3 -8.7
v 26.5 12.3 -8.7
v 26.6 12.3 -8.7
v 12.1 12.3 -8.8
v 12.5 12.3 -8.8
v 12.7 12.3 -8.8
v 25.9 12.3 -8.8
v 26.1 12.3 -8.8
v 26.5 12.3 -8.8
v 12.7 12.3 -9
v 25.9 12.3 -9
v 12.2 12.5 -8.8
v 12.7 12.5 -8.8
v 25.9 12.5 -8.8
v 26.4 12.5 -8.8
v 12.2 12.5 -8.9
v 12.3 12.5 -8.9
v 26.3 12.5 -8.9
v 26.4 12.5 -8.9
v 12.3 12.5 -9
v 12.7 12.5 -9
v 25.9 12.5 -9
v 26.3 12.5 -9
v 13.5 19.5 5
v 25.1 19.5 5
v 13.4 19.5 4.9
v 13.5 19.5 4.9
v 25.1 19.5 4.9
v 25.2 19.5 4.9
v 13.4 19.5 4.8
v 13.7 19.5 4.8
v 24.9 19.5 4.8
v 25.2 19.5 4.8
v 13.4 19.5 4.6
v 13.5 19.5 4.6
v 13.7 19.5 4.6
v 24.9 19.5 4.6
v 25.1 19.5 4.6
v 25.2 19.5 4.6
v 13.5 19.5 4.4
v 25.1 19.5 4.4
v 13.4 19.6 5.1
v 25.2 19.6 5.1
v 13.4 19.6 5
v 25.2 19.6 5
v 13.3 19.7 5.2
v 25.3 19.7 5.2
v 13.3 19.7 5.1
v 25.3 19.7 5.1
v 13.3 19.7 4.6
v 13.5 19.7 4.6
v 25.1 19.7 4.6
v 25.3 19.7 4.6
v 13.5 19.7 4.4
v 25.1 19.7 4.4
v 13.3 19.7 4
v 25.3 19.7 4
v 13.2 19.8 5.3
v 25.4 19.8 5.3
v 13.2 19.8 5.2
v 25.4 19.8 5.2
v 13.1 19.9 5.4
v 25.5 19.9 5.4
v 13.1 19.9 5.3
v 25.5 19.9 5.3
v 16.5 8.9 5.4
v 22.1 8.9 5.4
v 16.5 8.9 5.3
v 22.1 8.9 5.3
v 15.6 9 5.5
v 15.7 9 5.5
v 15.6 9 5.4
v 15.7 9 5.4
v 15.4 9.3 5.5
v 15.6 9.3 5.5
v 15.8 9.3 5.5
v 15.9 9.3 5.5
v 15.4 9.3 5.4
v 15.6 9.3 5.4
v 15.8 9.3 5.4
v 15.9 9.3 5.4
v 15.7 9.4 5.5
v 15.8 9.4 5.5
v 15.7 9.4 5.4
v 15.8 9.4 5.4
v 15.6 9.5 5.5
v 15.7 9.5 5.5
v 15.6 9.5 5.4
v 15.7 9.5 5.4
v 15.4 9.9 5.5
v 15.5 9.9 5.5
v 15.8 9.9 5.5
v 15.9 9.9 5.5
v 15.4 9.9 5.4
v 15.5 9.9 5.4
v 15.8 9.9 5.4
v 15.9 9.9 5.4
v 15.5 10 5.5
v 15.6 10 5.5
v 15.7 10 5.5
v 15.8 10 5.5
v 15.5 10 5.4
v 15.6 10 5.4
v 15.7 10 5.4
v 15.8 10 5.4
v 15.6 10.1 5.5
v 15.7 10.1 5.5
v 15.6 10.1 5.4
v 15.7 10.1 5.4
v 13.1 10.5 5.4
v 25.5 10.5 5.4
v 13.1 10.5 5.3
v 25.5 10.5 5.3
v 13.2 10.6 5.3
v 25.4 10.6 5.3
v 13.2 10.6 5.2
v 25.4 10.6 5.2
v 13.3 10.7 5.2
v 25.3 10.7 5.2
v 13.3 10.7 5.1
v 25.3 10.7 5.1
v 13.4 10.8 5.1
v 25.2 10.8 5.1
v 13.4 10.8 5
v 25.2 10.8 5
v 13.5 10.9 5
v 25.1 10.9 5
v 13.4 10.9 4.9
v 13.5 10.9 4.9
v 25.1 10.9 4.9
v 25.2 10.9 4.9
v 13.4 10.9 4.6
v 25.2 10.9 4.6
v 13.5 11 4.6
v 25.1 11 4.6
v 13.5 11 4.2
v 25.1 11 4.2
v 13.3 11.1 4.6
v 13.4 11.1 4.6
v 13.5 11.1 4.6
v 25.1 11.1 4.6
v 25.2 11.1 4.6
v 25.3 11.1 4.6
v 13.5 11.1 4.2
v 25.1 11.1 4.2
v 13.3 11.1 4
v 13.5 11.1 4
v 25.1 11.1 4
v 25.3 11.1 4
v 13.5 11.1 3.9
v 25.1 11.1 3.9
v 12.2 18.6 -8.8
v 12.4 18.6 -8.8
v 26.2 18.6 -8.8
v 26.4 18.6 -8.8
v 12.2 18.6 -8.9
v 12.3 18.6 -8.9
v 26.3 18.6 -8.9
v 26.4 18.6 -8.9
v 12.3 18.6 -9
v 12.4 18.6 -9
v 26.2 18.6 -9
v 26.3 18.6 -9
v 12.4 18.7 -8.8
v 26.2 18.7 -8.8
v 12.4 18.7 -9
v 26.2 18.7 -9
v 12 18.8 -8.6
v 12.2 18.8 -8.6
v 26.4 18.8 -8.6
v 26.6 18.8 -8.6
v 12 18.8 -8.7
v 12.1 18.8 -8.7
v 26.5 18.8 -8.7
v 26.6 18.8 -8.7
v 12.1 18.8 -8.8
v 12.2 18.8 -8.8
v 26.4 18.8 -8.8
v 26.5 18.8 -8.8
v 12.2 18.9 -8.6
v 12.5 18.9 -8.6
v 26.1 18.9 -8.6
v 26.4 18.9 -8.6
v 12.2 18.9 -8.8
v 26.4 18.9 -8.8
v 11.9 19 -8.2
v 12 19 -8.2
v 26.6 19 -8.2
v 26.7 19 -8.2
v 11.9 19 -8.6
v 12 19 -8.6
v 26.6 19 -8.6
v 26.7 19 -8.6
v 12 19.1 -8.2
v 12.5 19.1 -8.2
v 26.1 19.1 -8.2
v 26.6 19.1 -8.2
v 12 19.1 -8.6
v 12.5 19.1 -8.6
v 26.1 19.1 -8.6
v 26.6 19.1 -8.6
v 11.9 19.2 -7.4
v 12 19.2 -7.4
v 26.6 19.2 -7.4
v 26.7 19.2 -7.4
v 11.9 19.2 -8.2
v 12 19.2 -8.2
v 26.6 19.2 -8.2
v 26.7 19.2 -8.2
v 12 19.3 -7.4
v 26.6 19.3 -7.4
v 12 19.3 -8.2
v 26.6 19.3 -8.2
v 11.9 19.4 -6.4
v 12 19.4 -6.4
v 26.6 19.4 -6.4
v 26.7 19.4 -6.4
v 11.9 19.4 -7.4
v 12 19.4 -7.4
v 26.6 19.4 -7.4
v 26.7 19.4 -7.4
v 12 19.5 -6.4
v 26.6 19.5 -6.4
v 12 19.5 -7.4
v 26.6 19.5 -7.4
v 11.9 19.6 -5.4
v 12 19.6 -5.4
v 26.6 19.6 -5.4
v 26.7 19.6 -5.4
v 11.9 19.6 -6.4
v 12 19.6 -6.4
v 26.6 19.6 -6.4
v 26.7 19.6 -6.4
v 12 19.7 -5.4
v 26.6 19.7 -5.4
v 12 19.7 -6.4
v 26.6 19.7 -6.4
v 11.9 19.8 -4.6
v 12 19.8 -4.6
v 26.6 19.8 -4.6
v 26.7 19.8 -4.6
v 11.9 19.8 -5.4
v 12 19.8 -5.4
v 26.6 19.8 -5.4
v 26.7 19.8 -5.4
v 12 19.9 -4.6
v 26.6 19.9 -4.6
v 12 19.9 -5.4
v 26.6 19.9 -5.4
v 11.9 20 -3.6
v 12 20 -3.6
v 26.6 20 -3.6
v 26.7 20 -3.6
v 11.9 20 -4.6
v 12 20 -4.6
v 26.6 20 -4.6
v 26.7 20 -4.6
v 12 20.1 -3.6
v 26.6 20.1 -3.6
v 12 20.1 -4.6
v 26.6 20.1 -4.6
v 11.9 20.2 -2.6
v 12 20.2 -2.6
v 26.6 20.2 -2.6
v 26.7 20.2 -2.6
v 11.9 20.2 -3.6
v 12 20.2 -3.6
v 26.6 20.2 -3.6
v 26.7 20.2 -3.6
v 12 20.3 -2.6
v 26.6 20.3 -2.6
v 12 20.3 -3.6
v 26.6 20.3 -3.6
v 11.9 20.4 -1.6
v 12 20.4 -1.6
v 26.6 20.4 -1.6
v 26.7 20.4 -1.6
v 11.9 20.4 -2.6
v 12 20.4 -2.6
v 26.6 20.4 -2.6
v 26.7 20.4 -2.6
v 12 20.5 -1.6
v 26.6 20.5 -1.6
v 12 20.5 -2.6
v 26.6 20.5 -2.6
v 11.9 20.6 -0.6
v 12 20.6 -0.6
v 26.6 20.6 -0.6
v 26.7 20.6 -0.6
v 11.9 20.6 -1.6
v 12 20.6 -1.6
v 26.6 20.6 -1.6
v 26.7 20.6 -1.6
v 12 20.7 -0.6
v 26.6 20.7 -0.6
v 12 20.7 -1.6
v 26.6 20.7 -1.6
v 11.9 20.8 0.2
v 12 20.8 0.2
v 26.6 20.8 0.2
v 26.7 20.8 0.2
v 11.9 20.8 -0.6
v 12 20.8 -0.6
v 26.6 20.8 -0.6
v 26.7 20.8 -0.6
v 12 20.9 0.2
v 26.6 20.9 0.2
v 12 20.9 -0.6
v 26.6 20.9 -0.6
v 11.9 21 1.2
v 12 21 1.2
v 26.6 21 1.2
v 26.7 21 1.2
v 11.9 21 0.2
v 12 21 0.2
v 26.6 21 0.2
v 26.7 21 0.2
v 12 21.1 1.2
v 26.6 21.1 1.2
v 12 21.1 0.2
v 26.6 21.1 0.2
v 11.9 21.2 2
v 12 21.2 2
v 26.6 21.2 2
v 26.7 21.2 2
v 11.9 21.2 1.2
v 12 21.2 1.2
v 26.6 21.2 1.2
v 26.7 21.2 1.2
v 12 21.3 2
v 26.6 21.3 2
v 12 21.3 1.2
v 26.6 21.3 1.2
v 11.5 21.9 5.4
v 12.3 21.9 5.4
v 26.3 21.9 5.4
v 27.1 21.9 5.4
v 11.5 21.9 5.3
v 12.3 21.9 5.3
v 26.3 21.9 5.3
v 27.1 21.9 5.3
v 11.3 21.9 5.2
v 11.4 21.9 5.2
v 27.2 21.9 5.2
v 27.3 21.9 5.2
v 11.3 21.9 3.4
v 11.4 21.9 3.4
v 11.5 21.9 3.4
v 12.3 21.9 3.4
v 26.3 21.9 3.4
v 27.1 21.9 3.4
v 27.2 21.9 3.4
v 27.3 21.9 3.4
v 11.3 21.9 3.2
v 11.4 21.9 3.2
v 11.5 21.9 3.2
v 12.3 21.9 3.2
v 26.3 21.9 3.2
v 27.1 21.9 3.2
v 27.2 21.9 3.2
v 27.3 21.9 3.2
v 11.3 21.9 2.2
v 11.4 21.9 2.2
v 11.5 21.9 2.2
v 27.1 21.9 2.2
v 27.2 21.9 2.2
v 27.3 21.9 2.2
v 11.4 21.9 2.1
v 11.5 21.9 2.1
v 12.3 21.9 2.1
v 26.3 21.9 2.1
v 27.1 21.9 2.1
v 27.2 21.9 2.1
v 11.5 21.9 2
v 12.3 21.9 2
v 26.3 21.9 2
v 27.1 21.9 2
v 11.4 22 5.3
v 12.3 22 5.3
v 26.3 22 5.3
v 27.2 22 5.3
v 11.5 22 5.2
v 12.3 22 5.2
v 26.3 22 5.2
v 27.1 22 5.2
v 11.4 22 3.4
v 11.5 22 3.4
v 27.1 22 3.4
v 27.2 22 3.4
v 11.4 22 3.2
v 11.5 22 3.2
v 27.1 22 3.2
v 27.2 22 3.2
v 11.4 22 2.2
v 11.5 22 2.2
v 12.3 22 2.2
v 26.3 22 2.2
v 27.1 22 2.2
v 27.2 22 2.2
v 11.5 22 2.1
v 12.3 22 2.1
v 26.3 22 2.1
v 27.1 22 2.1
v 12.3 22.1 5.4
v 15.1 22.1 5.4
v 23.5 22.1 5.4
v 26.3 22.1 5.4
v 12.3 22.1 5.3
v 15.1 22.1 5.3
v 23.5 22.1 5.3
v 26.3 22.1 5.3
v 11.5 22.1 5.2
v 12.3 22.1 5.2
v 26.3 22.1 5.2
v 27.1 22.1 5.2
v 11.5 22.1 3.4
v 12.3 22.1 3.4
v 15.1 22.1 3.4
v 23.5 22.1 3.4
v 26.3 22.1 3.4
v 27.1 22.1 3.4
v 11.5 22.1 3.2
v 12.3 22.1 3.2
v 15.1 22.1 3.2
v 23.5 22.1 3.2
v 26.3 22.1 3.2
v 27.1 22.1 3.2
v 11.5 22.1 2.2
v 12.3 22.1 2.2
v 26.3 22.1 2.2
v 27.1 22.1 2.2
v 12.3 22.1 2.1
v 15.1 22.1 2.1
v 23.5 22.1 2.1
v 26.3 22.1 2.1
v 12.3 22.1 2
v 15.1 22.1 2
v 23.5 22.1 2
v 26.3 22.1 2
v 12.3 22.2 5.3
v 15.1 22.2 5.3
v 23.5 22.2 5.3
v 26.3 22.2 5.3
v 12.3 22.2 5.2
v 15.1 22.2 5.2
v 23.5 22.2 5.2
v 26.3 22.2 5.2
v 12.3 22.2 2.2
v 15.1 22.2 2.2
v 23.5 22.2 2.2
v 26.3 22.2 2.2
v 12.3 22.2 2.1
v 15.1 22.2 2.1
v 23.5 22.2 2.1
v 26.3 22.2 2.1
v 15.1 22.3 5.4
v 17.5 22.3 5.4
v 21.1 22.3 5.4
v 23.5 22.3 5.4
v 15.1 22.3 5.3
v 17.5 22.3 5.3
v 21.1 22.3 5.3
v 23.5 22.3 5.3
v 12.3 22.3 5.2
v 15.1 22.3 5.2
v 23.5 22.3 5.2
v 26.3 22.3 5.2
v 12.3 22.3 3.4
v 15.1 22.3 3.4
v 17.5 22.3 3.4
v 21.1 22.3 3.4
v 23.5 22.3 3.4
v 26.3 22.3 3.4
v 12.3 22.3 3.2
v 15.1 22.3 3.2
v 17.5 22.3 3.2
v 21.1 22.3 3.2
v 23.5 22.3 3.2
v 26.3 22.3 3.2
v 12.3 22.3 2.2
v 15.1 22.3 2.2
v 23.5 22.3 2.2
v 26.3 22.3 2.2
v 15.1 22.3 2.1
v 17.5 22.3 2.1
v 21.1 22.3 2.1
v 23.5 22.3 2.1
v 15.1 22.3 2
v 17.5 22.3 2
v 21.1 22.3 2
v 23.5 22.3 2
v 15.1 22.4 5.3
v 17.5 22.4 5.3
v 21.1 22.4 5.3
v 23.5 22.4 5.3
v 15.1 22.4 5.2
v 17.5 22.4 5.2
v 21.1 22.4 5.2
v 23.5 22.4 5.2
v 15.1 22.4 2.2
v 17.5 22.4 2.2
v 21.1 22.4 2.2
v 23.5 22.4 2.2
v 15.1 22.4 2.1
v 17.5 22.4 2.1
v 21.1 22.4 2.1
v 23.5 22.4 2.1
v 17.5 22.5 5.4
v 21.1 22.5 5.4
v 17.5 22.5 5.3
v 21.1 22.5 5.3
v 15.1 22.5 5.2
v 17.5 22.5 5.2
v 21.1 22.5 5.2
v 23.5 22.5 5.2
v 15.1 22.5 3.4
v 17.5 22.5 3.4
v 21.1 22.5 3.4
v 23.5 22.5 3.4
v 15.1 22.5 3.2
v 17.5 22.5 3.2
v 21.1 22.5 3.2
v 23.5 22.5 3.2
v 15.1 22.5 2.2
v 17.5 22.5 2.2
v 21.1 22.5 2.2
v 23.5 22.5 2.2
v 17.5 22.5 2.1
v 21.1 22.5 2.1
v 17.5 22.5 2
v 21.1 22.5 2
v 17.5 22.6 5.3
v 21.1 22.6 5.3
v 17.5 22.6 5.2
v 21.1 22.6 5.2
v 17.5 22.6 2.2
v 21.1 22.6 2.2
v 17.5 22.6 2.1
v 21.1 22.6 2.1
v 17.5 22.7 5.2
v 21.1 22.7 5.2
v 17.5 22.7 3.4
v 21.1 22.7 3.4
v 17.5 22.7 3.2
v 21.1 22.7 3.2
v 17.5 22.7 2.2
v 21.1 22.7 2.2

# faces
f 5/3/1 2/3/1 1/3/1
f 6/3/1 2/3/1 5/3/1
f 7/3/1 4/3/1 3/3/1
f 8/3/1 4/3/1 7/3/1
f 9/2/1 6/2/1 5/2/1
f 10/2/1 6/2/1 9/2/1
f 11/2/1 8/2/1 7/2/1
f 12/2/1 8/2/1 11/2/1
f 13/1/1 10/1/1 9/1/1
f 14/1/1 10/1/1 13/1/1
f 15/1/1 12/1/1 11/1/1
f 16/1/1 12/1/1 15/1/1
f 21/3/1 18/3/1 17/3/1
f 22/3/1 18/3/1 21/3/1
f 23/3/1 20/3/1 19/3/1
f 24/3/1 20/3/1 23/3/1
f 25/3/1 21/3/1 17/3/1
f 26/3/1 20/3/1 24/3/1
f 27/3/1 25/3/1 17/3/1
f 28/3/1 20/3/1 26/3/1
f 29/3/1 27/3/1 17/3/1
f 30/3/1 27/3/1 29/3/1
f 33/3/1 20/3/1 28/3/1
f 34/3/1 20/3/1 33/3/1
f 35/1/1 31/1/1 30/1/1
f 35/1/1 30/1/1 29/1/1
f 36/1/1 31/1/1 35/1/1
f 37/1/1 33/1/1 32/1/1
f 38/1/1 33/1/1 37/1/1
f 43/3/1 40/3/1 39/3/1
f 44/3/1 40/3/1 43/3/1
f 45/3/1 42/3/1 41/3/1
f 46/3/1 42/3/1 45/3/1
f 51/3/1 42/3/1 46/3/1
f 52/3/1 42/3/1 51/3/1
f 53/3/1 48/3/1 47/3/1
f 54/3/1 48/3/1 53/3/1
f 55/4/1 50/4/1 49/4/1
f 56/4/1 50/4/1 55/4/1
f 57/4/1 56/4/1 55/4/1
f 58/4/1 56/4/1 57/4/1
f 59/2/1 52/2/1 51/2/1
f 60/2/1 52/2/1 59/2/1
f 61/2/1 54/2/1 53/2/1
f 62/2/1 54/2/1 61/2/1
f 63/4/1 58/4/1 57/4/1
f 64/4/1 58/4/1 63/4/1
f 66/1/1 60/1/1 59/1/1
f 67/1/1 60/1/1 66/1/1
f 71/1/1 66/1/1 65/1/1
f 72/1/1 66/1/1 71/1/1
f 73/1/1 69/1/1 68/1/1
f 74/1/1 69/1/1 73/1/1
f 75/1/1 71/1/1 70/1/1
f 76/1/1 71/1/1 75/1/1
f 79/4/1 78/4/1 77/4/1
f 80/4/1 78/4/1 79/4/1
f 83/2/1 82/2/1 81/2/1
f 85/2/1 84/2/1 83/2/1
f 87/2/1 86/2/1 85/2/1
f 89/2/1 88/2/1 87/2/1
f 91/2/1 90/2/1 89/2/1
f 93/2/1 92/2/1 91/2/1
f 95/2/1 94/2/1 93/2/1
f 97/2/1 96/2/1 95/2/1
f 99/2/1 98/2/1 97/2/1
f 101/2/1 100/2/1 99/2/1
f 103/2/1 102/2/1 101/2/1
f 105/2/1 104/2/1 103/2/1
f 107/2/1 106/2/1 105/2/1
f 109/2/1 108/2/1 107/2/1
f 111/2/1 110/2/1 109/2/1
f 113/2/1 112/2/1 111/2/1
f 115/2/1 114/2/1 113/2/1
f 117/2/1 116/2/1 115/2/1
f 119/2/1 118/2/1 117/2/1
f 121/2/1 120/2/1 119/2/1
f 122/2/1 120/2/1 121/2/1
f 123/2/1 117/2/1 115/2/1
f 123/2/1 119/2/1 117/2/1
f 123/2/1 121/2/1 119/2/1
f 124/2/1 121/2/1 123/2/1
f 125/2/1 123/2/1 115/2/1
f 125/1/1 124/1/1 123/1/1
f 126/1/1 124/1/1 125/1/1
f 127/2/1 125/2/1 115/2/1
f 128/2/1 125/2/1 127/2/1
f 129/2/1 127/2/1 115/2/1
f 129/1/1 128/1/1 127/1/1
f 130/1/1 128/1/1 129/1/1
f 131/2/1 113/2/1 111/2/1
f 131/2/1 115/2/1 113/2/1
f 131/2/1 129/2/1 115/2/1
f 132/2/1 129/2/1 131/2/1
f 133/2/1 131/2/1 111/2/1
f 133/1/1 132/1/1 131/1/1
f 134/1/1 132/1/1 133/1/1
f 135/2/1 109/2/1 107/2/1
f 135/2/1 111/2/1 109/2/1
f 135/2/1 133/2/1 111/2/1
f 136/2/1 133/2/1 135/2/1
f 137/2/1 135/2/1 107/2/1
f 137/1/1 136/1/1 135/1/1
f 138/1/1 136/1/1 137/1/1
f 139/2/1 105/2/1 103/2/1
f 139/2/1 107/2/1 105/2/1
f 139/2/1 137/2/1 107/2/1
f 140/2/1 137/2/1 139/2/1
f 141/2/1 139/2/1 103/2/1
f 141/1/1 140/1/1 139/1/1
f 142/1/1 140/1/1 141/1/1
f 143/2/1 101/2/1 99/2/1
f 143/2/1 103/2/1 101/2/1
f 143/2/1 141/2/1 103/2/1
f 144/2/1 141/2/1 143/2/1
f 145/2/1 143/2/1 99/2/1
f 145/1/1 144/1/1 143/1/1
f 146/1/1 144/1/1 145/1/1
f 147/2/1 97/2/1 95/2/1
f 147/2/1 99/2/1 97/2/1
f 147/2/1 145/2/1 99/2/1
f 148/2/1 145/2/1 147/2/1
f 149/2/1 147/2/1 95/2/1
f 149/1/1 148/1/1 147/1/1
f 150/1/1 148/1/1 149/1/1
f 151/2/1 93/2/1 91/2/1
f 151/2/1 95/2/1 93/2/1
f 151/2/1 149/2/1 95/2/1
f 152/2/1 149/2/1 151/2/1
f 153/2/1 151/2/1 91/2/1
f 153/1/1 152/1/1 151/1/1
f 154/1/1 152/1/1 153/1/1
f 155/2/1 153/2/1 91/2/1
f 156/2/1 153/2/1 155/2/1
f 157/2/1 155/2/1 91/2/1
f 157/1/1 156/1/1 155/1/1
f 158/1/1 156/1/1 157/1/1
f 159/2/1 89/2/1 87/2/1
f 159/2/1 91/2/1 89/2/1
f 159/2/1 157/2/1 91/2/1
f 160/2/1 157/2/1 159/2/1
f 161/2/1 159/2/1 87/2/1
f 161/1/1 160/1/1 159/1/1
f 162/1/1 160/1/1 161/1/1
f 163/2/1 83/2/1 81/2/1
f 163/2/1 85/2/1 83/2/1
f 163/2/1 161/2/1 87/2/1
f 163/2/1 87/2/1 85/2/1
f 164/2/1 161/2/1 163/2/1
f 165/1/1 164/1/1 163/1/1
f 166/1/1 164/1/1 165/1/1
f 169/2/1 168/2/1 167/2/1
f 170/2/1 168/2/1 169/2/1
f 173/2/1 172/2/1 171/2/1
f 174/2/1 172/2/1 173/2/1
f 177/1/1 176/1/1 175/1/1
f 178/1/1 176/1/1 177/1/1
f 181/1/1 180/1/1 179/1/1
f 182/1/1 180/1/1 181/1/1
f 185/1/1 184/1/1 183/1/1
f 186/1/1 184/1/1 185/1/1
f 189/1/1 188/1/1 187/1/1
f 190/1/1 188/1/1 189/1/1
f 193/1/1 192/1/1 191/1/1
f 194/1/1 192/1/1 193/1/1
f 197/1/1 196/1/1 195/1/1
f 198/1/1 196/1/1 197/1/1
f 201/1/1 200/1/1 199/1/1
f 202/1/1 200/1/1 201/1/1
f 205/1/1 204/1/1 203/1/1
f 206/1/1 204/1/1 205/1/1
f 209/1/1 208/1/1 207/1/1
f 210/1/1 208/1/1 209/1/1
f 213/1/1 212/1/1 211/1/1
f 214/1/1 212/1/1 213/1/1
f 217/1/1 216/1/1 215/1/1
f 218/1/1 216/1/1 217/1/1
f 221/2/1 220/2/1 219/2/1
f 222/2/1 220/2/1 221/2/1
f 225/2/1 224/2/1 223/2/1
f 226/2/1 224/2/1 225/2/1
f 229/2/1 228/2/1 227/2/1
f 230/2/1 228/2/1 229/2/1
f 233/3/1 232/3/1 231/3/1
f 234/3/1 232/3/1 233/3/1
f 235/3/1 232/3/1 234/3/1
f 236/2/1 234/2/1 233/2/1
f 237/2/1 234/2/1 236/2/1
f 240/2/1 239/2/1 238/2/1
f 242/2/1 240/2/1 238/2/1
f 242/2/1 241/2/1 240/2/1
f 243/2/1 241/2/1 242/2/1
f 244/2/1 241/2/1 243/2/1
f 246/2/1 245/2/1 244/2/1
f 246/2/1 244/2/1 243/2/1
f 247/2/1 245/2/1 246/2/1
f 248/2/1 245/2/1 247/2/1
f 250/2/1 249/2/1 248/2/1
f 250/2/1 248/2/1 247/2/1
f 251/2/1 249/2/1 250/2/1
f 252/2/1 249/2/1 251/2/1
f 254/2/1 253/2/1 252/2/1
f 254/2/1 252/2/1 251/2/1
f 255/2/1 253/2/1 254/2/1
f 256/2/1 253/2/1 255/2/1
f 258/2/1 257/2/1 256/2/1
f 258/2/1 256/2/1 255/2/1
f 259/2/1 257/2/1 258/2/1
f 260/2/1 257/2/1 259/2/1
f 262/2/1 261/2/1 260/2/1
f 262/2/1 260/2/1 259/2/1
f 263/2/1 261/2/1 262/2/1
f 264/2/1 261/2/1 263/2/1
f 266/2/1 265/2/1 264/2/1
f 266/2/1 264/2/1 263/2/1
f 267/2/1 265/2/1 266/2/1
f 268/2/1 265/2/1 267/2/1
f 270/2/1 269/2/1 268/2/1
f 270/2/1 268/2/1 267/2/1
f 271/2/1 269/2/1 270/2/1
f 272/2/1 269/2/1 271/2/1
f 274/2/1 273/2/1 272/2/1
f 274/2/1 272/2/1 271/2/1
f 275/2/1 273/2/1 274/2/1
f 276/2/1 273/2/1 275/2/1
f 278/2/1 277/2/1 276/2/1
f 278/2/1 276/2/1 275/2/1
f 279/2/1 277/2/1 278/2/1
f 280/2/1 277/2/1 279/2/1
f 282/2/1 281/2/1 280/2/1
f 282/2/1 280/2/1 279/2/1
f 283/2/1 281/2/1 282/2/1
f 284/2/1 281/2/1 283/2/1
f 286/2/1 285/2/1 284/2/1
f 286/2/1 284/2/1 283/2/1
f 287/2/1 285/2/1 286/2/1
f 288/2/1 285/2/1 287/2/1
f 290/2/1 289/2/1 288/2/1
f 290/2/1 288/2/1 287/2/1
f 291/2/1 289/2/1 290/2/1
f 292/2/1 289/2/1 291/2/1
f 294/2/1 293/2/1 292/2/1
f 294/2/1 292/2/1 291/2/1
f 295/2/1 293/2/1 294/2/1
f 296/2/1 293/2/1 295/2/1
f 298/2/1 297/2/1 296/2/1
f 298/2/1 296/2/1 295/2/1
f 299/2/1 297/2/1 298/2/1
f 300/2/1 297/2/1 299/2/1
f 302/2/1 301/2/1 300/2/1
f 302/2/1 300/2/1 299/2/1
f 303/2/1 301/2/1 302/2/1
f 304/2/1 301/2/1 303/2/1
f 306/2/1 305/2/1 304/2/1
f 306/2/1 304/2/1 303/2/1
f 307/2/1 305/2/1 306/2/1
f 308/2/1 305/2/1 307/2/1
f 310/2/1 309/2/1 308/2/1
f 310/2/1 308/2/1 307/2/1
f 311/2/1 309/2/1 310/2/1
f 314/2/1 313/2/1 312/2/1
f 315/2/1 313/2/1 314/2/1
f 316/2/1 313/2/1 315/2/1
f 317/2/1 313/2/1 316/2/1
f 320/2/1 319/2/1 318/2/1
f 321/2/1 319/2/1 320/2/1
f 328/2/1 323/2/1 322/2/1
f 331/1/1 327/1/1 326/1/1
f 332/2/1 329/2/1 328/2/1
f 332/2/1 328/2/1 322/2/1
f 333/2/1 329/2/1 332/2/1
f 334/2/1 329/2/1 333/2/1
f 335/4/1 325/4/1 324/4/1
f 336/4/1 325/4/1 335/4/1
f 337/1/1 331/1/1 330/1/1
f 338/1/1 327/1/1 331/1/1
f 338/1/1 331/1/1 337/1/1
f 339/1/1 327/1/1 338/1/1
f 340/1/1 334/1/1 333/1/1
f 340/1/1 335/1/1 334/1/1
f 341/1/1 335/1/1 340/1/1
f 342/1/1 338/1/1 337/1/1
f 342/1/1 337/1/1 336/1/1
f 343/1/1 338/1/1 342/1/1
f 344/1/1 335/1/1 341/1/1
f 345/1/1 335/1/1 344/1/1
f 346/1/1 342/1/1 336/1/1
f 347/1/1 342/1/1 346/1/1
f 350/3/1 349/3/1 348/3/1
f 351/3/1 349/3/1 350/3/1
f 354/2/1 353/2/1 352/2/1
f 355/2/1 353/2/1 354/2/1
f 358/3/1 357/3/1 356/3/1
f 359/3/1 357/3/1 358/3/1
f 362/2/1 361/2/1 360/2/1
f 363/2/1 361/2/1 362/2/1
f 366/4/1 365/4/1 364/4/1
f 367/4/1 365/4/1 366/4/1
f 368/4/1 365/4/1 367/4/1
f 369/4/1 365/4/1 368/4/1
f 370/2/1 369/2/1 368/2/1
f 372/2/1 371/2/1 370/2/1
f 374/2/1 370/2/1 368/2/1
f 374/2/1 373/2/1 372/2/1
f 374/2/1 372/2/1 370/2/1
f 375/2/1 373/2/1 374/2/1
f 376/2/1 373/2/1 375/2/1
f 377/2/1 373/2/1 376/2/1
f 378/2/1 373/2/1 377/2/1
f 379/2/1 373/2/1 378/2/1
f 380/2/1 373/2/1 379/2/1
f 381/2/1 373/2/1 380/2/1
f 382/2/1 373/2/1 381/2/1
f 383/2/1 373/2/1 382/2/1
f 384/2/1 373/2/1 383/2/1
f 385/2/1 373/2/1 384/2/1
f 386/2/1 373/2/1 385/2/1
f 388/2/1 387/2/1 386/2/1
f 388/2/1 386/2/1 385/2/1
f 389/2/1 387/2/1 388/2/1
f 390/2/1 387/2/1 389/2/1
f 391/2/1 387/2/1 390/2/1
f 392/2/1 387/2/1 391/2/1
f 393/2/1 387/2/1 392/2/1
f 394/2/1 387/2/1 393/2/1
f 395/2/1 387/2/1 394/2/1
f 396/2/1 387/2/1 395/2/1
f 397/2/1 387/2/1 396/2/1
f 398/2/1 387/2/1 397/2/1
f 399/2/1 387/2/1 398/2/1
f 400/2/1 387/2/1 399/2/1
f 401/2/1 387/2/1 400/2/1
f 402/2/1 387/2/1 401/2/1
f 403/2/1 387/2/1 402/2/1
f 404/2/1 387/2/1 403/2/1
f 406/2/1 405/2/1 404/2/1
f 406/2/1 404/2/1 403/2/1
f 407/2/1 405/2/1 406/2/1
f 408/2/1 405/2/1 407/2/1
f 409/2/1 405/2/1 408/2/1
f 410/2/1 405/2/1 409/2/1
f 411/2/1 405/2/1 410/2/1
f 412/2/1 405/2/1 411/2/1
f 413/2/1 405/2/1 412/2/1
f 415/2/1 414/2/1 413/2/1
f 416/2/1 414/2/1 415/2/1
f 417/2/1 414/2/1 416/2/1
f 418/2/1 414/2/1 417/2/1
f 421/2/1 420/2/1 419/2/1
f 422/2/1 420/2/1 421/2/1
f 425/4/1 424/4/1 423/4/1
f 426/4/1 424/4/1 425/4/1
f 427/2/1 426/2/1 425/2/1
f 428/2/1 426/2/1 427/2/1
f 431/2/1 430/2/1 429/2/1
f 432/2/1 430/2/1 431/2/1
f 435/2/1 434/2/1 433/2/1
f 436/2/1 434/2/1 435/2/1
f 439/2/1 438/2/1 437/2/1
f 440/2/1 438/2/1 439/2/1
f 443/2/1 442/2/1 441/2/1
f 444/2/1 442/2/1 443/2/1
f 447/2/1 446/2/1 445/2/1
f 448/2/1 446/2/1 447/2/1
f 451/4/1 450/4/1 449/4/1
f 452/4/1 450/4/1 451/4/1
f 453/2/1 452/2/1 451/2/1
f 455/2/1 454/2/1 453/2/1
f 457/2/1 453/2/1 451/2/1
f 457/2/1 456/2/1 455/2/1
f 457/2/1 455/2/1 453/2/1
f 458/2/1 456/2/1 457/2/1
f 459/2/1 456/2/1 458/2/1
f 461/2/1 459/2/1 458/2/1
f 461/2/1 460/2/1 459/2/1
f 462/2/1 460/2/1 461/2/1
f 464/2/1 463/2/1 462/2/1
f 466/2/1 464/2/1 462/2/1
f 466/2/1 465/2/1 464/2/1
f 467/2/1 465/2/1 466/2/1
f 469/2/1 468/2/1 467/2/1
f 471/2/1 469/2/1 467/2/1
f 471/2/1 470/2/1 469/2/1
f 472/2/1 470/2/1 471/2/1
f 474/2/1 473/2/1 472/2/1
f 476/2/1 474/2/1 472/2/1
f 476/2/1 475/2/1 474/2/1
f 477/2/1 475/2/1 476/2/1
f 479/2/1 478/2/1 477/2/1
f 481/2/1 479/2/1 477/2/1
f 481/2/1 480/2/1 479/2/1
f 482/2/1 480/2/1 481/2/1
f 485/4/1 484/4/1 483/4/1
f 486/4/1 484/4/1 485/4/1
f 491/3/1 488/3/1 487/3/1
f 493/3/1 491/3/1 490/3/1
f 494/3/1 488/3/1 491/3/1
f 494/3/1 491/3/1 493/3/1
f 495/4/1 489/4/1 488/4/1
f 495/3/1 488/3/1 494/3/1
f 496/4/1 489/4/1 495/4/1
f 497/4/1 489/4/1 496/4/1
f 498/3/1 494/3/1 493/3/1
f 498/3/1 493/3/1 492/3/1
f 499/3/1 494/3/1 498/3/1
f 500/3/1 494/3/1 499/3/1
f 501/2/1 499/2/1 498/2/1
f 502/2/1 499/2/1 501/2/1
f 509/2/1 504/2/1 503/2/1
f 512/1/1 508/1/1 507/1/1
f 513/2/1 510/2/1 509/2/1
f 513/2/1 509/2/1 503/2/1
f 514/2/1 510/2/1 513/2/1
f 515/2/1 510/2/1 514/2/1
f 516/4/1 506/4/1 505/4/1
f 517/4/1 506/4/1 516/4/1
f 518/1/1 512/1/1 511/1/1
f 519/1/1 508/1/1 512/1/1
f 519/1/1 512/1/1 518/1/1
f 520/1/1 508/1/1 519/1/1
f 521/1/1 515/1/1 514/1/1
f 521/1/1 516/1/1 515/1/1
f 522/1/1 516/1/1 521/1/1
f 523/1/1 519/1/1 518/1/1
f 523/1/1 518/1/1 517/1/1
f 524/1/1 519/1/1 523/1/1
f 525/1/1 516/1/1 522/1/1
f 526/1/1 516/1/1 525/1/1
f 527/1/1 523/1/1 517/1/1
f 528/1/1 523/1/1 527/1/1
f 531/6/1 530/6/1 529/6/1
f 532/6/1 530/6/1 531/6/1
f 535/6/1 534/6/1 533/6/1
f 536/6/1 534/6/1 535/6/1
f 539/6/1 538/6/1 537/6/1
f 540/6/1 538/6/1 539/6/1
f 543/6/1 542/6/1 541/6/1
f 544/6/1 542/6/1 543/6/1
f 547/6/1 546/6/1 545/6/1
f 548/6/1 546/6/1 547/6/1
f 551/6/1 550/6/1 549/6/1
f 552/6/1 550/6/1 551/6/1
f 555/6/1 554/6/1 553/6/1
f 556/6/1 554/6/1 555/6/1
f 559/6/1 558/6/1 557/6/1
f 560/6/1 558/6/1 559/6/1
f 563/6/1 562/6/1 561/6/1
f 564/6/1 562/6/1 563/6/1
f 567/6/1 566/6/1 565/6/1
f 568/6/1 566/6/1 567/6/1
f 572/3/1 570/3/1 569/3/1
f 573/3/1 570/3/1 572/3/1
f 575/3/1 572/3/1 571/3/1
f 576/3/1 572/3/1 575/3/1
f 577/3/1 575/3/1 574/3/1
f 578/3/1 575/3/1 577/3/1
f 579/1/1 578/1/1 577/1/1
f 580/1/1 578/1/1 579/1/1
f 585/3/1 582/3/1 581/3/1
f 587/3/1 585/3/1 584/3/1
f 588/3/1 582/3/1 585/3/1
f 588/3/1 585/3/1 587/3/1
f 589/4/1 583/4/1 582/4/1
f 589/3/1 582/3/1 588/3/1
f 590/4/1 583/4/1 589/4/1
f 591/3/1 588/3/1 587/3/1
f 591/3/1 587/3/1 586/3/1
f 592/3/1 588/3/1 591/3/1
f 593/3/1 588/3/1 592/3/1
f 594/2/1 592/2/1 591/2/1
f 595/2/1 592/2/1 594/2/1
f 602/2/1 597/2/1 596/2/1
f 605/1/1 601/1/1 600/1/1
f 606/2/1 603/2/1 602/2/1
f 606/2/1 602/2/1 596/2/1
f 607/2/1 603/2/1 606/2/1
f 608/2/1 603/2/1 607/2/1
f 609/4/1 599/4/1 598/4/1
f 610/4/1 599/4/1 609/4/1
f 611/1/1 605/1/1 604/1/1
f 612/1/1 601/1/1 605/1/1
f 612/1/1 605/1/1 611/1/1
f 613/1/1 601/1/1 612/1/1
f 614/1/1 608/1/1 607/1/1
f 614/1/1 609/1/1 608/1/1
f 615/1/1 609/1/1 614/1/1
f 616/1/1 612/1/1 611/1/1
f 616/1/1 611/1/1 610/1/1
f 617/1/1 612/1/1 616/1/1
f 618/1/1 609/1/1 615/1/1
f 619/1/1 609/1/1 618/1/1
f 620/1/1 616/1/1 610/1/1
f 621/1/1 616/1/1 620/1/1
f 625/3/1 623/3/1 622/3/1
f 626/3/1 623/3/1 625/3/1
f 628/3/1 625/3/1 624/3/1
f 629/3/1 625/3/1 628/3/1
f 630/3/1 628/3/1 627/3/1
f 631/3/1 628/3/1 630/3/1
f 632/2/1 631/2/1 630/2/1
f 633/2/1 631/2/1 632/2/1
f 638/1/1 637/1/1 636/1/1
f 639/1/1 637/1/1 638/1/1
f 642/2/1 641/2/1 640/2/1
f 643/2/1 641/2/1 642/2/1
f 644/3/1 635/3/1 634/3/1
f 645/3/1 635/3/1 644/3/1
f 648/3/1 647/3/1 646/3/1
f 651/3/1 650/3/1 649/3/1
f 652/3/1 648/3/1 646/3/1
f 653/3/1 651/3/1 649/3/1
f 654/3/1 651/3/1 653/3/1
f 655/3/1 651/3/1 654/3/1
f 656/3/1 652/3/1 646/3/1
f 657/3/1 652/3/1 656/3/1
f 660/3/1 659/3/1 658/3/1
f 663/3/1 660/3/1 658/3/1
f 664/3/1 663/3/1 658/3/1
f 665/3/1 663/3/1 664/3/1
f 666/3/1 662/3/1 661/3/1
f 667/3/1 662/3/1 666/3/1
f 670/3/1 669/3/1 668/3/1
f 671/3/1 670/3/1 668/3/1
f 672/3/1 671/3/1 668/3/1
f 673/3/1 671/3/1 672/3/1
f 676/3/1 675/3/1 674/3/1
f 677/3/1 676/3/1 674/3/1
f 678/3/1 677/3/1 674/3/1
f 679/3/1 677/3/1 678/3/1
f 680/3/2 681/3/2 682/3/2
f 680/3/2 682/3/2 683/3/2
f 680/3/2 683/3/2 684/3/2
f 684/3/2 683/3/2 685/3/2
f 686/3/2 687/3/2 688/3/2
f 686/3/2 688/3/2 689/3/2
f 686/3/2 689/3/2 690/3/2
f 690/3/2 689/3/2 691/3/2
f 692/3/2 693/3/2 694/3/2
f 692/3/2 694/3/2 697/3/2
f 692/3/2 697/3/2 698/3/2
f 698/3/2 697/3/2 699/3/2
f 695/3/2 696/3/2 700/3/2
f 700/3/2 696/3/2 701/3/2
f 702/3/2 703/3/2 704/3/2
f 705/3/2 706/3/2 707/3/2
f 702/3/2 704/3/2 708/3/2
f 705/3/2 707/3/2 709/3/2
f 709/3/2 707/3/2 710/3/2
f 710/3/2 707/3/2 711/3/2
f 702/3/2 708/3/2 712/3/2
f 712/3/2 708/3/2 713/3/2
f 716/1/2 717/1/2 718/1/2
f 718/1/2 717/1/2 719/1/2
f 720/2/2 721/2/2 722/2/2
f 722/2/2 721/2/2 723/2/2
f 714/3/2 715/3/2 724/3/2
f 724/3/2 715/3/2 725/3/2
f 726/6/2 727/6/2 728/6/2
f 728/6/2 727/6/2 729/6/2
f 730/6/2 731/6/2 732/6/2
f 732/6/2 731/6/2 733/6/2
f 734/6/2 735/6/2 736/6/2
f 736/6/2 735/6/2 737/6/2
f 738/6/2 739/6/2 740/6/2
f 740/6/2 739/6/2 741/6/2
f 742/6/2 743/6/2 744/6/2
f 744/6/2 743/6/2 745/6/2
f 746/6/2 747/6/2 748/6/2
f 748/6/2 747/6/2 749/6/2
f 750/6/2 751/6/2 752/6/2
f 752/6/2 751/6/2 753/6/2
f 754/6/2 755/6/2 756/6/2
f 756/6/2 755/6/2 757/6/2
f 758/6/2 759/6/2 760/6/2
f 760/6/2 759/6/2 761/6/2
f 762/6/2 763/6/2 764/6/2
f 764/6/2 763/6/2 765/6/2
f 766/3/2 767/3/2 769/3/2
f 769/3/2 767/3/2 770/3/2
f 768/3/2 769/3/2 772/3/2
f 772/3/2 769/3/2 773/3/2
f 771/3/2 772/3/2 774/3/2
f 774/3/2 772/3/2 775/3/2
f 774/2/2 775/2/2 776/2/2
f 776/2/2 775/2/2 777/2/2
f 778/3/2 779/3/2 782/3/2
f 781/3/2 782/3/2 784/3/2
f 782/3/2 779/3/2 785/3/2
f 784/3/2 782/3/2 785/3/2
f 779/4/2 780/4/2 786/4/2
f 785/3/2 779/3/2 786/3/2
f 786/4/2 780/4/2 787/4/2
f 784/3/2 785/3/2 788/3/2
f 783/3/2 784/3/2 788/3/2
f 788/3/2 785/3/2 789/3/2
f 789/3/2 785/3/2 790/3/2
f 788/2/2 789/2/2 791/2/2
f 791/2/2 789/2/2 792/2/2
f 793/2/2 794/2/2 799/2/2
f 797/1/2 798/1/2 802/1/2
f 799/2/2 800/2/2 803/2/2
f 793/2/2 799/2/2 803/2/2
f 803/2/2 800/2/2 804/2/2
f 804/2/2 800/2/2 805/2/2
f 795/4/2 796/4/2 806/4/2
f 806/4/2 796/4/2 807/4/2
f 801/1/2 802/1/2 808/1/2
f 802/1/2 798/1/2 809/1/2
f 808/1/2 802/1/2 809/1/2
f 809/1/2 798/1/2 810/1/2
f 804/1/2 805/1/2 811/1/2
f 805/1/2 806/1/2 811/1/2
f 811/1/2 806/1/2 812/1/2
f 808/1/2 809/1/2 813/1/2
f 807/1/2 808/1/2 813/1/2
f 813/1/2 809/1/2 814/1/2
f 812/1/2 806/1/2 815/1/2
f 815/1/2 806/1/2 816/1/2
f 807/1/2 813/1/2 817/1/2
f 817/1/2 813/1/2 818/1/2
f 819/3/2 820/3/2 822/3/2
f 822/3/2 820/3/2 823/3/2
f 821/3/2 822/3/2 825/3/2
f 825/3/2 822/3/2 826/3/2
f 824/3/2 825/3/2 827/3/2
f 827/3/2 825/3/2 828/3/2
f 827/1/2 828/1/2 829/1/2
f 829/1/2 828/1/2 830/1/2
f 831/3/2 832/3/2 835/3/2
f 834/3/2 835/3/2 837/3/2
f 835/3/2 832/3/2 838/3/2
f 837/3/2 835/3/2 838/3/2
f 832/4/2 833/4/2 839/4/2
f 838/3/2 832/3/2 839/3/2
f 839/4/2 833/4/2 840/4/2
f 840/4/2 833/4/2 841/4/2
f 837/3/2 838/3/2 842/3/2
f 836/3/2 837/3/2 842/3/2
f 842/3/2 838/3/2 843/3/2
f 843/3/2 838/3/2 844/3/2
f 842/2/2 843/2/2 845/2/2
f 845/2/2 843/2/2 846/2/2
f 847/2/2 848/2/2 853/2/2
f 851/1/2 852/1/2 856/1/2
f 853/2/2 854/2/2 857/2/2
f 847/2/2 853/2/2 857/2/2
f 857/2/2 854/2/2 858/2/2
f 858/2/2 854/2/2 859/2/2
f 849/4/2 850/4/2 860/4/2
f 860/4/2 850/4/2 861/4/2
f 855/1/2 856/1/2 862/1/2
f 856/1/2 852/1/2 863/1/2
f 862/1/2 856/1/2 863/1/2
f 863/1/2 852/1/2 864/1/2
f 858/1/2 859/1/2 865/1/2
f 859/1/2 860/1/2 865/1/2
f 865/1/2 860/1/2 866/1/2
f 862/1/2 863/1/2 867/1/2
f 861/1/2 862/1/2 867/1/2
f 867/1/2 863/1/2 868/1/2
f 866/1/2 860/1/2 869/1/2
f 869/1/2 860/1/2 870/1/2
f 861/1/2 867/1/2 871/1/2
f 871/1/2 867/1/2 872/1/2
f 873/4/2 874/4/2 875/4/2
f 875/4/2 874/4/2 876/4/2
f 877/4/2 878/4/2 879/4/2
f 879/4/2 878/4/2 880/4/2
f 879/2/2 880/2/2 881/2/2
f 881/2/2 882/2/2 883/2/2
f 879/2/2 881/2/2 885/2/2
f 883/2/2 884/2/2 885/2/2
f 881/2/2 883/2/2 885/2/2
f 885/2/2 884/2/2 886/2/2
f 886/2/2 884/2/2 887/2/2
f 886/2/2 887/2/2 889/2/2
f 887/2/2 888/2/2 889/2/2
f 889/2/2 888/2/2 890/2/2
f 890/2/2 891/2/2 892/2/2
f 890/2/2 892/2/2 894/2/2
f 892/2/2 893/2/2 894/2/2
f 894/2/2 893/2/2 895/2/2
f 895/2/2 896/2/2 897/2/2
f 895/2/2 897/2/2 899/2/2
f 897/2/2 898/2/2 899/2/2
f 899/2/2 898/2/2 900/2/2
f 900/2/2 901/2/2 902/2/2
f 900/2/2 902/2/2 904/2/2
f 902/2/2 903/2/2 904/2/2
f 904/2/2 903/2/2 905/2/2
f 905/2/2 906/2/2 907/2/2
f 905/2/2 907/2/2 909/2/2
f 907/2/2 908/2/2 909/2/2
f 909/2/2 908/2/2 910/2/2
f 911/4/2 912/4/2 913/4/2
f 913/4/2 912/4/2 914/4/2
f 913/2/2 914/2/2 915/2/2
f 915/2/2 914/2/2 916/2/2
f 917/2/2 918/2/2 919/2/2
f 919/2/2 918/2/2 920/2/2
f 921/2/2 922/2/2 923/2/2
f 923/2/2 922/2/2 924/2/2
f 925/2/2 926/2/2 927/2/2
f 927/2/2 926/2/2 928/2/2
f 929/2/2 930/2/2 931/2/2
f 931/2/2 930/2/2 932/2/2
f 933/2/2 934/2/2 935/2/2
f 935/2/2 934/2/2 936/2/2
f 937/4/2 938/4/2 939/4/2
f 939/4/2 938/4/2 940/4/2
f 940/4/2 938/4/2 941/4/2
f 941/4/2 938/4/2 942/4/2
f 941/2/2 942/2/2 943/2/2
f 943/2/2 944/2/2 945/2/2
f 941/2/2 943/2/2 947/2/2
f 945/2/2 946/2/2 947/2/2
f 943/2/2 945/2/2 947/2/2
f 947/2/2 946/2/2 948/2/2
f 948/2/2 946/2/2 949/2/2
f 949/2/2 946/2/2 950/2/2
f 950/2/2 946/2/2 951/2/2
f 951/2/2 946/2/2 952/2/2
f 952/2/2 946/2/2 953/2/2
f 953/2/2 946/2/2 954/2/2
f 954/2/2 946/2/2 955/2/2
f 955/2/2 946/2/2 956/2/2
f 956/2/2 946/2/2 957/2/2
f 957/2/2 946/2/2 958/2/2
f 958/2/2 946/2/2 959/2/2
f 959/2/2 960/2/2 961/2/2
f 958/2/2 959/2/2 961/2/2
f 961/2/2 960/2/2 962/2/2
f 962/2/2 960/2/2 963/2/2
f 963/2/2 960/2/2 964/2/2
f 964/2/2 960/2/2 965/2/2
f 965/2/2 960/2/2 966/2/2
f 966/2/2 960/2/2 967/2/2
f 967/2/2 960/2/2 968/2/2
f 968/2/2 960/2/2 969/2/2
f 969/2/2 960/2/2 970/2/2
f 970/2/2 960/2/2 971/2/2
f 971/2/2 960/2/2 972/2/2
f 972/2/2 960/2/2 973/2/2
f 973/2/2 960/2/2 974/2/2
f 974/2/2 960/2/2 975/2/2
f 975/2/2 960/2/2 976/2/2
f 976/2/2 960/2/2 977/2/2
f 977/2/2 978/2/2 979/2/2
f 976/2/2 977/2/2 979/2/2
f 979/2/2 978/2/2 980/2/2
f 980/2/2 978/2/2 981/2/2
f 981/2/2 978/2/2 982/2/2
f 982/2/2 978/2/2 983/2/2
f 983/2/2 978/2/2 984/2/2
f 984/2/2 978/2/2 985/2/2
f 985/2/2 978/2/2 986/2/2
f 986/2/2 987/2/2 988/2/2
f 988/2/2 987/2/2 989/2/2
f 989/2/2 987/2/2 990/2/2
f 990/2/2 987/2/2 991/2/2
f 992/2/2 993/2/2 994/2/2
f 994/2/2 993/2/2 995/2/2
f 996/3/2 997/3/2 998/3/2
f 998/3/2 997/3/2 999/3/2
f 1000/2/2 1001/2/2 1002/2/2
f 1002/2/2 1001/2/2 1003/2/2
f 1004/3/2 1005/3/2 1006/3/2
f 1006/3/2 1005/3/2 1007/3/2
f 1008/2/2 1009/2/2 1010/2/2
f 1010/2/2 1009/2/2 1011/2/2
f 1012/3/2 1013/3/2 1014/3/2
f 1014/3/2 1013/3/2 1015/3/2
f 1012/3/2 1014/3/2 1016/3/2
f 1016/3/2 1014/3/2 1017/3/2
f 1018/2/2 1019/2/2 1020/2/2
f 1018/2/2 1020/2/2 1022/2/2
f 1020/2/2 1021/2/2 1022/2/2
f 1022/2/2 1021/2/2 1023/2/2
f 1023/2/2 1021/2/2 1024/2/2
f 1024/2/2 1025/2/2 1026/2/2
f 1023/2/2 1024/2/2 1026/2/2
f 1026/2/2 1025/2/2 1027/2/2
f 1027/2/2 1025/2/2 1028/2/2
f 1028/2/2 1029/2/2 1030/2/2
f 1027/2/2 1028/2/2 1030/2/2
f 1030/2/2 1029/2/2 1031/2/2
f 1031/2/2 1029/2/2 1032/2/2
f 1032/2/2 1033/2/2 1034/2/2
f 1031/2/2 1032/2/2 1034/2/2
f 1034/2/2 1033/2/2 1035/2/2
f 1035/2/2 1033/2/2 1036/2/2
f 1036/2/2 1037/2/2 1038/2/2
f 1035/2/2 1036/2/2 1038/2/2
f 1038/2/2 1037/2/2 1039/2/2
f 1039/2/2 1037/2/2 1040/2/2
f 1040/2/2 1041/2/2 1042/2/2
f 1039/2/2 1040/2/2 1042/2/2
f 1042/2/2 1041/2/2 1043/2/2
f 1043/2/2 1041/2/2 1044/2/2
f 1044/2/2 1045/2/2 1046/2/2
f 1043/2/2 1044/2/2 1046/2/2
f 1046/2/2 1045/2/2 1047/2/2
f 1047/2/2 1045/2/2 1048/2/2
f 1048/2/2 1049/2/2 1050/2/2
f 1047/2/2 1048/2/2 1050/2/2
f 1050/2/2 1049/2/2 1051/2/2
f 1051/2/2 1049/2/2 1052/2/2
f 1052/2/2 1053/2/2 1054/2/2
f 1051/2/2 1052/2/2 1054/2/2
f 1054/2/2 1053/2/2 1055/2/2
f 1055/2/2 1053/2/2 1056/2/2
f 1056/2/2 1057/2/2 1058/2/2
f 1055/2/2 1056/2/2 1058/2/2
f 1058/2/2 1057/2/2 1059/2/2
f 1059/2/2 1057/2/2 1060/2/2
f 1060/2/2 1061/2/2 1062/2/2
f 1059/2/2 1060/2/2 1062/2/2
f 1062/2/2 1061/2/2 1063/2/2
f 1063/2/2 1061/2/2 1064/2/2
f 1064/2/2 1065/2/2 1066/2/2
f 1063/2/2 1064/2/2 1066/2/2
f 1066/2/2 1065/2/2 1067/2/2
f 1067/2/2 1065/2/2 1068/2/2
f 1068/2/2 1069/2/2 1070/2/2
f 1067/2/2 1068/2/2 1070/2/2
f 1070/2/2 1069/2/2 1071/2/2
f 1071/2/2 1069/2/2 1072/2/2
f 1072/2/2 1073/2/2 1074/2/2
f 1071/2/2 1072/2/2 1074/2/2
f 1074/2/2 1073/2/2 1075/2/2
f 1075/2/2 1073/2/2 1076/2/2
f 1076/2/2 1077/2/2 1078/2/2
f 1075/2/2 1076/2/2 1078/2/2
f 1078/2/2 1077/2/2 1079/2/2
f 1079/2/2 1077/2/2 1080/2/2
f 1080/2/2 1081/2/2 1082/2/2
f 1079/2/2 1080/2/2 1082/2/2
f 1082/2/2 1081/2/2 1083/2/2
f 1083/2/2 1081/2/2 1084/2/2
f 1084/2/2 1085/2/2 1086/2/2
f 1083/2/2 1084/2/2 1086/2/2
f 1086/2/2 1085/2/2 1087/2/2
f 1087/2/2 1085/2/2 1088/2/2
f 1088/2/2 1089/2/2 1090/2/2
f 1087/2/2 1088/2/2 1090/2/2
f 1090/2/2 1089/2/2 1091/2/2
f 1092/2/2 1093/2/2 1094/2/2
f 1094/2/2 1093/2/2 1095/2/2
f 1095/2/2 1093/2/2 1096/2/2
f 1096/2/2 1093/2/2 1097/2/2
f 1098/2/2 1099/2/2 1100/2/2
f 1100/2/2 1099/2/2 1101/2/2
f 1102/2/2 1103/2/2 1108/2/2
f 1106/1/2 1107/1/2 1111/1/2
f 1108/2/2 1109/2/2 1112/2/2
f 1102/2/2 1108/2/2 1112/2/2
f 1112/2/2 1109/2/2 1113/2/2
f 1113/2/2 1109/2/2 1114/2/2
f 1104/4/2 1105/4/2 1115/4/2
f 1115/4/2 1105/4/2 1116/4/2
f 1110/1/2 1111/1/2 1117/1/2
f 1111/1/2 1107/1/2 1118/1/2
f 1117/1/2 1111/1/2 1118/1/2
f 1118/1/2 1107/1/2 1119/1/2
f 1113/1/2 1114/1/2 1120/1/2
f 1114/1/2 1115/1/2 1120/1/2
f 1120/1/2 1115/1/2 1121/1/2
f 1117/1/2 1118/1/2 1122/1/2
f 1116/1/2 1117/1/2 1122/1/2
f 1122/1/2 1118/1/2 1123/1/2
f 1121/1/2 1115/1/2 1124/1/2
f 1124/1/2 1115/1/2 1125/1/2
f 1116/1/2 1122/1/2 1126/1/2
f 1126/1/2 1122/1/2 1127/1/2
f 1128/2/2 1129/2/2 1130/2/2
f 1130/2/2 1129/2/2 1131/2/2
f 1132/2/2 1133/2/2 1134/2/2
f 1134/2/2 1133/2/2 1135/2/2
f 1136/2/2 1137/2/2 1138/2/2
f 1138/2/2 1137/2/2 1139/2/2
f 1140/2/2 1141/2/2 1142/2/2
f 1142/2/2 1141/2/2 1143/2/2
f 1144/2/2 1145/2/2 1146/2/2
f 1146/2/2 1145/2/2 1147/2/2
f 1148/1/2 1149/1/2 1150/1/2
f 1150/1/2 1149/1/2 1151/1/2
f 1152/1/2 1153/1/2 1154/1/2
f 1154/1/2 1153/1/2 1155/1/2
f 1156/1/2 1157/1/2 1158/1/2
f 1158/1/2 1157/1/2 1159/1/2
f 1160/1/2 1161/1/2 1162/1/2
f 1162/1/2 1161/1/2 1163/1/2
f 1164/1/2 1165/1/2 1166/1/2
f 1166/1/2 1165/1/2 1167/1/2
f 1168/1/2 1169/1/2 1170/1/2
f 1170/1/2 1169/1/2 1171/1/2
f 1172/1/2 1173/1/2 1174/1/2
f 1174/1/2 1173/1/2 1175/1/2
f 1176/1/2 1177/1/2 1178/1/2
f 1178/1/2 1177/1/2 1179/1/2
f 1180/1/2 1181/1/2 1182/1/2
f 1182/1/2 1181/1/2 1183/1/2
f 1184/1/2 1185/1/2 1186/1/2
f 1186/1/2 1185/1/2 1187/1/2
f 1188/1/2 1189/1/2 1190/1/2
f 1190/1/2 1189/1/2 1191/1/2
f 1192/2/2 1193/2/2 1194/2/2
f 1194/2/2 1195/2/2 1196/2/2
f 1196/2/2 1197/2/2 1198/2/2
f 1198/2/2 1199/2/2 1200/2/2
f 1200/2/2 1201/2/2 1202/2/2
f 1202/2/2 1203/2/2 1204/2/2
f 1204/2/2 1205/2/2 1206/2/2
f 1206/2/2 1207/2/2 1208/2/2
f 1208/2/2 1209/2/2 1210/2/2
f 1210/2/2 1211/2/2 1212/2/2
f 1212/2/2 1213/2/2 1214/2/2
f 1214/2/2 1215/2/2 1216/2/2
f 1216/2/2 1217/2/2 1218/2/2
f 1218/2/2 1219/2/2 1220/2/2
f 1220/2/2 1221/2/2 1222/2/2
f 1222/2/2 1223/2/2 1224/2/2
f 1224/2/2 1225/2/2 1226/2/2
f 1226/2/2 1227/2/2 1228/2/2
f 1228/2/2 1229/2/2 1230/2/2
f 1230/2/2 1231/2/2 1232/2/2
f 1232/2/2 1231/2/2 1233/2/2
f 1226/2/2 1228/2/2 1234/2/2
f 1228/2/2 1230/2/2 1234/2/2
f 1230/2/2 1232/2/2 1234/2/2
f 1234/2/2 1232/2/2 1235/2/2
f 1226/2/2 1234/2/2 1236/2/2
f 1234/1/2 1235/1/2 1236/1/2
f 1236/1/2 1235/1/2 1237/1/2
f 1226/2/2 1236/2/2 1238/2/2
f 1238/2/2 1236/2/2 1239/2/2
f 1226/2/2 1238/2/2 1240/2/2
f 1238/1/2 1239/1/2 1240/1/2
f 1240/1/2 1239/1/2 1241/1/2
f 1222/2/2 1224/2/2 1242/2/2
f 1224/2/2 1226/2/2 1242/2/2
f 1226/2/2 1240/2/2 1242/2/2
f 1242/2/2 1240/2/2 1243/2/2
f 1222/2/2 1242/2/2 1244/2/2
f 1242/1/2 1243/1/2 1244/1/2
f 1244/1/2 1243/1/2 1245/1/2
f 1218/2/2 1220/2/2 1246/2/2
f 1220/2/2 1222/2/2 1246/2/2
f 1222/2/2 1244/2/2 1246/2/2
f 1246/2/2 1244/2/2 1247/2/2
f 1218/2/2 1246/2/2 1248/2/2
f 1246/1/2 1247/1/2 1248/1/2
f 1248/1/2 1247/1/2 1249/1/2
f 1214/2/2 1216/2/2 1250/2/2
f 1216/2/2 1218/2/2 1250/2/2
f 1218/2/2 1248/2/2 1250/2/2
f 1250/2/2 1248/2/2 1251/2/2
f 1214/2/2 1250/2/2 1252/2/2
f 1250/1/2 1251/1/2 1252/1/2
f 1252/1/2 1251/1/2 1253/1/2
f 1210/2/2 1212/2/2 1254/2/2
f 1212/2/2 1214/2/2 1254/2/2
f 1214/2/2 1252/2/2 1254/2/2
f 1254/2/2 1252/2/2 1255/2/2
f 1210/2/2 1254/2/2 1256/2/2
f 1254/1/2 1255/1/2 1256/1/2
f 1256/1/2 1255/1/2 1257/1/2
f 1206/2/2 1208/2/2 1258/2/2
f 1208/2/2 1210/2/2 1258/2/2
f 1210/2/2 1256/2/2 1258/2/2
f 1258/2/2 1256/2/2 1259/2/2
f 1206/2/2 1258/2/2 1260/2/2
f 1258/1/2 1259/1/2 1260/1/2
f 1260/1/2 1259/1/2 1261/1/2
f 1202/2/2 1204/2/2 1262/2/2
f 1204/2/2 1206/2/2 1262/2/2
f 1206/2/2 1260/2/2 1262/2/2
f 1262/2/2 1260/2/2 1263/2/2
f 1202/2/2 1262/2/2 1264/2/2
f 1262/1/2 1263/1/2 1264/1/2
f 1264/1/2 1263/1/2 1265/1/2
f 1202/2/2 1264/2/2 1266/2/2
f 1266/2/2 1264/2/2 1267/2/2
f 1202/2/2 1266/2/2 1268/2/2
f 1266/1/2 1267/1/2 1268/1/2
f 1268/1/2 1267/1/2 1269/1/2
f 1198/2/2 1200/2/2 1270/2/2
f 1200/2/2 1202/2/2 1270/2/2
f 1202/2/2 1268/2/2 1270/2/2
f 1270/2/2 1268/2/2 1271/2/2
f 1198/2/2 1270/2/2 1272/2/2
f 1270/1/2 1271/1/2 1272/1/2
f 1272/1/2 1271/1/2 1273/1/2
f 1192/2/2 1194/2/2 1274/2/2
f 1194/2/2 1196/2/2 1274/2/2
f 1198/2/2 1272/2/2 1274/2/2
f 1196/2/2 1198/2/2 1274/2/2
f 1274/2/2 1272/2/2 1275/2/2
f 1274/1/2 1275/1/2 1276/1/2
f 1276/1/2 1275/1/2 1277/1/2
f 1278/4/2 1279/4/2 1280/4/2
f 1280/4/2 1279/4/2 1281/4/2
f 1282/3/2 1283/3/2 1286/3/2
f 1286/3/2 1283/3/2 1287/3/2
f 1284/3/2 1285/3/2 1288/3/2
f 1288/3/2 1285/3/2 1289/3/2
f 1289/3/2 1285/3/2 1294/3/2
f 1294/3/2 1285/3/2 1295/3/2
f 1290/3/2 1291/3/2 1296/3/2
f 1296/3/2 1291/3/2 1297/3/2
f 1292/4/2 1293/4/2 1298/4/2
f 1292/4/2 1298/4/2 1299/4/2
f 1299/4/2 1298/4/2 1300/4/2
f 1300/4/2 1298/4/2 1301/4/2
f 1294/2/2 1295/2/2 1302/2/2
f 1302/2/2 1295/2/2 1303/2/2
f 1296/2/2 1297/2/2 1304/2/2
f 1304/2/2 1297/2/2 1305/2/2
f 1300/4/2 1301/4/2 1306/4/2
f 1306/4/2 1301/4/2 1307/4/2
f 1302/1/2 1303/1/2 1309/1/2
f 1309/1/2 1303/1/2 1310/1/2
f 1308/1/2 1309/1/2 1314/1/2
f 1314/1/2 1309/1/2 1315/1/2
f 1311/1/2 1312/1/2 1316/1/2
f 1316/1/2 1312/1/2 1317/1/2
f 1313/1/2 1314/1/2 1318/1/2
f 1318/1/2 1314/1/2 1319/1/2
f 1320/3/2 1321/3/2 1324/3/2
f 1324/3/2 1321/3/2 1325/3/2
f 1322/3/2 1323/3/2 1326/3/2
f 1326/3/2 1323/3/2 1327/3/2
f 1320/3/2 1324/3/2 1328/3/2
f 1327/3/2 1323/3/2 1329/3/2
f 1320/3/2 1328/3/2 1330/3/2
f 1329/3/2 1323/3/2 1331/3/2
f 1320/3/2 1330/3/2 1332/3/2
f 1332/3/2 1330/3/2 1333/3/2
f 1331/3/2 1323/3/2 1336/3/2
f 1336/3/2 1323/3/2 1337/3/2
f 1333/1/2 1334/1/2 1338/1/2
f 1332/1/2 1333/1/2 1338/1/2
f 1338/1/2 1334/1/2 1339/1/2
f 1335/1/2 1336/1/2 1340/1/2
f 1340/1/2 1336/1/2 1341/1/2
f 1342/3/2 1343/3/2 1346/3/2
f 1346/3/2 1343/3/2 1347/3/2
f 1344/3/2 1345/3/2 1348/3/2
f 1348/3/2 1345/3/2 1349/3/2
f 1346/2/2 1347/2/2 1350/2/2
f 1350/2/2 1347/2/2 1351/2/2
f 1348/2/2 1349/2/2 1352/2/2
f 1352/2/2 1349/2/2 1353/2/2
f 1350/1/2 1351/1/2 1354/1/2
f 1354/1/2 1351/1/2 1355/1/2
f 1352/1/2 1353/1/2 1356/1/2
f 1356/1/2 1353/1/2 1357/1/2
f 1363/6/3 1359/6/3 1358/6/3
f 1365/6/3 1361/6/3 1360/6/3
f 1366/6/3 1361/6/3 1365/6/3
f 1369/6/3 1363/6/3 1362/6/3
f 1370/6/3 1359/6/3 1363/6/3
f 1370/6/3 1363/6/3 1369/6/3
f 1371/6/3 1359/6/3 1370/6/3
f 1372/6/3 1367/6/3 1366/6/3
f 1372/6/3 1365/6/3 1364/6/3
f 1372/6/3 1366/6/3 1365/6/3
f 1373/6/3 1367/6/3 1372/6/3
f 1374/6/3 1367/6/3 1373/6/3
f 1375/6/3 1367/6/3 1374/6/3
f 1377/6/3 1369/6/3 1368/6/3
f 1377/6/3 1370/6/3 1369/6/3
f 1378/6/3 1370/6/3 1377/6/3
f 1379/6/3 1370/6/3 1378/6/3
f 1380/6/3 1373/6/3 1372/6/3
f 1380/6/3 1372/6/3 1371/6/3
f 1381/6/3 1373/6/3 1380/6/3
f 1382/6/3 1373/6/3 1381/6/3
f 1383/6/3 1376/6/3 1375/6/3
f 1383/6/3 1375/6/3 1374/6/3
f 1384/6/3 1376/6/3 1383/6/3
f 1385/6/3 1376/6/3 1384/6/3
f 1386/6/3 1381/6/3 1380/6/3
f 1386/6/3 1379/6/3 1378/6/3
f 1386/6/3 1380/6/3 1379/6/3
f 1387/6/3 1381/6/3 1386/6/3
f 1388/6/3 1381/6/3 1387/6/3
f 1389/6/3 1381/6/3 1388/6/3
f 1390/6/3 1384/6/3 1383/6/3
f 1390/6/3 1383/6/3 1382/6/3
f 1391/6/3 1384/6/3 1390/6/3
f 1392/6/3 1388/6/3 1387/6/3
f 1393/6/3 1388/6/3 1392/6/3
f 1394/6/3 1390/6/3 1382/6/3
f 1395/6/3 1390/6/3 1394/6/3
f 1399/3/3 1397/3/3 1396/3/3
f 1400/2/3 1398/2/3 1397/2/3
f 1400/3/3 1397/3/3 1399/3/3
f 1403/3/3 1399/3/3 1396/3/3
f 1404/2/3 1400/2/3 1399/2/3
f 1404/3/3 1399/3/3 1403/3/3
f 1405/2/3 1398/2/3 1400/2/3
f 1405/2/3 1400/2/3 1404/2/3
f 1407/2/3 1403/2/3 1402/2/3
f 1407/2/3 1406/2/3 1405/2/3
f 1407/2/3 1405/2/3 1404/2/3
f 1407/2/3 1404/2/3 1403/2/3
f 1408/2/3 1406/2/3 1407/2/3
f 1409/2/3 1406/2/3 1408/2/3
f 1410/2/3 1406/2/3 1409/2/3
f 1411/1/3 1408/1/3 1407/1/3
f 1411/3/3 1409/3/3 1408/3/3
f 1412/4/3 1410/4/3 1409/4/3
f 1412/3/3 1409/3/3 1411/3/3
f 1415/3/3 1402/3/3 1401/3/3
f 1416/2/3 1407/2/3 1402/2/3
f 1416/3/3 1402/3/3 1415/3/3
f 1417/2/3 1406/2/3 1410/2/3
f 1419/2/3 1415/2/3 1414/2/3
f 1419/2/3 1407/2/3 1416/2/3
f 1419/2/3 1416/2/3 1415/2/3
f 1420/2/3 1407/2/3 1419/2/3
f 1421/2/3 1407/2/3 1420/2/3
f 1422/2/3 1407/2/3 1421/2/3
f 1423/2/3 1419/2/3 1414/2/3
f 1424/7/3 1420/7/3 1419/7/3
f 1424/2/3 1419/2/3 1423/2/3
f 1425/7/3 1420/7/3 1424/7/3
f 1426/2/3 1421/2/3 1420/2/3
f 1426/7/3 1420/7/3 1425/7/3
f 1427/7/3 1422/7/3 1421/7/3
f 1427/2/3 1421/2/3 1426/2/3
f 1428/7/3 1422/7/3 1427/7/3
f 1429/7/3 1422/7/3 1428/7/3
f 1430/2/3 1407/2/3 1422/2/3
f 1430/7/3 1422/7/3 1429/7/3
f 1431/2/3 1407/2/3 1430/2/3
f 1432/2/3 1423/2/3 1414/2/3
f 1433/7/3 1425/7/3 1424/7/3
f 1433/2/3 1423/2/3 1432/2/3
f 1433/7/3 1424/7/3 1423/7/3
f 1434/7/3 1425/7/3 1433/7/3
f 1435/7/3 1425/7/3 1434/7/3
f 1436/7/3 1428/7/3 1427/7/3
f 1436/7/3 1427/7/3 1426/7/3
f 1437/7/3 1428/7/3 1436/7/3
f 1438/7/3 1431/7/3 1430/7/3
f 1438/7/3 1430/7/3 1429/7/3
f 1439/7/3 1431/7/3 1438/7/3
f 1440/2/3 1407/2/3 1431/2/3
f 1440/7/3 1431/7/3 1439/7/3
f 1441/2/3 1407/2/3 1440/2/3
f 1442/2/3 1432/2/3 1414/2/3
f 1443/7/3 1434/7/3 1433/7/3
f 1443/2/3 1432/2/3 1442/2/3
f 1443/7/3 1433/7/3 1432/7/3
f 1444/7/3 1434/7/3 1443/7/3
f 1445/7/3 1434/7/3 1444/7/3
f 1447/7/3 1436/7/3 1426/7/3
f 1448/7/3 1436/7/3 1447/7/3
f 1451/7/3 1441/7/3 1440/7/3
f 1451/7/3 1440/7/3 1439/7/3
f 1452/7/3 1441/7/3 1451/7/3
f 1453/2/3 1407/2/3 1441/2/3
f 1453/7/3 1441/7/3 1452/7/3
f 1454/2/3 1407/2/3 1453/2/3
f 1455/2/3 1442/2/3 1414/2/3
f 1455/7/3 1443/7/3 1442/7/3
f 1455/7/3 1444/7/3 1443/7/3
f 1456/7/3 1444/7/3 1455/7/3
f 1457/7/3 1444/7/3 1456/7/3
f 1459/7/3 1447/7/3 1446/7/3
f 1460/7/3 1447/7/3 1459/7/3
f 1462/7/3 1450/7/3 1449/7/3
f 1463/7/3 1450/7/3 1462/7/3
f 1465/7/3 1454/7/3 1453/7/3
f 1465/7/3 1453/7/3 1452/7/3
f 1466/7/3 1454/7/3 1465/7/3
f 1467/2/3 1407/2/3 1454/2/3
f 1467/7/3 1454/7/3 1466/7/3
f 1468/7/3 1458/7/3 1457/7/3
f 1468/2/3 1456/2/3 1455/2/3
f 1468/7/3 1457/7/3 1456/7/3
f 1469/7/3 1458/7/3 1468/7/3
f 1470/7/3 1458/7/3 1469/7/3
f 1473/7/3 1462/7/3 1461/7/3
f 1475/7/3 1466/7/3 1465/7/3
f 1475/7/3 1465/7/3 1464/7/3
f 1476/7/3 1466/7/3 1475/7/3
f 1477/2/3 1467/2/3 1466/2/3
f 1477/7/3 1466/7/3 1476/7/3
f 1478/7/3 1471/7/3 1470/7/3
f 1478/2/3 1469/2/3 1468/2/3
f 1478/7/3 1470/7/3 1469/7/3
f 1479/7/3 1471/7/3 1478/7/3
f 1480/7/3 1471/7/3 1479/7/3
f 1481/7/3 1473/7/3 1472/7/3
f 1482/7/3 1462/7/3 1473/7/3
f 1482/7/3 1473/7/3 1481/7/3
f 1483/7/3 1462/7/3 1482/7/3
f 1484/7/3 1476/7/3 1475/7/3
f 1484/7/3 1475/7/3 1474/7/3
f 1485/7/3 1476/7/3 1484/7/3
f 1486/2/3 1477/2/3 1476/2/3
f 1486/7/3 1476/7/3 1485/7/3
f 1487/7/3 1480/7/3 1479/7/3
f 1487/7/3 1481/7/3 1480/7/3
f 1487/7/3 1482/7/3 1481/7/3
f 1487/2/3 1479/2/3 1478/2/3
f 1488/2/3 1483/2/3 1482/2/3
f 1488/7/3 1482/7/3 1487/7/3
f 1489/7/3 1485/7/3 1484/7/3
f 1489/2/3 1483/2/3 1488/2/3
f 1489/7/3 1484/7/3 1483/7/3
f 1490/2/3 1486/2/3 1485/2/3
f 1490/7/3 1485/7/3 1489/7/3
f 1491/2/3 1489/2/3 1488/2/3
f 1491/2/3 1488/2/3 1487/2/3
f 1491/2/3 1490/2/3 1489/2/3
f 1492/2/3 1490/2/3 1491/2/3
f 1493/2/3 1490/2/3 1492/2/3
f 1494/2/3 1477/2/3 1486/2/3
f 1494/2/3 1490/2/3 1493/2/3
f 1494/2/3 1486/2/3 1490/2/3
f 1495/3/3 1414/3/3 1413/3/3
f 1496/2/3 1487/2/3 1478/2/3
f 1496/3/3 1414/3/3 1495/3/3
f 1496/2/3 1455/2/3 1414/2/3
f 1496/2/3 1468/2/3 1455/2/3
f 1496/2/3 1491/2/3 1487/2/3
f 1496/2/3 1478/2/3 1468/2/3
f 1497/2/3 1491/2/3 1496/2/3
f 1498/2/3 1491/2/3 1497/2/3
f 1499/4/3 1492/4/3 1491/4/3
f 1499/2/3 1491/2/3 1498/2/3
f 1500/2/3 1493/2/3 1492/2/3
f 1500/4/3 1492/4/3 1499/4/3
f 1501/2/3 1493/2/3 1500/2/3
f 1502/4/3 1494/4/3 1493/4/3
f 1502/2/3 1493/2/3 1501/2/3
f 1503/2/3 1477/2/3 1494/2/3
f 1503/4/3 1494/4/3 1502/4/3
f 1504/2/3 1467/2/3 1477/2/3
f 1504/2/3 1477/2/3 1503/2/3
f 1508/3/3 1506/3/3 1505/3/3
f 1509/1/3 1507/1/3 1506/1/3
f 1509/3/3 1506/3/3 1508/3/3
f 1510/4/3 1499/4/3 1498/4/3
f 1510/2/3 1498/2/3 1497/2/3
f 1511/2/3 1501/2/3 1500/2/3
f 1511/4/3 1499/4/3 1510/4/3
f 1511/2/3 1500/2/3 1499/2/3
f 1512/4/3 1502/4/3 1501/4/3
f 1512/2/3 1501/2/3 1511/2/3
f 1513/2/3 1503/2/3 1502/2/3
f 1513/4/3 1502/4/3 1512/4/3
f 1514/2/3 1503/2/3 1513/2/3
f 1515/4/3 1504/4/3 1503/4/3
f 1515/2/3 1503/2/3 1514/2/3
f 1516/2/3 1467/2/3 1504/2/3
f 1516/4/3 1504/4/3 1515/4/3
f 1517/2/3 1511/2/3 1510/2/3
f 1517/4/3 1512/4/3 1511/4/3
f 1518/2/3 1514/2/3 1513/2/3
f 1518/4/3 1512/4/3 1517/4/3
f 1518/2/3 1513/2/3 1512/2/3
f 1519/4/3 1515/4/3 1514/4/3
f 1519/2/3 1514/2/3 1518/2/3
f 1520/2/3 1516/2/3 1515/2/3
f 1520/4/3 1515/4/3 1519/4/3
f 1521/2/3 1519/2/3 1518/2/3
f 1521/2/3 1516/2/3 1520/2/3
f 1521/2/3 1520/2/3 1519/2/3
f 1521/2/3 1518/2/3 1517/2/3
f 1522/2/3 1467/2/3 1516/2/3
f 1522/2/3 1516/2/3 1521/2/3
f 1523/2/3 1521/2/3 1517/2/3
f 1523/2/3 1510/2/3 1497/2/3
f 1523/2/3 1517/2/3 1510/2/3
f 1524/4/3 1522/4/3 1521/4/3
f 1524/2/3 1521/2/3 1523/2/3
f 1525/2/3 1467/2/3 1522/2/3
f 1525/4/3 1522/4/3 1524/4/3
f 1526/4/3 1524/4/3 1523/4/3
f 1526/2/3 1523/2/3 1497/2/3
f 1527/2/3 1525/2/3 1524/2/3
f 1527/4/3 1524/4/3 1526/4/3
f 1528/2/3 1467/2/3 1525/2/3
f 1528/2/3 1525/2/3 1527/2/3
f 1531/2/3 1509/2/3 1508/2/3
f 1532/2/3 1527/2/3 1526/2/3
f 1532/4/3 1528/4/3 1527/4/3
f 1533/2/3 1467/2/3 1528/2/3
f 1533/4/3 1528/4/3 1532/4/3
f 1534/2/3 1418/2/3 1417/2/3
f 1536/2/3 1526/2/3 1497/2/3
f 1536/2/3 1532/2/3 1526/2/3
f 1536/2/3 1533/2/3 1532/2/3
f 1537/2/3 1533/2/3 1536/2/3
f 1538/2/3 1536/2/3 1497/2/3
f 1538/4/3 1537/4/3 1536/4/3
f 1539/4/3 1537/4/3 1538/4/3
f 1540/4/3 1537/4/3 1539/4/3
f 1541/2/3 1533/2/3 1537/2/3
f 1541/4/3 1537/4/3 1540/4/3
f 1542/2/3 1467/2/3 1533/2/3
f 1542/2/3 1533/2/3 1541/2/3
f 1543/2/3 1538/2/3 1497/2/3
f 1543/2/3 1539/2/3 1538/2/3
f 1544/4/3 1540/4/3 1539/4/3
f 1544/2/3 1539/2/3 1543/2/3
f 1545/2/3 1541/2/3 1540/2/3
f 1545/4/3 1540/4/3 1544/4/3
f 1546/4/3 1542/4/3 1541/4/3
f 1546/2/3 1541/2/3 1545/2/3
f 1547/2/3 1467/2/3 1542/2/3
f 1547/4/3 1542/4/3 1546/4/3
f 1548/4/3 1544/4/3 1543/4/3
f 1548/2/3 1543/2/3 1497/2/3
f 1548/4/3 1546/4/3 1545/4/3
f 1548/4/3 1545/4/3 1544/4/3
f 1549/2/3 1547/2/3 1546/2/3
f 1549/4/3 1546/4/3 1548/4/3
f 1550/2/3 1548/2/3 1497/2/3
f 1550/2/3 1549/2/3 1548/2/3
f 1551/2/3 1549/2/3 1550/2/3
f 1552/2/3 1549/2/3 1551/2/3
f 1553/2/3 1467/2/3 1547/2/3
f 1553/2/3 1549/2/3 1552/2/3
f 1553/2/3 1547/2/3 1549/2/3
f 1554/4/3 1551/4/3 1550/4/3
f 1554/2/3 1550/2/3 1497/2/3
f 1555/4/3 1551/4/3 1554/4/3
f 1556/2/3 1552/2/3 1551/2/3
f 1556/4/3 1551/4/3 1555/4/3
f 1557/4/3 1553/4/3 1552/4/3
f 1557/2/3 1552/2/3 1556/2/3
f 1558/4/3 1553/4/3 1557/4/3
f 1559/2/3 1555/2/3 1554/2/3
f 1560/4/3 1556/4/3 1555/4/3
f 1560/2/3 1555/2/3 1559/2/3
f 1560/4/3 1557/4/3 1556/4/3
f 1561/4/3 1557/4/3 1560/4/3
f 1562/2/3 1559/2/3 1554/2/3
f 1563/4/3 1560/4/3 1559/4/3
f 1563/2/3 1559/2/3 1562/2/3
f 1564/2/3 1561/2/3 1560/2/3
f 1564/4/3 1560/4/3 1563/4/3
f 1565/2/3 1554/2/3 1497/2/3
f 1565/2/3 1562/2/3 1554/2/3
f 1566/4/3 1563/4/3 1562/4/3
f 1566/2/3 1562/2/3 1565/2/3
f 1567/2/3 1564/2/3 1563/2/3
f 1567/4/3 1563/4/3 1566/4/3
f 1568/4/3 1557/4/3 1561/4/3
f 1568/2/3 1564/2/3 1567/2/3
f 1568/2/3 1561/2/3 1564/2/3
f 1569/2/3 1558/2/3 1557/2/3
f 1569/4/3 1557/4/3 1568/4/3
f 1570/4/3 1553/4/3 1558/4/3
f 1570/2/3 1558/2/3 1569/2/3
f 1571/2/3 1467/2/3 1553/2/3
f 1571/4/3 1553/4/3 1570/4/3
f 1572/2/3 1565/2/3 1497/2/3
f 1572/4/3 1566/4/3 1565/4/3
f 1573/2/3 1569/2/3 1568/2/3
f 1573/4/3 1566/4/3 1572/4/3
f 1573/2/3 1567/2/3 1566/2/3
f 1573/2/3 1568/2/3 1567/2/3
f 1574/4/3 1570/4/3 1569/4/3
f 1574/2/3 1569/2/3 1573/2/3
f 1575/2/3 1571/2/3 1570/2/3
f 1575/4/3 1570/4/3 1574/4/3
f 1576/2/3 1573/2/3 1572/2/3
f 1576/2/3 1574/2/3 1573/2/3
f 1576/2/3 1575/2/3 1574/2/3
f 1577/2/3 1571/2/3 1575/2/3
f 1577/2/3 1575/2/3 1576/2/3
f 1577/2/3 1467/2/3 1571/2/3
f 1578/2/3 1572/2/3 1497/2/3
f 1578/2/3 1576/2/3 1572/2/3
f 1579/4/3 1577/4/3 1576/4/3
f 1579/2/3 1576/2/3 1578/2/3
f 1580/2/3 1467/2/3 1577/2/3
f 1580/4/3 1577/4/3 1579/4/3
f 1581/4/3 1579/4/3 1578/4/3
f 1581/2/3 1578/2/3 1497/2/3
f 1582/2/3 1580/2/3 1579/2/3
f 1582/4/3 1579/4/3 1581/4/3
f 1583/2/3 1467/2/3 1580/2/3
f 1583/2/3 1580/2/3 1582/2/3
f 1584/2/3 1582/2/3 1581/2/3
f 1584/2/3 1581/2/3 1497/2/3
f 1585/4/3 1583/4/3 1582/4/3
f 1585/2/3 1582/2/3 1584/2/3
f 1586/2/3 1467/2/3 1583/2/3
f 1586/4/3 1583/4/3 1585/4/3
f 1587/4/3 1585/4/3 1584/4/3
f 1587/2/3 1584/2/3 1497/2/3
f 1588/2/3 1586/2/3 1585/2/3
f 1588/4/3 1585/4/3 1587/4/3
f 1589/2/3 1467/2/3 1586/2/3
f 1589/2/3 1586/2/3 1588/2/3
f 1590/2/3 1588/2/3 1587/2/3
f 1590/4/3 1589/4/3 1588/4/3
f 1591/2/3 1467/2/3 1589/2/3
f 1591/4/3 1589/4/3 1590/4/3
f 1592/2/3 1590/2/3 1587/2/3
f 1592/2/3 1587/2/3 1497/2/3
f 1592/2/3 1591/2/3 1590/2/3
f 1593/2/3 1591/2/3 1592/2/3
f 1594/2/3 1592/2/3 1497/2/3
f 1594/4/3 1593/4/3 1592/4/3
f 1595/4/3 1593/4/3 1594/4/3
f 1596/4/3 1593/4/3 1595/4/3
f 1597/2/3 1591/2/3 1593/2/3
f 1597/4/3 1593/4/3 1596/4/3
f 1598/2/3 1467/2/3 1591/2/3
f 1598/2/3 1591/2/3 1597/2/3
f 1599/2/3 1594/2/3 1497/2/3
f 1599/2/3 1595/2/3 1594/2/3
f 1600/4/3 1596/4/3 1595/4/3
f 1600/2/3 1595/2/3 1599/2/3
f 1601/2/3 1597/2/3 1596/2/3
f 1601/4/3 1596/4/3 1600/4/3
f 1602/4/3 1598/4/3 1597/4/3
f 1602/2/3 1597/2/3 1601/2/3
f 1603/2/3 1467/2/3 1598/2/3
f 1603/4/3 1598/4/3 1602/4/3
f 1604/4/3 1600/4/3 1599/4/3
f 1604/2/3 1599/2/3 1497/2/3
f 1604/4/3 1602/4/3 1601/4/3
f 1604/4/3 1601/4/3 1600/4/3
f 1605/2/3 1603/2/3 1602/2/3
f 1605/4/3 1602/4/3 1604/4/3
f 1606/2/3 1604/2/3 1497/2/3
f 1606/2/3 1605/2/3 1604/2/3
f 1607/2/3 1605/2/3 1606/2/3
f 1608/2/3 1605/2/3 1607/2/3
f 1609/2/3 1467/2/3 1603/2/3
f 1609/2/3 1605/2/3 1608/2/3
f 1609/2/3 1603/2/3 1605/2/3
f 1610/2/3 1608/2/3 1607/2/3
f 1611/4/3 1609/4/3 1608/4/3
f 1611/2/3 1608/2/3 1610/2/3
f 1612/2/3 1467/2/3 1609/2/3
f 1612/4/3 1609/4/3 1611/4/3
f 1613/4/3 1607/4/3 1606/4/3
f 1613/2/3 1606/2/3 1497/2/3
f 1614/2/3 1610/2/3 1607/2/3
f 1614/4/3 1607/4/3 1613/4/3
f 1615/4/3 1611/4/3 1610/4/3
f 1615/2/3 1610/2/3 1614/2/3
f 1616/2/3 1612/2/3 1611/2/3
f 1616/4/3 1611/4/3 1615/4/3
f 1617/2/3 1467/2/3 1612/2/3
f 1617/2/3 1612/2/3 1616/2/3
f 1618/2/3 1614/2/3 1613/2/3
f 1618/4/3 1616/4/3 1615/4/3
f 1618/4/3 1617/4/3 1616/4/3
f 1618/4/3 1615/4/3 1614/4/3
f 1619/2/3 1467/2/3 1617/2/3
f 1619/4/3 1617/4/3 1618/4/3
f 1620/3/3 1530/3/3 1529/3/3
f 1621/2/3 1531/2/3 1530/2/3
f 1621/3/3 1530/3/3 1620/3/3
f 1622/2/3 1509/2/3 1531/2/3
f 1622/2/3 1531/2/3 1621/2/3
f 1623/2/3 1535/2/3 1534/2/3
f 1623/2/3 1534/2/3 1417/2/3
f 1624/2/3 1535/2/3 1623/2/3
f 1625/2/3 1618/2/3 1613/2/3
f 1625/2/3 1619/2/3 1618/2/3
f 1625/2/3 1613/2/3 1497/2/3
f 1626/2/3 1619/2/3 1625/2/3
f 1627/2/3 1619/2/3 1626/2/3
f 1628/2/3 1619/2/3 1627/2/3
f 1629/4/3 1626/4/3 1625/4/3
f 1630/2/3 1627/2/3 1626/2/3
f 1630/4/3 1626/4/3 1629/4/3
f 1631/2/3 1627/2/3 1630/2/3
f 1632/4/3 1628/4/3 1627/4/3
f 1632/2/3 1627/2/3 1631/2/3
f 1633/2/3 1619/2/3 1628/2/3
f 1633/4/3 1628/4/3 1632/4/3
f 1634/2/3 1467/2/3 1619/2/3
f 1634/2/3 1619/2/3 1633/2/3
f 1635/4/3 1631/4/3 1630/4/3
f 1635/2/3 1630/2/3 1629/2/3
f 1636/2/3 1633/2/3 1632/2/3
f 1636/4/3 1631/4/3 1635/4/3
f 1636/2/3 1632/2/3 1631/2/3
f 1637/4/3 1634/4/3 1633/4/3
f 1637/2/3 1633/2/3 1636/2/3
f 1638/2/3 1467/2/3 1634/2/3
f 1638/4/3 1634/4/3 1637/4/3
f 1639/2/3 1625/2/3 1497/2/3
f 1639/4/3 1629/4/3 1625/4/3
f 1640/2/3 1635/2/3 1629/2/3
f 1640/4/3 1629/4/3 1639/4/3
f 1640/2/3 1636/2/3 1635/2/3
f 1641/4/3 1637/4/3 1636/4/3
f 1641/2/3 1636/2/3 1640/2/3
f 1642/2/3 1638/2/3 1637/2/3
f 1642/4/3 1637/4/3 1641/4/3
f 1643/2/3 1639/2/3 1497/2/3
f 1643/2/3 1640/2/3 1639/2/3
f 1643/2/3 1642/2/3 1641/2/3
f 1643/2/3 1641/2/3 1640/2/3
f 1644/2/3 1638/2/3 1642/2/3
f 1644/2/3 1642/2/3 1643/2/3
f 1644/2/3 1467/2/3 1638/2/3
f 1645/2/3 1509/2/3 1622/2/3
f 1646/1/3 1507/1/3 1509/1/3
f 1646/2/3 1509/2/3 1645/2/3
f 1647/2/3 1643/2/3 1497/2/3
f 1647/4/3 1644/4/3 1643/4/3
f 1648/4/3 1644/4/3 1647/4/3
f 1649/4/3 1644/4/3 1648/4/3
f 1650/2/3 1467/2/3 1644/2/3
f 1650/4/3 1644/4/3 1649/4/3
f 1651/3/3 1646/3/3 1645/3/3
f 1652/1/3 1507/1/3 1646/1/3
f 1652/3/3 1646/3/3 1651/3/3
f 1653/1/3 1507/1/3 1652/1/3
f 1654/2/3 1648/2/3 1647/2/3
f 1655/4/3 1649/4/3 1648/4/3
f 1655/2/3 1648/2/3 1654/2/3
f 1656/2/3 1650/2/3 1649/2/3
f 1656/4/3 1649/4/3 1655/4/3
f 1657/2/3 1650/2/3 1656/2/3
f 1660/2/3 1654/2/3 1647/2/3
f 1660/2/3 1647/2/3 1497/2/3
f 1661/2/3 1654/2/3 1660/2/3
f 1662/4/3 1655/4/3 1654/4/3
f 1662/2/3 1654/2/3 1661/2/3
f 1663/2/3 1656/2/3 1655/2/3
f 1663/4/3 1655/4/3 1662/4/3
f 1664/4/3 1657/4/3 1656/4/3
f 1664/2/3 1656/2/3 1663/2/3
f 1665/2/3 1650/2/3 1657/2/3
f 1665/4/3 1657/4/3 1664/4/3
f 1666/2/3 1650/2/3 1665/2/3
f 1667/2/3 1661/2/3 1660/2/3
f 1667/2/3 1660/2/3 1659/2/3
f 1668/4/3 1662/4/3 1661/4/3
f 1668/2/3 1661/2/3 1667/2/3
f 1669/2/3 1664/2/3 1663/2/3
f 1669/4/3 1662/4/3 1668/4/3
f 1669/2/3 1663/2/3 1662/2/3
f 1669/2/3 1665/2/3 1664/2/3
f 1670/4/3 1666/4/3 1665/4/3
f 1670/2/3 1665/2/3 1669/2/3
f 1671/2/3 1650/2/3 1666/2/3
f 1671/4/3 1666/4/3 1670/4/3
f 1672/2/3 1467/2/3 1650/2/3
f 1672/2/3 1650/2/3 1671/2/3
f 1673/2/3 1667/2/3 1659/2/3
f 1673/4/3 1668/4/3 1667/4/3
f 1674/2/3 1671/2/3 1670/2/3
f 1674/4/3 1668/4/3 1673/4/3
f 1674/2/3 1670/2/3 1669/2/3
f 1674/2/3 1669/2/3 1668/2/3
f 1675/4/3 1672/4/3 1671/4/3
f 1675/2/3 1671/2/3 1674/2/3
f 1676/2/3 1467/2/3 1672/2/3
f 1676/4/3 1672/4/3 1675/4/3
f 1677/3/3 1659/3/3 1658/3/3
f 1678/2/3 1673/2/3 1659/2/3
f 1678/3/3 1659/3/3 1677/3/3
f 1678/2/3 1675/2/3 1674/2/3
f 1678/2/3 1676/2/3 1675/2/3
f 1678/2/3 1674/2/3 1673/2/3
f 1679/2/3 1676/2/3 1678/2/3
f 1680/2/3 1676/2/3 1679/2/3
f 1681/2/3 1417/2/3 1410/2/3
f 1681/2/3 1623/2/3 1417/2/3
f 1682/2/3 1623/2/3 1681/2/3
f 1683/1/3 1411/1/3 1407/1/3
f 1684/4/3 1410/4/3 1412/4/3
f 1685/2/3 1676/2/3 1680/2/3
f 1685/1/3 1683/1/3 1407/1/3
f 1685/2/3 1407/2/3 1467/2/3
f 1685/2/3 1467/2/3 1676/2/3
f 1686/3/3 1684/3/3 1683/3/3
f 1686/1/3 1683/1/3 1685/1/3
f 1687/4/3 1410/4/3 1684/4/3
f 1687/3/3 1684/3/3 1686/3/3
f 1688/2/3 1681/2/3 1410/2/3
f 1688/4/3 1410/4/3 1687/4/3
f 1689/2/3 1685/2/3 1680/2/3
f 1689/2/3 1686/2/3 1685/2/3
f 1689/2/3 1688/2/3 1687/2/3
f 1689/2/3 1687/2/3 1686/2/3
f 1689/3/3 1680/3/3 1679/3/3
f 1690/2/3 1688/2/3 1689/2/3
f 1691/3/3 1689/3/3 1679/3/3
f 1691/3/3 1690/3/3 1689/3/3
f 1692/2/3 1688/2/3 1690/2/3
f 1692/3/3 1690/3/3 1691/3/3
f 1693/2/3 1688/2/3 1692/2/3
f 1694/2/3 1681/2/3 1688/2/3
f 1694/2/3 1688/2/3 1693/2/3
f 1695/2/3 1681/2/3 1694/2/3
f 1696/3/3 1693/3/3 1692/3/3
f 1697/2/3 1694/2/3 1693/2/3
f 1697/3/3 1693/3/3 1696/3/3
f 1698/2/3 1694/2/3 1697/2/3
f 1702/3/3 1700/3/3 1699/3/3
f 1703/3/3 1700/3/3 1702/3/3
f 1704/1/3 1701/1/3 1700/1/3
f 1704/3/3 1700/3/3 1703/3/3
f 1705/3/3 1702/3/3 1699/3/3
f 1706/3/3 1702/3/3 1705/3/3
f 1707/1/3 1701/1/3 1704/1/3
f 1708/1/3 1701/1/3 1707/1/3
f 1717/1/3 1714/1/3 1713/1/3
f 1717/3/3 1715/3/3 1714/3/3
f 1718/4/3 1716/4/3 1715/4/3
f 1718/3/3 1715/3/3 1717/3/3
f 1721/3/3 1712/3/3 1711/3/3
f 1722/3/3 1712/3/3 1721/3/3
f 1723/1/3 1710/1/3 1709/1/3
f 1724/1/3 1710/1/3 1723/1/3
f 1727/3/3 1720/3/3 1719/3/3
f 1728/3/3 1720/3/3 1727/3/3
f 1732/3/3 1730/3/3 1729/3/3
f 1732/3/3 1729/3/3 1728/3/3
f 1733/3/3 1730/3/3 1732/3/3
f 1734/3/3 1730/3/3 1733/3/3
f 1735/3/3 1732/3/3 1731/3/3
f 1738/3/3 1735/3/3 1731/3/3
f 1739/3/3 1735/3/3 1738/3/3
f 1740/1/3 1726/1/3 1725/1/3
f 1741/1/3 1726/1/3 1740/1/3
f 1744/3/3 1737/3/3 1736/3/3
f 1745/3/3 1737/3/3 1744/3/3
f 1750/1/3 1743/1/3 1742/1/3
f 1751/1/3 1743/1/3 1750/1/3
f 1752/3/3 1747/3/3 1746/3/3
f 1753/3/3 1752/3/3 1746/3/3
f 1754/3/3 1752/3/3 1753/3/3
f 1756/3/3 1730/3/3 1734/3/3
f 1758/3/3 1755/3/3 1754/3/3
f 1758/3/3 1756/3/3 1755/3/3
f 1759/3/3 1756/3/3 1758/3/3
f 1760/3/3 1730/3/3 1756/3/3
f 1760/3/3 1756/3/3 1759/3/3
f 1761/3/3 1758/3/3 1757/3/3
f 1762/3/3 1758/3/3 1761/3/3
f 1767/1/3 1749/1/3 1748/1/3
f 1768/1/3 1749/1/3 1767/1/3
f 1769/1/3 1717/1/3 1713/1/3
f 1770/4/3 1716/4/3 1718/4/3
f 1771/1/3 1769/1/3 1713/1/3
f 1772/3/3 1770/3/3 1769/3/3
f 1772/1/3 1769/1/3 1771/1/3
f 1773/4/3 1716/4/3 1770/4/3
f 1773/3/3 1770/3/3 1772/3/3
f 1774/4/3 1716/4/3 1773/4/3
f 1775/3/3 1764/3/3 1763/3/3
f 1776/3/3 1764/3/3 1775/3/3
f 1781/1/3 1766/1/3 1765/1/3
f 1782/1/3 1766/1/3 1781/1/3
f 1783/3/3 1778/3/3 1777/3/3
f 1785/1/3 1780/1/3 1779/1/3
f 1786/3/3 1784/3/3 1783/3/3
f 1786/3/3 1785/3/3 1784/3/3
f 1786/3/3 1783/3/3 1777/3/3
f 1787/1/3 1780/1/3 1785/1/3
f 1787/3/3 1785/3/3 1786/3/3
f 1788/1/3 1780/1/3 1787/1/3
f 1793/3/3 1790/3/3 1789/3/3
f 1794/2/3 1791/2/3 1790/2/3
f 1794/3/3 1790/3/3 1793/3/3
f 1795/1/3 1792/1/3 1791/1/3
f 1795/2/3 1791/2/3 1794/2/3
f 1796/1/3 1792/1/3 1795/1/3
f 1801/3/3 1798/3/3 1797/3/3
f 1802/3/3 1798/3/3 1801/3/3
f 1803/1/3 1800/1/3 1799/1/3
f 1804/1/3 1800/1/3 1803/1/3
f 1813/1/3 1810/1/3 1809/1/3
f 1813/3/3 1811/3/3 1810/3/3
f 1814/4/3 1812/4/3 1811/4/3
f 1814/3/3 1811/3/3 1813/3/3
f 1817/3/3 1808/3/3 1807/3/3
f 1818/3/3 1808/3/3 1817/3/3
f 1819/1/3 1806/1/3 1805/1/3
f 1820/1/3 1806/1/3 1819/1/3
f 1823/3/3 1816/3/3 1815/3/3
f 1824/3/3 1816/3/3 1823/3/3
f 1827/3/3 1825/3/3 1824/3/3
f 1828/3/3 1825/3/3 1827/3/3
f 1831/3/3 1827/3/3 1826/3/3
f 1832/3/3 1827/3/3 1831/3/3
f 1833/1/3 1822/1/3 1821/1/3
f 1834/1/3 1822/1/3 1833/1/3
f 1837/3/3 1830/3/3 1829/3/3
f 1838/3/3 1830/3/3 1837/3/3
f 1843/1/3 1836/1/3 1835/1/3
f 1844/1/3 1836/1/3 1843/1/3
f 1845/3/3 1840/3/3 1839/3/3
f 1846/3/3 1840/3/3 1845/3/3
f 1849/3/3 1847/3/3 1846/3/3
f 1850/3/3 1847/3/3 1849/3/3
f 1851/3/3 1849/3/3 1848/3/3
f 1852/3/3 1849/3/3 1851/3/3
f 1857/1/3 1842/1/3 1841/1/3
f 1858/1/3 1842/1/3 1857/1/3
f 1859/1/3 1813/1/3 1809/1/3
f 1860/4/3 1812/4/3 1814/4/3
f 1861/1/3 1859/1/3 1809/1/3
f 1862/3/3 1860/3/3 1859/3/3
f 1862/1/3 1859/1/3 1861/1/3
f 1863/4/3 1812/4/3 1860/4/3
f 1863/3/3 1860/3/3 1862/3/3
f 1864/4/3 1812/4/3 1863/4/3
f 1865/3/3 1854/3/3 1853/3/3
f 1866/3/3 1854/3/3 1865/3/3
f 1871/1/3 1856/1/3 1855/1/3
f 1872/1/3 1856/1/3 1871/1/3
f 1873/3/3 1868/3/3 1867/3/3
f 1874/3/3 1868/3/3 1873/3/3
f 1875/1/3 1870/1/3 1869/1/3
f 1876/1/3 1870/1/3 1875/1/3
f 1881/3/3 1878/3/3 1877/3/3
f 1882/2/3 1879/2/3 1878/2/3
f 1882/3/3 1878/3/3 1881/3/3
f 1883/1/3 1880/1/3 1879/1/3
f 1883/2/3 1879/2/3 1882/2/3
f 1884/1/3 1880/1/3 1883/1/3
f 1889/1/3 1886/1/3 1885/1/3
f 1889/3/3 1887/3/3 1886/3/3
f 1890/4/3 1888/4/3 1887/4/3
f 1890/3/3 1887/3/3 1889/3/3
f 1893/3/3 1892/3/3 1891/3/3
f 1894/3/3 1892/3/3 1893/3/3
f 1897/3/3 1896/3/3 1895/3/3
f 1898/3/3 1896/3/3 1897/3/3
f 1899/1/3 1889/1/3 1885/1/3
f 1900/4/3 1888/4/3 1890/4/3
f 1901/1/3 1899/1/3 1885/1/3
f 1902/3/3 1900/3/3 1899/3/3
f 1902/1/3 1899/1/3 1901/1/3
f 1903/4/3 1888/4/3 1900/4/3
f 1903/3/3 1900/3/3 1902/3/3
f 1904/4/3 1888/4/3 1903/4/3
f 1909/1/3 1906/1/3 1905/1/3
f 1909/3/3 1907/3/3 1906/3/3
f 1910/4/3 1908/4/3 1907/4/3
f 1910/3/3 1907/3/3 1909/3/3
f 1911/1/3 1909/1/3 1905/1/3
f 1912/4/3 1908/4/3 1910/4/3
f 1913/1/3 1911/1/3 1905/1/3
f 1914/3/3 1912/3/3 1911/3/3
f 1914/1/3 1911/1/3 1913/1/3
f 1915/4/3 1908/4/3 1912/4/3
f 1915/3/3 1912/3/3 1914/3/3
f 1916/4/3 1908/4/3 1915/4/3
f 1919/1/3 1918/1/3 1917/1/3
f 1920/1/3 1918/1/3 1919/1/3
f 1921/1/3 1919/1/3 1917/1/3
f 1923/1/3 1921/1/3 1917/1/3
f 1923/1/3 1922/1/3 1921/1/3
f 1924/1/3 1922/1/3 1923/1/3
f 1927/1/3 1926/1/3 1925/1/3
f 1928/1/3 1926/1/3 1927/1/3
f 1931/2/3 1930/2/3 1929/2/3
f 1932/2/3 1930/2/3 1931/2/3
f 1934/2/3 1930/2/3 1932/2/3
f 1935/2/3 1934/2/3 1933/2/3
f 1936/2/3 1930/2/3 1934/2/3
f 1936/2/3 1934/2/3 1935/2/3
f 1939/2/3 1938/2/3 1937/2/3
f 1940/2/3 1938/2/3 1939/2/3
f 1946/3/3 1942/3/3 1941/3/3
f 1947/1/3 1944/1/3 1943/1/3
f 1950/3/3 1946/3/3 1945/3/3
f 1951/3/3 1942/3/3 1946/3/3
f 1951/3/3 1946/3/3 1950/3/3
f 1952/2/3 1943/2/3 1942/2/3
f 1952/3/3 1942/3/3 1951/3/3
f 1953/1/3 1948/1/3 1947/1/3
f 1953/2/3 1943/2/3 1952/2/3
f 1953/1/3 1947/1/3 1943/1/3
f 1954/1/3 1948/1/3 1953/1/3
f 1955/1/3 1948/1/3 1954/1/3
f 1957/3/3 1951/3/3 1950/3/3
f 1957/3/3 1950/3/3 1949/3/3
f 1958/3/3 1951/3/3 1957/3/3
f 1959/1/3 1956/1/3 1955/1/3
f 1959/1/3 1955/1/3 1954/1/3
f 1960/1/3 1956/1/3 1959/1/3
f 1962/1/3 1961/1/3 1960/1/3
f 1963/1/3 1961/1/3 1962/1/3
f 1965/1/3 1964/1/3 1963/1/3
f 1966/1/3 1964/1/3 1965/1/3
f 1969/1/3 1967/1/3 1966/1/3
f 1970/1/3 1967/1/3 1969/1/3
f 1972/1/3 1969/1/3 1968/1/3
f 1973/1/3 1969/1/3 1972/1/3
f 1975/1/3 1972/1/3 1971/1/3
f 1976/1/3 1972/1/3 1975/1/3
f 1979/3/3 1978/3/3 1977/3/3
f 1980/3/3 1978/3/3 1979/3/3
f 1981/3/3 1978/3/3 1980/3/3
f 1984/1/3 1975/1/3 1974/1/3
f 1985/1/3 1975/1/3 1984/1/3
f 1986/1/3 1975/1/3 1985/1/3
f 1987/3/3 1981/3/3 1980/3/3
f 1987/3/3 1982/3/3 1981/3/3
f 1988/3/3 1982/3/3 1987/3/3
f 1989/1/3 1985/1/3 1984/1/3
f 1989/1/3 1984/1/3 1983/1/3
f 1990/1/3 1985/1/3 1989/1/3
f 1991/3/3 1982/3/3 1988/3/3
f 1992/2/3 1983/2/3 1982/2/3
f 1992/3/3 1982/3/3 1991/3/3
f 1993/1/3 1989/1/3 1983/1/3
f 1993/2/3 1983/2/3 1992/2/3
f 1994/1/3 1989/1/3 1993/1/3
f 1995/3/4 1996/3/4 1997/3/4
f 1997/3/4 1996/3/4 1998/3/4
f 1999/3/4 2000/3/4 2001/3/4
f 2001/3/4 2000/3/4 2002/3/4
f 2003/3/4 2004/3/4 2005/3/4
f 2005/3/4 2004/3/4 2006/3/4
f 2006/3/4 2004/3/4 2007/3/4
f 2007/3/4 2004/3/4 2008/3/4
f 2009/3/4 2010/3/4 2012/3/4
f 2011/3/4 2012/3/4 2013/3/4
f 2012/3/4 2010/3/4 2014/3/4
f 2013/3/4 2012/3/4 2014/3/4
f 2015/4/4 2016/4/4 2017/4/4
f 2017/4/4 2016/4/4 2018/4/4
f 2019/3/4 2020/3/4 2024/3/4
f 2021/1/4 2022/1/4 2025/1/4
f 2023/3/4 2024/3/4 2028/3/4
f 2024/3/4 2020/3/4 2029/3/4
f 2028/3/4 2024/3/4 2029/3/4
f 2020/2/4 2021/2/4 2030/2/4
f 2029/3/4 2020/3/4 2030/3/4
f 2025/1/4 2026/1/4 2031/1/4
f 2030/2/4 2021/2/4 2031/2/4
f 2021/1/4 2025/1/4 2031/1/4
f 2031/1/4 2026/1/4 2032/1/4
f 2032/1/4 2026/1/4 2033/1/4
f 2028/3/4 2029/3/4 2035/3/4
f 2027/3/4 2028/3/4 2035/3/4
f 2035/3/4 2029/3/4 2036/3/4
f 2033/1/4 2034/1/4 2037/1/4
f 2032/1/4 2033/1/4 2037/1/4
f 2037/1/4 2034/1/4 2038/1/4
f 2040/3/4 2041/3/4 2043/3/4
f 2042/3/4 2043/3/4 2044/3/4
f 2043/3/4 2041/3/4 2045/3/4
f 2044/3/4 2043/3/4 2045/3/4
f 2038/1/4 2039/1/4 2046/1/4
f 2046/1/4 2039/1/4 2047/1/4
f 2047/1/4 2048/1/4 2049/1/4
f 2049/1/4 2048/1/4 2050/1/4
f 2050/1/4 2051/1/4 2053/1/4
f 2053/1/4 2051/1/4 2054/1/4
f 2052/1/4 2053/1/4 2056/1/4
f 2056/1/4 2053/1/4 2057/1/4
f 2058/3/4 2059/3/4 2060/3/4
f 2060/3/4 2059/3/4 2061/3/4
f 2061/3/4 2059/3/4 2062/3/4
f 2062/3/4 2059/3/4 2063/3/4
f 2055/1/4 2056/1/4 2065/1/4
f 2065/1/4 2056/1/4 2066/1/4
f 2067/3/4 2068/3/4 2069/3/4
f 2069/3/4 2068/3/4 2070/3/4
f 2070/3/4 2068/3/4 2071/3/4
f 2064/1/4 2065/1/4 2074/1/4
f 2074/1/4 2065/1/4 2075/1/4
f 2075/1/4 2065/1/4 2076/1/4
f 2070/3/4 2071/3/4 2077/3/4
f 2071/3/4 2072/3/4 2077/3/4
f 2077/3/4 2072/3/4 2078/3/4
f 2078/3/4 2072/3/4 2079/3/4
f 2072/2/4 2073/2/4 2080/2/4
f 2079/3/4 2072/3/4 2080/3/4
f 2074/1/4 2075/1/4 2081/1/4
f 2073/1/4 2074/1/4 2081/1/4
f 2081/1/4 2075/1/4 2082/1/4
f 2078/3/4 2079/3/4 2083/3/4
f 2079/2/4 2080/2/4 2084/2/4
f 2083/3/4 2079/3/4 2084/3/4
f 2080/2/4 2073/2/4 2085/2/4
f 2084/2/4 2080/2/4 2085/2/4
f 2073/1/4 2081/1/4 2085/1/4
f 2085/1/4 2081/1/4 2086/1/4
f 2087/3/4 2088/3/4 2091/3/4
f 2088/2/4 2089/2/4 2092/2/4
f 2091/3/4 2088/3/4 2092/3/4
f 2089/1/4 2090/1/4 2093/1/4
f 2092/2/4 2089/2/4 2093/2/4
f 2093/1/4 2090/1/4 2094/1/4
f 2094/1/4 2095/1/4 2096/1/4
f 2096/1/4 2095/1/4 2097/1/4
f 2097/1/4 2098/1/4 2099/1/4
f 2099/1/4 2098/1/4 2100/1/4
f 2101/1/4 2102/1/4 2103/1/4
f 2103/1/4 2102/1/4 2104/1/4
f 2105/1/4 2106/1/4 2107/1/4
f 2107/1/4 2106/1/4 2108/1/4
f 2109/1/4 2110/1/4 2113/1/4
f 2113/1/4 2110/1/4 2114/1/4
f 2111/1/4 2112/1/4 2117/1/4
f 2117/1/4 2112/1/4 2118/1/4
f 2115/1/4 2116/1/4 2121/1/4
f 2121/1/4 2116/1/4 2122/1/4
f 2119/1/4 2120/1/4 2124/1/4
f 2124/1/4 2120/1/4 2125/1/4
f 2123/1/4 2124/1/4 2129/1/4
f 2129/1/4 2124/1/4 2130/1/4
f 2126/3/4 2127/3/4 2131/3/4
f 2127/2/4 2128/2/4 2132/2/4
f 2131/3/4 2127/3/4 2132/3/4
f 2128/1/4 2129/1/4 2133/1/4
f 2132/2/4 2128/2/4 2133/2/4
f 2133/1/4 2129/1/4 2134/1/4
f 2135/3/4 2136/3/4 2137/3/4
f 2137/3/4 2136/3/4 2138/3/4
f 2138/3/4 2136/3/4 2139/3/4
f 2139/3/4 2136/3/4 2140/3/4
f 2140/1/4 2141/1/4 2142/1/4
f 2142/1/4 2141/1/4 2143/1/4
f 2144/1/4 2145/1/4 2146/1/4
f 2146/1/4 2145/1/4 2147/1/4
f 2148/1/4 2149/1/4 2150/1/4
f 2150/1/4 2149/1/4 2151/1/4
f 2152/1/4 2153/1/4 2156/1/4
f 2156/1/4 2153/1/4 2157/1/4
f 2154/1/4 2155/1/4 2160/1/4
f 2160/1/4 2155/1/4 2161/1/4
f 2158/1/4 2159/1/4 2164/1/4
f 2164/1/4 2159/1/4 2165/1/4
f 2162/1/4 2163/1/4 2169/1/4
f 2169/1/4 2163/1/4 2170/1/4
f 2167/3/4 2168/3/4 2171/3/4
f 2166/3/4 2167/3/4 2171/3/4
f 2168/3/4 2169/3/4 2171/3/4
f 2171/3/4 2169/3/4 2172/3/4
f 2174/2/4 2175/2/4 2177/2/4
f 2177/2/4 2175/2/4 2178/2/4
f 2178/2/4 2175/2/4 2179/2/4
f 2179/2/4 2175/2/4 2180/2/4
f 2180/2/4 2175/2/4 2181/2/4
f 2174/2/4 2177/2/4 2182/2/4
f 2182/2/4 2177/2/4 2183/2/4
f 2175/1/4 2176/1/4 2184/1/4
f 2181/2/4 2175/2/4 2184/2/4
f 2184/1/4 2176/1/4 2185/1/4
f 2173/3/4 2174/3/4 2187/3/4
f 2174/2/4 2182/2/4 2188/2/4
f 2187/3/4 2174/3/4 2188/3/4
f 2187/2/4 2188/2/4 2189/2/4
f 2188/2/4 2182/2/4 2190/2/4
f 2189/2/4 2188/2/4 2190/2/4
f 2185/1/4 2186/1/4 2191/1/4
f 2184/2/4 2185/2/4 2191/2/4
f 2191/1/4 2186/1/4 2192/1/4
f 2191/2/4 2192/2/4 2194/2/4
f 2192/1/4 2193/1/4 2194/1/4
f 2194/1/4 2193/1/4 2195/1/4
f 2191/2/4 2194/2/4 2197/2/4
f 2194/2/4 2195/2/4 2197/2/4
f 2195/1/4 2196/1/4 2198/1/4
f 2197/2/4 2195/2/4 2198/2/4
f 2198/1/4 2196/1/4 2199/1/4
f 2184/2/4 2191/2/4 2200/2/4
f 2191/2/4 2197/2/4 2200/2/4
f 2197/1/4 2198/1/4 2201/1/4
f 2200/2/4 2197/2/4 2201/2/4
f 2201/1/4 2198/1/4 2202/1/4
f 2203/2/4 2204/2/4 2205/2/4
f 2205/2/4 2204/2/4 2206/2/4
f 2206/2/4 2204/2/4 2207/2/4
f 2181/2/4 2184/2/4 2209/2/4
f 2184/2/4 2200/2/4 2209/2/4
f 2200/1/4 2201/1/4 2210/1/4
f 2209/2/4 2200/2/4 2210/2/4
f 2210/1/4 2201/1/4 2211/1/4
f 2181/2/4 2209/2/4 2213/2/4
f 2207/2/4 2208/2/4 2214/2/4
f 2212/2/4 2213/2/4 2216/2/4
f 2205/3/4 2206/3/4 2217/3/4
f 2214/2/4 2215/2/4 2218/2/4
f 2217/3/4 2206/3/4 2218/3/4
f 2206/2/4 2207/2/4 2218/2/4
f 2215/2/4 2216/2/4 2218/2/4
f 2207/2/4 2214/2/4 2218/2/4
f 2216/2/4 2213/2/4 2219/2/4
f 2218/2/4 2216/2/4 2219/2/4
f 2209/1/4 2210/1/4 2219/1/4
f 2213/2/4 2209/2/4 2219/2/4
f 2219/1/4 2210/1/4 2220/1/4
f 2221/2/4 2222/2/4 2225/2/4
f 2225/2/4 2222/2/4 2226/2/4
f 2223/2/4 2224/2/4 2227/2/4
f 2227/2/4 2224/2/4 2228/2/4
f 2229/2/4 2230/2/4 2231/2/4
f 2231/2/4 2230/2/4 2232/2/4
f 2233/2/4 2234/2/4 2235/2/4
f 2235/2/4 2234/2/4 2236/2/4
f 2237/2/4 2238/2/4 2241/2/4
f 2241/2/4 2238/2/4 2242/2/4
f 2239/2/4 2240/2/4 2243/2/4
f 2243/2/4 2240/2/4 2244/2/4
f 2245/2/4 2246/2/4 2247/2/4
f 2247/2/4 2246/2/4 2248/2/4
f 2249/2/4 2250/2/4 2251/2/4
f 2251/2/4 2250/2/4 2252/2/4
f 2253/2/4 2254/2/4 2257/2/4
f 2257/2/4 2254/2/4 2258/2/4
f 2255/2/4 2256/2/4 2259/2/4
f 2259/2/4 2256/2/4 2260/2/4
f 2261/2/4 2262/2/4 2263/2/4
f 2263/2/4 2262/2/4 2264/2/4
f 2265/2/4 2266/2/4 2267/2/4
f 2267/2/4 2266/2/4 2268/2/4
f 2269/2/4 2270/2/4 2272/2/4
f 2270/1/4 2271/1/4 2273/1/4
f 2272/2/4 2270/2/4 2273/2/4
f 2273/1/4 2271/1/4 2274/1/4
f 2274/1/4 2275/1/4 2277/1/4
f 2273/1/4 2274/1/4 2277/1/4
f 2277/1/4 2275/1/4 2278/1/4
f 2278/1/4 2275/1/4 2279/1/4
f 2276/2/4 2277/2/4 2280/2/4
f 2277/1/4 2278/1/4 2281/1/4
f 2280/2/4 2277/2/4 2281/2/4
f 2281/1/4 2278/1/4 2282/1/4
f 2283/2/4 2284/2/4 2287/2/4
f 2287/2/4 2284/2/4 2288/2/4
f 2285/2/4 2286/2/4 2289/2/4
f 2289/2/4 2286/2/4 2290/2/4
f 2291/2/4 2292/2/4 2293/2/4
f 2293/2/4 2292/2/4 2294/2/4
f 2295/2/4 2296/2/4 2297/2/4
f 2297/2/4 2296/2/4 2298/2/4
f 2299/2/4 2300/2/4 2303/2/4
f 2303/2/4 2300/2/4 2304/2/4
f 2301/2/4 2302/2/4 2305/2/4
f 2305/2/4 2302/2/4 2306/2/4
f 2307/2/4 2308/2/4 2309/2/4
f 2309/2/4 2308/2/4 2310/2/4
f 2311/2/4 2312/2/4 2313/2/4
f 2313/2/4 2312/2/4 2314/2/4
f 2315/2/4 2316/2/4 2318/2/4
f 2316/1/4 2317/1/4 2319/1/4
f 2318/2/4 2316/2/4 2319/2/4
f 2319/1/4 2317/1/4 2320/1/4
f 2320/1/4 2321/1/4 2323/1/4
f 2319/1/4 2320/1/4 2323/1/4
f 2323/1/4 2321/1/4 2324/1/4
f 2324/1/4 2321/1/4 2325/1/4
f 2322/2/4 2323/2/4 2326/2/4
f 2323/1/4 2324/1/4 2327/1/4
f 2326/2/4 2323/2/4 2327/2/4
f 2327/1/4 2324/1/4 2328/1/4
f 2329/2/4 2330/2/4 2332/2/4
f 2330/1/4 2331/1/4 2333/1/4
f 2332/2/4 2330/2/4 2333/2/4
f 2333/1/4 2331/1/4 2334/1/4
f 2334/1/4 2335/1/4 2337/1/4
f 2333/1/4 2334/1/4 2337/1/4
f 2337/1/4 2335/1/4 2338/1/4
f 2338/1/4 2335/1/4 2339/1/4
f 2336/2/4 2337/2/4 2340/2/4
f 2337/1/4 2338/1/4 2341/1/4
f 2340/2/4 2337/2/4 2341/2/4
f 2341/1/4 2338/1/4 2342/1/4
f 2343/2/4 2344/2/4 2347/2/4
f 2347/2/4 2344/2/4 2348/2/4
f 2345/2/4 2346/2/4 2349/2/4
f 2349/2/4 2346/2/4 2350/2/4
f 2351/2/4 2352/2/4 2353/2/4
f 2353/2/4 2352/2/4 2354/2/4
f 2355/2/4 2356/2/4 2357/2/4
f 2357/2/4 2356/2/4 2358/2/4
f 2359/2/4 2360/2/4 2363/2/4
f 2363/2/4 2360/2/4 2364/2/4
f 2361/2/4 2362/2/4 2365/2/4
f 2365/2/4 2362/2/4 2366/2/4
f 2367/2/4 2368/2/4 2369/2/4
f 2369/2/4 2368/2/4 2370/2/4
f 2371/2/4 2372/2/4 2373/2/4
f 2373/2/4 2372/2/4 2374/2/4
f 2375/2/4 2376/2/4 2378/2/4
f 2376/1/4 2377/1/4 2379/1/4
f 2378/2/4 2376/2/4 2379/2/4
f 2379/1/4 2377/1/4 2380/1/4
f 2380/1/4 2381/1/4 2383/1/4
f 2379/1/4 2380/1/4 2383/1/4
f 2383/1/4 2381/1/4 2384/1/4
f 2384/1/4 2381/1/4 2385/1/4
f 2382/2/4 2383/2/4 2386/2/4
f 2383/1/4 2384/1/4 2387/1/4
f 2386/2/4 2383/2/4 2387/2/4
f 2387/1/4 2384/1/4 2388/1/4
f 2389/2/4 2390/2/4 2393/2/4
f 2393/2/4 2390/2/4 2394/2/4
f 2391/2/4 2392/2/4 2395/2/4
f 2395/2/4 2392/2/4 2396/2/4
f 2397/2/4 2398/2/4 2399/2/4
f 2399/2/4 2398/2/4 2400/2/4
f 2401/2/4 2402/2/4 2403/2/4
f 2403/2/4 2402/2/4 2404/2/4
f 2405/2/4 2406/2/4 2409/2/4
f 2409/2/4 2406/2/4 2410/2/4
f 2407/2/4 2408/2/4 2411/2/4
f 2411/2/4 2408/2/4 2412/2/4
f 2413/2/4 2414/2/4 2415/2/4
f 2415/2/4 2414/2/4 2416/2/4
f 2417/2/4 2418/2/4 2419/2/4
f 2419/2/4 2418/2/4 2420/2/4
f 2421/2/4 2422/2/4 2424/2/4
f 2422/1/4 2423/1/4 2425/1/4
f 2424/2/4 2422/2/4 2425/2/4
f 2425/1/4 2423/1/4 2426/1/4
f 2426/1/4 2427/1/4 2429/1/4
f 2425/1/4 2426/1/4 2429/1/4
f 2429/1/4 2427/1/4 2430/1/4
f 2430/1/4 2427/1/4 2431/1/4
f 2428/2/4 2429/2/4 2432/2/4
f 2429/1/4 2430/1/4 2433/1/4
f 2432/2/4 2429/2/4 2433/2/4
f 2433/1/4 2430/1/4 2434/1/4
f 2435/2/4 2436/2/4 2439/2/4
f 2439/2/4 2436/2/4 2440/2/4
f 2437/2/4 2438/2/4 2441/2/4
f 2441/2/4 2438/2/4 2442/2/4
f 2443/2/4 2444/2/4 2445/2/4
f 2445/2/4 2444/2/4 2446/2/4
f 2447/2/4 2448/2/4 2449/2/4
f 2449/2/4 2448/2/4 2450/2/4
f 2451/2/4 2452/2/4 2455/2/4
f 2455/2/4 2452/2/4 2456/2/4
f 2453/2/4 2454/2/4 2457/2/4
f 2457/2/4 2454/2/4 2458/2/4
f 2459/2/4 2460/2/4 2461/2/4
f 2461/2/4 2460/2/4 2462/2/4
f 2463/2/4 2464/2/4 2465/2/4
f 2465/2/4 2464/2/4 2466/2/4
f 2467/2/4 2468/2/4 2470/2/4
f 2468/1/4 2469/1/4 2471/1/4
f 2470/2/4 2468/2/4 2471/2/4
f 2471/1/4 2469/1/4 2472/1/4
f 2472/1/4 2473/1/4 2475/1/4
f 2471/1/4 2472/1/4 2475/1/4
f 2475/1/4 2473/1/4 2476/1/4
f 2476/1/4 2473/1/4 2477/1/4
f 2474/2/4 2475/2/4 2478/2/4
f 2475/1/4 2476/1/4 2479/1/4
f 2478/2/4 2475/2/4 2479/2/4
f 2479/1/4 2476/1/4 2480/1/4
f 2481/2/4 2482/2/4 2485/2/4
f 2485/2/4 2482/2/4 2486/2/4
f 2483/2/4 2484/2/4 2487/2/4
f 2487/2/4 2484/2/4 2488/2/4
f 2489/2/4 2490/2/4 2491/2/4
f 2491/2/4 2490/2/4 2492/2/4
f 2493/2/4 2494/2/4 2495/2/4
f 2495/2/4 2494/2/4 2496/2/4
f 2497/2/4 2498/2/4 2501/2/4
f 2501/2/4 2498/2/4 2502/2/4
f 2499/2/4 2500/2/4 2503/2/4
f 2503/2/4 2500/2/4 2504/2/4
f 2505/2/4 2506/2/4 2507/2/4
f 2507/2/4 2506/2/4 2508/2/4
f 2509/2/4 2510/2/4 2511/2/4
f 2511/2/4 2510/2/4 2512/2/4
f 2513/2/4 2514/2/4 2516/2/4
f 2514/1/4 2515/1/4 2517/1/4
f 2516/2/4 2514/2/4 2517/2/4
f 2517/1/4 2515/1/4 2518/1/4
f 2518/1/4 2519/1/4 2521/1/4
f 2517/1/4 2518/1/4 2521/1/4
f 2521/1/4 2519/1/4 2522/1/4
f 2522/1/4 2519/1/4 2523/1/4
f 2520/2/4 2521/2/4 2524/2/4
f 2521/1/4 2522/1/4 2525/1/4
f 2524/2/4 2521/2/4 2525/2/4
f 2525/1/4 2522/1/4 2526/1/4
f 2527/2/4 2528/2/4 2531/2/4
f 2531/2/4 2528/2/4 2532/2/4
f 2529/2/4 2530/2/4 2533/2/4
f 2533/2/4 2530/2/4 2534/2/4
f 2535/2/4 2536/2/4 2537/2/4
f 2537/2/4 2536/2/4 2538/2/4
f 2539/2/4 2540/2/4 2541/2/4
f 2541/2/4 2540/2/4 2542/2/4
f 2543/2/4 2544/2/4 2547/2/4
f 2547/2/4 2544/2/4 2548/2/4
f 2545/2/4 2546/2/4 2549/2/4
f 2549/2/4 2546/2/4 2550/2/4
f 2551/2/4 2552/2/4 2553/2/4
f 2553/2/4 2552/2/4 2554/2/4
f 2555/2/4 2556/2/4 2557/2/4
f 2557/2/4 2556/2/4 2558/2/4
f 2559/2/4 2560/2/4 2562/2/4
f 2560/1/4 2561/1/4 2563/1/4
f 2562/2/4 2560/2/4 2563/2/4
f 2563/1/4 2561/1/4 2564/1/4
f 2564/1/4 2565/1/4 2567/1/4
f 2563/1/4 2564/1/4 2567/1/4
f 2567/1/4 2565/1/4 2568/1/4
f 2568/1/4 2565/1/4 2569/1/4
f 2566/2/4 2567/2/4 2570/2/4
f 2567/1/4 2568/1/4 2571/1/4
f 2570/2/4 2567/2/4 2571/2/4
f 2571/1/4 2568/1/4 2572/1/4
f 2573/2/4 2574/2/4 2577/2/4
f 2577/2/4 2574/2/4 2578/2/4
f 2575/2/4 2576/2/4 2579/2/4
f 2579/2/4 2576/2/4 2580/2/4
f 2581/2/4 2582/2/4 2583/2/4
f 2583/2/4 2582/2/4 2584/2/4
f 2585/2/4 2586/2/4 2587/2/4
f 2587/2/4 2586/2/4 2588/2/4
f 2589/2/4 2590/2/4 2593/2/4
f 2593/2/4 2590/2/4 2594/2/4
f 2591/2/4 2592/2/4 2595/2/4
f 2595/2/4 2592/2/4 2596/2/4
f 2597/2/4 2598/2/4 2599/2/4
f 2599/2/4 2598/2/4 2600/2/4
f 2601/2/4 2602/2/4 2603/2/4
f 2603/2/4 2602/2/4 2604/2/4
f 2605/2/4 2606/2/4 2608/2/4
f 2606/1/4 2607/1/4 2609/1/4
f 2608/2/4 2606/2/4 2609/2/4
f 2609/1/4 2607/1/4 2610/1/4
f 2610/1/4 2611/1/4 2613/1/4
f 2609/1/4 2610/1/4 2613/1/4
f 2613/1/4 2611/1/4 2614/1/4
f 2614/1/4 2611/1/4 2615/1/4
f 2612/2/4 2613/2/4 2616/2/4
f 2613/1/4 2614/1/4 2617/1/4
f 2616/2/4 2613/2/4 2617/2/4
f 2617/1/4 2614/1/4 2618/1/4
f 2619/4/4 2620/4/4 2622/4/4
f 2620/2/4 2621/2/4 2623/2/4
f 2622/4/4 2620/4/4 2623/4/4
f 2623/2/4 2621/2/4 2624/2/4
f 2625/4/4 2626/4/4 2628/4/4
f 2626/2/4 2627/2/4 2629/2/4
f 2628/4/4 2626/4/4 2629/4/4
f 2629/2/4 2627/2/4 2630/2/4
f 2631/4/4 2632/4/4 2634/4/4
f 2632/2/4 2633/2/4 2635/2/4
f 2634/4/4 2632/4/4 2635/4/4
f 2635/2/4 2633/2/4 2636/2/4
f 2637/4/4 2638/4/4 2640/4/4
f 2638/2/4 2639/2/4 2641/2/4
f 2640/4/4 2638/4/4 2641/4/4
f 2641/2/4 2639/2/4 2642/2/4
f 2643/2/4 2644/2/4 2645/2/4
f 2645/2/4 2644/2/4 2646/2/4
f 2647/4/4 2648/4/4 2651/4/4
f 2650/4/4 2651/4/4 2653/4/4
f 2651/4/4 2648/4/4 2654/4/4
f 2653/4/4 2651/4/4 2654/4/4
f 2652/4/4 2653/4/4 2655/4/4
f 2653/2/4 2654/2/4 2656/2/4
f 2655/4/4 2653/4/4 2656/4/4
f 2654/4/4 2648/4/4 2657/4/4
f 2656/2/4 2654/2/4 2657/2/4
f 2656/4/4 2657/4/4 2658/4/4
f 2657/4/4 2648/4/4 2659/4/4
f 2658/4/4 2657/4/4 2659/4/4
f 2659/4/4 2648/4/4 2660/4/4
f 2648/2/4 2649/2/4 2661/2/4
f 2660/4/4 2648/4/4 2661/4/4
f 2661/2/4 2649/2/4 2662/2/4
f 2663/2/4 2664/2/4 2665/2/4
f 2665/2/4 2664/2/4 2666/2/4
f 2667/2/4 2668/2/4 2671/2/4
f 2671/2/4 2668/2/4 2672/2/4
f 2669/2/4 2670/2/4 2673/2/4
f 2673/2/4 2670/2/4 2674/2/4
f 2675/2/4 2676/2/4 2677/2/4
f 2677/2/4 2676/2/4 2678/2/4
f 2679/2/4 2680/2/4 2681/2/4
f 2681/2/4 2680/2/4 2682/2/4
f 2683/2/4 2684/2/4 2685/2/4
f 2685/2/4 2684/2/4 2686/2/4
f 2687/2/4 2688/2/4 2689/2/4
f 2689/2/4 2688/2/4 2690/2/4
f 2691/2/4 2692/2/4 2694/2/4
f 2694/2/4 2692/2/4 2695/2/4
f 2693/2/4 2694/2/4 2696/2/4
f 2696/2/4 2694/2/4 2697/2/4
f 2697/2/4 2698/2/4 2699/2/4
f 2699/2/4 2698/2/4 2700/2/4
f 2701/2/4 2702/2/4 2703/2/4
f 2703/2/4 2702/2/4 2704/2/4
f 2705/2/4 2706/2/4 2707/2/4
f 2707/2/4 2706/2/4 2708/2/4
f 2709/2/4 2710/2/4 2711/2/4
f 2711/2/4 2710/2/4 2712/2/4
f 2713/2/4 2714/2/4 2716/2/4
f 2716/2/4 2714/2/4 2717/2/4
f 2715/2/4 2716/2/4 2718/2/4
f 2718/2/4 2716/2/4 2719/2/4
f 2719/2/4 2720/2/4 2721/2/4
f 2721/2/4 2720/2/4 2722/2/4
f 2723/2/4 2724/2/4 2726/2/4
f 2724/1/4 2725/1/4 2727/1/4
f 2726/2/4 2724/2/4 2727/2/4
f 2727/1/4 2725/1/4 2728/1/4
f 2730/2/4 2731/2/4 2733/2/4
f 2733/2/4 2731/2/4 2734/2/4
f 2732/2/4 2733/2/4 2735/2/4
f 2735/2/4 2733/2/4 2736/2/4
f 2737/2/4 2738/2/4 2739/2/4
f 2739/2/4 2738/2/4 2740/2/4
f 2741/2/4 2742/2/4 2743/2/4
f 2743/2/4 2742/2/4 2744/2/4
f 2744/2/4 2745/2/4 2746/2/4
f 2746/2/4 2745/2/4 2747/2/4
f 2728/1/4 2729/1/4 2749/1/4
f 2727/1/4 2728/1/4 2749/1/4
f 2749/1/4 2729/1/4 2750/1/4
f 2750/1/4 2729/1/4 2751/1/4
f 2748/2/4 2749/2/4 2752/2/4
f 2749/1/4 2750/1/4 2753/1/4
f 2752/2/4 2749/2/4 2753/2/4
f 2753/1/4 2750/1/4 2754/1/4
f 2755/2/4 2756/2/4 2757/2/4
f 2757/2/4 2756/2/4 2758/2/4
f 2759/2/4 2760/2/4 2762/2/4
f 2762/2/4 2760/2/4 2763/2/4
f 2761/2/4 2762/2/4 2764/2/4
f 2764/2/4 2762/2/4 2765/2/4
f 2765/2/4 2766/2/4 2767/2/4
f 2767/2/4 2766/2/4 2768/2/4
f 2769/2/4 2770/2/4 2771/2/4
f 2771/2/4 2770/2/4 2772/2/4
f 2773/2/4 2774/2/4 2775/2/4
f 2775/2/4 2774/2/4 2776/2/4
f 2777/2/4 2778/2/4 2779/2/4
f 2779/2/4 2778/2/4 2780/2/4
f 2781/2/4 2782/2/4 2783/2/4
f 2783/2/4 2782/2/4 2784/2/4
f 2785/2/4 2786/2/4 2787/2/4
f 2787/2/4 2786/2/4 2788/2/4
f 2789/2/4 2790/2/4 2791/2/4
f 2791/2/4 2790/2/4 2792/2/4
f 2793/2/4 2794/2/4 2795/2/4
f 2795/2/4 2794/2/4 2796/2/4
f 2797/2/4 2798/2/4 2800/2/4
f 2800/2/4 2798/2/4 2801/2/4
f 2799/2/4 2800/2/4 2802/2/4
f 2802/2/4 2800/2/4 2803/2/4
f 2803/2/4 2804/2/4 2805/2/4
f 2805/2/4 2804/2/4 2806/2/4
f 2807/2/4 2808/2/4 2809/2/4
f 2809/2/4 2808/2/4 2810/2/4
f 2811/2/4 2812/2/4 2813/2/4
f 2813/2/4 2812/2/4 2814/2/4
f 2815/2/4 2816/2/4 2817/2/4
f 2817/2/4 2816/2/4 2818/2/4
f 2819/2/4 2820/2/4 2822/2/4
f 2820/1/4 2821/1/4 2823/1/4
f 2822/2/4 2820/2/4 2823/2/4
f 2823/1/4 2821/1/4 2824/1/4
f 2824/1/4 2825/1/4 2826/1/4
f 2823/1/4 2824/1/4 2826/1/4
f 2826/1/4 2825/1/4 2827/1/4
f 2827/1/4 2825/1/4 2829/1/4
f 2829/1/4 2825/1/4 2830/1/4
f 2830/1/4 2825/1/4 2831/1/4
f 2828/2/4 2829/2/4 2832/2/4
f 2829/1/4 2830/1/4 2833/1/4
f 2832/2/4 2829/2/4 2833/2/4
f 2833/1/4 2830/1/4 2834/1/4
f 2835/2/4 2836/2/4 2837/2/4
f 2837/2/4 2836/2/4 2838/2/4
f 2838/2/4 2836/2/4 2839/2/4
f 2839/2/4 2840/2/4 2841/2/4
f 2838/2/4 2839/2/4 2841/2/4
f 2841/2/4 2840/2/4 2842/2/4
f 2835/2/4 2837/2/4 2844/2/4
f 2844/2/4 2837/2/4 2845/2/4
f 2843/2/4 2844/2/4 2845/2/4
f 2845/2/4 2837/2/4 2846/2/4
f 2842/2/4 2840/2/4 2847/2/4
f 2847/2/4 2840/2/4 2848/2/4
f 2843/2/4 2845/2/4 2849/2/4
f 2847/1/4 2848/1/4 2851/1/4
f 2851/1/4 2848/1/4 2852/1/4
f 2849/2/4 2850/2/4 2853/2/4
f 2843/2/4 2849/2/4 2853/2/4
f 2853/2/4 2850/2/4 2854/2/4
f 2851/2/4 2852/2/4 2856/2/4
f 2854/2/4 2850/2/4 2857/2/4
f 2855/2/4 2856/2/4 2858/2/4
f 2856/2/4 2852/2/4 2859/2/4
f 2858/2/4 2856/2/4 2859/2/4
f 2859/2/4 2852/2/4 2860/2/4
f 2854/2/4 2857/2/4 2861/2/4
f 2857/2/4 2858/2/4 2861/2/4
f 2858/2/4 2859/2/4 2861/2/4
f 2861/2/4 2859/2/4 2862/2/4
f 2863/2/4 2864/2/4 2865/2/4
f 2865/2/4 2864/2/4 2866/2/4
f 2867/2/4 2868/2/4 2869/2/4
f 2869/2/4 2868/2/4 2870/2/4
f 2871/2/4 2872/2/4 2873/2/4
f 2873/2/4 2872/2/4 2874/2/4
f 2874/2/4 2872/2/4 2875/2/4
f 2875/2/4 2876/2/4 2877/2/4
f 2874/2/4 2875/2/4 2877/2/4
f 2877/2/4 2876/2/4 2878/2/4
f 2871/2/4 2873/2/4 2880/2/4
f 2880/2/4 2873/2/4 2881/2/4
f 2879/2/4 2880/2/4 2881/2/4
f 2881/2/4 2873/2/4 2882/2/4
f 2879/2/4 2881/2/4 2883/2/4
f 2879/2/4 2883/2/4 2885/2/4
f 2883/2/4 2884/2/4 2885/2/4
f 2885/2/4 2884/2/4 2886/2/4
f 2878/2/4 2876/2/4 2888/2/4
f 2886/2/4 2884/2/4 2889/2/4
f 2887/2/4 2888/2/4 2890/2/4
f 2888/2/4 2876/2/4 2891/2/4
f 2890/2/4 2888/2/4 2891/2/4
f 2891/2/4 2876/2/4 2892/2/4
f 2886/2/4 2889/2/4 2893/2/4
f 2889/2/4 2890/2/4 2893/2/4
f 2890/2/4 2891/2/4 2893/2/4
f 2893/2/4 2891/2/4 2894/2/4
f 2895/2/4 2896/2/4 2897/2/4
f 2897/2/4 2896/2/4 2898/2/4
f 2899/2/4 2900/2/4 2901/2/4
f 2901/2/4 2900/2/4 2902/2/4
f 2903/2/4 2904/2/4 2905/2/4
f 2903/2/4 2905/2/4 2908/2/4
f 2905/2/4 2906/2/4 2908/2/4
f 2907/2/4 2908/2/4 2909/2/4
f 2908/2/4 2906/2/4 2910/2/4
f 2909/2/4 2908/2/4 2910/2/4
f 2910/2/4 2906/2/4 2911/2/4
f 2911/2/4 2906/2/4 2912/2/4
f 2910/2/4 2911/2/4 2913/2/4
f 2913/2/4 2911/2/4 2914/2/4
f 2917/3/5 2916/3/5 2915/3/5
f 2918/3/5 2916/3/5 2917/3/5
f 2919/4/5 2918/4/5 2917/4/5
f 2920/4/5 2918/4/5 2919/4/5
f 2923/3/5 2922/3/5 2921/3/5
f 2924/3/5 2922/3/5 2923/3/5
f 2927/3/5 2926/3/5 2925/3/5
f 2928/3/5 2926/3/5 2927/3/5
f 2937/3/5 2930/3/5 2929/3/5
f 2938/3/5 2932/3/5 2931/3/5
f 2939/3/5 2934/3/5 2933/3/5
f 2940/3/5 2936/3/5 2935/3/5
f 2941/3/5 2937/3/5 2929/3/5
f 2941/3/5 2938/3/5 2937/3/5
f 2942/3/5 2932/3/5 2938/3/5
f 2942/3/5 2938/3/5 2941/3/5
f 2943/3/5 2940/3/5 2939/3/5
f 2943/3/5 2939/3/5 2933/3/5
f 2944/3/5 2936/3/5 2940/3/5
f 2944/3/5 2940/3/5 2943/3/5
f 2945/4/5 2942/4/5 2941/4/5
f 2946/4/5 2942/4/5 2945/4/5
f 2947/4/5 2944/4/5 2943/4/5
f 2948/4/5 2944/4/5 2947/4/5
f 2957/3/5 2950/3/5 2949/3/5
f 2958/3/5 2950/3/5 2957/3/5
f 2959/3/5 2952/3/5 2951/3/5
f 2960/3/5 2952/3/5 2959/3/5
f 2961/3/5 2954/3/5 2953/3/5
f 2962/3/5 2954/3/5 2961/3/5
f 2963/3/5 2956/3/5 2955/3/5
f 2964/3/5 2956/3/5 2963/3/5
f 2965/3/5 2959/3/5 2958/3/5
f 2966/3/5 2959/3/5 2965/3/5
f 2967/3/5 2963/3/5 2962/3/5
f 2968/3/5 2963/3/5 2967/3/5
f 2979/3/5 2970/3/5 2969/3/5
f 2980/3/5 2970/3/5 2979/3/5
f 2981/3/5 2972/3/5 2971/3/5
f 2982/2/5 2973/2/5 2972/2/5
f 2982/3/5 2972/3/5 2981/3/5
f 2983/2/5 2973/2/5 2982/2/5
f 2984/2/5 2975/2/5 2974/2/5
f 2985/3/5 2976/3/5 2975/3/5
f 2985/2/5 2975/2/5 2984/2/5
f 2986/3/5 2976/3/5 2985/3/5
f 2987/3/5 2978/3/5 2977/3/5
f 2988/3/5 2978/3/5 2987/3/5
f 2991/3/5 2981/3/5 2980/3/5
f 2992/3/5 2981/3/5 2991/3/5
f 2993/3/5 2987/3/5 2986/3/5
f 2994/3/5 2987/3/5 2993/3/5
f 2997/3/5 2990/3/5 2989/3/5
f 2998/3/5 2996/3/5 2995/3/5
f 2999/3/5 2997/3/5 2989/3/5
f 3000/3/5 2997/3/5 2999/3/5
f 3001/3/5 2997/3/5 3000/3/5
f 3002/3/5 2996/3/5 2998/3/5
f 3003/3/5 2996/3/5 3002/3/5
f 3004/3/5 2996/3/5 3003/3/5
f 3005/4/5 3001/4/5 3000/4/5
f 3006/4/5 3001/4/5 3005/4/5
f 3007/4/5 3003/4/5 3002/4/5
f 3008/4/5 3003/4/5 3007/4/5
f 3009/4/5 3001/4/5 3006/4/5
f 3010/4/5 3001/4/5 3009/4/5
f 3011/4/5 3007/4/5 3002/4/5
f 3012/4/5 3007/4/5 3011/4/5
f 3013/4/5 3001/4/5 3010/4/5
f 3014/4/5 3001/4/5 3013/4/5
f 3015/4/5 3011/4/5 3002/4/5
f 3016/4/5 3011/4/5 3015/4/5
f 3021/3/5 3018/3/5 3017/3/5
f 3022/3/5 3018/3/5 3021/3/5
f 3023/3/5 3020/3/5 3019/3/5
f 3024/3/5 3020/3/5 3023/3/5
f 3025/3/5 3021/3/5 3017/3/5
f 3026/3/5 3021/3/5 3025/3/5
f 3027/3/5 3020/3/5 3024/3/5
f 3028/3/5 3020/3/5 3027/3/5
f 3033/3/5 3030/3/5 3029/3/5
f 3034/3/5 3030/3/5 3033/3/5
f 3035/3/5 3032/3/5 3031/3/5
f 3036/3/5 3032/3/5 3035/3/5
f 3038/3/5 3033/3/5 3029/3/5
f 3039/3/5 3032/3/5 3036/3/5
f 3041/3/5 3038/3/5 3037/3/5
f 3042/3/5 3038/3/5 3041/3/5
f 3043/3/5 3033/3/5 3038/3/5
f 3043/3/5 3038/3/5 3042/3/5
f 3046/3/5 3040/3/5 3039/3/5
f 3046/3/5 3039/3/5 3036/3/5
f 3047/3/5 3040/3/5 3046/3/5
f 3048/3/5 3040/3/5 3047/3/5
f 3050/4/5 3044/4/5 3043/4/5
f 3050/4/5 3043/4/5 3042/4/5
f 3051/4/5 3044/4/5 3050/4/5
f 3052/4/5 3044/4/5 3051/4/5
f 3053/4/5 3047/4/5 3046/4/5
f 3053/4/5 3046/4/5 3045/4/5
f 3054/4/5 3047/4/5 3053/4/5
f 3055/4/5 3047/4/5 3054/4/5
f 3057/3/5 3051/3/5 3050/3/5
f 3057/3/5 3050/3/5 3049/3/5
f 3058/2/5 3052/2/5 3051/2/5
f 3058/3/5 3051/3/5 3057/3/5
f 3059/2/5 3052/2/5 3058/2/5
f 3060/2/5 3054/2/5 3053/2/5
f 3061/3/5 3056/3/5 3055/3/5
f 3061/2/5 3054/2/5 3060/2/5
f 3061/3/5 3055/3/5 3054/3/5
f 3062/3/5 3056/3/5 3061/3/5
f 3067/3/5 3064/3/5 3063/3/5
f 3068/3/5 3064/3/5 3067/3/5
f 3069/3/5 3066/3/5 3065/3/5
f 3070/3/5 3066/3/5 3069/3/5
f 3071/3/5 3067/3/5 3063/3/5
f 3072/3/5 3067/3/5 3071/3/5
f 3073/3/5 3066/3/5 3070/3/5
f 3074/3/5 3066/3/5 3073/3/5
f 3079/3/5 3076/3/5 3075/3/5
f 3080/3/5 3076/3/5 3079/3/5
f 3081/3/5 3078/3/5 3077/3/5
f 3082/3/5 3078/3/5 3081/3/5
f 3087/3/5 3084/3/5 3083/3/5
f 3088/3/5 3084/3/5 3087/3/5
f 3089/3/5 3086/3/5 3085/3/5
f 3090/3/5 3086/3/5 3089/3/5
f 3095/3/5 3092/3/5 3091/3/5
f 3096/3/5 3092/3/5 3095/3/5
f 3101/3/5 3094/3/5 3093/3/5
f 3102/3/5 3094/3/5 3101/3/5
f 3105/4/5 3098/4/5 3097/4/5
f 3106/4/5 3098/4/5 3105/4/5
f 3107/4/5 3100/4/5 3099/4/5
f 3108/4/5 3100/4/5 3107/4/5
f 3111/3/5 3104/3/5 3103/3/5
f 3112/3/5 3104/3/5 3111/3/5
f 3113/3/5 3110/3/5 3109/3/5
f 3114/3/5 3110/3/5 3113/3/5
f 3117/6/5 3116/6/5 3115/6/5
f 3118/6/5 3116/6/5 3117/6/5
f 3121/2/5 3120/2/5 3119/2/5
f 3122/2/5 3120/2/5 3121/2/5
f 3127/6/5 3124/6/5 3123/6/5
f 3128/6/5 3124/6/5 3127/6/5
f 3129/6/5 3126/6/5 3125/6/5
f 3130/6/5 3126/6/5 3129/6/5
f 3133/2/5 3132/2/5 3131/2/5
f 3134/2/5 3132/2/5 3133/2/5
f 3139/6/5 3136/6/5 3135/6/5
f 3140/6/5 3136/6/5 3139/6/5
f 3141/6/5 3138/6/5 3137/6/5
f 3142/6/5 3138/6/5 3141/6/5
f 3147/2/5 3144/2/5 3143/2/5
f 3150/2/5 3146/2/5 3145/2/5
f 3151/2/5 3148/2/5 3147/2/5
f 3151/2/5 3147/2/5 3143/2/5
f 3152/2/5 3148/2/5 3151/2/5
f 3153/2/5 3150/2/5 3149/2/5
f 3153/2/5 3146/2/5 3150/2/5
f 3154/2/5 3146/2/5 3153/2/5
f 3155/2/5 3148/2/5 3152/2/5
f 3156/2/5 3148/2/5 3155/2/5
f 3157/2/5 3153/2/5 3149/2/5
f 3158/2/5 3153/2/5 3157/2/5
f 3161/2/5 3160/2/5 3159/2/5
f 3162/2/5 3160/2/5 3161/2/5
f 3165/6/5 3164/6/5 3163/6/5
f 3166/6/5 3164/6/5 3165/6/5
f 3169/6/5 3168/6/5 3167/6/5
f 3170/6/5 3168/6/5 3169/6/5
f 3175/6/5 3172/6/5 3171/6/5
f 3176/6/5 3172/6/5 3175/6/5
f 3177/6/5 3174/6/5 3173/6/5
f 3178/6/5 3174/6/5 3177/6/5
f 3181/2/5 3180/2/5 3179/2/5
f 3182/2/5 3180/2/5 3181/2/5
f 3187/2/5 3184/2/5 3183/2/5
f 3190/2/5 3186/2/5 3185/2/5
f 3191/2/5 3188/2/5 3187/2/5
f 3191/2/5 3187/2/5 3183/2/5
f 3192/2/5 3188/2/5 3191/2/5
f 3193/2/5 3190/2/5 3189/2/5
f 3193/2/5 3186/2/5 3190/2/5
f 3194/2/5 3186/2/5 3193/2/5
f 3195/2/5 3188/2/5 3192/2/5
f 3196/2/5 3188/2/5 3195/2/5
f 3197/2/5 3193/2/5 3189/2/5
f 3198/2/5 3193/2/5 3197/2/5
f 3199/2/5 3197/2/5 3196/2/5
f 3200/2/5 3197/2/5 3199/2/5
f 3203/6/5 3202/6/5 3201/6/5
f 3204/6/5 3202/6/5 3203/6/5
f 3209/2/5 3206/2/5 3205/2/5
f 3210/2/5 3206/2/5 3209/2/5
f 3211/2/5 3208/2/5 3207/2/5
f 3212/2/5 3208/2/5 3211/2/5
f 3217/2/5 3214/2/5 3213/2/5
f 3218/2/5 3214/2/5 3217/2/5
f 3219/2/5 3216/2/5 3215/2/5
f 3220/2/5 3216/2/5 3219/2/5
f 3225/2/5 3222/2/5 3221/2/5
f 3226/2/5 3222/2/5 3225/2/5
f 3227/2/5 3224/2/5 3223/2/5
f 3228/2/5 3224/2/5 3227/2/5
f 3233/2/5 3230/2/5 3229/2/5
f 3234/2/5 3230/2/5 3233/2/5
f 3235/2/5 3232/2/5 3231/2/5
f 3236/2/5 3232/2/5 3235/2/5
f 3241/2/5 3238/2/5 3237/2/5
f 3242/2/5 3238/2/5 3241/2/5
f 3243/2/5 3240/2/5 3239/2/5
f 3244/2/5 3240/2/5 3243/2/5
f 3249/2/5 3246/2/5 3245/2/5
f 3250/2/5 3246/2/5 3249/2/5
f 3251/2/5 3248/2/5 3247/2/5
f 3252/2/5 3248/2/5 3251/2/5
f 3257/2/5 3254/2/5 3253/2/5
f 3258/2/5 3254/2/5 3257/2/5
f 3259/2/5 3256/2/5 3255/2/5
f 3260/2/5 3256/2/5 3259/2/5
f 3265/2/5 3262/2/5 3261/2/5
f 3266/2/5 3262/2/5 3265/2/5
f 3267/2/5 3264/2/5 3263/2/5
f 3268/2/5 3264/2/5 3267/2/5
f 3271/2/5 3270/2/5 3269/2/5
f 3272/2/5 3270/2/5 3271/2/5
f 3277/2/5 3274/2/5 3273/2/5
f 3278/2/5 3274/2/5 3277/2/5
f 3279/2/5 3276/2/5 3275/2/5
f 3280/2/5 3276/2/5 3279/2/5
f 3285/2/5 3282/2/5 3281/2/5
f 3286/2/5 3282/2/5 3285/2/5
f 3287/2/5 3284/2/5 3283/2/5
f 3288/2/5 3284/2/5 3287/2/5
f 3293/2/5 3290/2/5 3289/2/5
f 3296/2/5 3292/2/5 3291/2/5
f 3297/2/5 3294/2/5 3293/2/5
f 3297/2/5 3293/2/5 3289/2/5
f 3298/2/5 3294/2/5 3297/2/5
f 3299/2/5 3296/2/5 3295/2/5
f 3299/2/5 3292/2/5 3296/2/5
f 3300/2/5 3292/2/5 3299/2/5
f 3301/2/5 3294/2/5 3298/2/5
f 3302/2/5 3294/2/5 3301/2/5
f 3303/2/5 3299/2/5 3295/2/5
f 3304/2/5 3299/2/5 3303/2/5
f 3305/2/5 3303/2/5 3302/2/5
f 3306/2/5 3303/2/5 3305/2/5
f 3311/2/5 3308/2/5 3307/2/5
f 3312/2/5 3308/2/5 3311/2/5
f 3313/2/5 3310/2/5 3309/2/5
f 3314/2/5 3310/2/5 3313/2/5
f 3319/2/5 3316/2/5 3315/2/5
f 3320/2/5 3316/2/5 3319/2/5
f 3321/2/5 3318/2/5 3317/2/5
f 3322/2/5 3318/2/5 3321/2/5
f 3327/2/5 3324/2/5 3323/2/5
f 3328/2/5 3324/2/5 3327/2/5
f 3329/2/5 3326/2/5 3325/2/5
f 3330/2/5 3326/2/5 3329/2/5
f 3335/2/5 3332/2/5 3331/2/5
f 3336/2/5 3332/2/5 3335/2/5
f 3337/2/5 3334/2/5 3333/2/5
f 3338/2/5 3334/2/5 3337/2/5
f 3343/2/5 3340/2/5 3339/2/5
f 3344/2/5 3340/2/5 3343/2/5
f 3345/2/5 3342/2/5 3341/2/5
f 3346/2/5 3342/2/5 3345/2/5
f 3351/2/5 3348/2/5 3347/2/5
f 3352/2/5 3348/2/5 3351/2/5
f 3353/2/5 3350/2/5 3349/2/5
f 3354/2/5 3350/2/5 3353/2/5
f 3359/2/5 3356/2/5 3355/2/5
f 3360/2/5 3356/2/5 3359/2/5
f 3361/2/5 3358/2/5 3357/2/5
f 3362/2/5 3358/2/5 3361/2/5
f 3367/2/5 3364/2/5 3363/2/5
f 3368/2/5 3364/2/5 3367/2/5
f 3369/2/5 3366/2/5 3365/2/5
f 3370/2/5 3366/2/5 3369/2/5
f 3375/2/5 3372/2/5 3371/2/5
f 3376/2/5 3372/2/5 3375/2/5
f 3377/2/5 3374/2/5 3373/2/5
f 3378/2/5 3374/2/5 3377/2/5
f 3383/2/5 3380/2/5 3379/2/5
f 3384/2/5 3380/2/5 3383/2/5
f 3385/2/5 3382/2/5 3381/2/5
f 3386/2/5 3382/2/5 3385/2/5
f 3391/2/5 3388/2/5 3387/2/5
f 3392/2/5 3388/2/5 3391/2/5
f 3393/2/5 3390/2/5 3389/2/5
f 3394/2/5 3390/2/5 3393/2/5
f 3399/2/5 3396/2/5 3395/2/5
f 3400/2/5 3396/2/5 3399/2/5
f 3401/2/5 3398/2/5 3397/2/5
f 3402/2/5 3398/2/5 3401/2/5
f 3405/2/5 3404/2/5 3403/2/5
f 3406/2/5 3404/2/5 3405/2/5
f 3411/2/5 3408/2/5 3407/2/5
f 3412/2/5 3408/2/5 3411/2/5
f 3413/2/5 3410/2/5 3409/2/5
f 3414/2/5 3410/2/5 3413/2/5
f 3419/2/5 3416/2/5 3415/2/5
f 3420/2/5 3416/2/5 3419/2/5
f 3421/2/5 3418/2/5 3417/2/5
f 3422/2/5 3418/2/5 3421/2/5
f 3425/2/5 3424/2/5 3423/2/5
f 3426/2/5 3424/2/5 3425/2/5
f 3431/2/5 3428/2/5 3427/2/5
f 3432/2/5 3428/2/5 3431/2/5
f 3433/2/5 3430/2/5 3429/2/5
f 3434/2/5 3430/2/5 3433/2/5
f 3439/2/5 3436/2/5 3435/2/5
f 3440/2/5 3436/2/5 3439/2/5
f 3441/2/5 3438/2/5 3437/2/5
f 3442/2/5 3438/2/5 3441/2/5
f 3447/2/5 3444/2/5 3443/2/5
f 3450/2/5 3446/2/5 3445/2/5
f 3451/2/5 3448/2/5 3447/2/5
f 3451/2/5 3447/2/5 3443/2/5
f 3452/2/5 3448/2/5 3451/2/5
f 3453/2/5 3450/2/5 3449/2/5
f 3453/2/5 3446/2/5 3450/2/5
f 3454/2/5 3446/2/5 3453/2/5
f 3455/2/5 3448/2/5 3452/2/5
f 3456/2/5 3448/2/5 3455/2/5
f 3457/2/5 3453/2/5 3449/2/5
f 3458/2/5 3453/2/5 3457/2/5
f 3459/2/5 3457/2/5 3456/2/5
f 3460/2/5 3457/2/5 3459/2/5
f 3465/2/5 3462/2/5 3461/2/5
f 3466/2/5 3462/2/5 3465/2/5
f 3467/2/5 3464/2/5 3463/2/5
f 3468/2/5 3464/2/5 3467/2/5
f 3473/2/5 3470/2/5 3469/2/5
f 3474/2/5 3470/2/5 3473/2/5
f 3475/2/5 3472/2/5 3471/2/5
f 3476/2/5 3472/2/5 3475/2/5
f 3481/2/5 3478/2/5 3477/2/5
f 3482/2/5 3478/2/5 3481/2/5
f 3483/2/5 3480/2/5 3479/2/5
f 3484/2/5 3480/2/5 3483/2/5
f 3489/2/5 3486/2/5 3485/2/5
f 3490/2/5 3486/2/5 3489/2/5
f 3491/2/5 3488/2/5 3487/2/5
f 3492/2/5 3488/2/5 3491/2/5
f 3497/2/5 3494/2/5 3493/2/5
f 3498/2/5 3494/2/5 3497/2/5
f 3499/2/5 3496/2/5 3495/2/5
f 3500/2/5 3496/2/5 3499/2/5
f 3505/2/5 3502/2/5 3501/2/5
f 3506/2/5 3502/2/5 3505/2/5
f 3507/2/5 3504/2/5 3503/2/5
f 3508/2/5 3504/2/5 3507/2/5
f 3511/2/5 3510/2/5 3509/2/5
f 3512/2/5 3510/2/5 3511/2/5
f 3517/2/5 3514/2/5 3513/2/5
f 3518/2/5 3514/2/5 3517/2/5
f 3519/2/5 3516/2/5 3515/2/5
f 3520/2/5 3516/2/5 3519/2/5
f 3525/2/5 3522/2/5 3521/2/5
f 3526/2/5 3522/2/5 3525/2/5
f 3529/2/5 3524/2/5 3523/2/5
f 3530/2/5 3524/2/5 3529/2/5
f 3531/2/5 3527/2/5 3526/2/5
f 3534/2/5 3529/2/5 3528/2/5
f 3535/2/5 3532/2/5 3531/2/5
f 3535/2/5 3531/2/5 3526/2/5
f 3536/2/5 3532/2/5 3535/2/5
f 3537/2/5 3534/2/5 3533/2/5
f 3537/2/5 3529/2/5 3534/2/5
f 3538/2/5 3529/2/5 3537/2/5
f 3539/2/5 3532/2/5 3536/2/5
f 3540/2/5 3532/2/5 3539/2/5
f 3541/2/5 3537/2/5 3533/2/5
f 3542/2/5 3537/2/5 3541/2/5
f 3543/2/5 3541/2/5 3540/2/5
f 3544/2/5 3541/2/5 3543/2/5
f 3549/2/5 3546/2/5 3545/2/5
f 3550/2/5 3546/2/5 3549/2/5
f 3551/2/5 3548/2/5 3547/2/5
f 3552/2/5 3548/2/5 3551/2/5
f 3557/2/5 3554/2/5 3553/2/5
f 3558/2/5 3554/2/5 3557/2/5
f 3559/2/5 3556/2/5 3555/2/5
f 3560/2/5 3556/2/5 3559/2/5
f 3563/2/5 3562/2/5 3561/2/5
f 3564/2/5 3562/2/5 3563/2/5
f 3569/2/5 3566/2/5 3565/2/5
f 3572/2/5 3568/2/5 3567/2/5
f 3573/2/5 3570/2/5 3569/2/5
f 3573/2/5 3569/2/5 3565/2/5
f 3574/2/5 3570/2/5 3573/2/5
f 3575/2/5 3570/2/5 3574/2/5
f 3578/2/5 3572/2/5 3571/2/5
f 3579/2/5 3568/2/5 3572/2/5
f 3579/2/5 3572/2/5 3578/2/5
f 3580/2/5 3568/2/5 3579/2/5
f 3581/2/5 3576/2/5 3575/2/5
f 3581/2/5 3575/2/5 3574/2/5
f 3584/2/5 3578/2/5 3577/2/5
f 3584/2/5 3579/2/5 3578/2/5
f 3585/2/5 3582/2/5 3581/2/5
f 3586/2/5 3584/2/5 3583/2/5
f 3587/2/5 3585/2/5 3581/2/5
f 3587/2/5 3586/2/5 3585/2/5
f 3587/2/5 3581/2/5 3574/2/5
f 3588/2/5 3584/2/5 3586/2/5
f 3588/2/5 3586/2/5 3587/2/5
f 3588/2/5 3579/2/5 3584/2/5
f 3593/2/5 3590/2/5 3589/2/5
f 3594/2/5 3590/2/5 3593/2/5
f 3595/2/5 3592/2/5 3591/2/5
f 3596/2/5 3592/2/5 3595/2/5
f 3601/2/5 3598/2/5 3597/2/5
f 3602/2/5 3598/2/5 3601/2/5
f 3605/2/5 3600/2/5 3599/2/5
f 3606/2/5 3600/2/5 3605/2/5
f 3607/2/5 3604/2/5 3603/2/5
f 3608/2/5 3604/2/5 3607/2/5
f 3613/2/5 3610/2/5 3609/2/5
f 3614/2/5 3610/2/5 3613/2/5
f 3615/2/5 3612/2/5 3611/2/5
f 3616/2/5 3612/2/5 3615/2/5
f 3617/2/5 3610/2/5 3614/2/5
f 3618/2/5 3610/2/5 3617/2/5
f 3621/2/5 3615/2/5 3611/2/5
f 3622/2/5 3615/2/5 3621/2/5
f 3623/2/5 3620/2/5 3619/2/5
f 3624/2/5 3620/2/5 3623/2/5
f 3629/2/5 3626/2/5 3625/2/5
f 3630/2/5 3626/2/5 3629/2/5
f 3631/2/5 3628/2/5 3627/2/5
f 3632/2/5 3628/2/5 3631/2/5
f 3633/2/5 3626/2/5 3630/2/5
f 3634/2/5 3626/2/5 3633/2/5
f 3635/2/5 3631/2/5 3627/2/5
f 3636/2/5 3631/2/5 3635/2/5
f 3640/4/5 3638/4/5 3637/4/5
f 3641/4/5 3638/4/5 3640/4/5
f 3643/4/5 3640/4/5 3639/4/5
f 3643/4/5 3642/4/5 3641/4/5
f 3643/4/5 3641/4/5 3640/4/5
f 3644/4/5 3642/4/5 3643/4/5
f 3645/4/5 3642/4/5 3644/4/5
f 3646/4/5 3642/4/5 3645/4/5
f 3647/3/5 3644/3/5 3643/3/5
f 3648/3/5 3644/3/5 3647/3/5
f 3649/4/5 3645/4/5 3644/4/5
f 3649/3/5 3644/3/5 3648/3/5
f 3650/3/5 3646/3/5 3645/3/5
f 3650/4/5 3645/4/5 3649/4/5
f 3651/3/5 3646/3/5 3650/3/5
f 3652/3/5 3646/3/5 3651/3/5
f 3653/4/5 3649/4/5 3648/4/5
f 3653/4/5 3651/4/5 3650/4/5
f 3653/4/5 3650/4/5 3649/4/5
f 3654/4/5 3651/4/5 3653/4/5
f 3657/4/5 3656/4/5 3655/4/5
f 3658/4/5 3656/4/5 3657/4/5
f 3661/4/5 3660/4/5 3659/4/5
f 3662/4/5 3660/4/5 3661/4/5
f 3667/4/5 3664/4/5 3663/4/5
f 3668/4/5 3666/4/5 3665/4/5
f 3669/4/5 3667/4/5 3663/4/5
f 3669/4/5 3668/4/5 3667/4/5
f 3670/4/5 3666/4/5 3668/4/5
f 3670/4/5 3668/4/5 3669/4/5
f 3673/4/5 3672/4/5 3671/4/5
f 3674/4/5 3672/4/5 3673/4/5
f 3677/4/5 3676/4/5 3675/4/5
f 3678/4/5 3676/4/5 3677/4/5
f 3679/1/6 3680/1/6 3681/1/6
f 3681/1/6 3680/1/6 3682/1/6
f 3683/6/6 3684/6/6 3685/6/6
f 3685/6/6 3684/6/6 3686/6/6
f 3687/6/6 3688/6/6 3691/6/6
f 3691/6/6 3688/6/6 3692/6/6
f 3689/6/6 3690/6/6 3693/6/6
f 3693/6/6 3690/6/6 3694/6/6
f 3695/6/6 3696/6/6 3697/6/6
f 3697/6/6 3696/6/6 3698/6/6
f 3699/6/6 3700/6/6 3701/6/6
f 3701/6/6 3700/6/6 3702/6/6
f 3703/6/6 3704/6/6 3707/6/6
f 3707/6/6 3704/6/6 3708/6/6
f 3705/6/6 3706/6/6 3709/6/6
f 3709/6/6 3706/6/6 3710/6/6
f 3711/6/6 3712/6/6 3715/6/6
f 3715/6/6 3712/6/6 3716/6/6
f 3713/6/6 3714/6/6 3717/6/6
f 3717/6/6 3714/6/6 3718/6/6
f 3719/6/6 3720/6/6 3721/6/6
f 3721/6/6 3720/6/6 3722/6/6
f 3723/1/6 3724/1/6 3725/1/6
f 3725/1/6 3724/1/6 3726/1/6
f 3727/1/6 3728/1/6 3729/1/6
f 3729/1/6 3728/1/6 3730/1/6
f 3731/1/6 3732/1/6 3733/1/6
f 3733/1/6 3732/1/6 3734/1/6
f 3735/1/6 3736/1/6 3737/1/6
f 3737/1/6 3736/1/6 3738/1/6
f 3739/1/6 3740/1/6 3742/1/6
f 3742/1/6 3740/1/6 3743/1/6
f 3741/1/6 3742/1/6 3745/1/6
f 3743/1/6 3744/1/6 3745/1/6
f 3742/1/6 3743/1/6 3745/1/6
f 3745/1/6 3744/1/6 3746/1/6
f 3747/1/6 3748/1/6 3749/1/6
f 3749/1/6 3748/1/6 3750/1/6
f 3751/1/6 3752/1/6 3757/1/6
f 3752/1/6 3753/1/6 3757/1/6
f 3755/1/6 3756/1/6 3758/1/6
f 3754/1/6 3755/1/6 3758/1/6
f 3751/1/6 3757/1/6 3759/1/6
f 3757/1/6 3758/1/6 3759/1/6
f 3759/1/6 3758/1/6 3760/1/6
f 3758/1/6 3756/1/6 3761/1/6
f 3760/1/6 3758/1/6 3761/1/6
f 3761/1/6 3756/1/6 3762/1/6
f 3760/2/6 3761/2/6 3763/2/6
f 3763/2/6 3761/2/6 3764/2/6
f 3765/2/6 3766/2/6 3769/2/6
f 3769/2/6 3766/2/6 3770/2/6
f 3767/2/6 3768/2/6 3771/2/6
f 3771/2/6 3768/2/6 3772/2/6
f 3770/2/6 3766/2/6 3773/2/6
f 3773/2/6 3766/2/6 3774/2/6
f 3767/2/6 3771/2/6 3775/2/6
f 3775/2/6 3771/2/6 3776/2/6
f 3777/2/6 3778/2/6 3779/2/6
f 3779/2/6 3778/2/6 3780/2/6
f 3781/2/6 3782/2/6 3785/2/6
f 3785/2/6 3782/2/6 3786/2/6
f 3783/2/6 3784/2/6 3787/2/6
f 3787/2/6 3784/2/6 3788/2/6
f 3786/2/6 3782/2/6 3789/2/6
f 3789/2/6 3782/2/6 3790/2/6
f 3783/2/6 3787/2/6 3791/2/6
f 3791/2/6 3787/2/6 3792/2/6
f 3793/2/6 3794/2/6 3797/2/6
f 3795/2/6 3796/2/6 3797/2/6
f 3794/2/6 3795/2/6 3797/2/6
f 3797/2/6 3796/2/6 3798/2/6
f 3799/2/6 3800/2/6 3803/2/6
f 3803/2/6 3800/2/6 3804/2/6
f 3801/2/6 3802/2/6 3805/2/6
f 3805/2/6 3802/2/6 3806/2/6
f 3807/2/6 3808/2/6 3811/2/6
f 3808/1/6 3809/1/6 3812/1/6
f 3811/2/6 3808/2/6 3812/2/6
f 3809/2/6 3810/2/6 3813/2/6
f 3812/1/6 3809/1/6 3813/1/6
f 3813/2/6 3810/2/6 3814/2/6
f 3815/1/6 3816/1/6 3819/1/6
f 3819/1/6 3816/1/6 3820/1/6
f 3817/1/6 3818/1/6 3821/1/6
f 3821/1/6 3818/1/6 3822/1/6
f 3823/1/6 3824/1/6 3825/1/6
f 3825/1/6 3824/1/6 3826/1/6
f 3827/1/6 3828/1/6 3831/1/6
f 3831/1/6 3828/1/6 3832/1/6
f 3829/1/6 3830/1/6 3833/1/6
f 3833/1/6 3830/1/6 3834/1/6
f 3835/1/6 3836/1/6 3837/1/6
f 3837/1/6 3836/1/6 3838/1/6
f 3839/1/6 3840/1/6 3843/1/6
f 3843/1/6 3840/1/6 3844/1/6
f 3841/1/6 3842/1/6 3845/1/6
f 3845/1/6 3842/1/6 3846/1/6
f 3847/1/6 3848/1/6 3849/1/6
f 3849/1/6 3848/1/6 3850/1/6
f 3851/1/6 3852/1/6 3855/1/6
f 3855/1/6 3852/1/6 3856/1/6
f 3853/1/6 3854/1/6 3857/1/6
f 3857/1/6 3854/1/6 3858/1/6
f 3859/1/6 3860/1/6 3861/1/6
f 3861/1/6 3860/1/6 3862/1/6
f 3863/1/6 3864/1/6 3867/1/6
f 3867/1/6 3864/1/6 3868/1/6
f 3865/1/6 3866/1/6 3869/1/6
f 3869/1/6 3866/1/6 3870/1/6
f 3871/1/6 3872/1/6 3873/1/6
f 3873/1/6 3872/1/6 3874/1/6
f 3875/1/6 3876/1/6 3879/1/6
f 3879/1/6 3876/1/6 3880/1/6
f 3877/1/6 3878/1/6 3881/1/6
f 3881/1/6 3878/1/6 3882/1/6
f 3883/1/6 3884/1/6 3885/1/6
f 3885/1/6 3884/1/6 3886/1/6
f 3887/1/6 3888/1/6 3891/1/6
f 3891/1/6 3888/1/6 3892/1/6
f 3889/1/6 3890/1/6 3893/1/6
f 3893/1/6 3890/1/6 3894/1/6
f 3895/1/6 3896/1/6 3897/1/6
f 3897/1/6 3896/1/6 3898/1/6
f 3899/1/6 3900/1/6 3903/1/6
f 3903/1/6 3900/1/6 3904/1/6
f 3901/1/6 3902/1/6 3905/1/6
f 3905/1/6 3902/1/6 3906/1/6
f 3907/1/6 3908/1/6 3909/1/6
f 3909/1/6 3908/1/6 3910/1/6
f 3911/1/6 3912/1/6 3915/1/6
f 3915/1/6 3912/1/6 3916/1/6
f 3913/1/6 3914/1/6 3917/1/6
f 3917/1/6 3914/1/6 3918/1/6
f 3919/1/6 3920/1/6 3921/1/6
f 3921/1/6 3920/1/6 3922/1/6
f 3923/1/6 3924/1/6 3927/1/6
f 3927/1/6 3924/1/6 3928/1/6
f 3925/1/6 3926/1/6 3929/1/6
f 3929/1/6 3926/1/6 3930/1/6
f 3931/1/6 3932/1/6 3933/1/6
f 3933/1/6 3932/1/6 3934/1/6
f 3935/1/6 3936/1/6 3939/1/6
f 3939/1/6 3936/1/6 3940/1/6
f 3937/1/6 3938/1/6 3941/1/6
f 3941/1/6 3938/1/6 3942/1/6
f 3943/1/6 3944/1/6 3945/1/6
f 3945/1/6 3944/1/6 3946/1/6
f 3947/2/6 3948/2/6 3951/2/6
f 3951/2/6 3948/2/6 3952/2/6
f 3949/2/6 3950/2/6 3953/2/6
f 3953/2/6 3950/2/6 3954/2/6
f 3955/1/6 3956/1/6 3959/1/6
f 3959/1/6 3956/1/6 3960/1/6
f 3957/1/6 3958/1/6 3965/1/6
f 3965/1/6 3958/1/6 3966/1/6
f 3961/4/6 3962/4/6 3969/4/6
f 3969/4/6 3962/4/6 3970/4/6
f 3963/4/6 3964/4/6 3971/4/6
f 3971/4/6 3964/4/6 3972/4/6
f 3967/1/6 3968/1/6 3975/1/6
f 3975/1/6 3968/1/6 3976/1/6
f 3973/1/6 3974/1/6 3979/1/6
f 3979/1/6 3974/1/6 3980/1/6
f 3976/3/6 3977/3/6 3981/3/6
f 3981/3/6 3977/3/6 3982/3/6
f 3978/3/6 3979/3/6 3985/3/6
f 3985/3/6 3979/3/6 3986/3/6
f 3982/1/6 3983/1/6 3987/1/6
f 3987/1/6 3983/1/6 3988/1/6
f 3984/1/6 3985/1/6 3989/1/6
f 3989/1/6 3985/1/6 3990/1/6
f 3991/1/6 3992/1/6 3995/1/6
f 3995/1/6 3992/1/6 3996/1/6
f 3993/1/6 3994/1/6 3997/1/6
f 3997/1/6 3994/1/6 3998/1/6
f 3991/1/6 3995/1/6 3999/1/6
f 3999/1/6 3995/1/6 4000/1/6
f 3998/1/6 3994/1/6 4001/1/6
f 4001/1/6 3994/1/6 4002/1/6
f 4003/1/6 4004/1/6 4007/1/6
f 4007/1/6 4004/1/6 4008/1/6
f 4005/1/6 4006/1/6 4011/1/6
f 4011/1/6 4006/1/6 4012/1/6
f 4008/1/6 4009/1/6 4013/1/6
f 4013/1/6 4009/1/6 4014/1/6
f 4010/1/6 4011/1/6 4015/1/6
f 4015/1/6 4011/1/6 4016/1/6
f 4017/2/6 4018/2/6 4021/2/6
f 4021/2/6 4018/2/6 4022/2/6
f 4019/2/6 4020/2/6 4023/2/6
f 4023/2/6 4020/2/6 4024/2/6
f 4025/1/6 4026/1/6 4029/1/6
f 4029/1/6 4026/1/6 4030/1/6
f 4027/1/6 4028/1/6 4033/1/6
f 4033/1/6 4028/1/6 4034/1/6
f 4030/4/6 4031/4/6 4036/4/6
f 4036/4/6 4031/4/6 4037/4/6
f 4032/4/6 4033/4/6 4038/4/6
f 4038/4/6 4033/4/6 4039/4/6
f 4035/1/6 4036/1/6 4041/1/6
f 4041/1/6 4036/1/6 4042/1/6
f 4039/1/6 4040/1/6 4043/1/6
f 4043/1/6 4040/1/6 4044/1/6
f 4045/1/6 4046/1/6 4049/1/6
f 4049/1/6 4046/1/6 4050/1/6
f 4047/1/6 4048/1/6 4051/1/6
f 4051/1/6 4048/1/6 4052/1/6
f 4053/1/6 4054/1/6 4057/1/6
f 4057/1/6 4054/1/6 4058/1/6
f 4055/1/6 4056/1/6 4059/1/6
f 4059/1/6 4056/1/6 4060/1/6
f 4061/1/6 4062/1/6 4065/1/6
f 4065/1/6 4062/1/6 4066/1/6
f 4063/1/6 4064/1/6 4067/1/6
f 4067/1/6 4064/1/6 4068/1/6
f 4069/2/6 4070/2/6 4073/2/6
f 4073/2/6 4070/2/6 4074/2/6
f 4071/2/6 4072/2/6 4075/2/6
f 4075/2/6 4072/2/6 4076/2/6
f 4077/1/6 4078/1/6 4081/1/6
f 4081/1/6 4078/1/6 4082/1/6
f 4079/1/6 4080/1/6 4085/1/6
f 4085/1/6 4080/1/6 4086/1/6
f 4082/4/6 4083/4/6 4088/4/6
f 4088/4/6 4083/4/6 4089/4/6
f 4084/4/6 4085/4/6 4090/4/6
f 4090/4/6 4085/4/6 4091/4/6
f 4087/1/6 4088/1/6 4093/1/6
f 4093/1/6 4088/1/6 4094/1/6
f 4091/1/6 4092/1/6 4095/1/6
f 4095/1/6 4092/1/6 4096/1/6
f 4097/1/6 4098/1/6 4101/1/6
f 4101/1/6 4098/1/6 4102/1/6
f 4099/1/6 4100/1/6 4103/1/6
f 4103/1/6 4100/1/6 4104/1/6
f 4105/1/6 4106/1/6 4109/1/6
f 4109/1/6 4106/1/6 4110/1/6
f 4107/1/6 4108/1/6 4111/1/6
f 4111/1/6 4108/1/6 4112/1/6
f 4113/1/6 4114/1/6 4117/1/6
f 4117/1/6 4114/1/6 4118/1/6
f 4115/1/6 4116/1/6 4119/1/6
f 4119/1/6 4116/1/6 4120/1/6
f 4121/2/6 4122/2/6 4123/2/6
f 4123/2/6 4122/2/6 4124/2/6
f 4125/1/6 4126/1/6 4129/1/6
f 4129/1/6 4126/1/6 4130/1/6
f 4127/1/6 4128/1/6 4131/1/6
f 4131/1/6 4128/1/6 4132/1/6
f 4130/4/6 4131/4/6 4134/4/6
f 4134/4/6 4131/4/6 4135/4/6
f 4133/1/6 4134/1/6 4137/1/6
f 4137/1/6 4134/1/6 4138/1/6
f 4135/1/6 4136/1/6 4139/1/6
f 4139/1/6 4136/1/6 4140/1/6
f 4141/1/6 4142/1/6 4143/1/6
f 4143/1/6 4142/1/6 4144/1/6
f 4145/1/6 4146/1/6 4147/1/6
f 4147/1/6 4146/1/6 4148/1/6
f 4149/1/6 4150/1/6 4151/1/6
f 4151/1/6 4150/1/6 4152/1/6
f 4153/1/6 4154/1/6 4155/1/6
f 4155/1/6 4154/1/6 4156/1/6
f 4157/1/6 4158/1/6 4159/1/6
f 4159/1/6 4158/1/6 4160/1/6
