# MagicaVoxel @ Ephtracy

# group
o television

# material
mtllib bedroom-desk-view-television-14-television.mtl
usemtl palette

# normals
vn -1 0 0
vn 1 0 0
vn 0 0 1
vn 0 0 -1
vn 0 -1 0
vn 0 1 0

# texcoords
vt 0.888672 0.5
vt 0.892578 0.5
vt 0.919922 0.5
vt 0.939453 0.5
vt 0.943359 0.5
vt 0.947266 0.5
vt 0.970703 0.5
vt 0.974609 0.5
vt 0.978516 0.5
vt 0.982422 0.5
vt 0.986328 0.5
vt 0.990234 0.5

# verts
v -22.2 0.5 7.2
v -22.2 0.5 1.4
v -22.2 0.7 7.4
v -22.2 0.7 7.3
v -22.2 0.7 7.2
v -22.2 0.7 1.5
v -22.2 0.7 1.4
v -22.2 2.8 7.4
v -22.2 2.8 7.3
v -22.2 2.9 7.4
v -22.2 2.9 7.3
v -22.2 2.9 7.2
v -22.2 3 7.4
v -22.2 3 7.3
v -22.2 3 7.2
v -22.2 3.1 7.4
v -22.2 3.1 7.3
v -22.2 4.2 7.4
v -22.2 4.2 7.3
v -22.2 4.3 7.4
v -22.2 4.3 7.3
v -22.2 4.3 7.2
v -22.2 4.5 7.4
v -22.2 4.5 7.3
v -22.2 4.5 7.2
v -22.2 17.9 1.7
v -22.2 17.9 1.6
v -22.2 17.9 1.5
v -22.2 17.9 1.4
v -22.2 18 7.3
v -22.2 18 1.7
v -22.2 18.1 7.4
v -22.2 18.1 1.6
v -22 0.3 8.6
v -22 0.3 7.4
v -22 0.3 1.4
v -22 0.5 7.4
v -22 0.5 7.2
v -22 0.5 1.6
v -22 0.5 1.5
v -22 0.5 1.4
v -22 0.5 1.2
v -22 0.6 8.6
v -22 0.6 7.4
v -22 0.7 8.6
v -22 0.7 7.4
v -22 0.7 1.4
v -22 0.7 1.3
v -22 0.7 1.2
v -22 2.1 7.6
v -22 2.1 7.5
v -22 2.1 7.4
v -22 2.8 7.6
v -22 2.8 7.5
v -22 2.8 7.4
v -22 2.9 7.6
v -22 2.9 7.5
v -22 2.9 7.4
v -22 2.9 7.3
v -22 3 7.6
v -22 3 7.4
v -22 3 7.3
v -22 3.1 7.6
v -22 3.1 7.5
v -22 3.1 7.4
v -22 4.2 7.6
v -22 4.2 7.5
v -22 4.2 7.4
v -22 4.3 7.6
v -22 4.3 7.5
v -22 4.3 7.4
v -22 4.3 7.3
v -22 4.5 7.6
v -22 4.5 7.5
v -22 4.5 7.4
v -22 4.5 7.3
v -22 16.2 7.6
v -22 16.2 7.5
v -22 16.3 7.6
v -22 16.3 7.5
v -22 16.3 7.4
v -22 16.5 7.6
v -22 16.5 7.4
v -22 16.7 7.6
v -22 16.7 7.5
v -22 16.7 7.4
v -22 17.8 1.4
v -22 17.8 1.3
v -22 17.9 7.4
v -22 17.9 1.6
v -22 17.9 1.5
v -22 17.9 1.4
v -22 17.9 1.2
v -22 18 1.6
v -22 18 1.5
v -22 18.1 7.4
v -22 18.1 1.7
v -22 18.1 1.6
v -22 18.1 1.4
v -22 18.2 7.6
v -22 18.2 7.5
v -22 18.2 1.7
v -22 18.3 7.6
v -22 18.3 7.5
v -22 18.3 1.6
v -21.8 17.9 1.4
v -21.8 17.9 1.3
v -21.8 17.9 1.2
v -21.8 18 1.4
v -21.8 18 1.3
v -21.8 18.1 1.6
v -21.8 18.1 1.5
v -21.8 18.1 1.4
v -21.8 18.1 1.2
v -21.8 18.2 1.6
v -21.8 18.2 1.5
v -21.8 18.3 1.6
v -21.8 18.3 1.4
v -21.6 0.3 8.8
v -21.6 0.3 8.6
v -21.6 0.5 8.8
v -21.6 0.5 8.6
v -21.6 0.9 7.4
v -21.6 0.9 7.2
v -21.6 1.1 7.5
v -21.6 1.1 7.4
v -21.6 1.5 7.5
v -21.6 1.5 7.4
v -21.6 1.7 7.4
v -21.6 1.7 7.2
v -21.6 6.3 7.6
v -21.6 6.3 7.4
v -21.6 6.5 7.6
v -21.6 6.5 7.4
v -21.6 14.7 7.6
v -21.6 14.7 7.4
v -21.6 14.9 7.6
v -21.6 14.9 7.4
v -21.5 1.1 7.6
v -21.5 1.1 7.5
v -21.5 1.5 7.6
v -21.5 1.5 7.5
v -21.4 0.9 7.5
v -21.4 0.9 7.4
v -21.4 1 7.6
v -21.4 1 7.5
v -21.4 1.1 7.6
v -21.4 1.1 7.4
v -21.4 1.5 7.6
v -21.4 1.5 7.4
v -21.4 1.6 7.6
v -21.4 1.6 7.5
v -21.4 1.7 7.5
v -21.4 1.7 7.4
v -21.4 5.9 7.6
v -21.4 5.9 7.4
v -21.4 6.1 7.6
v -21.4 6.1 7.4
v -21.4 6.7 7.6
v -21.4 6.7 7.4
v -21.4 6.9 7.6
v -21.4 6.9 7.4
v -21.4 9.5 7.6
v -21.4 9.5 7.4
v -21.4 9.7 7.6
v -21.4 9.7 7.4
v -21.4 11.9 7.6
v -21.4 11.9 7.4
v -21.4 12.1 7.6
v -21.4 12.1 7.4
v -21.4 14.3 7.6
v -21.4 14.3 7.4
v -21.4 14.5 7.6
v -21.4 14.5 7.4
v -21.4 15.1 7.6
v -21.4 15.1 7.4
v -21.4 15.3 7.6
v -21.4 15.3 7.4
v -21.2 0.5 8.6
v -21.2 0.5 8.4
v -21.2 0.6 8.6
v -21.2 0.6 8.5
v -21.2 0.7 8.6
v -21.2 0.7 8.5
v -21.2 0.7 8.4
v -21.2 2.1 7.6
v -21.2 2.1 7.5
v -21.2 2.1 7.4
v -21.2 2.2 7.6
v -21.2 2.2 7.5
v -21.2 2.3 7.6
v -21.2 2.3 7.5
v -21.2 2.3 7.4
v -21.2 5.5 7.6
v -21.2 5.5 7.4
v -21.2 5.7 7.6
v -21.2 5.7 7.4
v -21.2 7.1 7.6
v -21.2 7.1 7.4
v -21.2 7.3 7.6
v -21.2 7.3 7.4
v -21.2 8.7 7.6
v -21.2 8.7 7.4
v -21.2 8.9 7.6
v -21.2 8.9 7.4
v -21.2 9.1 7.6
v -21.2 9.1 7.4
v -21.2 9.3 7.6
v -21.2 9.3 7.4
v -21.2 9.9 7.6
v -21.2 9.9 7.4
v -21.2 10.1 7.6
v -21.2 10.1 7.4
v -21.2 11.5 7.6
v -21.2 11.5 7.4
v -21.2 11.7 7.6
v -21.2 11.7 7.4
v -21.2 12.3 7.6
v -21.2 12.3 7.4
v -21.2 12.5 7.6
v -21.2 12.5 7.4
v -21.2 13.9 7.6
v -21.2 13.9 7.4
v -21.2 14.1 7.6
v -21.2 14.1 7.4
v -21.2 15.5 7.6
v -21.2 15.5 7.4
v -21.2 15.7 7.6
v -21.2 15.7 7.4
v -21 1.1 7.6
v -21 1.1 7.4
v -21 1.5 7.6
v -21 1.5 7.4
v -21 5.1 7.6
v -21 5.1 7.4
v -21 5.3 7.6
v -21 5.3 7.4
v -21 7.5 7.6
v -21 7.5 7.4
v -21 7.7 7.6
v -21 7.7 7.4
v -21 8.3 7.6
v -21 8.3 7.4
v -21 8.5 7.6
v -21 8.5 7.4
v -21 10.3 7.6
v -21 10.3 7.4
v -21 10.5 7.6
v -21 10.5 7.4
v -21 11.1 7.6
v -21 11.1 7.4
v -21 11.3 7.6
v -21 11.3 7.4
v -21 12.7 7.6
v -21 12.7 7.4
v -21 12.9 7.6
v -21 12.9 7.4
v -21 13.1 7.6
v -21 13.1 7.4
v -21 13.3 7.6
v -21 13.3 7.4
v -21 13.5 7.6
v -21 13.5 7.4
v -21 13.7 7.6
v -21 13.7 7.4
v -21 14.3 7.6
v -21 14.3 7.4
v -21 14.5 7.6
v -21 14.5 7.4
v -21 14.7 7.6
v -21 14.7 7.4
v -21 14.9 7.6
v -21 14.9 7.4
v -21 15.1 7.6
v -21 15.1 7.4
v -21 15.3 7.6
v -21 15.3 7.4
v -21 15.9 7.6
v -21 15.9 7.4
v -21 16.1 7.6
v -21 16.1 7.4
v -20.8 0.9 1.2
v -20.8 0.9 0.400001
v -20.8 1.1 1.2
v -20.8 1.1 0.400001
v -20.8 1.1 -0.4
v -20.8 1.3 0.400001
v -20.8 1.3 -0.2
v -20.8 1.3 -0.4
v -20.8 1.3 -1.2
v -20.8 1.5 -0.2
v -20.8 1.5 -1.2
v -20.8 1.5 -2
v -20.8 1.7 -1.2
v -20.8 1.7 -2
v -20.8 1.7 -2.8
v -20.8 1.9 -2
v -20.8 1.9 -2.8
v -20.8 1.9 -3.8
v -20.8 2.1 -2.8
v -20.8 2.1 -3.8
v -20.8 2.1 -4.6
v -20.8 2.3 -3.8
v -20.8 2.3 -4.6
v -20.8 2.3 -5.4
v -20.8 2.5 -4.6
v -20.8 2.5 -5.4
v -20.8 2.5 -6.2
v -20.8 2.7 -5.4
v -20.8 2.7 -6.2
v -20.8 2.7 -7
v -20.8 2.9 -6.2
v -20.8 2.9 -7
v -20.8 2.9 -8
v -20.8 3.1 -7
v -20.8 3.1 -8
v -20.8 3.1 -8.8
v -20.8 3.3 -8
v -20.8 3.3 -8.8
v -20.8 3.3 -9.6
v -20.8 3.5 -8.8
v -20.8 3.5 -9.6
v -20.8 3.5 -10.4
v -20.8 3.7 -9.6
v -20.8 3.7 -10.4
v -20.8 3.7 -11.2
v -20.8 3.9 -10.4
v -20.8 3.9 -11
v -20.8 3.9 -11.2
v -20.8 3.9 -11.6
v -20.8 3.9 -11.8
v -20.8 4.1 -11
v -20.8 4.1 -11.6
v -20.8 4.7 7.6
v -20.8 4.7 7.4
v -20.8 4.9 7.6
v -20.8 4.9 7.4
v -20.8 7.9 7.6
v -20.8 7.9 7.4
v -20.8 8.1 7.6
v -20.8 8.1 7.4
v -20.8 10.7 7.6
v -20.8 10.7 7.4
v -20.8 10.9 7.6
v -20.8 10.9 7.4
v -20.8 12.3 -11.4
v -20.8 12.3 -11.6
v -20.8 12.5 -10.6
v -20.8 12.5 -11.4
v -20.8 12.5 -11.8
v -20.8 12.7 -10
v -20.8 12.7 -10.6
v -20.8 12.7 -11.4
v -20.8 12.9 -9.4
v -20.8 12.9 -10
v -20.8 12.9 -10.6
v -20.8 13.1 -8.6
v -20.8 13.1 -9.4
v -20.8 13.1 -10
v -20.8 13.3 -8
v -20.8 13.3 -8.6
v -20.8 13.3 -9.4
v -20.8 13.5 -7.4
v -20.8 13.5 -8
v -20.8 13.5 -8.6
v -20.8 13.7 -6.6
v -20.8 13.7 -7.4
v -20.8 13.7 -8
v -20.8 13.9 -5.8
v -20.8 13.9 -6.6
v -20.8 13.9 -7.4
v -20.8 14.1 -5.4
v -20.8 14.1 -5.8
v -20.8 14.1 -6.6
v -20.8 14.3 -4.6
v -20.8 14.3 -5.4
v -20.8 14.3 -5.8
v -20.8 14.5 -4
v -20.8 14.5 -4.6
v -20.8 14.5 -5.4
v -20.8 14.7 -3.2
v -20.8 14.7 -4
v -20.8 14.7 -4.6
v -20.8 14.9 -2.6
v -20.8 14.9 -3.2
v -20.8 14.9 -4
v -20.8 15.1 -2
v -20.8 15.1 -2.6
v -20.8 15.1 -3.2
v -20.8 15.3 -1.2
v -20.8 15.3 -2
v -20.8 15.3 -2.6
v -20.8 15.5 -0.599999
v -20.8 15.5 -1.2
v -20.8 15.5 -2
v -20.8 15.7 0
v -20.8 15.7 -0.599999
v -20.8 15.7 -1.2
v -20.8 15.9 0.8
v -20.8 15.9 0
v -20.8 15.9 -0.599999
v -20.8 16.1 1.2
v -20.8 16.1 0.8
v -20.8 16.1 0
v -20.8 16.3 1.2
v -20.8 16.3 0.8
v -20.6 0.7 1.2
v -20.6 0.7 0.400001
v -20.6 0.9 7.3
v -20.6 0.9 7.2
v -20.6 0.9 1.2
v -20.6 0.9 0.400001
v -20.6 0.9 -0.4
v -20.6 1 7.4
v -20.6 1 7.3
v -20.6 1.1 7.5
v -20.6 1.1 7.4
v -20.6 1.1 0.400001
v -20.6 1.1 -0.4
v -20.6 1.1 -1.2
v -20.6 1.3 -0.4
v -20.6 1.3 -1.2
v -20.6 1.3 -2
v -20.6 1.5 7.5
v -20.6 1.5 7.4
v -20.6 1.5 -1.2
v -20.6 1.5 -2
v -20.6 1.5 -2.8
v -20.6 1.6 7.4
v -20.6 1.6 7.3
v -20.6 1.7 7.3
v -20.6 1.7 7.2
v -20.6 1.7 -2
v -20.6 1.7 -2.8
v -20.6 1.7 -3.8
v -20.6 1.9 -2.8
v -20.6 1.9 -3.8
v -20.6 1.9 -4.6
v -20.6 2.1 -3.8
v -20.6 2.1 -4.6
v -20.6 2.1 -5.4
v -20.6 2.3 -4.6
v -20.6 2.3 -5.4
v -20.6 2.3 -6.2
v -20.6 2.5 -5.4
v -20.6 2.5 -6.2
v -20.6 2.5 -7
v -20.6 2.7 -6.2
v -20.6 2.7 -7
v -20.6 2.7 -8
v -20.6 2.9 -7
v -20.6 2.9 -8
v -20.6 2.9 -8.8
v -20.6 3.1 -8
v -20.6 3.1 -8.8
v -20.6 3.1 -9.6
v -20.6 3.3 -8.8
v -20.6 3.3 -9.6
v -20.6 3.3 -10.4
v -20.6 3.5 -9.6
v -20.6 3.5 -10.4
v -20.6 3.5 -11.2
v -20.6 3.7 -10.4
v -20.6 3.7 -11.2
v -20.6 3.7 -11.8
v -20.6 3.9 -11.2
v -20.6 3.9 -11.6
v -20.6 3.9 -11.8
v -20.6 3.9 -12
v -20.6 5.1 7.6
v -20.6 5.1 7.4
v -20.6 5.3 7.6
v -20.6 5.3 7.4
v -20.6 5.5 7.6
v -20.6 5.5 7.4
v -20.6 5.7 7.6
v -20.6 5.7 7.4
v -20.6 5.9 7.6
v -20.6 5.9 7.4
v -20.6 6.1 7.6
v -20.6 6.1 7.4
v -20.6 6.3 7.6
v -20.6 6.3 7.4
v -20.6 6.5 7.6
v -20.6 6.5 7.4
v -20.6 6.7 7.6
v -20.6 6.7 7.4
v -20.6 6.9 7.6
v -20.6 6.9 7.4
v -20.6 7.1 7.6
v -20.6 7.1 7.4
v -20.6 7.3 7.6
v -20.6 7.3 7.4
v -20.6 7.5 7.6
v -20.6 7.5 7.4
v -20.6 7.7 7.6
v -20.6 7.7 7.4
v -20.6 8.3 7.6
v -20.6 8.3 7.4
v -20.6 8.5 7.6
v -20.6 8.5 7.4
v -20.6 8.7 7.6
v -20.6 8.7 7.4
v -20.6 8.9 7.6
v -20.6 8.9 7.4
v -20.6 9.1 7.6
v -20.6 9.1 7.4
v -20.6 9.3 7.6
v -20.6 9.3 7.4
v -20.6 9.5 7.6
v -20.6 9.5 7.4
v -20.6 9.7 7.6
v -20.6 9.7 7.4
v -20.6 9.9 7.6
v -20.6 9.9 7.4
v -20.6 10.1 7.6
v -20.6 10.1 7.4
v -20.6 10.3 7.6
v -20.6 10.3 7.4
v -20.6 10.5 7.6
v -20.6 10.5 7.4
v -20.6 11.1 7.6
v -20.6 11.1 7.4
v -20.6 11.3 7.6
v -20.6 11.3 7.4
v -20.6 11.5 7.6
v -20.6 11.5 7.4
v -20.6 11.7 7.6
v -20.6 11.7 7.4
v -20.6 11.9 7.6
v -20.6 11.9 7.4
v -20.6 12.1 7.6
v -20.6 12.1 7.4
v -20.6 12.3 7.6
v -20.6 12.3 7.4
v -20.6 12.5 7.6
v -20.6 12.5 7.4
v -20.6 12.5 -11.4
v -20.6 12.5 -11.8
v -20.6 12.5 -12
v -20.6 12.7 7.6
v -20.6 12.7 7.4
v -20.6 12.7 -10.6
v -20.6 12.7 -11.4
v -20.6 12.7 -11.8
v -20.6 12.9 7.6
v -20.6 12.9 7.4
v -20.6 12.9 -10
v -20.6 12.9 -10.6
v -20.6 12.9 -11.4
v -20.6 13.1 -9.4
v -20.6 13.1 -10
v -20.6 13.1 -10.6
v -20.6 13.3 -8.6
v -20.6 13.3 -9.4
v -20.6 13.3 -10
v -20.6 13.5 7.6
v -20.6 13.5 7.4
v -20.6 13.5 -8
v -20.6 13.5 -8.6
v -20.6 13.5 -9.4
v -20.6 13.7 7.6
v -20.6 13.7 7.4
v -20.6 13.7 -7.4
v -20.6 13.7 -8
v -20.6 13.7 -8.6
v -20.6 13.9 7.6
v -20.6 13.9 7.4
v -20.6 13.9 -6.6
v -20.6 13.9 -7.4
v -20.6 13.9 -8
v -20.6 14.1 7.6
v -20.6 14.1 7.4
v -20.6 14.1 -5.8
v -20.6 14.1 -6.6
v -20.6 14.1 -7.4
v -20.6 14.3 7.6
v -20.6 14.3 7.4
v -20.6 14.3 -5.4
v -20.6 14.3 -5.8
v -20.6 14.3 -6
v -20.6 14.3 -6.6
v -20.6 14.5 7.6
v -20.6 14.5 7.4
v -20.6 14.5 -4.6
v -20.6 14.5 -5.4
v -20.6 14.5 -6
v -20.6 14.7 7.6
v -20.6 14.7 7.4
v -20.6 14.7 -4
v -20.6 14.7 -4.6
v -20.6 14.7 -5.4
v -20.6 14.9 7.6
v -20.6 14.9 7.4
v -20.6 14.9 -3.2
v -20.6 14.9 -4
v -20.6 14.9 -4.6
v -20.6 15.1 7.6
v -20.6 15.1 7.4
v -20.6 15.1 -2.6
v -20.6 15.1 -3.2
v -20.6 15.1 -4
v -20.6 15.3 7.6
v -20.6 15.3 7.4
v -20.6 15.3 -2
v -20.6 15.3 -2.6
v -20.6 15.3 -3.2
v -20.6 15.5 7.6
v -20.6 15.5 7.4
v -20.6 15.5 -1.2
v -20.6 15.5 -2
v -20.6 15.5 -2.6
v -20.6 15.7 7.6
v -20.6 15.7 7.4
v -20.6 15.7 -0.599999
v -20.6 15.7 -1.2
v -20.6 15.7 -2
v -20.6 15.9 7.6
v -20.6 15.9 7.4
v -20.6 15.9 0
v -20.6 15.9 -0.599999
v -20.6 15.9 -1.2
v -20.6 16.1 7.6
v -20.6 16.1 7.4
v -20.6 16.1 0.8
v -20.6 16.1 0
v -20.6 16.1 -0.599999
v -20.6 16.3 1.2
v -20.6 16.3 0.8
v -20.6 16.3 0
v -20.6 16.5 1.2
v -20.6 16.5 0.8
v -20.5 0.9 7.4
v -20.5 0.9 7.3
v -20.5 1 7.4
v -20.5 1 7.3
v -20.5 1.1 7.6
v -20.5 1.1 7.5
v -20.5 1.5 7.6
v -20.5 1.5 7.5
v -20.5 1.6 7.4
v -20.5 1.6 7.3
v -20.5 1.7 7.4
v -20.5 1.7 7.3
v -20.4 0.9 7.5
v -20.4 0.9 7.4
v -20.4 1 7.6
v -20.4 1 7.5
v -20.4 1.1 7.6
v -20.4 1.1 7.4
v -20.4 1.5 7.6
v -20.4 1.5 7.4
v -20.4 1.6 7.6
v -20.4 1.6 7.5
v -20.4 1.7 7.5
v -20.4 1.7 7.4
v -20 1.1 7.6
v -20 1.1 7.2
v -20 1.5 7.6
v -20 1.5 7.2
v -19.6 0.5 1.2
v -19.6 0.5 -9.8
v -19.6 0.7 1.2
v -19.6 0.7 0.400001
v -19.6 0.9 7.3
v -19.6 0.9 7.2
v -19.6 0.9 0.400001
v -19.6 0.9 -0.4
v -19.6 1 7.4
v -19.6 1 7.3
v -19.6 1.1 7.5
v -19.6 1.1 7.4
v -19.6 1.1 -0.4
v -19.6 1.1 -1.2
v -19.6 1.3 -1.2
v -19.6 1.3 -2
v -19.6 1.5 7.5
v -19.6 1.5 7.4
v -19.6 1.5 -2
v -19.6 1.5 -2.8
v -19.6 1.6 7.4
v -19.6 1.6 7.3
v -19.6 1.7 7.3
v -19.6 1.7 7.2
v -19.6 1.7 -2.8
v -19.6 1.7 -3.8
v -19.6 1.9 -3.8
v -19.6 1.9 -4.6
v -19.6 2.1 -4.6
v -19.6 2.1 -5.4
v -19.6 2.3 -5.4
v -19.6 2.3 -6.2
v -19.6 2.5 -6.2
v -19.6 2.5 -7
v -19.6 2.7 -7
v -19.6 2.7 -8
v -19.6 2.9 -8
v -19.6 2.9 -8.8
v -19.6 3.1 -8.8
v -19.6 3.1 -9.6
v -19.6 3.3 -9.6
v -19.6 3.3 -9.8
v -19.5 0.9 7.4
v -19.5 0.9 7.3
v -19.5 1 7.4
v -19.5 1 7.3
v -19.5 1.1 7.6
v -19.5 1.1 7.5
v -19.5 1.5 7.6
v -19.5 1.5 7.5
v -19.5 1.6 7.4
v -19.5 1.6 7.3
v -19.5 1.7 7.4
v -19.5 1.7 7.3
v -19.4 0.3 1.2
v -19.4 0.3 -10
v -19.4 0.5 1.2
v -19.4 0.5 -9.8
v -19.4 0.9 7.5
v -19.4 0.9 7.4
v -19.4 1 7.6
v -19.4 1 7.5
v -19.4 1.1 7.6
v -19.4 1.1 7.4
v -19.4 1.5 7.6
v -19.4 1.5 7.4
v -19.4 1.6 7.6
v -19.4 1.6 7.5
v -19.4 1.7 7.5
v -19.4 1.7 7.4
v -19.4 3.3 -9.8
v -19.4 3.3 -10
v -19 1.1 7.6
v -19 1.1 7.2
v -19 1.5 7.6
v -19 1.5 7.2
v -18.3 1.1 7.4
v -18.3 1.1 7.2
v -18.3 1.2 7.3
v -18.3 1.2 7.2
v -18.3 1.4 7.3
v -18.3 1.4 7.2
v -18.3 1.5 7.4
v -18.3 1.5 7.2
v -18.2 0.3 8.8
v -18.2 0.3 8.6
v -18.2 0.5 8.8
v -18.2 0.5 8.6
v -18 1.2 7.4
v -18 1.2 7.2
v -18 1.4 7.4
v -18 1.4 7.2
v -17.8 0.3 7.6
v -17.8 0.3 7.4
v -17.8 0.5 8.6
v -17.8 0.5 8.4
v -17.8 0.5 7.6
v -17.8 0.5 7.4
v -17.8 0.6 8.6
v -17.8 0.6 8.5
v -17.8 0.7 8.6
v -17.8 0.7 8.5
v -17.8 0.7 8.4
v -17.8 2.1 7.6
v -17.8 2.1 7.5
v -17.8 2.1 7.4
v -17.8 2.2 7.6
v -17.8 2.2 7.5
v -17.8 2.3 7.6
v -17.8 2.3 7.5
v -17.8 2.3 7.4
v -17.6 0.5 8.4
v -17.6 0.5 7.6
v -17.6 0.5 7.4
v -17.6 0.7 8.4
v -17.6 0.7 7.4
v -17.4 0.5 7.4
v -17.4 0.5 7.2
v -17.4 0.7 7.6
v -17.4 0.7 7.5
v -17.4 0.7 7.4
v -17.4 2.1 7.6
v -17.4 2.1 7.5
v -17.4 2.1 7.2
v -15.3 3.6 7.7
v -15.3 3.6 7.6
v -15.3 3.7 7.7
v -15.3 3.7 7.6
v -15.2 1.8 7.7
v -15.2 1.8 7.6
v -15.2 2.3 7.7
v -15.2 2.3 7.6
v -15.2 3.5 7.7
v -15.2 3.5 7.6
v -15.2 3.6 7.7
v -15.2 3.6 7.6
v -15.2 3.7 7.7
v -15.2 3.7 7.6
v -15.2 3.8 7.7
v -15.2 3.8 7.6
v -15 1.9 7.7
v -15 1.9 7.6
v -15 2.3 7.7
v -15 2.3 7.6
v -15 3.4 7.7
v -15 3.4 7.6
v -15 3.5 7.7
v -15 3.5 7.6
v -15 3.8 7.7
v -15 3.8 7.6
v -15 3.9 7.7
v -15 3.9 7.6
v -14.9 0.8 7.7
v -14.9 0.8 7.6
v -14.9 1.1 7.7
v -14.9 1.1 7.6
v -14.9 1.8 7.7
v -14.9 1.8 7.6
v -14.9 1.9 7.7
v -14.9 1.9 7.6
v -14.9 3.5 7.7
v -14.9 3.5 7.6
v -14.9 3.8 7.7
v -14.9 3.8 7.6
v -14.8 1.9 7.7
v -14.8 1.9 7.6
v -14.8 2.3 7.7
v -14.8 2.3 7.6
v -14.8 3.3 7.7
v -14.8 3.3 7.6
v -14.8 3.4 7.7
v -14.8 3.4 7.6
v -14.8 3.9 7.7
v -14.8 3.9 7.6
v -14.8 4 7.7
v -14.8 4 7.6
v -14.7 3.4 7.7
v -14.7 3.4 7.6
v -14.7 3.9 7.7
v -14.7 3.9 7.6
v -14.6 1.8 7.7
v -14.6 1.8 7.6
v -14.6 2.3 7.7
v -14.6 2.3 7.6
v -14.4 1.8 7.7
v -14.4 1.8 7.6
v -14.4 2 7.7
v -14.4 2 7.6
v -14.4 2.1 7.7
v -14.4 2.1 7.6
v -14.4 2.3 7.7
v -14.4 2.3 7.6
v -14.3 3.5 7.7
v -14.3 3.5 7.6
v -14.3 3.8 7.7
v -14.3 3.8 7.6
v -14.2 0.8 7.7
v -14.2 0.8 7.6
v -14.2 1.1 7.7
v -14.2 1.1 7.6
v -14.2 1.8 7.7
v -14.2 1.8 7.6
v -14.2 1.9 7.7
v -14.2 1.9 7.6
v -14.2 2 7.7
v -14.2 2 7.6
v -14.2 2.2 7.7
v -14.2 2.2 7.6
v -14.2 3.4 7.7
v -14.2 3.4 7.6
v -14.2 3.5 7.7
v -14.2 3.5 7.6
v -14.2 3.8 7.7
v -14.2 3.8 7.6
v -14.2 3.9 7.7
v -14.2 3.9 7.6
v -14.1 2.2 7.7
v -14.1 2.2 7.6
v -14.1 2.3 7.7
v -14.1 2.3 7.6
v -14.1 3.3 7.7
v -14.1 3.3 7.6
v -14.1 3.4 7.7
v -14.1 3.4 7.6
v -14.1 3.9 7.7
v -14.1 3.9 7.6
v -14.1 4 7.7
v -14.1 4 7.6
v -14 1.9 7.7
v -14 1.9 7.6
v -14 2 7.7
v -14 2 7.6
v -13.8 1.8 7.7
v -13.8 1.8 7.6
v -13.8 2.3 7.7
v -13.8 2.3 7.6
v -13.6 3.3 7.7
v -13.6 3.3 7.6
v -13.6 3.9 7.7
v -13.6 3.9 7.6
v -13.5 0.8 7.7
v -13.5 0.8 7.6
v -13.5 1.1 7.7
v -13.5 1.1 7.6
v -13.5 3.9 7.7
v -13.5 3.9 7.6
v -13.5 4 7.7
v -13.5 4 7.6
v -13.4 1.9 7.7
v -13.4 1.9 7.6
v -13.4 2 7.7
v -13.4 2 7.6
v -13.4 2.2 7.7
v -13.4 2.2 7.6
v -13.4 2.3 7.7
v -13.4 2.3 7.6
v -13.3 1.8 7.7
v -13.3 1.8 7.6
v -13.3 1.9 7.7
v -13.3 1.9 7.6
v -13.3 2.3 7.7
v -13.3 2.3 7.6
v -13.3 2.4 7.7
v -13.3 2.4 7.6
v -13.2 3.3 7.7
v -13.2 3.3 7.6
v -13.2 3.5 7.7
v -13.2 3.5 7.6
v -13.2 3.6 7.7
v -13.2 3.6 7.6
v -13.2 3.9 7.7
v -13.2 3.9 7.6
v -13 1.8 7.7
v -13 1.8 7.6
v -13 2 7.7
v -13 2 7.6
v -13 2.2 7.7
v -13 2.2 7.6
v -13 2.4 7.7
v -13 2.4 7.6
v -12.9 3.3 7.7
v -12.9 3.3 7.6
v -12.9 4 7.7
v -12.9 4 7.6
v -12.8 2.2 7.7
v -12.8 2.2 7.6
v -12.8 2.4 7.7
v -12.8 2.4 7.6
v -12.7 0.9 7.7
v -12.7 0.9 7.6
v -12.7 1.1 7.7
v -12.7 1.1 7.6
v -12.7 1.8 7.7
v -12.7 1.8 7.6
v -12.7 1.9 7.7
v -12.7 1.9 7.6
v -12.7 3.6 7.7
v -12.7 3.6 7.6
v -12.7 3.7 7.7
v -12.7 3.7 7.6
v -12.6 0.8 7.7
v -12.6 0.8 7.6
v -12.6 0.9 7.7
v -12.6 0.9 7.6
v -12.6 1.9 7.7
v -12.6 1.9 7.6
v -12.6 2 7.7
v -12.6 2 7.6
v -12.6 3.5 7.7
v -12.6 3.5 7.6
v -12.6 3.6 7.7
v -12.6 3.6 7.6
v -12.5 1.8 7.7
v -12.5 1.8 7.6
v -12.5 1.9 7.7
v -12.5 1.9 7.6
v -12.5 3.4 7.7
v -12.5 3.4 7.6
v -12.5 3.5 7.7
v -12.5 3.5 7.6
v -12.4 2.2 7.7
v -12.4 2.2 7.6
v -12.4 2.4 7.7
v -12.4 2.4 7.6
v -12.4 3.3 7.7
v -12.4 3.3 7.6
v -12.4 3.4 7.7
v -12.4 3.4 7.6
v -12.4 3.5 7.7
v -12.4 3.5 7.6
v -12.4 4 7.7
v -12.4 4 7.6
v -12.3 0.8 7.7
v -12.3 0.8 7.6
v -12.3 1.1 7.7
v -12.3 1.1 7.6
v -12.3 1.8 7.7
v -12.3 1.8 7.6
v -12.3 2 7.7
v -12.3 2 7.6
v -12.2 2.3 7.7
v -12.2 2.3 7.6
v -12.2 2.4 7.7
v -12.2 2.4 7.6
v -12.2 3.3 7.7
v -12.2 3.3 7.6
v -12.2 4 7.7
v -12.2 4 7.6
v -12.1 2.2 7.7
v -12.1 2.2 7.6
v -12.1 2.3 7.7
v -12.1 2.3 7.6
v -11.9 0.8 7.7
v -11.9 0.8 7.6
v -11.9 1.1 7.7
v -11.9 1.1 7.6
v -11.9 1.8 7.7
v -11.9 1.8 7.6
v -11.9 2 7.7
v -11.9 2 7.6
v -11.9 3.4 7.7
v -11.9 3.4 7.6
v -11.9 3.5 7.7
v -11.9 3.5 7.6
v -11.9 3.8 7.7
v -11.9 3.8 7.6
v -11.9 3.9 7.7
v -11.9 3.9 7.6
v -11.8 2.2 7.7
v -11.8 2.2 7.6
v -11.8 2.3 7.7
v -11.8 2.3 7.6
v -11.8 3.5 7.7
v -11.8 3.5 7.6
v -11.8 3.8 7.7
v -11.8 3.8 7.6
v -11.7 1.9 7.7
v -11.7 1.9 7.6
v -11.7 2 7.7
v -11.7 2 7.6
v -11.7 2.3 7.7
v -11.7 2.3 7.6
v -11.7 2.4 7.7
v -11.7 2.4 7.6
v -11.7 3.3 7.7
v -11.7 3.3 7.6
v -11.7 3.4 7.7
v -11.7 3.4 7.6
v -11.7 3.9 7.7
v -11.7 3.9 7.6
v -11.7 4 7.7
v -11.7 4 7.6
v -11.5 0.8 7.7
v -11.5 0.8 7.6
v -11.5 1.1 7.7
v -11.5 1.1 7.6
v -11.5 1.8 7.7
v -11.5 1.8 7.6
v -11.5 2 7.7
v -11.5 2 7.6
v -11.5 3.4 7.7
v -11.5 3.4 7.6
v -11.5 3.9 7.7
v -11.5 3.9 7.6
v -11.4 2.2 7.7
v -11.4 2.2 7.6
v -11.4 2.4 7.7
v -11.4 2.4 7.6
v -11.3 1.8 7.7
v -11.3 1.8 7.6
v -11.3 2 7.7
v -11.3 2 7.6
v -11.1 0.8 7.7
v -11.1 0.8 7.6
v -11.1 1.1 7.7
v -11.1 1.1 7.6
v -11.1 1.8 7.7
v -11.1 1.8 7.6
v -11.1 1.9 7.7
v -11.1 1.9 7.6
v -11.1 3.8 7.7
v -11.1 3.8 7.6
v -11.1 4 7.7
v -11.1 4 7.6
v -11 3.6 7.7
v -11 3.6 7.6
v -11 3.8 7.7
v -11 3.8 7.6
v -10.9 1.8 7.7
v -10.9 1.8 7.6
v -10.9 2 7.7
v -10.9 2 7.6
v -10.9 3.4 7.7
v -10.9 3.4 7.6
v -10.9 3.6 7.7
v -10.9 3.6 7.6
v -10.8 3.3 7.7
v -10.8 3.3 7.6
v -10.8 3.4 7.7
v -10.8 3.4 7.6
v -10.7 3.4 7.7
v -10.7 3.4 7.6
v -10.7 3.6 7.7
v -10.7 3.6 7.6
v -10.6 0.8 7.7
v -10.6 0.8 7.6
v -10.6 1.1 7.7
v -10.6 1.1 7.6
v -10.6 3.6 7.7
v -10.6 3.6 7.6
v -10.6 3.8 7.7
v -10.6 3.8 7.6
v -10.5 3.8 7.7
v -10.5 3.8 7.6
v -10.5 3.9 7.7
v -10.5 3.9 7.6
v -10.3 2.2 7.7
v -10.3 2.2 7.6
v -10.3 2.4 7.7
v -10.3 2.4 7.6
v -10.3 3.3 7.7
v -10.3 3.3 7.6
v -10.3 3.4 7.7
v -10.3 3.4 7.6
v -10.3 3.5 7.7
v -10.3 3.5 7.6
v -10.3 4 7.7
v -10.3 4 7.6
v -10.1 1.8 7.7
v -10.1 1.8 7.6
v -10.1 2 7.7
v -10.1 2 7.6
v -10.1 2.2 7.7
v -10.1 2.2 7.6
v -10.1 2.4 7.7
v -10.1 2.4 7.6
v -10 2 7.7
v -10 2 7.6
v -10 2.1 7.7
v -10 2.1 7.6
v -9.9 2.1 7.7
v -9.9 2.1 7.6
v -9.9 2.2 7.7
v -9.9 2.2 7.6
v -9.9 3.6 7.7
v -9.9 3.6 7.6
v -9.9 3.9 7.7
v -9.9 3.9 7.6
v -9.8 1.9 7.7
v -9.8 1.9 7.6
v -9.8 2 7.7
v -9.8 2 7.6
v -9.8 2.2 7.7
v -9.8 2.2 7.6
v -9.8 2.3 7.7
v -9.8 2.3 7.6
v -9.7 0.8 7.7
v -9.7 0.8 7.6
v -9.7 1.3 7.7
v -9.7 1.3 7.6
v -9.7 3.3 7.7
v -9.7 3.3 7.6
v -9.7 3.4 7.7
v -9.7 3.4 7.6
v -9.7 3.9 7.7
v -9.7 3.9 7.6
v -9.7 4 7.7
v -9.7 4 7.6
v -9.6 0.9 7.8
v -9.6 0.9 7.7
v -9.6 1 7.8
v -9.6 1 7.7
v -9.6 1.8 7.7
v -9.6 1.8 7.6
v -9.6 2 7.7
v -9.6 2 7.6
v -9.6 2.2 7.7
v -9.6 2.2 7.6
v -9.6 2.4 7.7
v -9.6 2.4 7.6
v -9.6 3.4 7.7
v -9.6 3.4 7.6
v -9.6 3.5 7.7
v -9.6 3.5 7.6
v -9.6 3.8 7.7
v -9.6 3.8 7.6
v -9.6 3.9 7.7
v -9.6 3.9 7.6
v -9.5 1 7.8
v -9.5 1 7.7
v -9.5 1.1 7.8
v -9.5 1.1 7.7
v -9.5 2.1 7.7
v -9.5 2.1 7.6
v -9.5 2.2 7.7
v -9.5 2.2 7.6
v -9.5 3.5 7.7
v -9.5 3.5 7.6
v -9.5 3.6 7.7
v -9.5 3.6 7.6
v -9.5 3.7 7.7
v -9.5 3.7 7.6
v -9.5 3.8 7.7
v -9.5 3.8 7.6
v -9.4 1.1 7.8
v -9.4 1.1 7.7
v -9.4 1.2 7.8
v -9.4 1.2 7.7
v -9.4 2 7.7
v -9.4 2 7.6
v -9.4 2.1 7.7
v -9.4 2.1 7.6
v -9.4 3.6 7.7
v -9.4 3.6 7.6
v -9.4 3.7 7.7
v -9.4 3.7 7.6
v -9.3 1.9 7.7
v -9.3 1.9 7.6
v -9.3 2 7.7
v -9.3 2 7.6
v -9.3 2.2 7.7
v -9.3 2.2 7.6
v -9.3 2.3 7.7
v -9.3 2.3 7.6
v -9.3 3.5 7.7
v -9.3 3.5 7.6
v -9.3 3.6 7.7
v -9.3 3.6 7.6
v -9.3 3.7 7.7
v -9.3 3.7 7.6
v -9.3 3.8 7.7
v -9.3 3.8 7.6
v -9.2 3.4 7.7
v -9.2 3.4 7.6
v -9.2 3.5 7.7
v -9.2 3.5 7.6
v -9.2 3.8 7.7
v -9.2 3.8 7.6
v -9.2 3.9 7.7
v -9.2 3.9 7.6
v -9.1 3.3 7.7
v -9.1 3.3 7.6
v -9.1 3.4 7.7
v -9.1 3.4 7.6
v -9.1 3.9 7.7
v -9.1 3.9 7.6
v -9.1 4 7.7
v -9.1 4 7.6
v -9 2.5 7.6
v -9 2.5 7.5
v -9 2.6 7.6
v -9 2.6 7.5
v -6.8 0.9 7.8
v -6.8 0.9 7.6
v -6.8 1.1 7.8
v -6.8 1.1 7.6
v -6.2 0.9 7.8
v -6.2 0.9 7.6
v -6.2 1.1 7.8
v -6.2 1.1 7.6
v -4.8 5.1 7.2
v -4.8 5.1 7
v -4.8 5.1 6.2
v -4.8 5.2 7.2
v -4.8 5.2 7
v -4.8 5.2 6.2
v -4.8 16.1 7.2
v -4.8 16.1 7
v -4.8 16.1 6.2
v -4.8 16.2 7.2
v -4.8 16.2 7
v -4.8 16.2 6.2
v -4.7 5 7.3
v -4.7 5 7.2
v -4.7 5.1 7.3
v -4.7 5.1 7.2
v -4.7 5.2 7.2
v -4.7 5.2 7
v -4.7 5.2 6.2
v -4.7 16 7.2
v -4.7 16 7.1
v -4.7 16.1 7.2
v -4.7 16.1 7.1
v -4.7 16.1 7
v -4.7 16.1 6.2
v -4.7 16.2 7.3
v -4.7 16.2 7.2
v -4.7 16.3 7.3
v -4.7 16.3 7.2
v -4.6 4.9 7.4
v -4.6 4.9 7.3
v -4.6 5 7.3
v -4.6 5.1 7.3
v -4.6 5.1 7.2
v -4.6 16 7.4
v -4.6 16 7.2
v -4.6 16.2 7.3
v -4.6 16.2 7.2
v -4.6 16.3 7.4
v -4.6 16.3 7.3
v -4.4 4.9 7.6
v -4.4 4.9 7.5
v -4.4 4.9 7.4
v -4.4 16 7.5
v -4.4 16 7.4
v -4.4 16.3 7.6
v -4.4 16.3 7.4
v -4 3.7 -11.6
v -4 3.7 -11.8
v -4 3.9 -11.6
v -4 3.9 -11.8
v -3.6 5.1 7.6
v -3.6 5.1 7.4
v -3.6 5.3 7.6
v -3.6 5.3 7.4
v -3.6 7.5 7.6
v -3.6 7.5 7.4
v -3.6 7.7 7.6
v -3.6 7.7 7.4
v -3.6 8.3 7.6
v -3.6 8.3 7.4
v -3.6 8.5 7.6
v -3.6 8.5 7.4
v -3.6 10.3 7.6
v -3.6 10.3 7.4
v -3.6 10.5 7.6
v -3.6 10.5 7.4
v -3.6 11.1 7.6
v -3.6 11.1 7.4
v -3.6 11.3 7.6
v -3.6 11.3 7.4
v -3.6 12.7 7.6
v -3.6 12.7 7.4
v -3.6 12.9 7.6
v -3.6 12.9 7.4
v -3.6 13.5 7.6
v -3.6 13.5 7.4
v -3.6 13.7 7.6
v -3.6 13.7 7.4
v -3.6 13.9 7.6
v -3.6 13.9 7.4
v -3.6 14.1 7.6
v -3.6 14.1 7.4
v -3.6 14.3 7.6
v -3.6 14.3 7.4
v -3.6 14.5 7.6
v -3.6 14.5 7.4
v -3.6 14.7 7.6
v -3.6 14.7 7.4
v -3.6 14.9 7.6
v -3.6 14.9 7.4
v -3.6 15.1 7.6
v -3.6 15.1 7.4
v -3.6 15.3 7.6
v -3.6 15.3 7.4
v -3.6 15.5 7.6
v -3.6 15.5 7.4
v -3.6 15.7 7.6
v -3.6 15.7 7.4
v -3.6 15.9 7.6
v -3.6 15.9 7.4
v -3.6 16.1 7.6
v -3.6 16.1 7.4
v -3.4 5.5 7.6
v -3.4 5.5 7.4
v -3.4 5.7 7.6
v -3.4 5.7 7.4
v -3.4 7.1 7.6
v -3.4 7.1 7.4
v -3.4 7.3 7.6
v -3.4 7.3 7.4
v -3.4 8.7 7.6
v -3.4 8.7 7.4
v -3.4 8.9 7.6
v -3.4 8.9 7.4
v -3.4 9.1 7.6
v -3.4 9.1 7.4
v -3.4 9.3 7.6
v -3.4 9.3 7.4
v -3.4 9.9 7.6
v -3.4 9.9 7.4
v -3.4 10.1 7.6
v -3.4 10.1 7.4
v -3.4 11.5 7.6
v -3.4 11.5 7.4
v -3.4 11.7 7.6
v -3.4 11.7 7.4
v -3.4 12.3 7.6
v -3.4 12.3 7.4
v -3.4 12.5 7.6
v -3.4 12.5 7.4
v -3.2 5.9 7.6
v -3.2 5.9 7.4
v -3.2 6.1 7.6
v -3.2 6.1 7.4
v -3.2 6.7 7.6
v -3.2 6.7 7.4
v -3.2 6.9 7.6
v -3.2 6.9 7.4
v -3.2 9.5 7.6
v -3.2 9.5 7.4
v -3.2 9.7 7.6
v -3.2 9.7 7.4
v -3.2 11.9 7.6
v -3.2 11.9 7.4
v -3.2 12.1 7.6
v -3.2 12.1 7.4
v -3.2 14.3 7.6
v -3.2 14.3 7.4
v -3.2 14.5 7.6
v -3.2 14.5 7.4
v -3.2 15.1 7.6
v -3.2 15.1 7.4
v -3.2 15.3 7.6
v -3.2 15.3 7.4
v -3 1.3 7.6
v -3 1.3 7.4
v -3 2.1 7.6
v -3 2.1 7.4
v -3 6.3 7.6
v -3 6.3 7.4
v -3 6.5 7.6
v -3 6.5 7.4
v -3 14.7 7.6
v -3 14.7 7.4
v -3 14.9 7.6
v -3 14.9 7.4
v -2.6 4.7 7.6
v -2.6 4.7 7.4
v -2.6 4.9 7.6
v -2.6 4.9 7.4
v -2.6 5.1 7.6
v -2.6 5.1 7.4
v -2.6 5.3 7.6
v -2.6 5.3 7.4
v -2.6 5.5 7.6
v -2.6 5.5 7.4
v -2.6 5.7 7.6
v -2.6 5.7 7.4
v -2.6 5.9 7.6
v -2.6 5.9 7.4
v -2.6 6.1 7.6
v -2.6 6.1 7.4
v -2.6 6.3 7.6
v -2.6 6.3 7.4
v -2.6 6.5 7.6
v -2.6 6.5 7.4
v -2.6 6.7 7.6
v -2.6 6.7 7.4
v -2.6 6.9 7.6
v -2.6 6.9 7.4
v -2.6 7.1 7.6
v -2.6 7.1 7.4
v -2.6 7.3 7.6
v -2.6 7.3 7.4
v -2.6 7.5 7.6
v -2.6 7.5 7.4
v -2.6 7.7 7.6
v -2.6 7.7 7.4
v -2.6 7.9 7.6
v -2.6 7.9 7.4
v -2.6 8.1 7.6
v -2.6 8.1 7.4
v -2.6 8.3 7.6
v -2.6 8.3 7.4
v -2.6 8.5 7.6
v -2.6 8.5 7.4
v -2.6 8.7 7.6
v -2.6 8.7 7.4
v -2.6 8.9 7.6
v -2.6 8.9 7.4
v -2.6 9.1 7.6
v -2.6 9.1 7.4
v -2.6 9.3 7.6
v -2.6 9.3 7.4
v -2.6 9.5 7.6
v -2.6 9.5 7.4
v -2.6 9.7 7.6
v -2.6 9.7 7.4
v -2.6 9.9 7.6
v -2.6 9.9 7.4
v -2.6 10.1 7.6
v -2.6 10.1 7.4
v -2.6 10.3 7.6
v -2.6 10.3 7.4
v -2.6 10.5 7.6
v -2.6 10.5 7.4
v -2.6 10.7 7.6
v -2.6 10.7 7.4
v -2.6 10.9 7.6
v -2.6 10.9 7.4
v -2.6 11.1 7.6
v -2.6 11.1 7.4
v -2.6 11.3 7.6
v -2.6 11.3 7.4
v -2.6 11.5 7.6
v -2.6 11.5 7.4
v -2.6 11.7 7.6
v -2.6 11.7 7.4
v -2.6 11.9 7.6
v -2.6 11.9 7.4
v -2.6 12.1 7.6
v -2.6 12.1 7.4
v -2.6 12.3 7.6
v -2.6 12.3 7.4
v -2.6 12.5 7.6
v -2.6 12.5 7.4
v -2.6 12.7 7.6
v -2.6 12.7 7.4
v -2.6 12.9 7.6
v -2.6 12.9 7.4
v -2.6 13.1 7.6
v -2.6 13.1 7.4
v -2.6 13.3 7.6
v -2.6 13.3 7.4
v -2.6 13.5 7.6
v -2.6 13.5 7.4
v -2.6 13.7 7.6
v -2.6 13.7 7.4
v -2.6 13.9 7.6
v -2.6 13.9 7.4
v -2.6 14.1 7.6
v -2.6 14.1 7.4
v -2.6 14.3 7.6
v -2.6 14.3 7.4
v -2.6 14.5 7.6
v -2.6 14.5 7.4
v -2.6 14.7 7.6
v -2.6 14.7 7.4
v -2.6 14.9 7.6
v -2.6 14.9 7.4
v -2.6 15.1 7.6
v -2.6 15.1 7.4
v -2.6 15.3 7.6
v -2.6 15.3 7.4
v -2.6 15.5 7.6
v -2.6 15.5 7.4
v -2.6 15.7 7.6
v -2.6 15.7 7.4
v -2.6 15.9 7.6
v -2.6 15.9 7.4
v -2.6 16.1 7.6
v -2.6 16.1 7.4
v -22 0.7 7.4
v -22 0.7 7.3
v -22 0.7 7.2
v -22 2.1 7.4
v -22 2.1 7.3
v -22 2.1 7.2
v -21.8 0.5 8.4
v -21.8 0.5 7.6
v -21.8 0.5 7.4
v -21.8 0.7 8.4
v -21.8 0.7 7.4
v -21.8 4.7 7.6
v -21.8 4.7 7.4
v -21.8 4.9 7.6
v -21.8 4.9 7.4
v -21.8 5.1 7.6
v -21.8 5.1 7.4
v -21.8 5.3 7.6
v -21.8 5.3 7.4
v -21.8 5.5 7.6
v -21.8 5.5 7.4
v -21.8 5.7 7.6
v -21.8 5.7 7.4
v -21.8 5.9 7.6
v -21.8 5.9 7.4
v -21.8 6.1 7.6
v -21.8 6.1 7.4
v -21.8 6.3 7.6
v -21.8 6.3 7.4
v -21.8 6.5 7.6
v -21.8 6.5 7.4
v -21.8 6.7 7.6
v -21.8 6.7 7.4
v -21.8 6.9 7.6
v -21.8 6.9 7.4
v -21.8 7.1 7.6
v -21.8 7.1 7.4
v -21.8 7.3 7.6
v -21.8 7.3 7.4
v -21.8 7.5 7.6
v -21.8 7.5 7.4
v -21.8 7.7 7.6
v -21.8 7.7 7.4
v -21.8 7.9 7.6
v -21.8 7.9 7.4
v -21.8 8.1 7.6
v -21.8 8.1 7.4
v -21.8 8.3 7.6
v -21.8 8.3 7.4
v -21.8 8.5 7.6
v -21.8 8.5 7.4
v -21.8 8.7 7.6
v -21.8 8.7 7.4
v -21.8 8.9 7.6
v -21.8 8.9 7.4
v -21.8 9.1 7.6
v -21.8 9.1 7.4
v -21.8 9.3 7.6
v -21.8 9.3 7.4
v -21.8 9.5 7.6
v -21.8 9.5 7.4
v -21.8 9.7 7.6
v -21.8 9.7 7.4
v -21.8 9.9 7.6
v -21.8 9.9 7.4
v -21.8 10.1 7.6
v -21.8 10.1 7.4
v -21.8 10.3 7.6
v -21.8 10.3 7.4
v -21.8 10.5 7.6
v -21.8 10.5 7.4
v -21.8 10.7 7.6
v -21.8 10.7 7.4
v -21.8 10.9 7.6
v -21.8 10.9 7.4
v -21.8 11.1 7.6
v -21.8 11.1 7.4
v -21.8 11.3 7.6
v -21.8 11.3 7.4
v -21.8 11.5 7.6
v -21.8 11.5 7.4
v -21.8 11.7 7.6
v -21.8 11.7 7.4
v -21.8 11.9 7.6
v -21.8 11.9 7.4
v -21.8 12.1 7.6
v -21.8 12.1 7.4
v -21.8 12.3 7.6
v -21.8 12.3 7.4
v -21.8 12.5 7.6
v -21.8 12.5 7.4
v -21.8 12.7 7.6
v -21.8 12.7 7.4
v -21.8 12.9 7.6
v -21.8 12.9 7.4
v -21.8 13.1 7.6
v -21.8 13.1 7.4
v -21.8 13.3 7.6
v -21.8 13.3 7.4
v -21.8 13.5 7.6
v -21.8 13.5 7.4
v -21.8 13.7 7.6
v -21.8 13.7 7.4
v -21.8 13.9 7.6
v -21.8 13.9 7.4
v -21.8 14.1 7.6
v -21.8 14.1 7.4
v -21.8 14.3 7.6
v -21.8 14.3 7.4
v -21.8 14.5 7.6
v -21.8 14.5 7.4
v -21.8 14.7 7.6
v -21.8 14.7 7.4
v -21.8 14.9 7.6
v -21.8 14.9 7.4
v -21.8 15.1 7.6
v -21.8 15.1 7.4
v -21.8 15.3 7.6
v -21.8 15.3 7.4
v -21.8 15.5 7.6
v -21.8 15.5 7.4
v -21.8 15.7 7.6
v -21.8 15.7 7.4
v -21.8 15.9 7.6
v -21.8 15.9 7.4
v -21.8 16.1 7.6
v -21.8 16.1 7.4
v -21.6 0.3 7.6
v -21.6 0.3 7.4
v -21.6 0.5 8.6
v -21.6 0.5 8.4
v -21.6 0.5 7.6
v -21.6 0.5 7.4
v -21.6 0.6 8.6
v -21.6 0.6 8.5
v -21.6 0.7 8.6
v -21.6 0.7 8.5
v -21.6 0.7 8.4
v -21.6 2.1 7.6
v -21.6 2.1 7.5
v -21.6 2.1 7.4
v -21.6 2.2 7.6
v -21.6 2.2 7.5
v -21.6 2.3 7.6
v -21.6 2.3 7.5
v -21.6 2.3 7.4
v -21.4 1.1 7.6
v -21.4 1.1 7.4
v -21.4 1.5 7.6
v -21.4 1.5 7.4
v -21.4 6.3 7.6
v -21.4 6.3 7.4
v -21.4 6.5 7.6
v -21.4 6.5 7.4
v -21.4 14.7 7.6
v -21.4 14.7 7.4
v -21.4 14.9 7.6
v -21.4 14.9 7.4
v -21.2 0.3 8.8
v -21.2 0.3 8.6
v -21.2 0.5 8.8
v -21.2 0.5 8.6
v -21.2 5.9 7.6
v -21.2 5.9 7.4
v -21.2 6.1 7.6
v -21.2 6.1 7.4
v -21.2 6.7 7.6
v -21.2 6.7 7.4
v -21.2 6.9 7.6
v -21.2 6.9 7.4
v -21.2 9.5 7.6
v -21.2 9.5 7.4
v -21.2 9.7 7.6
v -21.2 9.7 7.4
v -21.2 11.9 7.6
v -21.2 11.9 7.4
v -21.2 12.1 7.6
v -21.2 12.1 7.4
v -21.2 14.3 7.6
v -21.2 14.3 7.4
v -21.2 14.5 7.6
v -21.2 14.5 7.4
v -21.2 15.1 7.6
v -21.2 15.1 7.4
v -21.2 15.3 7.6
v -21.2 15.3 7.4
v -21 0.9 7.5
v -21 0.9 7.4
v -21 1 7.6
v -21 1 7.5
v -21 1.1 7.6
v -21 1.1 7.4
v -21 1.5 7.6
v -21 1.5 7.5
v -21 1.6 7.6
v -21 1.6 7.5
v -21 5.5 7.6
v -21 5.5 7.4
v -21 5.7 7.6
v -21 5.7 7.4
v -21 7.1 7.6
v -21 7.1 7.4
v -21 7.3 7.6
v -21 7.3 7.4
v -21 8.7 7.6
v -21 8.7 7.4
v -21 8.9 7.6
v -21 8.9 7.4
v -21 9.1 7.6
v -21 9.1 7.4
v -21 9.3 7.6
v -21 9.3 7.4
v -21 9.9 7.6
v -21 9.9 7.4
v -21 10.1 7.6
v -21 10.1 7.4
v -21 11.5 7.6
v -21 11.5 7.4
v -21 11.7 7.6
v -21 11.7 7.4
v -21 12.3 7.6
v -21 12.3 7.4
v -21 12.5 7.6
v -21 12.5 7.4
v -20.9 1.1 7.6
v -20.9 1.1 7.5
v -20.9 1.5 7.6
v -20.9 1.5 7.5
v -20.8 0.9 7.4
v -20.8 0.9 7.2
v -20.8 1.1 7.5
v -20.8 1.1 7.4
v -20.8 1.3 7.3
v -20.8 1.3 7.2
v -20.8 1.6 7.3
v -20.8 1.6 7.2
v -20.8 1.7 7.5
v -20.8 1.7 7.2
v -20.8 5.1 7.6
v -20.8 5.1 7.4
v -20.8 5.3 7.6
v -20.8 5.3 7.4
v -20.8 7.5 7.6
v -20.8 7.5 7.4
v -20.8 7.7 7.6
v -20.8 7.7 7.4
v -20.8 8.3 7.6
v -20.8 8.3 7.4
v -20.8 8.5 7.6
v -20.8 8.5 7.4
v -20.8 10.3 7.6
v -20.8 10.3 7.4
v -20.8 10.5 7.6
v -20.8 10.5 7.4
v -20.8 11.1 7.6
v -20.8 11.1 7.4
v -20.8 11.3 7.6
v -20.8 11.3 7.4
v -20.8 12.7 7.6
v -20.8 12.7 7.4
v -20.8 12.9 7.6
v -20.8 12.9 7.4
v -20.8 13.5 7.6
v -20.8 13.5 7.4
v -20.8 13.7 7.6
v -20.8 13.7 7.4
v -20.8 13.9 7.6
v -20.8 13.9 7.4
v -20.8 14.1 7.6
v -20.8 14.1 7.4
v -20.8 14.3 7.6
v -20.8 14.3 7.4
v -20.8 14.5 7.6
v -20.8 14.5 7.4
v -20.8 14.7 7.6
v -20.8 14.7 7.4
v -20.8 14.9 7.6
v -20.8 14.9 7.4
v -20.8 15.1 7.6
v -20.8 15.1 7.4
v -20.8 15.3 7.6
v -20.8 15.3 7.4
v -20.8 15.5 7.6
v -20.8 15.5 7.4
v -20.8 15.7 7.6
v -20.8 15.7 7.4
v -20.8 15.9 7.6
v -20.8 15.9 7.4
v -20.8 16.1 7.6
v -20.8 16.1 7.4
v -20.4 1.1 7.6
v -20.4 1.1 7.2
v -20.4 1.5 7.6
v -20.4 1.5 7.2
v -20.4 3.7 -11.6
v -20.4 3.7 -11.8
v -20.4 3.9 -11.6
v -20.4 3.9 -11.8
v -20 0.9 7.5
v -20 0.9 7.4
v -20 1 7.6
v -20 1 7.5
v -20 1.1 7.6
v -20 1.1 7.4
v -20 1.5 7.6
v -20 1.5 7.4
v -20 1.6 7.6
v -20 1.6 7.5
v -20 1.7 7.5
v -20 1.7 7.4
v -20 4.9 7.6
v -20 4.9 7.5
v -20 4.9 7.4
v -20 16 7.5
v -20 16 7.4
v -20 16.2 7.6
v -20 16.2 7.5
v -20 16.3 7.6
v -20 16.3 7.5
v -20 16.3 7.4
v -19.9 0.9 7.4
v -19.9 0.9 7.3
v -19.9 1 7.4
v -19.9 1 7.3
v -19.9 1.1 7.6
v -19.9 1.1 7.5
v -19.9 1.5 7.6
v -19.9 1.5 7.5
v -19.9 1.6 7.4
v -19.9 1.6 7.3
v -19.9 1.7 7.4
v -19.9 1.7 7.3
v -19.8 0.9 7.3
v -19.8 0.9 7.2
v -19.8 1 7.4
v -19.8 1 7.3
v -19.8 1.1 7.5
v -19.8 1.1 7.4
v -19.8 1.5 7.5
v -19.8 1.5 7.4
v -19.8 1.6 7.4
v -19.8 1.6 7.3
v -19.8 1.7 7.3
v -19.8 1.7 7.2
v -19.8 4.9 7.4
v -19.8 4.9 7.3
v -19.8 5 7.3
v -19.8 5.1 7.3
v -19.8 5.1 7.2
v -19.8 16 7.4
v -19.8 16 7.2
v -19.8 16.2 7.3
v -19.8 16.2 7.2
v -19.8 16.3 7.4
v -19.8 16.3 7.3
v -19.7 5 7.3
v -19.7 5 7.2
v -19.7 5.1 7.3
v -19.7 5.1 7.2
v -19.7 5.2 7.2
v -19.7 5.2 7
v -19.7 5.2 6.2
v -19.7 16 7.2
v -19.7 16 7.1
v -19.7 16.1 7.2
v -19.7 16.1 7.1
v -19.7 16.1 7
v -19.7 16.1 6.2
v -19.7 16.2 7.3
v -19.7 16.2 7.2
v -19.7 16.3 7.3
v -19.7 16.3 7.2
v -19.6 5.1 7.2
v -19.6 5.1 7
v -19.6 5.1 6.2
v -19.6 5.2 7.2
v -19.6 5.2 7
v -19.6 5.2 6.2
v -19.6 16.1 7.2
v -19.6 16.1 7
v -19.6 16.1 6.2
v -19.6 16.2 7.2
v -19.6 16.2 7
v -19.6 16.2 6.2
v -19.4 1.1 7.6
v -19.4 1.1 7.2
v -19.4 1.5 7.6
v -19.4 1.5 7.2
v -19 0.9 7.5
v -19 0.9 7.4
v -19 1 7.6
v -19 1 7.5
v -19 1.1 7.6
v -19 1.1 7.4
v -19 1.5 7.6
v -19 1.5 7.4
v -19 1.6 7.6
v -19 1.6 7.5
v -19 1.7 7.5
v -19 1.7 7.4
v -18.9 0.9 7.4
v -18.9 0.9 7.3
v -18.9 1 7.4
v -18.9 1 7.3
v -18.9 1.1 7.6
v -18.9 1.1 7.5
v -18.9 1.5 7.6
v -18.9 1.5 7.5
v -18.9 1.6 7.4
v -18.9 1.6 7.3
v -18.9 1.7 7.4
v -18.9 1.7 7.3
v -18.8 0.9 7.3
v -18.8 0.9 7.2
v -18.8 1 7.4
v -18.8 1 7.3
v -18.8 1.1 7.5
v -18.8 1.1 7.4
v -18.8 1.5 7.5
v -18.8 1.5 7.4
v -18.8 1.6 7.4
v -18.8 1.6 7.3
v -18.8 1.7 7.3
v -18.8 1.7 7.2
v -18.2 0.5 8.6
v -18.2 0.5 8.4
v -18.2 0.6 8.6
v -18.2 0.6 8.5
v -18.2 0.7 8.6
v -18.2 0.7 8.5
v -18.2 0.7 8.4
v -18.2 1.2 7.4
v -18.2 1.2 7.3
v -18.2 1.4 7.4
v -18.2 1.4 7.3
v -18.2 2.1 7.6
v -18.2 2.1 7.5
v -18.2 2.1 7.4
v -18.2 2.2 7.6
v -18.2 2.2 7.5
v -18.2 2.3 7.6
v -18.2 2.3 7.5
v -18.2 2.3 7.4
v -17.9 1.1 7.4
v -17.9 1.1 7.2
v -17.9 1.5 7.4
v -17.9 1.5 7.2
v -17.8 0.3 8.8
v -17.8 0.3 8.6
v -17.8 0.5 8.8
v -17.8 0.5 8.6
v -17.4 0.3 8.6
v -17.4 0.3 7.6
v -17.4 0.5 7.6
v -17.4 0.6 8.6
v -17.4 0.6 7.6
v -17.4 0.7 8.6
v -17.4 0.7 7.6
v -15.4 2.5 7.6
v -15.4 2.5 7.5
v -15.4 2.6 7.6
v -15.4 2.6 7.5
v -15.2 3.6 7.7
v -15.2 3.6 7.6
v -15.2 3.7 7.7
v -15.2 3.7 7.6
v -15.1 1.8 7.7
v -15.1 1.8 7.6
v -15.1 2.3 7.7
v -15.1 2.3 7.6
v -15.1 3.5 7.7
v -15.1 3.5 7.6
v -15.1 3.6 7.7
v -15.1 3.6 7.6
v -15.1 3.7 7.7
v -15.1 3.7 7.6
v -15.1 3.8 7.7
v -15.1 3.8 7.6
v -14.9 1.9 7.7
v -14.9 1.9 7.6
v -14.9 2.3 7.7
v -14.9 2.3 7.6
v -14.9 3.4 7.7
v -14.9 3.4 7.6
v -14.9 3.5 7.7
v -14.9 3.5 7.6
v -14.9 3.8 7.7
v -14.9 3.8 7.6
v -14.9 3.9 7.7
v -14.9 3.9 7.6
v -14.8 1.8 7.7
v -14.8 1.8 7.6
v -14.8 1.9 7.7
v -14.8 1.9 7.6
v -14.8 3.5 7.7
v -14.8 3.5 7.6
v -14.8 3.8 7.7
v -14.8 3.8 7.6
v -14.7 1.9 7.7
v -14.7 1.9 7.6
v -14.7 2.3 7.7
v -14.7 2.3 7.6
v -14.7 3.3 7.7
v -14.7 3.3 7.6
v -14.7 3.4 7.7
v -14.7 3.4 7.6
v -14.7 3.9 7.7
v -14.7 3.9 7.6
v -14.7 4 7.7
v -14.7 4 7.6
v -14.6 3.4 7.7
v -14.6 3.4 7.6
v -14.6 3.9 7.7
v -14.6 3.9 7.6
v -14.5 1.8 7.7
v -14.5 1.8 7.6
v -14.5 2 7.7
v -14.5 2 7.6
v -14.5 2.1 7.7
v -14.5 2.1 7.6
v -14.5 2.3 7.7
v -14.5 2.3 7.6
v -14.4 0.8 7.7
v -14.4 0.8 7.6
v -14.4 1.1 7.7
v -14.4 1.1 7.6
v -14.3 1.8 7.7
v -14.3 1.8 7.6
v -14.3 2.3 7.7
v -14.3 2.3 7.6
v -14.2 3.5 7.7
v -14.2 3.5 7.6
v -14.2 3.8 7.7
v -14.2 3.8 7.6
v -14.1 2.1 7.7
v -14.1 2.1 7.6
v -14.1 2.2 7.7
v -14.1 2.2 7.6
v -14.1 3.4 7.7
v -14.1 3.4 7.6
v -14.1 3.5 7.7
v -14.1 3.5 7.6
v -14.1 3.8 7.7
v -14.1 3.8 7.6
v -14.1 3.9 7.7
v -14.1 3.9 7.6
v -14 2 7.7
v -14 2 7.6
v -14 2.1 7.7
v -14 2.1 7.6
v -13.9 1.8 7.7
v -13.9 1.8 7.6
v -13.9 2 7.7
v -13.9 2 7.6
v -13.9 2.2 7.7
v -13.9 2.2 7.6
v -13.9 2.3 7.7
v -13.9 2.3 7.6
v -13.8 3.3 7.7
v -13.8 3.3 7.6
v -13.8 3.4 7.7
v -13.8 3.4 7.6
v -13.8 3.9 7.7
v -13.8 3.9 7.6
v -13.8 4 7.7
v -13.8 4 7.6
v -13.7 0.8 7.7
v -13.7 0.8 7.6
v -13.7 1.1 7.7
v -13.7 1.1 7.6
v -13.7 1.8 7.7
v -13.7 1.8 7.6
v -13.7 2.3 7.7
v -13.7 2.3 7.6
v -13.5 3.3 7.7
v -13.5 3.3 7.6
v -13.5 3.5 7.7
v -13.5 3.5 7.6
v -13.5 3.6 7.7
v -13.5 3.6 7.6
v -13.5 3.9 7.7
v -13.5 3.9 7.6
v -13.2 1.8 7.7
v -13.2 1.8 7.6
v -13.2 1.9 7.7
v -13.2 1.9 7.6
v -13.2 3.9 7.7
v -13.2 3.9 7.6
v -13.2 4 7.7
v -13.2 4 7.6
v -13.1 1.9 7.7
v -13.1 1.9 7.6
v -13.1 2 7.7
v -13.1 2 7.6
v -13.1 2.2 7.7
v -13.1 2.2 7.6
v -13.1 2.4 7.7
v -13.1 2.4 7.6
v -13.1 3.3 7.7
v -13.1 3.3 7.6
v -13.1 3.9 7.7
v -13.1 3.9 7.6
v -13 0.8 7.7
v -13 0.8 7.6
v -13 1.1 7.7
v -13 1.1 7.6
v -12.9 1.8 7.7
v -12.9 1.8 7.6
v -12.9 1.9 7.7
v -12.9 1.9 7.6
v -12.9 2.2 7.7
v -12.9 2.2 7.6
v -12.9 2.4 7.7
v -12.9 2.4 7.6
v -12.8 1.9 7.7
v -12.8 1.9 7.6
v -12.8 2 7.7
v -12.8 2 7.6
v -12.8 3.3 7.7
v -12.8 3.3 7.6
v -12.8 3.7 7.7
v -12.8 3.7 7.6
v -12.8 3.8 7.7
v -12.8 3.8 7.6
v -12.8 4 7.7
v -12.8 4 7.6
v -12.7 3.7 7.7
v -12.7 3.7 7.6
v -12.7 3.8 7.7
v -12.7 3.8 7.6
v -12.6 1.8 7.7
v -12.6 1.8 7.6
v -12.6 1.9 7.7
v -12.6 1.9 7.6
v -12.6 2.3 7.7
v -12.6 2.3 7.6
v -12.6 2.4 7.7
v -12.6 2.4 7.6
v -12.6 3.6 7.7
v -12.6 3.6 7.6
v -12.6 3.7 7.7
v -12.6 3.7 7.6
v -12.5 1.9 7.7
v -12.5 1.9 7.6
v -12.5 2 7.7
v -12.5 2 7.6
v -12.5 2.2 7.7
v -12.5 2.2 7.6
v -12.5 2.3 7.7
v -12.5 2.3 7.6
v -12.5 3.5 7.7
v -12.5 3.5 7.6
v -12.5 3.6 7.7
v -12.5 3.6 7.6
v -12.4 0.8 7.7
v -12.4 0.8 7.6
v -12.4 1.1 7.7
v -12.4 1.1 7.6
v -12.4 1.8 7.7
v -12.4 1.8 7.6
v -12.4 1.9 7.7
v -12.4 1.9 7.6
v -12.3 2.2 7.7
v -12.3 2.2 7.6
v -12.3 2.4 7.7
v -12.3 2.4 7.6
v -12.3 3.3 7.7
v -12.3 3.3 7.6
v -12.3 4 7.7
v -12.3 4 7.6
v -12.1 1.8 7.7
v -12.1 1.8 7.6
v -12.1 1.9 7.7
v -12.1 1.9 7.6
v -12.1 3.4 7.7
v -12.1 3.4 7.6
v -12.1 3.9 7.7
v -12.1 3.9 7.6
v -12 0.8 7.7
v -12 0.8 7.6
v -12 1.1 7.7
v -12 1.1 7.6
v -12 1.9 7.7
v -12 1.9 7.6
v -12 2 7.7
v -12 2 7.6
v -12 2.2 7.7
v -12 2.2 7.6
v -12 2.3 7.7
v -12 2.3 7.6
v -11.9 2.3 7.7
v -11.9 2.3 7.6
v -11.9 2.4 7.7
v -11.9 2.4 7.6
v -11.9 3.3 7.7
v -11.9 3.3 7.6
v -11.9 3.4 7.7
v -11.9 3.4 7.6
v -11.9 3.9 7.7
v -11.9 3.9 7.6
v -11.9 4 7.7
v -11.9 4 7.6
v -11.8 1.8 7.7
v -11.8 1.8 7.6
v -11.8 2 7.7
v -11.8 2 7.6
v -11.8 3.4 7.7
v -11.8 3.4 7.6
v -11.8 3.5 7.7
v -11.8 3.5 7.6
v -11.8 3.8 7.7
v -11.8 3.8 7.6
v -11.8 3.9 7.7
v -11.8 3.9 7.6
v -11.7 3.5 7.7
v -11.7 3.5 7.6
v -11.7 3.8 7.7
v -11.7 3.8 7.6
v -11.6 0.8 7.7
v -11.6 0.8 7.6
v -11.6 1.1 7.7
v -11.6 1.1 7.6
v -11.6 1.9 7.7
v -11.6 1.9 7.6
v -11.6 2 7.7
v -11.6 2 7.6
v -11.6 2.3 7.7
v -11.6 2.3 7.6
v -11.6 2.4 7.7
v -11.6 2.4 7.6
v -11.5 2.2 7.7
v -11.5 2.2 7.6
v -11.5 2.3 7.7
v -11.5 2.3 7.6
v -11.4 1.8 7.7
v -11.4 1.8 7.6
v -11.4 2 7.7
v -11.4 2 7.6
v -11.4 3.4 7.7
v -11.4 3.4 7.6
v -11.4 3.9 7.7
v -11.4 3.9 7.6
v -11.3 2.3 7.7
v -11.3 2.3 7.6
v -11.3 2.4 7.7
v -11.3 2.4 7.6
v -11.2 0.8 7.7
v -11.2 0.8 7.6
v -11.2 1.1 7.7
v -11.2 1.1 7.6
v -11.2 1.8 7.7
v -11.2 1.8 7.6
v -11.2 1.9 7.7
v -11.2 1.9 7.6
v -11.2 3.3 7.7
v -11.2 3.3 7.6
v -11.2 3.4 7.7
v -11.2 3.4 7.6
v -11.2 3.9 7.7
v -11.2 3.9 7.6
v -11.2 4 7.7
v -11.2 4 7.6
v -11.1 1.9 7.7
v -11.1 1.9 7.6
v -11.1 2 7.7
v -11.1 2 7.6
v -11.1 2.2 7.7
v -11.1 2.2 7.6
v -11.1 2.3 7.7
v -11.1 2.3 7.6
v -11 1.8 7.7
v -11 1.8 7.6
v -11 1.9 7.7
v -11 1.9 7.6
v -11 3.8 7.7
v -11 3.8 7.6
v -11 4 7.7
v -11 4 7.6
v -10.9 3.6 7.7
v -10.9 3.6 7.6
v -10.9 3.8 7.7
v -10.9 3.8 7.6
v -10.8 3.4 7.7
v -10.8 3.4 7.6
v -10.8 3.6 7.7
v -10.8 3.6 7.6
v -10.7 0.8 7.7
v -10.7 0.8 7.6
v -10.7 1.1 7.7
v -10.7 1.1 7.6
v -10.7 1.9 7.7
v -10.7 1.9 7.6
v -10.7 2 7.7
v -10.7 2 7.6
v -10.7 3.3 7.7
v -10.7 3.3 7.6
v -10.7 3.4 7.7
v -10.7 3.4 7.6
v -10.6 1.8 7.7
v -10.6 1.8 7.6
v -10.6 1.9 7.7
v -10.6 1.9 7.6
v -10.6 3.4 7.7
v -10.6 3.4 7.6
v -10.6 3.6 7.7
v -10.6 3.6 7.6
v -10.5 3.6 7.7
v -10.5 3.6 7.6
v -10.5 3.8 7.7
v -10.5 3.8 7.6
v -10.4 0.8 7.7
v -10.4 0.8 7.6
v -10.4 0.9 7.7
v -10.4 0.9 7.6
v -10.4 3.8 7.7
v -10.4 3.8 7.6
v -10.4 3.9 7.7
v -10.4 3.9 7.6
v -10.3 0.9 7.7
v -10.3 0.9 7.6
v -10.3 1.1 7.7
v -10.3 1.1 7.6
v -10.2 2.2 7.7
v -10.2 2.2 7.6
v -10.2 2.4 7.7
v -10.2 2.4 7.6
v -10.2 3.6 7.7
v -10.2 3.6 7.6
v -10.2 3.9 7.7
v -10.2 3.9 7.6
v -10 1.9 7.7
v -10 1.9 7.6
v -10 2 7.7
v -10 2 7.6
v -10 2.2 7.7
v -10 2.2 7.6
v -10 2.3 7.7
v -10 2.3 7.6
v -9.9 2 7.7
v -9.9 2 7.6
v -9.9 2.1 7.7
v -9.9 2.1 7.6
v -9.8 2.1 7.7
v -9.8 2.1 7.6
v -9.8 2.2 7.7
v -9.8 2.2 7.6
v -9.8 3.3 7.7
v -9.8 3.3 7.6
v -9.8 3.4 7.7
v -9.8 3.4 7.6
v -9.8 3.5 7.7
v -9.8 3.5 7.6
v -9.8 4 7.7
v -9.8 4 7.6
v -9.7 1.8 7.7
v -9.7 1.8 7.6
v -9.7 2 7.7
v -9.7 2 7.6
v -9.7 2.2 7.7
v -9.7 2.2 7.6
v -9.7 2.4 7.7
v -9.7 2.4 7.6
v -9.6 3.3 7.7
v -9.6 3.3 7.6
v -9.6 3.4 7.7
v -9.6 3.4 7.6
v -9.6 3.9 7.7
v -9.6 3.9 7.6
v -9.6 4 7.7
v -9.6 4 7.6
v -9.5 1.9 7.7
v -9.5 1.9 7.6
v -9.5 2 7.7
v -9.5 2 7.6
v -9.5 2.2 7.7
v -9.5 2.2 7.6
v -9.5 2.3 7.7
v -9.5 2.3 7.6
v -9.5 3.4 7.7
v -9.5 3.4 7.6
v -9.5 3.5 7.7
v -9.5 3.5 7.6
v -9.5 3.8 7.7
v -9.5 3.8 7.6
v -9.5 3.9 7.7
v -9.5 3.9 7.6
v -9.4 2.1 7.7
v -9.4 2.1 7.6
v -9.4 2.2 7.7
v -9.4 2.2 7.6
v -9.4 3.5 7.7
v -9.4 3.5 7.6
v -9.4 3.6 7.7
v -9.4 3.6 7.6
v -9.4 3.7 7.7
v -9.4 3.7 7.6
v -9.4 3.8 7.7
v -9.4 3.8 7.6
v -9.3 1.1 7.8
v -9.3 1.1 7.7
v -9.3 1.2 7.8
v -9.3 1.2 7.7
v -9.3 2 7.7
v -9.3 2 7.6
v -9.3 2.1 7.7
v -9.3 2.1 7.6
v -9.3 3.6 7.7
v -9.3 3.6 7.6
v -9.3 3.7 7.7
v -9.3 3.7 7.6
v -9.2 1 7.8
v -9.2 1 7.7
v -9.2 1.1 7.8
v -9.2 1.1 7.7
v -9.2 1.8 7.7
v -9.2 1.8 7.6
v -9.2 2 7.7
v -9.2 2 7.6
v -9.2 2.2 7.7
v -9.2 2.2 7.6
v -9.2 2.4 7.7
v -9.2 2.4 7.6
v -9.2 3.5 7.7
v -9.2 3.5 7.6
v -9.2 3.6 7.7
v -9.2 3.6 7.6
v -9.2 3.7 7.7
v -9.2 3.7 7.6
v -9.2 3.8 7.7
v -9.2 3.8 7.6
v -9.1 0.9 7.8
v -9.1 0.9 7.7
v -9.1 1 7.8
v -9.1 1 7.7
v -9.1 3.4 7.7
v -9.1 3.4 7.6
v -9.1 3.5 7.7
v -9.1 3.5 7.6
v -9.1 3.8 7.7
v -9.1 3.8 7.6
v -9.1 3.9 7.7
v -9.1 3.9 7.6
v -9 0.8 7.7
v -9 0.8 7.6
v -9 1.3 7.7
v -9 1.3 7.6
v -9 3.3 7.7
v -9 3.3 7.6
v -9 3.4 7.7
v -9 3.4 7.6
v -9 3.9 7.7
v -9 3.9 7.6
v -9 4 7.7
v -9 4 7.6
v -6.4 0.9 7.8
v -6.4 0.9 7.6
v -6.4 1.1 7.8
v -6.4 1.1 7.6
v -5 0.3 1.2
v -5 0.3 -10
v -5 0.5 1.2
v -5 0.5 -9.8
v -5 3.3 -9.8
v -5 3.3 -10
v -4.8 0.5 1.2
v -4.8 0.5 -9.8
v -4.8 0.7 1.2
v -4.8 0.7 0.400001
v -4.8 0.9 7.8
v -4.8 0.9 7.6
v -4.8 0.9 0.400001
v -4.8 0.9 -0.4
v -4.8 1.1 7.8
v -4.8 1.1 7.6
v -4.8 1.1 -0.4
v -4.8 1.1 -1.2
v -4.8 1.3 -1.2
v -4.8 1.3 -2
v -4.8 1.5 -2
v -4.8 1.5 -2.8
v -4.8 1.7 -2.8
v -4.8 1.7 -3.8
v -4.8 1.9 -3.8
v -4.8 1.9 -4.6
v -4.8 2.1 -4.6
v -4.8 2.1 -5.4
v -4.8 2.3 -5.4
v -4.8 2.3 -6.2
v -4.8 2.5 -6.2
v -4.8 2.5 -7
v -4.8 2.7 -7
v -4.8 2.7 -8
v -4.8 2.9 -8
v -4.8 2.9 -8.8
v -4.8 3.1 -8.8
v -4.8 3.1 -9.6
v -4.8 3.3 -9.6
v -4.8 3.3 -9.8
v -3.8 0.7 1.2
v -3.8 0.7 0.400001
v -3.8 0.9 1.2
v -3.8 0.9 0.400001
v -3.8 0.9 -0.4
v -3.8 1.1 0.400001
v -3.8 1.1 -0.4
v -3.8 1.1 -1.2
v -3.8 1.3 7.6
v -3.8 1.3 7.4
v -3.8 1.3 -0.4
v -3.8 1.3 -1.2
v -3.8 1.3 -2
v -3.8 1.5 -1.2
v -3.8 1.5 -2
v -3.8 1.5 -2.8
v -3.8 1.7 -2
v -3.8 1.7 -2.8
v -3.8 1.7 -3.8
v -3.8 1.9 -2.8
v -3.8 1.9 -3.8
v -3.8 1.9 -4.6
v -3.8 2.1 7.6
v -3.8 2.1 7.4
v -3.8 2.1 -3.8
v -3.8 2.1 -4.6
v -3.8 2.1 -5.4
v -3.8 2.3 -4.6
v -3.8 2.3 -5.4
v -3.8 2.3 -6.2
v -3.8 2.5 -5.4
v -3.8 2.5 -6.2
v -3.8 2.5 -7
v -3.8 2.7 -6.2
v -3.8 2.7 -7
v -3.8 2.7 -8
v -3.8 2.9 -7
v -3.8 2.9 -8
v -3.8 2.9 -8.8
v -3.8 3.1 -8
v -3.8 3.1 -8.8
v -3.8 3.1 -9.6
v -3.8 3.3 -8.8
v -3.8 3.3 -9.6
v -3.8 3.3 -10.4
v -3.8 3.5 -9.6
v -3.8 3.5 -10.4
v -3.8 3.5 -11.2
v -3.8 3.7 -10.4
v -3.8 3.7 -11.2
v -3.8 3.7 -11.8
v -3.8 3.9 -11.2
v -3.8 3.9 -11.6
v -3.8 3.9 -11.8
v -3.8 3.9 -12
v -3.8 5.1 7.6
v -3.8 5.1 7.4
v -3.8 5.3 7.6
v -3.8 5.3 7.4
v -3.8 5.5 7.6
v -3.8 5.5 7.4
v -3.8 5.7 7.6
v -3.8 5.7 7.4
v -3.8 5.9 7.6
v -3.8 5.9 7.4
v -3.8 6.1 7.6
v -3.8 6.1 7.4
v -3.8 6.3 7.6
v -3.8 6.3 7.4
v -3.8 6.5 7.6
v -3.8 6.5 7.4
v -3.8 6.7 7.6
v -3.8 6.7 7.4
v -3.8 6.9 7.6
v -3.8 6.9 7.4
v -3.8 7.1 7.6
v -3.8 7.1 7.4
v -3.8 7.3 7.6
v -3.8 7.3 7.4
v -3.8 7.5 7.6
v -3.8 7.5 7.4
v -3.8 7.7 7.6
v -3.8 7.7 7.4
v -3.8 8.3 7.6
v -3.8 8.3 7.4
v -3.8 8.5 7.6
v -3.8 8.5 7.4
v -3.8 8.7 7.6
v -3.8 8.7 7.4
v -3.8 8.9 7.6
v -3.8 8.9 7.4
v -3.8 9.1 7.6
v -3.8 9.1 7.4
v -3.8 9.3 7.6
v -3.8 9.3 7.4
v -3.8 9.5 7.6
v -3.8 9.5 7.4
v -3.8 9.7 7.6
v -3.8 9.7 7.4
v -3.8 9.9 7.6
v -3.8 9.9 7.4
v -3.8 10.1 7.6
v -3.8 10.1 7.4
v -3.8 10.3 7.6
v -3.8 10.3 7.4
v -3.8 10.5 7.6
v -3.8 10.5 7.4
v -3.8 11.1 7.6
v -3.8 11.1 7.4
v -3.8 11.3 7.6
v -3.8 11.3 7.4
v -3.8 11.5 7.6
v -3.8 11.5 7.4
v -3.8 11.7 7.6
v -3.8 11.7 7.4
v -3.8 11.9 7.6
v -3.8 11.9 7.4
v -3.8 12.1 7.6
v -3.8 12.1 7.4
v -3.8 12.3 7.6
v -3.8 12.3 7.4
v -3.8 12.5 7.6
v -3.8 12.5 7.4
v -3.8 12.5 -11.4
v -3.8 12.5 -11.8
v -3.8 12.5 -12
v -3.8 12.7 7.6
v -3.8 12.7 7.4
v -3.8 12.7 -10.6
v -3.8 12.7 -11.4
v -3.8 12.7 -11.8
v -3.8 12.9 7.6
v -3.8 12.9 7.4
v -3.8 12.9 -10
v -3.8 12.9 -10.6
v -3.8 12.9 -11.4
v -3.8 13.1 -9.4
v -3.8 13.1 -10
v -3.8 13.1 -10.6
v -3.8 13.3 -8.6
v -3.8 13.3 -9.4
v -3.8 13.3 -10
v -3.8 13.5 7.6
v -3.8 13.5 7.4
v -3.8 13.5 -8
v -3.8 13.5 -8.6
v -3.8 13.5 -9.4
v -3.8 13.7 7.6
v -3.8 13.7 7.4
v -3.8 13.7 -7.4
v -3.8 13.7 -8
v -3.8 13.7 -8.6
v -3.8 13.9 7.6
v -3.8 13.9 7.4
v -3.8 13.9 -6.6
v -3.8 13.9 -7.4
v -3.8 13.9 -8
v -3.8 14.1 7.6
v -3.8 14.1 7.4
v -3.8 14.1 -5.8
v -3.8 14.1 -6.6
v -3.8 14.1 -7.4
v -3.8 14.3 7.6
v -3.8 14.3 7.4
v -3.8 14.3 -5.4
v -3.8 14.3 -5.8
v -3.8 14.3 -6
v -3.8 14.3 -6.6
v -3.8 14.5 7.6
v -3.8 14.5 7.4
v -3.8 14.5 -4.6
v -3.8 14.5 -5.4
v -3.8 14.5 -6
v -3.8 14.7 7.6
v -3.8 14.7 7.4
v -3.8 14.7 -4
v -3.8 14.7 -4.6
v -3.8 14.7 -5.4
v -3.8 14.9 7.6
v -3.8 14.9 7.4
v -3.8 14.9 -3.2
v -3.8 14.9 -4
v -3.8 14.9 -4.6
v -3.8 15.1 7.6
v -3.8 15.1 7.4
v -3.8 15.1 -2.6
v -3.8 15.1 -3.2
v -3.8 15.1 -4
v -3.8 15.3 7.6
v -3.8 15.3 7.4
v -3.8 15.3 -2
v -3.8 15.3 -2.6
v -3.8 15.3 -3.2
v -3.8 15.5 7.6
v -3.8 15.5 7.4
v -3.8 15.5 -1.2
v -3.8 15.5 -2
v -3.8 15.5 -2.6
v -3.8 15.7 7.6
v -3.8 15.7 7.4
v -3.8 15.7 -0.599999
v -3.8 15.7 -1.2
v -3.8 15.7 -2
v -3.8 15.9 7.6
v -3.8 15.9 7.4
v -3.8 15.9 0
v -3.8 15.9 -0.599999
v -3.8 15.9 -1.2
v -3.8 16.1 7.6
v -3.8 16.1 7.4
v -3.8 16.1 0.8
v -3.8 16.1 0
v -3.8 16.1 -0.599999
v -3.8 16.3 1.2
v -3.8 16.3 0.8
v -3.8 16.3 0
v -3.8 16.5 1.2
v -3.8 16.5 0.8
v -3.6 0.9 1.2
v -3.6 0.9 0.400001
v -3.6 1.1 1.2
v -3.6 1.1 0.400001
v -3.6 1.1 -0.4
v -3.6 1.3 0.400001
v -3.6 1.3 -0.2
v -3.6 1.3 -0.4
v -3.6 1.3 -1.2
v -3.6 1.5 -0.2
v -3.6 1.5 -1.2
v -3.6 1.5 -2
v -3.6 1.7 -1.2
v -3.6 1.7 -2
v -3.6 1.7 -2.8
v -3.6 1.9 -2
v -3.6 1.9 -2.8
v -3.6 1.9 -3.8
v -3.6 2.1 -2.8
v -3.6 2.1 -3.8
v -3.6 2.1 -4.6
v -3.6 2.3 -3.8
v -3.6 2.3 -4.6
v -3.6 2.3 -5.4
v -3.6 2.5 -4.6
v -3.6 2.5 -5.4
v -3.6 2.5 -6.2
v -3.6 2.7 -5.4
v -3.6 2.7 -6.2
v -3.6 2.7 -7
v -3.6 2.9 -6.2
v -3.6 2.9 -7
v -3.6 2.9 -8
v -3.6 3.1 -7
v -3.6 3.1 -8
v -3.6 3.1 -8.8
v -3.6 3.3 -8
v -3.6 3.3 -8.8
v -3.6 3.3 -9.6
v -3.6 3.5 -8.8
v -3.6 3.5 -9.6
v -3.6 3.5 -10.4
v -3.6 3.7 -9.6
v -3.6 3.7 -10.4
v -3.6 3.7 -11.2
v -3.6 3.9 -10.4
v -3.6 3.9 -11
v -3.6 3.9 -11.2
v -3.6 3.9 -11.6
v -3.6 3.9 -11.8
v -3.6 4.1 -11
v -3.6 4.1 -11.6
v -3.6 4.7 7.6
v -3.6 4.7 7.4
v -3.6 4.9 7.6
v -3.6 4.9 7.4
v -3.6 7.9 7.6
v -3.6 7.9 7.4
v -3.6 8.1 7.6
v -3.6 8.1 7.4
v -3.6 10.7 7.6
v -3.6 10.7 7.4
v -3.6 10.9 7.6
v -3.6 10.9 7.4
v -3.6 12.3 -11.4
v -3.6 12.3 -11.6
v -3.6 12.5 -10.6
v -3.6 12.5 -11.4
v -3.6 12.5 -11.8
v -3.6 12.7 -10
v -3.6 12.7 -10.6
v -3.6 12.7 -11.4
v -3.6 12.9 -9.4
v -3.6 12.9 -10
v -3.6 12.9 -10.6
v -3.6 13.1 -8.6
v -3.6 13.1 -9.4
v -3.6 13.1 -10
v -3.6 13.3 -8
v -3.6 13.3 -8.6
v -3.6 13.3 -9.4
v -3.6 13.5 -7.4
v -3.6 13.5 -8
v -3.6 13.5 -8.6
v -3.6 13.7 -6.6
v -3.6 13.7 -7.4
v -3.6 13.7 -8
v -3.6 13.9 -5.8
v -3.6 13.9 -6.6
v -3.6 13.9 -7.4
v -3.6 14.1 -5.4
v -3.6 14.1 -5.8
v -3.6 14.1 -6.6
v -3.6 14.3 -4.6
v -3.6 14.3 -5.4
v -3.6 14.3 -5.8
v -3.6 14.5 -4
v -3.6 14.5 -4.6
v -3.6 14.5 -5.4
v -3.6 14.7 -3.2
v -3.6 14.7 -4
v -3.6 14.7 -4.6
v -3.6 14.9 -2.6
v -3.6 14.9 -3.2
v -3.6 14.9 -4
v -3.6 15.1 -2
v -3.6 15.1 -2.6
v -3.6 15.1 -3.2
v -3.6 15.3 -1.2
v -3.6 15.3 -2
v -3.6 15.3 -2.6
v -3.6 15.5 -0.599999
v -3.6 15.5 -1.2
v -3.6 15.5 -2
v -3.6 15.7 0
v -3.6 15.7 -0.599999
v -3.6 15.7 -1.2
v -3.6 15.9 0.8
v -3.6 15.9 0
v -3.6 15.9 -0.599999
v -3.6 16.1 1.2
v -3.6 16.1 0.8
v -3.6 16.1 0
v -3.6 16.3 1.2
v -3.6 16.3 0.8
v -3.4 5.1 7.6
v -3.4 5.1 7.4
v -3.4 5.3 7.6
v -3.4 5.3 7.4
v -3.4 7.5 7.6
v -3.4 7.5 7.4
v -3.4 7.7 7.6
v -3.4 7.7 7.4
v -3.4 8.3 7.6
v -3.4 8.3 7.4
v -3.4 8.5 7.6
v -3.4 8.5 7.4
v -3.4 10.3 7.6
v -3.4 10.3 7.4
v -3.4 10.5 7.6
v -3.4 10.5 7.4
v -3.4 11.1 7.6
v -3.4 11.1 7.4
v -3.4 11.3 7.6
v -3.4 11.3 7.4
v -3.4 12.7 7.6
v -3.4 12.7 7.4
v -3.4 12.9 7.6
v -3.4 12.9 7.4
v -3.4 13.1 7.6
v -3.4 13.1 7.4
v -3.4 13.3 7.6
v -3.4 13.3 7.4
v -3.4 13.5 7.6
v -3.4 13.5 7.4
v -3.4 13.7 7.6
v -3.4 13.7 7.4
v -3.4 14.3 7.6
v -3.4 14.3 7.4
v -3.4 14.5 7.6
v -3.4 14.5 7.4
v -3.4 14.7 7.6
v -3.4 14.7 7.4
v -3.4 14.9 7.6
v -3.4 14.9 7.4
v -3.4 15.1 7.6
v -3.4 15.1 7.4
v -3.4 15.3 7.6
v -3.4 15.3 7.4
v -3.4 15.9 7.6
v -3.4 15.9 7.4
v -3.4 16.1 7.6
v -3.4 16.1 7.4
v -3.2 5.5 7.6
v -3.2 5.5 7.4
v -3.2 5.7 7.6
v -3.2 5.7 7.4
v -3.2 7.1 7.6
v -3.2 7.1 7.4
v -3.2 7.3 7.6
v -3.2 7.3 7.4
v -3.2 8.7 7.6
v -3.2 8.7 7.4
v -3.2 8.9 7.6
v -3.2 8.9 7.4
v -3.2 9.1 7.6
v -3.2 9.1 7.4
v -3.2 9.3 7.6
v -3.2 9.3 7.4
v -3.2 9.9 7.6
v -3.2 9.9 7.4
v -3.2 10.1 7.6
v -3.2 10.1 7.4
v -3.2 11.5 7.6
v -3.2 11.5 7.4
v -3.2 11.7 7.6
v -3.2 11.7 7.4
v -3.2 12.3 7.6
v -3.2 12.3 7.4
v -3.2 12.5 7.6
v -3.2 12.5 7.4
v -3.2 13.9 7.6
v -3.2 13.9 7.4
v -3.2 14.1 7.6
v -3.2 14.1 7.4
v -3.2 15.5 7.6
v -3.2 15.5 7.4
v -3.2 15.7 7.6
v -3.2 15.7 7.4
v -3 5.9 7.6
v -3 5.9 7.4
v -3 6.1 7.6
v -3 6.1 7.4
v -3 6.7 7.6
v -3 6.7 7.4
v -3 6.9 7.6
v -3 6.9 7.4
v -3 9.5 7.6
v -3 9.5 7.4
v -3 9.7 7.6
v -3 9.7 7.4
v -3 11.9 7.6
v -3 11.9 7.4
v -3 12.1 7.6
v -3 12.1 7.4
v -3 14.3 7.6
v -3 14.3 7.4
v -3 14.5 7.6
v -3 14.5 7.4
v -3 15.1 7.6
v -3 15.1 7.4
v -3 15.3 7.6
v -3 15.3 7.4
v -2.8 6.3 7.6
v -2.8 6.3 7.4
v -2.8 6.5 7.6
v -2.8 6.5 7.4
v -2.8 14.7 7.6
v -2.8 14.7 7.4
v -2.8 14.9 7.6
v -2.8 14.9 7.4
v -2.6 0.3 7.6
v -2.6 0.3 7.4
v -2.6 0.5 7.6
v -2.6 0.5 7.5
v -2.6 0.7 7.6
v -2.6 0.7 7.5
v -2.6 0.7 7.4
v -2.6 17.9 1.4
v -2.6 17.9 1.3
v -2.6 17.9 1.2
v -2.6 18 1.4
v -2.6 18 1.3
v -2.6 18.1 1.6
v -2.6 18.1 1.5
v -2.6 18.1 1.4
v -2.6 18.1 1.2
v -2.6 18.2 1.6
v -2.6 18.2 1.5
v -2.6 18.3 1.6
v -2.6 18.3 1.4
v -2.5 3 7.5
v -2.5 3 7.4
v -2.5 3.1 7.5
v -2.5 3.1 7.4
v -2.4 0.3 7.4
v -2.4 0.3 1.4
v -2.4 0.5 7.2
v -2.4 0.5 1.6
v -2.4 0.5 1.5
v -2.4 0.5 1.4
v -2.4 0.5 1.2
v -2.4 0.7 7.6
v -2.4 0.7 7.4
v -2.4 0.7 7.3
v -2.4 0.7 7.2
v -2.4 0.7 1.4
v -2.4 0.7 1.3
v -2.4 0.7 1.2
v -2.4 0.8 7.6
v -2.4 0.8 7.5
v -2.4 0.9 7.5
v -2.4 0.9 7.4
v -2.4 2.8 7.6
v -2.4 2.8 7.5
v -2.4 2.8 7.4
v -2.4 2.9 7.6
v -2.4 2.9 7.5
v -2.4 2.9 7.4
v -2.4 2.9 7.3
v -2.4 3 7.6
v -2.4 3 7.5
v -2.4 3 7.4
v -2.4 3 7.3
v -2.4 3.1 7.6
v -2.4 3.1 7.5
v -2.4 3.1 7.4
v -2.4 4.2 7.6
v -2.4 4.2 7.5
v -2.4 4.2 7.4
v -2.4 4.3 7.6
v -2.4 4.3 7.5
v -2.4 4.3 7.4
v -2.4 4.3 7.3
v -2.4 4.5 7.6
v -2.4 4.5 7.4
v -2.4 4.5 7.3
v -2.4 16.3 7.6
v -2.4 16.3 7.4
v -2.4 16.5 7.6
v -2.4 16.5 7.4
v -2.4 16.7 7.6
v -2.4 16.7 7.5
v -2.4 16.7 7.4
v -2.4 17.8 1.4
v -2.4 17.8 1.3
v -2.4 17.9 1.6
v -2.4 17.9 1.5
v -2.4 17.9 1.4
v -2.4 17.9 1.2
v -2.4 18 1.6
v -2.4 18 1.5
v -2.4 18.1 7.4
v -2.4 18.1 1.7
v -2.4 18.1 1.6
v -2.4 18.1 1.4
v -2.4 18.2 7.6
v -2.4 18.2 7.5
v -2.4 18.2 1.7
v -2.4 18.3 7.6
v -2.4 18.3 7.5
v -2.4 18.3 1.6
v -2.3 12 6.9
v -2.3 12 6.8
v -2.3 12.1 6.9
v -2.3 12.1 6.8
v -2.2 0.5 7.2
v -2.2 0.5 1.4
v -2.2 0.7 7.4
v -2.2 0.7 7.3
v -2.2 0.7 7.2
v -2.2 0.7 1.5
v -2.2 0.7 1.4
v -2.2 0.9 7.3
v -2.2 0.9 7.2
v -2.2 2.8 7.4
v -2.2 2.8 7.3
v -2.2 2.9 7.4
v -2.2 2.9 7.3
v -2.2 2.9 7.2
v -2.2 3 7.4
v -2.2 3 7.3
v -2.2 3 7.2
v -2.2 3.1 7.4
v -2.2 3.1 7.3
v -2.2 4.2 7.4
v -2.2 4.2 7.3
v -2.2 4.3 7.4
v -2.2 4.3 7.3
v -2.2 4.3 7.2
v -2.2 4.5 7.4
v -2.2 4.5 7.3
v -2.2 4.5 7.2
v -2.2 12 6.9
v -2.2 12 6.8
v -2.2 12.1 6.9
v -2.2 12.1 6.8
v -2.2 16.7 7.4
v -2.2 16.7 7.3
v -2.2 17.9 1.7
v -2.2 17.9 1.6
v -2.2 17.9 1.5
v -2.2 17.9 1.4
v -2.2 18 7.3
v -2.2 18 1.7
v -2.2 18.1 7.4
v -2.2 18.1 1.6
v -21.6 0.3 8.8
v -21.6 0.5 8.8
v -21.2 0.3 8.8
v -21.2 0.5 8.8
v -18.2 0.3 8.8
v -18.2 0.5 8.8
v -17.8 0.3 8.8
v -17.8 0.5 8.8
v -22 0.3 8.6
v -22 0.6 8.6
v -22 0.7 8.6
v -21.6 0.3 8.6
v -21.6 0.5 8.6
v -21.6 0.6 8.6
v -21.6 0.7 8.6
v -21.2 0.3 8.6
v -21.2 0.5 8.6
v -21.2 0.6 8.6
v -21.2 0.7 8.6
v -18.2 0.3 8.6
v -18.2 0.5 8.6
v -18.2 0.6 8.6
v -18.2 0.7 8.6
v -17.8 0.3 8.6
v -17.8 0.5 8.6
v -17.8 0.6 8.6
v -17.8 0.7 8.6
v -17.4 0.3 8.6
v -17.4 0.6 8.6
v -17.4 0.7 8.6
v -9.6 0.9 7.8
v -9.6 1 7.8
v -9.5 1 7.8
v -9.5 1.1 7.8
v -9.4 1.1 7.8
v -9.4 1.2 7.8
v -9.3 1.1 7.8
v -9.3 1.2 7.8
v -9.2 1 7.8
v -9.2 1.1 7.8
v -9.1 0.9 7.8
v -9.1 1 7.8
v -6.8 0.9 7.8
v -6.8 1.1 7.8
v -6.4 0.9 7.8
v -6.4 1.1 7.8
v -6.2 0.9 7.8
v -6.2 1.1 7.8
v -4.8 0.9 7.8
v -4.8 1.1 7.8
v -15.3 3.6 7.7
v -15.3 3.7 7.7
v -15.2 1.8 7.7
v -15.2 2.3 7.7
v -15.2 3.5 7.7
v -15.2 3.6 7.7
v -15.2 3.7 7.7
v -15.2 3.8 7.7
v -15.1 1.8 7.7
v -15.1 2.3 7.7
v -15.1 3.5 7.7
v -15.1 3.6 7.7
v -15.1 3.7 7.7
v -15.1 3.8 7.7
v -15 1.9 7.7
v -15 2.3 7.7
v -15 3.4 7.7
v -15 3.5 7.7
v -15 3.8 7.7
v -15 3.9 7.7
v -14.9 0.8 7.7
v -14.9 1.1 7.7
v -14.9 1.8 7.7
v -14.9 1.9 7.7
v -14.9 2.3 7.7
v -14.9 3.4 7.7
v -14.9 3.5 7.7
v -14.9 3.8 7.7
v -14.9 3.9 7.7
v -14.8 1.8 7.7
v -14.8 1.9 7.7
v -14.8 2.3 7.7
v -14.8 3.3 7.7
v -14.8 3.4 7.7
v -14.8 3.5 7.7
v -14.8 3.8 7.7
v -14.8 3.9 7.7
v -14.8 4 7.7
v -14.7 1.9 7.7
v -14.7 2.3 7.7
v -14.7 3.3 7.7
v -14.7 3.4 7.7
v -14.7 3.9 7.7
v -14.7 4 7.7
v -14.6 1.8 7.7
v -14.6 2.3 7.7
v -14.6 3.4 7.7
v -14.6 3.9 7.7
v -14.5 1.8 7.7
v -14.5 2 7.7
v -14.5 2.1 7.7
v -14.5 2.3 7.7
v -14.4 0.8 7.7
v -14.4 1.1 7.7
v -14.4 1.8 7.7
v -14.4 2 7.7
v -14.4 2.1 7.7
v -14.4 2.3 7.7
v -14.3 1.8 7.7
v -14.3 2.3 7.7
v -14.3 3.5 7.7
v -14.3 3.8 7.7
v -14.2 0.8 7.7
v -14.2 1.1 7.7
v -14.2 1.8 7.7
v -14.2 1.9 7.7
v -14.2 2 7.7
v -14.2 2.2 7.7
v -14.2 3.4 7.7
v -14.2 3.5 7.7
v -14.2 3.8 7.7
v -14.2 3.9 7.7
v -14.1 2.1 7.7
v -14.1 2.2 7.7
v -14.1 2.3 7.7
v -14.1 3.3 7.7
v -14.1 3.4 7.7
v -14.1 3.5 7.7
v -14.1 3.8 7.7
v -14.1 3.9 7.7
v -14.1 4 7.7
v -14 1.9 7.7
v -14 2 7.7
v -14 2.1 7.7
v -13.9 1.8 7.7
v -13.9 2 7.7
v -13.9 2.2 7.7
v -13.9 2.3 7.7
v -13.8 1.8 7.7
v -13.8 2.3 7.7
v -13.8 3.3 7.7
v -13.8 3.4 7.7
v -13.8 3.9 7.7
v -13.8 4 7.7
v -13.7 0.8 7.7
v -13.7 1.1 7.7
v -13.7 1.8 7.7
v -13.7 2.3 7.7
v -13.6 3.3 7.7
v -13.6 3.9 7.7
v -13.5 0.8 7.7
v -13.5 1.1 7.7
v -13.5 3.3 7.7
v -13.5 3.5 7.7
v -13.5 3.6 7.7
v -13.5 3.9 7.7
v -13.5 4 7.7
v -13.4 1.9 7.7
v -13.4 2 7.7
v -13.4 2.2 7.7
v -13.4 2.3 7.7
v -13.3 1.8 7.7
v -13.3 1.9 7.7
v -13.3 2.3 7.7
v -13.3 2.4 7.7
v -13.2 1.8 7.7
v -13.2 1.9 7.7
v -13.2 3.3 7.7
v -13.2 3.5 7.7
v -13.2 3.6 7.7
v -13.2 3.9 7.7
v -13.2 4 7.7
v -13.1 1.9 7.7
v -13.1 2 7.7
v -13.1 2.2 7.7
v -13.1 2.4 7.7
v -13.1 3.3 7.7
v -13.1 3.9 7.7
v -13 0.8 7.7
v -13 1.1 7.7
v -13 1.8 7.7
v -13 2 7.7
v -13 2.2 7.7
v -13 2.4 7.7
v -12.9 1.8 7.7
v -12.9 1.9 7.7
v -12.9 2.2 7.7
v -12.9 2.4 7.7
v -12.9 3.3 7.7
v -12.9 4 7.7
v -12.8 1.9 7.7
v -12.8 2 7.7
v -12.8 2.2 7.7
v -12.8 2.4 7.7
v -12.8 3.3 7.7
v -12.8 3.7 7.7
v -12.8 3.8 7.7
v -12.8 4 7.7
v -12.7 0.9 7.7
v -12.7 1.1 7.7
v -12.7 1.8 7.7
v -12.7 1.9 7.7
v -12.7 3.6 7.7
v -12.7 3.7 7.7
v -12.7 3.8 7.7
v -12.6 0.8 7.7
v -12.6 0.9 7.7
v -12.6 1.8 7.7
v -12.6 1.9 7.7
v -12.6 2 7.7
v -12.6 2.3 7.7
v -12.6 2.4 7.7
v -12.6 3.5 7.7
v -12.6 3.6 7.7
v -12.6 3.7 7.7
v -12.5 1.8 7.7
v -12.5 1.9 7.7
v -12.5 2 7.7
v -12.5 2.2 7.7
v -12.5 2.3 7.7
v -12.5 3.4 7.7
v -12.5 3.5 7.7
v -12.5 3.6 7.7
v -12.4 0.8 7.7
v -12.4 1.1 7.7
v -12.4 1.8 7.7
v -12.4 1.9 7.7
v -12.4 2.2 7.7
v -12.4 2.4 7.7
v -12.4 3.3 7.7
v -12.4 3.4 7.7
v -12.4 3.5 7.7
v -12.4 4 7.7
v -12.3 0.8 7.7
v -12.3 1.1 7.7
v -12.3 1.8 7.7
v -12.3 2 7.7
v -12.3 2.2 7.7
v -12.3 2.4 7.7
v -12.3 3.3 7.7
v -12.3 4 7.7
v -12.2 2.3 7.7
v -12.2 2.4 7.7
v -12.2 3.3 7.7
v -12.2 4 7.7
v -12.1 1.8 7.7
v -12.1 1.9 7.7
v -12.1 2.2 7.7
v -12.1 2.3 7.7
v -12.1 3.4 7.7
v -12.1 3.9 7.7
v -12 0.8 7.7
v -12 1.1 7.7
v -12 1.9 7.7
v -12 2 7.7
v -12 2.2 7.7
v -12 2.3 7.7
v -11.9 0.8 7.7
v -11.9 1.1 7.7
v -11.9 1.8 7.7
v -11.9 2 7.7
v -11.9 2.3 7.7
v -11.9 2.4 7.7
v -11.9 3.3 7.7
v -11.9 3.4 7.7
v -11.9 3.5 7.7
v -11.9 3.8 7.7
v -11.9 3.9 7.7
v -11.9 4 7.7
v -11.8 1.8 7.7
v -11.8 2 7.7
v -11.8 2.2 7.7
v -11.8 2.3 7.7
v -11.8 3.4 7.7
v -11.8 3.5 7.7
v -11.8 3.8 7.7
v -11.8 3.9 7.7
v -11.7 1.9 7.7
v -11.7 2 7.7
v -11.7 2.3 7.7
v -11.7 2.4 7.7
v -11.7 3.3 7.7
v -11.7 3.4 7.7
v -11.7 3.5 7.7
v -11.7 3.8 7.7
v -11.7 3.9 7.7
v -11.7 4 7.7
v -11.6 0.8 7.7
v -11.6 1.1 7.7
v -11.6 1.9 7.7
v -11.6 2 7.7
v -11.6 2.3 7.7
v -11.6 2.4 7.7
v -11.5 0.8 7.7
v -11.5 1.1 7.7
v -11.5 1.8 7.7
v -11.5 2 7.7
v -11.5 2.2 7.7
v -11.5 2.3 7.7
v -11.5 3.4 7.7
v -11.5 3.9 7.7
v -11.4 1.8 7.7
v -11.4 2 7.7
v -11.4 2.2 7.7
v -11.4 2.4 7.7
v -11.4 3.4 7.7
v -11.4 3.9 7.7
v -11.3 1.8 7.7
v -11.3 2 7.7
v -11.3 2.3 7.7
v -11.3 2.4 7.7
v -11.2 0.8 7.7
v -11.2 1.1 7.7
v -11.2 1.8 7.7
v -11.2 1.9 7.7
v -11.2 3.3 7.7
v -11.2 3.4 7.7
v -11.2 3.9 7.7
v -11.2 4 7.7
v -11.1 0.8 7.7
v -11.1 1.1 7.7
v -11.1 1.8 7.7
v -11.1 1.9 7.7
v -11.1 2 7.7
v -11.1 2.2 7.7
v -11.1 2.3 7.7
v -11.1 3.8 7.7
v -11.1 4 7.7
v -11 1.8 7.7
v -11 1.9 7.7
v -11 3.6 7.7
v -11 3.8 7.7
v -11 4 7.7
v -10.9 1.8 7.7
v -10.9 2 7.7
v -10.9 3.4 7.7
v -10.9 3.6 7.7
v -10.9 3.8 7.7
v -10.8 3.3 7.7
v -10.8 3.4 7.7
v -10.8 3.6 7.7
v -10.7 0.8 7.7
v -10.7 1.1 7.7
v -10.7 1.9 7.7
v -10.7 2 7.7
v -10.7 3.3 7.7
v -10.7 3.4 7.7
v -10.7 3.6 7.7
v -10.6 0.8 7.7
v -10.6 1.1 7.7
v -10.6 1.8 7.7
v -10.6 1.9 7.7
v -10.6 3.4 7.7
v -10.6 3.6 7.7
v -10.6 3.8 7.7
v -10.5 3.6 7.7
v -10.5 3.8 7.7
v -10.5 3.9 7.7
v -10.4 0.8 7.7
v -10.4 0.9 7.7
v -10.4 3.8 7.7
v -10.4 3.9 7.7
v -10.3 0.9 7.7
v -10.3 1.1 7.7
v -10.3 2.2 7.7
v -10.3 2.4 7.7
v -10.3 3.3 7.7
v -10.3 3.4 7.7
v -10.3 3.5 7.7
v -10.3 4 7.7
v -10.2 2.2 7.7
v -10.2 2.4 7.7
v -10.2 3.6 7.7
v -10.2 3.9 7.7
v -10.1 1.8 7.7
v -10.1 2 7.7
v -10.1 2.2 7.7
v -10.1 2.4 7.7
v -10 1.9 7.7
v -10 2 7.7
v -10 2.1 7.7
v -10 2.2 7.7
v -10 2.3 7.7
v -9.9 2 7.7
v -9.9 2.1 7.7
v -9.9 2.2 7.7
v -9.9 3.6 7.7
v -9.9 3.9 7.7
v -9.8 1.9 7.7
v -9.8 2 7.7
v -9.8 2.1 7.7
v -9.8 2.2 7.7
v -9.8 2.3 7.7
v -9.8 3.3 7.7
v -9.8 3.4 7.7
v -9.8 3.5 7.7
v -9.8 4 7.7
v -9.7 0.8 7.7
v -9.7 1.3 7.7
v -9.7 1.8 7.7
v -9.7 2 7.7
v -9.7 2.2 7.7
v -9.7 2.4 7.7
v -9.7 3.3 7.7
v -9.7 3.4 7.7
v -9.7 3.9 7.7
v -9.7 4 7.7
v -9.6 0.9 7.7
v -9.6 1 7.7
v -9.6 1.8 7.7
v -9.6 2 7.7
v -9.6 2.2 7.7
v -9.6 2.4 7.7
v -9.6 3.3 7.7
v -9.6 3.4 7.7
v -9.6 3.5 7.7
v -9.6 3.8 7.7
v -9.6 3.9 7.7
v -9.6 4 7.7
v -9.5 1 7.7
v -9.5 1.1 7.7
v -9.5 1.9 7.7
v -9.5 2 7.7
v -9.5 2.1 7.7
v -9.5 2.2 7.7
v -9.5 2.3 7.7
v -9.5 3.4 7.7
v -9.5 3.5 7.7
v -9.5 3.6 7.7
v -9.5 3.7 7.7
v -9.5 3.8 7.7
v -9.5 3.9 7.7
v -9.4 1.1 7.7
v -9.4 1.2 7.7
v -9.4 2 7.7
v -9.4 2.1 7.7
v -9.4 2.2 7.7
v -9.4 3.5 7.7
v -9.4 3.6 7.7
v -9.4 3.7 7.7
v -9.4 3.8 7.7
v -9.3 1.1 7.7
v -9.3 1.2 7.7
v -9.3 1.9 7.7
v -9.3 2 7.7
v -9.3 2.1 7.7
v -9.3 2.2 7.7
v -9.3 2.3 7.7
v -9.3 3.5 7.7
v -9.3 3.6 7.7
v -9.3 3.7 7.7
v -9.3 3.8 7.7
v -9.2 1 7.7
v -9.2 1.1 7.7
v -9.2 1.8 7.7
v -9.2 2 7.7
v -9.2 2.2 7.7
v -9.2 2.4 7.7
v -9.2 3.4 7.7
v -9.2 3.5 7.7
v -9.2 3.6 7.7
v -9.2 3.7 7.7
v -9.2 3.8 7.7
v -9.2 3.9 7.7
v -9.1 0.9 7.7
v -9.1 1 7.7
v -9.1 3.3 7.7
v -9.1 3.4 7.7
v -9.1 3.5 7.7
v -9.1 3.8 7.7
v -9.1 3.9 7.7
v -9.1 4 7.7
v -9 0.8 7.7
v -9 1.3 7.7
v -9 3.3 7.7
v -9 3.4 7.7
v -9 3.9 7.7
v -9 4 7.7
v -22 2.1 7.6
v -22 2.8 7.6
v -22 2.9 7.6
v -22 3 7.6
v -22 3.1 7.6
v -22 4.2 7.6
v -22 4.3 7.6
v -22 4.5 7.6
v -22 16.2 7.6
v -22 16.3 7.6
v -22 16.5 7.6
v -22 16.7 7.6
v -22 18.2 7.6
v -22 18.3 7.6
v -21.9 2.1 7.6
v -21.9 2.2 7.6
v -21.9 2.3 7.6
v -21.9 2.8 7.6
v -21.9 3.1 7.6
v -21.9 4.2 7.6
v -21.9 4.5 7.6
v -21.9 16.2 7.6
v -21.9 16.7 7.6
v -21.9 18.2 7.6
v -21.8 4.7 7.6
v -21.8 4.9 7.6
v -21.8 5.1 7.6
v -21.8 5.3 7.6
v -21.8 5.5 7.6
v -21.8 5.7 7.6
v -21.8 5.9 7.6
v -21.8 6.1 7.6
v -21.8 6.3 7.6
v -21.8 6.5 7.6
v -21.8 6.7 7.6
v -21.8 6.9 7.6
v -21.8 7.1 7.6
v -21.8 7.3 7.6
v -21.8 7.5 7.6
v -21.8 7.7 7.6
v -21.8 7.9 7.6
v -21.8 8.1 7.6
v -21.8 8.3 7.6
v -21.8 8.5 7.6
v -21.8 8.7 7.6
v -21.8 8.9 7.6
v -21.8 9.1 7.6
v -21.8 9.3 7.6
v -21.8 9.5 7.6
v -21.8 9.7 7.6
v -21.8 9.9 7.6
v -21.8 10.1 7.6
v -21.8 10.3 7.6
v -21.8 10.5 7.6
v -21.8 10.7 7.6
v -21.8 10.9 7.6
v -21.8 11.1 7.6
v -21.8 11.3 7.6
v -21.8 11.5 7.6
v -21.8 11.7 7.6
v -21.8 11.9 7.6
v -21.8 12.1 7.6
v -21.8 12.3 7.6
v -21.8 12.5 7.6
v -21.8 12.7 7.6
v -21.8 12.9 7.6
v -21.8 13.1 7.6
v -21.8 13.3 7.6
v -21.8 13.5 7.6
v -21.8 13.7 7.6
v -21.8 13.9 7.6
v -21.8 14.1 7.6
v -21.8 14.3 7.6
v -21.8 14.5 7.6
v -21.8 14.7 7.6
v -21.8 14.9 7.6
v -21.8 15.1 7.6
v -21.8 15.3 7.6
v -21.8 15.5 7.6
v -21.8 15.7 7.6
v -21.8 15.9 7.6
v -21.8 16.1 7.6
v -21.6 2.1 7.6
v -21.6 2.2 7.6
v -21.6 2.3 7.6
v -21.6 2.4 7.6
v -21.6 6.3 7.6
v -21.6 6.5 7.6
v -21.6 14.7 7.6
v -21.6 14.9 7.6
v -21.5 1.1 7.6
v -21.5 1.5 7.6
v -21.4 1 7.6
v -21.4 1.1 7.6
v -21.4 1.5 7.6
v -21.4 1.6 7.6
v -21.4 5.9 7.6
v -21.4 6.1 7.6
v -21.4 6.3 7.6
v -21.4 6.5 7.6
v -21.4 6.7 7.6
v -21.4 6.9 7.6
v -21.4 9.5 7.6
v -21.4 9.7 7.6
v -21.4 11.9 7.6
v -21.4 12.1 7.6
v -21.4 14.3 7.6
v -21.4 14.5 7.6
v -21.4 14.7 7.6
v -21.4 14.9 7.6
v -21.4 15.1 7.6
v -21.4 15.3 7.6
v -21.2 2.1 7.6
v -21.2 2.2 7.6
v -21.2 2.3 7.6
v -21.2 2.4 7.6
v -21.2 5.5 7.6
v -21.2 5.7 7.6
v -21.2 5.9 7.6
v -21.2 6.1 7.6
v -21.2 6.7 7.6
v -21.2 6.9 7.6
v -21.2 7.1 7.6
v -21.2 7.3 7.6
v -21.2 8.7 7.6
v -21.2 8.9 7.6
v -21.2 9.1 7.6
v -21.2 9.3 7.6
v -21.2 9.5 7.6
v -21.2 9.7 7.6
v -21.2 9.9 7.6
v -21.2 10.1 7.6
v -21.2 11.5 7.6
v -21.2 11.7 7.6
v -21.2 11.9 7.6
v -21.2 12.1 7.6
v -21.2 12.3 7.6
v -21.2 12.5 7.6
v -21.2 13.9 7.6
v -21.2 14.1 7.6
v -21.2 14.3 7.6
v -21.2 14.5 7.6
v -21.2 15.1 7.6
v -21.2 15.3 7.6
v -21.2 15.5 7.6
v -21.2 15.7 7.6
v -21 1 7.6
v -21 1.1 7.6
v -21 1.5 7.6
v -21 1.6 7.6
v -21 5.1 7.6
v -21 5.3 7.6
v -21 5.5 7.6
v -21 5.7 7.6
v -21 7.1 7.6
v -21 7.3 7.6
v -21 7.5 7.6
v -21 7.7 7.6
v -21 8.3 7.6
v -21 8.5 7.6
v -21 8.7 7.6
v -21 8.9 7.6
v -21 9.1 7.6
v -21 9.3 7.6
v -21 9.9 7.6
v -21 10.1 7.6
v -21 10.3 7.6
v -21 10.5 7.6
v -21 11.1 7.6
v -21 11.3 7.6
v -21 11.5 7.6
v -21 11.7 7.6
v -21 12.3 7.6
v -21 12.5 7.6
v -21 12.7 7.6
v -21 12.9 7.6
v -21 13.1 7.6
v -21 13.3 7.6
v -21 13.5 7.6
v -21 13.7 7.6
v -21 14.3 7.6
v -21 14.5 7.6
v -21 14.7 7.6
v -21 14.9 7.6
v -21 15.1 7.6
v -21 15.3 7.6
v -21 15.9 7.6
v -21 16.1 7.6
v -20.9 1.1 7.6
v -20.9 1.5 7.6
v -20.8 4.7 7.6
v -20.8 4.9 7.6
v -20.8 5.1 7.6
v -20.8 5.3 7.6
v -20.8 7.5 7.6
v -20.8 7.7 7.6
v -20.8 7.9 7.6
v -20.8 8.1 7.6
v -20.8 8.3 7.6
v -20.8 8.5 7.6
v -20.8 10.3 7.6
v -20.8 10.5 7.6
v -20.8 10.7 7.6
v -20.8 10.9 7.6
v -20.8 11.1 7.6
v -20.8 11.3 7.6
v -20.8 12.7 7.6
v -20.8 12.9 7.6
v -20.8 13.5 7.6
v -20.8 13.7 7.6
v -20.8 13.9 7.6
v -20.8 14.1 7.6
v -20.8 14.3 7.6
v -20.8 14.5 7.6
v -20.8 14.7 7.6
v -20.8 14.9 7.6
v -20.8 15.1 7.6
v -20.8 15.3 7.6
v -20.8 15.5 7.6
v -20.8 15.7 7.6
v -20.8 15.9 7.6
v -20.8 16.1 7.6
v -20.6 5.1 7.6
v -20.6 5.3 7.6
v -20.6 5.5 7.6
v -20.6 5.7 7.6
v -20.6 5.9 7.6
v -20.6 6.1 7.6
v -20.6 6.3 7.6
v -20.6 6.5 7.6
v -20.6 6.7 7.6
v -20.6 6.9 7.6
v -20.6 7.1 7.6
v -20.6 7.3 7.6
v -20.6 7.5 7.6
v -20.6 7.7 7.6
v -20.6 8.3 7.6
v -20.6 8.5 7.6
v -20.6 8.7 7.6
v -20.6 8.9 7.6
v -20.6 9.1 7.6
v -20.6 9.3 7.6
v -20.6 9.5 7.6
v -20.6 9.7 7.6
v -20.6 9.9 7.6
v -20.6 10.1 7.6
v -20.6 10.3 7.6
v -20.6 10.5 7.6
v -20.6 11.1 7.6
v -20.6 11.3 7.6
v -20.6 11.5 7.6
v -20.6 11.7 7.6
v -20.6 11.9 7.6
v -20.6 12.1 7.6
v -20.6 12.3 7.6
v -20.6 12.5 7.6
v -20.6 12.7 7.6
v -20.6 12.9 7.6
v -20.6 13.5 7.6
v -20.6 13.7 7.6
v -20.6 13.9 7.6
v -20.6 14.1 7.6
v -20.6 14.3 7.6
v -20.6 14.5 7.6
v -20.6 14.7 7.6
v -20.6 14.9 7.6
v -20.6 15.1 7.6
v -20.6 15.3 7.6
v -20.6 15.5 7.6
v -20.6 15.7 7.6
v -20.6 15.9 7.6
v -20.6 16.1 7.6
v -20.5 1.1 7.6
v -20.5 1.5 7.6
v -20.4 1 7.6
v -20.4 1.1 7.6
v -20.4 1.5 7.6
v -20.4 1.6 7.6
v -20 1 7.6
v -20 1.1 7.6
v -20 1.5 7.6
v -20 1.6 7.6
v -20 4.9 7.6
v -20 16.2 7.6
v -20 16.3 7.6
v -19.9 1.1 7.6
v -19.9 1.5 7.6
v -19.9 4.8 7.6
v -19.9 4.9 7.6
v -19.5 1.1 7.6
v -19.5 1.5 7.6
v -19.4 1 7.6
v -19.4 1.1 7.6
v -19.4 1.5 7.6
v -19.4 1.6 7.6
v -19 1 7.6
v -19 1.1 7.6
v -19 1.5 7.6
v -19 1.6 7.6
v -18.9 1.1 7.6
v -18.9 1.5 7.6
v -18.2 2.1 7.6
v -18.2 2.2 7.6
v -18.2 2.3 7.6
v -18.2 2.4 7.6
v -17.8 2.1 7.6
v -17.8 2.2 7.6
v -17.8 2.3 7.6
v -17.8 2.4 7.6
v -17.4 0.3 7.6
v -17.4 0.5 7.6
v -17.4 0.6 7.6
v -17.4 0.7 7.6
v -17.4 2.1 7.6
v -17.4 2.2 7.6
v -17.3 0.5 7.6
v -17.3 2.3 7.6
v -15.4 1.6 7.6
v -15.4 2.5 7.6
v -15.4 2.6 7.6
v -15.3 1.6 7.6
v -15.3 1.7 7.6
v -15.3 2.5 7.6
v -15.3 3.6 7.6
v -15.3 3.7 7.6
v -15.2 1.8 7.6
v -15.2 2.3 7.6
v -15.2 3.5 7.6
v -15.2 3.6 7.6
v -15.2 3.7 7.6
v -15.2 3.8 7.6
v -15.1 0.7 7.6
v -15.1 1.2 7.6
v -15.1 1.8 7.6
v -15.1 2.3 7.6
v -15.1 3.5 7.6
v -15.1 3.6 7.6
v -15.1 3.7 7.6
v -15.1 3.8 7.6
v -15 1.9 7.6
v -15 2.3 7.6
v -15 3.4 7.6
v -15 3.5 7.6
v -15 3.8 7.6
v -15 3.9 7.6
v -14.9 0.8 7.6
v -14.9 1.1 7.6
v -14.9 1.8 7.6
v -14.9 1.9 7.6
v -14.9 2.3 7.6
v -14.9 3.4 7.6
v -14.9 3.5 7.6
v -14.9 3.8 7.6
v -14.9 3.9 7.6
v -14.8 1.8 7.6
v -14.8 1.9 7.6
v -14.8 2.3 7.6
v -14.8 3.3 7.6
v -14.8 3.4 7.6
v -14.8 3.5 7.6
v -14.8 3.8 7.6
v -14.8 3.9 7.6
v -14.8 4 7.6
v -14.7 1.9 7.6
v -14.7 2.3 7.6
v -14.7 3.3 7.6
v -14.7 3.4 7.6
v -14.7 3.9 7.6
v -14.7 4 7.6
v -14.6 1.8 7.6
v -14.6 2.3 7.6
v -14.6 3.4 7.6
v -14.6 3.9 7.6
v -14.5 1.8 7.6
v -14.5 2 7.6
v -14.5 2.1 7.6
v -14.5 2.3 7.6
v -14.4 0.8 7.6
v -14.4 1.1 7.6
v -14.4 1.8 7.6
v -14.4 2 7.6
v -14.4 2.1 7.6
v -14.4 2.3 7.6
v -14.3 1.8 7.6
v -14.3 2.3 7.6
v -14.3 3.5 7.6
v -14.3 3.8 7.6
v -14.2 0.8 7.6
v -14.2 1.1 7.6
v -14.2 1.8 7.6
v -14.2 1.9 7.6
v -14.2 2 7.6
v -14.2 2.2 7.6
v -14.2 3.4 7.6
v -14.2 3.5 7.6
v -14.2 3.8 7.6
v -14.2 3.9 7.6
v -14.1 2.1 7.6
v -14.1 2.2 7.6
v -14.1 2.3 7.6
v -14.1 3.3 7.6
v -14.1 3.4 7.6
v -14.1 3.5 7.6
v -14.1 3.8 7.6
v -14.1 3.9 7.6
v -14.1 4 7.6
v -14 1.9 7.6
v -14 2 7.6
v -14 2.1 7.6
v -13.9 1.8 7.6
v -13.9 2 7.6
v -13.9 2.2 7.6
v -13.9 2.3 7.6
v -13.8 1.8 7.6
v -13.8 2.3 7.6
v -13.8 3.3 7.6
v -13.8 3.4 7.6
v -13.8 3.9 7.6
v -13.8 4 7.6
v -13.7 0.8 7.6
v -13.7 1.1 7.6
v -13.7 1.8 7.6
v -13.7 2.3 7.6
v -13.6 3.3 7.6
v -13.6 3.9 7.6
v -13.5 0.8 7.6
v -13.5 1.1 7.6
v -13.5 3.3 7.6
v -13.5 3.5 7.6
v -13.5 3.6 7.6
v -13.5 3.9 7.6
v -13.5 4 7.6
v -13.4 1.9 7.6
v -13.4 2 7.6
v -13.4 2.2 7.6
v -13.4 2.3 7.6
v -13.3 1.8 7.6
v -13.3 1.9 7.6
v -13.3 2.3 7.6
v -13.3 2.4 7.6
v -13.2 1.8 7.6
v -13.2 1.9 7.6
v -13.2 3.3 7.6
v -13.2 3.5 7.6
v -13.2 3.6 7.6
v -13.2 3.9 7.6
v -13.2 4 7.6
v -13.1 1.9 7.6
v -13.1 2 7.6
v -13.1 2.2 7.6
v -13.1 2.4 7.6
v -13.1 3.3 7.6
v -13.1 3.9 7.6
v -13 0.8 7.6
v -13 1.1 7.6
v -13 1.8 7.6
v -13 2 7.6
v -13 2.2 7.6
v -13 2.4 7.6
v -12.9 1.8 7.6
v -12.9 1.9 7.6
v -12.9 2.2 7.6
v -12.9 2.4 7.6
v -12.9 3.3 7.6
v -12.9 4 7.6
v -12.8 1.9 7.6
v -12.8 2 7.6
v -12.8 2.2 7.6
v -12.8 2.4 7.6
v -12.8 3.3 7.6
v -12.8 3.7 7.6
v -12.8 3.8 7.6
v -12.8 4 7.6
v -12.7 0.9 7.6
v -12.7 1.1 7.6
v -12.7 1.8 7.6
v -12.7 1.9 7.6
v -12.7 3.6 7.6
v -12.7 3.7 7.6
v -12.7 3.8 7.6
v -12.6 0.8 7.6
v -12.6 0.9 7.6
v -12.6 1.8 7.6
v -12.6 1.9 7.6
v -12.6 2 7.6
v -12.6 2.3 7.6
v -12.6 2.4 7.6
v -12.6 3.5 7.6
v -12.6 3.6 7.6
v -12.6 3.7 7.6
v -12.5 1.8 7.6
v -12.5 1.9 7.6
v -12.5 2 7.6
v -12.5 2.2 7.6
v -12.5 2.3 7.6
v -12.5 3.4 7.6
v -12.5 3.5 7.6
v -12.5 3.6 7.6
v -12.4 0.8 7.6
v -12.4 1.1 7.6
v -12.4 1.8 7.6
v -12.4 1.9 7.6
v -12.4 2.2 7.6
v -12.4 2.4 7.6
v -12.4 3.3 7.6
v -12.4 3.4 7.6
v -12.4 3.5 7.6
v -12.4 4 7.6
v -12.3 0.8 7.6
v -12.3 1.1 7.6
v -12.3 1.8 7.6
v -12.3 2 7.6
v -12.3 2.2 7.6
v -12.3 2.4 7.6
v -12.3 3.3 7.6
v -12.3 4 7.6
v -12.2 2.3 7.6
v -12.2 2.4 7.6
v -12.2 3.3 7.6
v -12.2 4 7.6
v -12.1 1.8 7.6
v -12.1 1.9 7.6
v -12.1 2.2 7.6
v -12.1 2.3 7.6
v -12.1 3.4 7.6
v -12.1 3.9 7.6
v -12 0.8 7.6
v -12 1.1 7.6
v -12 1.9 7.6
v -12 2 7.6
v -12 2.2 7.6
v -12 2.3 7.6
v -11.9 0.8 7.6
v -11.9 1.1 7.6
v -11.9 1.8 7.6
v -11.9 2 7.6
v -11.9 2.3 7.6
v -11.9 2.4 7.6
v -11.9 3.3 7.6
v -11.9 3.4 7.6
v -11.9 3.5 7.6
v -11.9 3.8 7.6
v -11.9 3.9 7.6
v -11.9 4 7.6
v -11.8 1.8 7.6
v -11.8 2 7.6
v -11.8 2.2 7.6
v -11.8 2.3 7.6
v -11.8 3.4 7.6
v -11.8 3.5 7.6
v -11.8 3.8 7.6
v -11.8 3.9 7.6
v -11.7 1.9 7.6
v -11.7 2 7.6
v -11.7 2.3 7.6
v -11.7 2.4 7.6
v -11.7 3.3 7.6
v -11.7 3.4 7.6
v -11.7 3.5 7.6
v -11.7 3.8 7.6
v -11.7 3.9 7.6
v -11.7 4 7.6
v -11.6 0.8 7.6
v -11.6 1.1 7.6
v -11.6 1.9 7.6
v -11.6 2 7.6
v -11.6 2.3 7.6
v -11.6 2.4 7.6
v -11.5 0.8 7.6
v -11.5 1.1 7.6
v -11.5 1.8 7.6
v -11.5 2 7.6
v -11.5 2.2 7.6
v -11.5 2.3 7.6
v -11.5 3.4 7.6
v -11.5 3.9 7.6
v -11.4 1.8 7.6
v -11.4 2 7.6
v -11.4 2.2 7.6
v -11.4 2.4 7.6
v -11.4 3.4 7.6
v -11.4 3.9 7.6
v -11.3 1.8 7.6
v -11.3 2 7.6
v -11.3 2.3 7.6
v -11.3 2.4 7.6
v -11.2 0.8 7.6
v -11.2 1.1 7.6
v -11.2 1.8 7.6
v -11.2 1.9 7.6
v -11.2 3.3 7.6
v -11.2 3.4 7.6
v -11.2 3.9 7.6
v -11.2 4 7.6
v -11.1 0.8 7.6
v -11.1 1.1 7.6
v -11.1 1.8 7.6
v -11.1 1.9 7.6
v -11.1 2 7.6
v -11.1 2.2 7.6
v -11.1 2.3 7.6
v -11.1 3.8 7.6
v -11.1 4 7.6
v -11 1.8 7.6
v -11 1.9 7.6
v -11 3.6 7.6
v -11 3.8 7.6
v -11 4 7.6
v -10.9 1.8 7.6
v -10.9 2 7.6
v -10.9 3.4 7.6
v -10.9 3.6 7.6
v -10.9 3.8 7.6
v -10.8 3.3 7.6
v -10.8 3.4 7.6
v -10.8 3.6 7.6
v -10.7 0.8 7.6
v -10.7 1.1 7.6
v -10.7 1.9 7.6
v -10.7 2 7.6
v -10.7 3.3 7.6
v -10.7 3.4 7.6
v -10.7 3.6 7.6
v -10.6 0.8 7.6
v -10.6 1.1 7.6
v -10.6 1.8 7.6
v -10.6 1.9 7.6
v -10.6 3.4 7.6
v -10.6 3.6 7.6
v -10.6 3.8 7.6
v -10.5 3.6 7.6
v -10.5 3.8 7.6
v -10.5 3.9 7.6
v -10.5 4 7.6
v -10.4 0.8 7.6
v -10.4 0.9 7.6
v -10.4 3.8 7.6
v -10.4 3.9 7.6
v -10.4 4 7.6
v -10.3 0.9 7.6
v -10.3 1.1 7.6
v -10.3 2.2 7.6
v -10.3 2.4 7.6
v -10.3 3.3 7.6
v -10.3 3.4 7.6
v -10.3 3.5 7.6
v -10.3 4 7.6
v -10.2 2.2 7.6
v -10.2 2.4 7.6
v -10.2 3.6 7.6
v -10.2 3.9 7.6
v -10.1 0.7 7.6
v -10.1 1.2 7.6
v -10.1 1.8 7.6
v -10.1 2 7.6
v -10.1 2.2 7.6
v -10.1 2.4 7.6
v -10 1.9 7.6
v -10 2 7.6
v -10 2.1 7.6
v -10 2.2 7.6
v -10 2.3 7.6
v -9.9 2 7.6
v -9.9 2.1 7.6
v -9.9 2.2 7.6
v -9.9 3.6 7.6
v -9.9 3.9 7.6
v -9.8 1.9 7.6
v -9.8 2 7.6
v -9.8 2.1 7.6
v -9.8 2.2 7.6
v -9.8 2.3 7.6
v -9.8 3.3 7.6
v -9.8 3.4 7.6
v -9.8 3.5 7.6
v -9.8 4 7.6
v -9.7 0.8 7.6
v -9.7 1.3 7.6
v -9.7 1.8 7.6
v -9.7 2 7.6
v -9.7 2.2 7.6
v -9.7 2.4 7.6
v -9.7 3.3 7.6
v -9.7 3.4 7.6
v -9.7 3.9 7.6
v -9.7 4 7.6
v -9.6 1.8 7.6
v -9.6 2 7.6
v -9.6 2.2 7.6
v -9.6 2.4 7.6
v -9.6 3.3 7.6
v -9.6 3.4 7.6
v -9.6 3.5 7.6
v -9.6 3.8 7.6
v -9.6 3.9 7.6
v -9.6 4 7.6
v -9.5 1.9 7.6
v -9.5 2 7.6
v -9.5 2.1 7.6
v -9.5 2.2 7.6
v -9.5 2.3 7.6
v -9.5 3.4 7.6
v -9.5 3.5 7.6
v -9.5 3.6 7.6
v -9.5 3.7 7.6
v -9.5 3.8 7.6
v -9.5 3.9 7.6
v -9.4 2 7.6
v -9.4 2.1 7.6
v -9.4 2.2 7.6
v -9.4 3.5 7.6
v -9.4 3.6 7.6
v -9.4 3.7 7.6
v -9.4 3.8 7.6
v -9.3 1.9 7.6
v -9.3 2 7.6
v -9.3 2.1 7.6
v -9.3 2.2 7.6
v -9.3 2.3 7.6
v -9.3 3.5 7.6
v -9.3 3.6 7.6
v -9.3 3.7 7.6
v -9.3 3.8 7.6
v -9.2 1.8 7.6
v -9.2 2 7.6
v -9.2 2.2 7.6
v -9.2 2.4 7.6
v -9.2 3.4 7.6
v -9.2 3.5 7.6
v -9.2 3.6 7.6
v -9.2 3.7 7.6
v -9.2 3.8 7.6
v -9.2 3.9 7.6
v -9.1 1.6 7.6
v -9.1 1.7 7.6
v -9.1 2.5 7.6
v -9.1 3.3 7.6
v -9.1 3.4 7.6
v -9.1 3.5 7.6
v -9.1 3.8 7.6
v -9.1 3.9 7.6
v -9.1 4 7.6
v -9 0.8 7.6
v -9 1.3 7.6
v -9 1.6 7.6
v -9 2.5 7.6
v -9 2.6 7.6
v -9 3.3 7.6
v -9 3.4 7.6
v -9 3.9 7.6
v -9 4 7.6
v -7 0.7 7.6
v -7 1.3 7.6
v -6.8 0.9 7.6
v -6.8 1.1 7.6
v -6.4 0.9 7.6
v -6.4 1.1 7.6
v -6.2 0.9 7.6
v -6.2 1.1 7.6
v -4.8 0.9 7.6
v -4.8 1.1 7.6
v -4.6 0.7 7.6
v -4.6 1.3 7.6
v -4.5 4.8 7.6
v -4.5 4.9 7.6
v -4.4 0.3 7.6
v -4.4 0.5 7.6
v -4.4 4.9 7.6
v -4.4 16.3 7.6
v -4.2 0.3 7.6
v -4.2 0.5 7.6
v -3.8 1.3 7.6
v -3.8 2.1 7.6
v -3.8 5.1 7.6
v -3.8 5.3 7.6
v -3.8 5.5 7.6
v -3.8 5.7 7.6
v -3.8 5.9 7.6
v -3.8 6.1 7.6
v -3.8 6.3 7.6
v -3.8 6.5 7.6
v -3.8 6.7 7.6
v -3.8 6.9 7.6
v -3.8 7.1 7.6
v -3.8 7.3 7.6
v -3.8 7.5 7.6
v -3.8 7.7 7.6
v -3.8 8.3 7.6
v -3.8 8.5 7.6
v -3.8 8.7 7.6
v -3.8 8.9 7.6
v -3.8 9.1 7.6
v -3.8 9.3 7.6
v -3.8 9.5 7.6
v -3.8 9.7 7.6
v -3.8 9.9 7.6
v -3.8 10.1 7.6
v -3.8 10.3 7.6
v -3.8 10.5 7.6
v -3.8 11.1 7.6
v -3.8 11.3 7.6
v -3.8 11.5 7.6
v -3.8 11.7 7.6
v -3.8 11.9 7.6
v -3.8 12.1 7.6
v -3.8 12.3 7.6
v -3.8 12.5 7.6
v -3.8 12.7 7.6
v -3.8 12.9 7.6
v -3.8 13.5 7.6
v -3.8 13.7 7.6
v -3.8 13.9 7.6
v -3.8 14.1 7.6
v -3.8 14.3 7.6
v -3.8 14.5 7.6
v -3.8 14.7 7.6
v -3.8 14.9 7.6
v -3.8 15.1 7.6
v -3.8 15.3 7.6
v -3.8 15.5 7.6
v -3.8 15.7 7.6
v -3.8 15.9 7.6
v -3.8 16.1 7.6
v -3.6 4.7 7.6
v -3.6 4.9 7.6
v -3.6 5.1 7.6
v -3.6 5.3 7.6
v -3.6 7.5 7.6
v -3.6 7.7 7.6
v -3.6 7.9 7.6
v -3.6 8.1 7.6
v -3.6 8.3 7.6
v -3.6 8.5 7.6
v -3.6 10.3 7.6
v -3.6 10.5 7.6
v -3.6 10.7 7.6
v -3.6 10.9 7.6
v -3.6 11.1 7.6
v -3.6 11.3 7.6
v -3.6 12.7 7.6
v -3.6 12.9 7.6
v -3.6 13.5 7.6
v -3.6 13.7 7.6
v -3.6 13.9 7.6
v -3.6 14.1 7.6
v -3.6 14.3 7.6
v -3.6 14.5 7.6
v -3.6 14.7 7.6
v -3.6 14.9 7.6
v -3.6 15.1 7.6
v -3.6 15.3 7.6
v -3.6 15.5 7.6
v -3.6 15.7 7.6
v -3.6 15.9 7.6
v -3.6 16.1 7.6
v -3.4 5.1 7.6
v -3.4 5.3 7.6
v -3.4 5.5 7.6
v -3.4 5.7 7.6
v -3.4 7.1 7.6
v -3.4 7.3 7.6
v -3.4 7.5 7.6
v -3.4 7.7 7.6
v -3.4 8.3 7.6
v -3.4 8.5 7.6
v -3.4 8.7 7.6
v -3.4 8.9 7.6
v -3.4 9.1 7.6
v -3.4 9.3 7.6
v -3.4 9.9 7.6
v -3.4 10.1 7.6
v -3.4 10.3 7.6
v -3.4 10.5 7.6
v -3.4 11.1 7.6
v -3.4 11.3 7.6
v -3.4 11.5 7.6
v -3.4 11.7 7.6
v -3.4 12.3 7.6
v -3.4 12.5 7.6
v -3.4 12.7 7.6
v -3.4 12.9 7.6
v -3.4 13.1 7.6
v -3.4 13.3 7.6
v -3.4 13.5 7.6
v -3.4 13.7 7.6
v -3.4 14.3 7.6
v -3.4 14.5 7.6
v -3.4 14.7 7.6
v -3.4 14.9 7.6
v -3.4 15.1 7.6
v -3.4 15.3 7.6
v -3.4 15.9 7.6
v -3.4 16.1 7.6
v -3.2 5.5 7.6
v -3.2 5.7 7.6
v -3.2 5.9 7.6
v -3.2 6.1 7.6
v -3.2 6.7 7.6
v -3.2 6.9 7.6
v -3.2 7.1 7.6
v -3.2 7.3 7.6
v -3.2 8.7 7.6
v -3.2 8.9 7.6
v -3.2 9.1 7.6
v -3.2 9.3 7.6
v -3.2 9.5 7.6
v -3.2 9.7 7.6
v -3.2 9.9 7.6
v -3.2 10.1 7.6
v -3.2 11.5 7.6
v -3.2 11.7 7.6
v -3.2 11.9 7.6
v -3.2 12.1 7.6
v -3.2 12.3 7.6
v -3.2 12.5 7.6
v -3.2 13.9 7.6
v -3.2 14.1 7.6
v -3.2 14.3 7.6
v -3.2 14.5 7.6
v -3.2 15.1 7.6
v -3.2 15.3 7.6
v -3.2 15.5 7.6
v -3.2 15.7 7.6
v -3 1.3 7.6
v -3 2.1 7.6
v -3 5.9 7.6
v -3 6.1 7.6
v -3 6.3 7.6
v -3 6.5 7.6
v -3 6.7 7.6
v -3 6.9 7.6
v -3 9.5 7.6
v -3 9.7 7.6
v -3 11.9 7.6
v -3 12.1 7.6
v -3 14.3 7.6
v -3 14.5 7.6
v -3 14.7 7.6
v -3 14.9 7.6
v -3 15.1 7.6
v -3 15.3 7.6
v -2.8 6.3 7.6
v -2.8 6.5 7.6
v -2.8 14.7 7.6
v -2.8 14.9 7.6
v -2.6 0.3 7.6
v -2.6 0.5 7.6
v -2.6 0.7 7.6
v -2.6 0.8 7.6
v -2.6 4.7 7.6
v -2.6 4.9 7.6
v -2.6 5.1 7.6
v -2.6 5.3 7.6
v -2.6 5.5 7.6
v -2.6 5.7 7.6
v -2.6 5.9 7.6
v -2.6 6.1 7.6
v -2.6 6.3 7.6
v -2.6 6.5 7.6
v -2.6 6.7 7.6
v -2.6 6.9 7.6
v -2.6 7.1 7.6
v -2.6 7.3 7.6
v -2.6 7.5 7.6
v -2.6 7.7 7.6
v -2.6 7.9 7.6
v -2.6 8.1 7.6
v -2.6 8.3 7.6
v -2.6 8.5 7.6
v -2.6 8.7 7.6
v -2.6 8.9 7.6
v -2.6 9.1 7.6
v -2.6 9.3 7.6
v -2.6 9.5 7.6
v -2.6 9.7 7.6
v -2.6 9.9 7.6
v -2.6 10.1 7.6
v -2.6 10.3 7.6
v -2.6 10.5 7.6
v -2.6 10.7 7.6
v -2.6 10.9 7.6
v -2.6 11.1 7.6
v -2.6 11.3 7.6
v -2.6 11.5 7.6
v -2.6 11.7 7.6
v -2.6 11.9 7.6
v -2.6 12.1 7.6
v -2.6 12.3 7.6
v -2.6 12.5 7.6
v -2.6 12.7 7.6
v -2.6 12.9 7.6
v -2.6 13.1 7.6
v -2.6 13.3 7.6
v -2.6 13.5 7.6
v -2.6 13.7 7.6
v -2.6 13.9 7.6
v -2.6 14.1 7.6
v -2.6 14.3 7.6
v -2.6 14.5 7.6
v -2.6 14.7 7.6
v -2.6 14.9 7.6
v -2.6 15.1 7.6
v -2.6 15.3 7.6
v -2.6 15.5 7.6
v -2.6 15.7 7.6
v -2.6 15.9 7.6
v -2.6 16.1 7.6
v -2.5 0.8 7.6
v -2.5 2.8 7.6
v -2.5 3.1 7.6
v -2.5 4.2 7.6
v -2.5 16.7 7.6
v -2.5 18.2 7.6
v -2.4 0.7 7.6
v -2.4 0.8 7.6
v -2.4 2.8 7.6
v -2.4 2.9 7.6
v -2.4 3 7.6
v -2.4 3.1 7.6
v -2.4 4.2 7.6
v -2.4 4.3 7.6
v -2.4 4.5 7.6
v -2.4 16.3 7.6
v -2.4 16.5 7.6
v -2.4 16.7 7.6
v -2.4 18.2 7.6
v -2.4 18.3 7.6
v -21.6 1.1 7.5
v -21.6 1.5 7.5
v -21.5 1.1 7.5
v -21.5 1.5 7.5
v -21.4 0.9 7.5
v -21.4 1 7.5
v -21.4 1.6 7.5
v -21.4 1.7 7.5
v -21 0.9 7.5
v -21 1 7.5
v -21 1.5 7.5
v -21 1.6 7.5
v -20.9 1.1 7.5
v -20.9 1.5 7.5
v -20.8 1.1 7.5
v -20.8 1.7 7.5
v -20.6 1.1 7.5
v -20.6 1.5 7.5
v -20.5 1.1 7.5
v -20.5 1.5 7.5
v -20.4 0.9 7.5
v -20.4 1 7.5
v -20.4 1.6 7.5
v -20.4 1.7 7.5
v -20 0.9 7.5
v -20 1 7.5
v -20 1.6 7.5
v -20 1.7 7.5
v -19.9 1.1 7.5
v -19.9 1.5 7.5
v -19.8 1.1 7.5
v -19.8 1.5 7.5
v -19.6 1.1 7.5
v -19.6 1.5 7.5
v -19.5 1.1 7.5
v -19.5 1.5 7.5
v -19.4 0.9 7.5
v -19.4 1 7.5
v -19.4 1.6 7.5
v -19.4 1.7 7.5
v -19 0.9 7.5
v -19 1 7.5
v -19 1.6 7.5
v -19 1.7 7.5
v -18.9 1.1 7.5
v -18.9 1.5 7.5
v -18.8 1.1 7.5
v -18.8 1.5 7.5
v -15.4 2.5 7.5
v -15.4 2.6 7.5
v -15.3 2.5 7.5
v -9.1 2.5 7.5
v -9 2.5 7.5
v -9 2.6 7.5
v -22.2 0.7 7.4
v -22.2 2.8 7.4
v -22.2 2.9 7.4
v -22.2 3 7.4
v -22.2 3.1 7.4
v -22.2 4.2 7.4
v -22.2 4.3 7.4
v -22.2 4.5 7.4
v -22.2 18.1 7.4
v -22.1 2.1 7.4
v -22.1 2.8 7.4
v -22.1 3.1 7.4
v -22.1 4.2 7.4
v -22.1 4.5 7.4
v -22.1 17.9 7.4
v -22 0.7 7.4
v -22 2.1 7.4
v -22 2.8 7.4
v -22 2.9 7.4
v -22 3 7.4
v -22 3.1 7.4
v -22 4.2 7.4
v -22 4.3 7.4
v -22 4.5 7.4
v -22 16.3 7.4
v -22 16.5 7.4
v -22 16.7 7.4
v -22 17.9 7.4
v -22 18.1 7.4
v -21.8 4.7 7.4
v -21.8 4.9 7.4
v -21.8 5.1 7.4
v -21.8 5.3 7.4
v -21.8 5.5 7.4
v -21.8 5.7 7.4
v -21.8 5.9 7.4
v -21.8 6.1 7.4
v -21.8 6.3 7.4
v -21.8 6.5 7.4
v -21.8 6.7 7.4
v -21.8 6.9 7.4
v -21.8 7.1 7.4
v -21.8 7.3 7.4
v -21.8 7.5 7.4
v -21.8 7.7 7.4
v -21.8 7.9 7.4
v -21.8 8.1 7.4
v -21.8 8.3 7.4
v -21.8 8.5 7.4
v -21.8 8.7 7.4
v -21.8 8.9 7.4
v -21.8 9.1 7.4
v -21.8 9.3 7.4
v -21.8 9.5 7.4
v -21.8 9.7 7.4
v -21.8 9.9 7.4
v -21.8 10.1 7.4
v -21.8 10.3 7.4
v -21.8 10.5 7.4
v -21.8 10.7 7.4
v -21.8 10.9 7.4
v -21.8 11.1 7.4
v -21.8 11.3 7.4
v -21.8 11.5 7.4
v -21.8 11.7 7.4
v -21.8 11.9 7.4
v -21.8 12.1 7.4
v -21.8 12.3 7.4
v -21.8 12.5 7.4
v -21.8 12.7 7.4
v -21.8 12.9 7.4
v -21.8 13.1 7.4
v -21.8 13.3 7.4
v -21.8 13.5 7.4
v -21.8 13.7 7.4
v -21.8 13.9 7.4
v -21.8 14.1 7.4
v -21.8 14.3 7.4
v -21.8 14.5 7.4
v -21.8 14.7 7.4
v -21.8 14.9 7.4
v -21.8 15.1 7.4
v -21.8 15.3 7.4
v -21.8 15.5 7.4
v -21.8 15.7 7.4
v -21.8 15.9 7.4
v -21.8 16.1 7.4
v -21.6 0.3 7.4
v -21.6 0.5 7.4
v -21.6 0.9 7.4
v -21.6 1.1 7.4
v -21.6 1.5 7.4
v -21.6 1.7 7.4
v -21.6 2.1 7.4
v -21.6 2.3 7.4
v -21.6 6.3 7.4
v -21.6 6.5 7.4
v -21.6 14.7 7.4
v -21.6 14.9 7.4
v -21.4 0.9 7.4
v -21.4 1.1 7.4
v -21.4 1.5 7.4
v -21.4 1.7 7.4
v -21.4 5.9 7.4
v -21.4 6.1 7.4
v -21.4 6.3 7.4
v -21.4 6.5 7.4
v -21.4 6.7 7.4
v -21.4 6.9 7.4
v -21.4 9.5 7.4
v -21.4 9.7 7.4
v -21.4 11.9 7.4
v -21.4 12.1 7.4
v -21.4 14.3 7.4
v -21.4 14.5 7.4
v -21.4 14.7 7.4
v -21.4 14.9 7.4
v -21.4 15.1 7.4
v -21.4 15.3 7.4
v -21.2 2.1 7.4
v -21.2 2.3 7.4
v -21.2 5.5 7.4
v -21.2 5.7 7.4
v -21.2 5.9 7.4
v -21.2 6.1 7.4
v -21.2 6.7 7.4
v -21.2 6.9 7.4
v -21.2 7.1 7.4
v -21.2 7.3 7.4
v -21.2 8.7 7.4
v -21.2 8.9 7.4
v -21.2 9.1 7.4
v -21.2 9.3 7.4
v -21.2 9.5 7.4
v -21.2 9.7 7.4
v -21.2 9.9 7.4
v -21.2 10.1 7.4
v -21.2 11.5 7.4
v -21.2 11.7 7.4
v -21.2 11.9 7.4
v -21.2 12.1 7.4
v -21.2 12.3 7.4
v -21.2 12.5 7.4
v -21.2 13.9 7.4
v -21.2 14.1 7.4
v -21.2 14.3 7.4
v -21.2 14.5 7.4
v -21.2 15.1 7.4
v -21.2 15.3 7.4
v -21.2 15.5 7.4
v -21.2 15.7 7.4
v -21 0.9 7.4
v -21 1.1 7.4
v -21 1.5 7.4
v -21 5.1 7.4
v -21 5.3 7.4
v -21 5.5 7.4
v -21 5.7 7.4
v -21 7.1 7.4
v -21 7.3 7.4
v -21 7.5 7.4
v -21 7.7 7.4
v -21 8.3 7.4
v -21 8.5 7.4
v -21 8.7 7.4
v -21 8.9 7.4
v -21 9.1 7.4
v -21 9.3 7.4
v -21 9.9 7.4
v -21 10.1 7.4
v -21 10.3 7.4
v -21 10.5 7.4
v -21 11.1 7.4
v -21 11.3 7.4
v -21 11.5 7.4
v -21 11.7 7.4
v -21 12.3 7.4
v -21 12.5 7.4
v -21 12.7 7.4
v -21 12.9 7.4
v -21 13.1 7.4
v -21 13.3 7.4
v -21 13.5 7.4
v -21 13.7 7.4
v -21 14.3 7.4
v -21 14.5 7.4
v -21 14.7 7.4
v -21 14.9 7.4
v -21 15.1 7.4
v -21 15.3 7.4
v -21 15.9 7.4
v -21 16.1 7.4
v -20.8 0.9 7.4
v -20.8 1.1 7.4
v -20.8 4.7 7.4
v -20.8 4.9 7.4
v -20.8 5.1 7.4
v -20.8 5.3 7.4
v -20.8 7.5 7.4
v -20.8 7.7 7.4
v -20.8 7.9 7.4
v -20.8 8.1 7.4
v -20.8 8.3 7.4
v -20.8 8.5 7.4
v -20.8 10.3 7.4
v -20.8 10.5 7.4
v -20.8 10.7 7.4
v -20.8 10.9 7.4
v -20.8 11.1 7.4
v -20.8 11.3 7.4
v -20.8 12.7 7.4
v -20.8 12.9 7.4
v -20.8 13.5 7.4
v -20.8 13.7 7.4
v -20.8 13.9 7.4
v -20.8 14.1 7.4
v -20.8 14.3 7.4
v -20.8 14.5 7.4
v -20.8 14.7 7.4
v -20.8 14.9 7.4
v -20.8 15.1 7.4
v -20.8 15.3 7.4
v -20.8 15.5 7.4
v -20.8 15.7 7.4
v -20.8 15.9 7.4
v -20.8 16.1 7.4
v -20.6 1 7.4
v -20.6 1.1 7.4
v -20.6 1.5 7.4
v -20.6 1.6 7.4
v -20.6 5.1 7.4
v -20.6 5.3 7.4
v -20.6 5.5 7.4
v -20.6 5.7 7.4
v -20.6 5.9 7.4
v -20.6 6.1 7.4
v -20.6 6.3 7.4
v -20.6 6.5 7.4
v -20.6 6.7 7.4
v -20.6 6.9 7.4
v -20.6 7.1 7.4
v -20.6 7.3 7.4
v -20.6 7.5 7.4
v -20.6 7.7 7.4
v -20.6 8.3 7.4
v -20.6 8.5 7.4
v -20.6 8.7 7.4
v -20.6 8.9 7.4
v -20.6 9.1 7.4
v -20.6 9.3 7.4
v -20.6 9.5 7.4
v -20.6 9.7 7.4
v -20.6 9.9 7.4
v -20.6 10.1 7.4
v -20.6 10.3 7.4
v -20.6 10.5 7.4
v -20.6 11.1 7.4
v -20.6 11.3 7.4
v -20.6 11.5 7.4
v -20.6 11.7 7.4
v -20.6 11.9 7.4
v -20.6 12.1 7.4
v -20.6 12.3 7.4
v -20.6 12.5 7.4
v -20.6 12.7 7.4
v -20.6 12.9 7.4
v -20.6 13.5 7.4
v -20.6 13.7 7.4
v -20.6 13.9 7.4
v -20.6 14.1 7.4
v -20.6 14.3 7.4
v -20.6 14.5 7.4
v -20.6 14.7 7.4
v -20.6 14.9 7.4
v -20.6 15.1 7.4
v -20.6 15.3 7.4
v -20.6 15.5 7.4
v -20.6 15.7 7.4
v -20.6 15.9 7.4
v -20.6 16.1 7.4
v -20.5 0.9 7.4
v -20.5 1 7.4
v -20.5 1.6 7.4
v -20.5 1.7 7.4
v -20.4 0.9 7.4
v -20.4 1.1 7.4
v -20.4 1.5 7.4
v -20.4 1.7 7.4
v -20.2 16.3 7.4
v -20.1 16.3 7.4
v -20 0.9 7.4
v -20 1.1 7.4
v -20 1.5 7.4
v -20 1.7 7.4
v -20 4.9 7.4
v -20 16 7.4
v -20 16.3 7.4
v -19.9 0.9 7.4
v -19.9 1 7.4
v -19.9 1.6 7.4
v -19.9 1.7 7.4
v -19.8 1 7.4
v -19.8 1.1 7.4
v -19.8 1.5 7.4
v -19.8 1.6 7.4
v -19.8 4.9 7.4
v -19.8 16 7.4
v -19.8 16.3 7.4
v -19.6 1 7.4
v -19.6 1.1 7.4
v -19.6 1.5 7.4
v -19.6 1.6 7.4
v -19.5 0.9 7.4
v -19.5 1 7.4
v -19.5 1.6 7.4
v -19.5 1.7 7.4
v -19.4 0.9 7.4
v -19.4 1.1 7.4
v -19.4 1.5 7.4
v -19.4 1.7 7.4
v -19 0.9 7.4
v -19 1.1 7.4
v -19 1.5 7.4
v -19 1.7 7.4
v -18.9 0.9 7.4
v -18.9 1 7.4
v -18.9 1.6 7.4
v -18.9 1.7 7.4
v -18.8 1 7.4
v -18.8 1.1 7.4
v -18.8 1.5 7.4
v -18.8 1.6 7.4
v -18.3 1.1 7.4
v -18.3 1.5 7.4
v -18.2 1.2 7.4
v -18.2 1.4 7.4
v -18.2 2.1 7.4
v -18.2 2.3 7.4
v -18 1.2 7.4
v -18 1.4 7.4
v -17.9 1.1 7.4
v -17.9 1.5 7.4
v -17.8 0.3 7.4
v -17.8 0.5 7.4
v -17.8 2.1 7.4
v -17.8 2.3 7.4
v -4.6 4.9 7.4
v -4.6 16 7.4
v -4.6 16.3 7.4
v -4.4 4.9 7.4
v -4.4 16 7.4
v -4.4 16.3 7.4
v -4.3 16.3 7.4
v -4.2 16.3 7.4
v -3.8 1.3 7.4
v -3.8 2.1 7.4
v -3.8 5.1 7.4
v -3.8 5.3 7.4
v -3.8 5.5 7.4
v -3.8 5.7 7.4
v -3.8 5.9 7.4
v -3.8 6.1 7.4
v -3.8 6.3 7.4
v -3.8 6.5 7.4
v -3.8 6.7 7.4
v -3.8 6.9 7.4
v -3.8 7.1 7.4
v -3.8 7.3 7.4
v -3.8 7.5 7.4
v -3.8 7.7 7.4
v -3.8 8.3 7.4
v -3.8 8.5 7.4
v -3.8 8.7 7.4
v -3.8 8.9 7.4
v -3.8 9.1 7.4
v -3.8 9.3 7.4
v -3.8 9.5 7.4
v -3.8 9.7 7.4
v -3.8 9.9 7.4
v -3.8 10.1 7.4
v -3.8 10.3 7.4
v -3.8 10.5 7.4
v -3.8 11.1 7.4
v -3.8 11.3 7.4
v -3.8 11.5 7.4
v -3.8 11.7 7.4
v -3.8 11.9 7.4
v -3.8 12.1 7.4
v -3.8 12.3 7.4
v -3.8 12.5 7.4
v -3.8 12.7 7.4
v -3.8 12.9 7.4
v -3.8 13.5 7.4
v -3.8 13.7 7.4
v -3.8 13.9 7.4
v -3.8 14.1 7.4
v -3.8 14.3 7.4
v -3.8 14.5 7.4
v -3.8 14.7 7.4
v -3.8 14.9 7.4
v -3.8 15.1 7.4
v -3.8 15.3 7.4
v -3.8 15.5 7.4
v -3.8 15.7 7.4
v -3.8 15.9 7.4
v -3.8 16.1 7.4
v -3.6 1.5 7.4
v -3.6 1.9 7.4
v -3.6 4.7 7.4
v -3.6 4.9 7.4
v -3.6 5.1 7.4
v -3.6 5.3 7.4
v -3.6 7.5 7.4
v -3.6 7.7 7.4
v -3.6 7.9 7.4
v -3.6 8.1 7.4
v -3.6 8.3 7.4
v -3.6 8.5 7.4
v -3.6 10.3 7.4
v -3.6 10.5 7.4
v -3.6 10.7 7.4
v -3.6 10.9 7.4
v -3.6 11.1 7.4
v -3.6 11.3 7.4
v -3.6 12.7 7.4
v -3.6 12.9 7.4
v -3.6 13.5 7.4
v -3.6 13.7 7.4
v -3.6 13.9 7.4
v -3.6 14.1 7.4
v -3.6 14.3 7.4
v -3.6 14.5 7.4
v -3.6 14.7 7.4
v -3.6 14.9 7.4
v -3.6 15.1 7.4
v -3.6 15.3 7.4
v -3.6 15.5 7.4
v -3.6 15.7 7.4
v -3.6 15.9 7.4
v -3.6 16.1 7.4
v -3.4 5.1 7.4
v -3.4 5.3 7.4
v -3.4 5.5 7.4
v -3.4 5.7 7.4
v -3.4 7.1 7.4
v -3.4 7.3 7.4
v -3.4 7.5 7.4
v -3.4 7.7 7.4
v -3.4 8.3 7.4
v -3.4 8.5 7.4
v -3.4 8.7 7.4
v -3.4 8.9 7.4
v -3.4 9.1 7.4
v -3.4 9.3 7.4
v -3.4 9.9 7.4
v -3.4 10.1 7.4
v -3.4 10.3 7.4
v -3.4 10.5 7.4
v -3.4 11.1 7.4
v -3.4 11.3 7.4
v -3.4 11.5 7.4
v -3.4 11.7 7.4
v -3.4 12.3 7.4
v -3.4 12.5 7.4
v -3.4 12.7 7.4
v -3.4 12.9 7.4
v -3.4 13.1 7.4
v -3.4 13.3 7.4
v -3.4 13.5 7.4
v -3.4 13.7 7.4
v -3.4 14.3 7.4
v -3.4 14.5 7.4
v -3.4 14.7 7.4
v -3.4 14.9 7.4
v -3.4 15.1 7.4
v -3.4 15.3 7.4
v -3.4 15.9 7.4
v -3.4 16.1 7.4
v -3.2 1.5 7.4
v -3.2 1.9 7.4
v -3.2 5.5 7.4
v -3.2 5.7 7.4
v -3.2 5.9 7.4
v -3.2 6.1 7.4
v -3.2 6.7 7.4
v -3.2 6.9 7.4
v -3.2 7.1 7.4
v -3.2 7.3 7.4
v -3.2 8.7 7.4
v -3.2 8.9 7.4
v -3.2 9.1 7.4
v -3.2 9.3 7.4
v -3.2 9.5 7.4
v -3.2 9.7 7.4
v -3.2 9.9 7.4
v -3.2 10.1 7.4
v -3.2 11.5 7.4
v -3.2 11.7 7.4
v -3.2 11.9 7.4
v -3.2 12.1 7.4
v -3.2 12.3 7.4
v -3.2 12.5 7.4
v -3.2 13.9 7.4
v -3.2 14.1 7.4
v -3.2 14.3 7.4
v -3.2 14.5 7.4
v -3.2 15.1 7.4
v -3.2 15.3 7.4
v -3.2 15.5 7.4
v -3.2 15.7 7.4
v -3 1.3 7.4
v -3 2.1 7.4
v -3 5.9 7.4
v -3 6.1 7.4
v -3 6.3 7.4
v -3 6.5 7.4
v -3 6.7 7.4
v -3 6.9 7.4
v -3 9.5 7.4
v -3 9.7 7.4
v -3 11.9 7.4
v -3 12.1 7.4
v -3 14.3 7.4
v -3 14.5 7.4
v -3 14.7 7.4
v -3 14.9 7.4
v -3 15.1 7.4
v -3 15.3 7.4
v -2.8 6.3 7.4
v -2.8 6.5 7.4
v -2.8 14.7 7.4
v -2.8 14.9 7.4
v -2.6 0.3 7.4
v -2.6 0.7 7.4
v -2.6 4.7 7.4
v -2.6 4.9 7.4
v -2.6 5.1 7.4
v -2.6 5.3 7.4
v -2.6 5.5 7.4
v -2.6 5.7 7.4
v -2.6 5.9 7.4
v -2.6 6.1 7.4
v -2.6 6.3 7.4
v -2.6 6.5 7.4
v -2.6 6.7 7.4
v -2.6 6.9 7.4
v -2.6 7.1 7.4
v -2.6 7.3 7.4
v -2.6 7.5 7.4
v -2.6 7.7 7.4
v -2.6 7.9 7.4
v -2.6 8.1 7.4
v -2.6 8.3 7.4
v -2.6 8.5 7.4
v -2.6 8.7 7.4
v -2.6 8.9 7.4
v -2.6 9.1 7.4
v -2.6 9.3 7.4
v -2.6 9.5 7.4
v -2.6 9.7 7.4
v -2.6 9.9 7.4
v -2.6 10.1 7.4
v -2.6 10.3 7.4
v -2.6 10.5 7.4
v -2.6 10.7 7.4
v -2.6 10.9 7.4
v -2.6 11.1 7.4
v -2.6 11.3 7.4
v -2.6 11.5 7.4
v -2.6 11.7 7.4
v -2.6 11.9 7.4
v -2.6 12.1 7.4
v -2.6 12.3 7.4
v -2.6 12.5 7.4
v -2.6 12.7 7.4
v -2.6 12.9 7.4
v -2.6 13.1 7.4
v -2.6 13.3 7.4
v -2.6 13.5 7.4
v -2.6 13.7 7.4
v -2.6 13.9 7.4
v -2.6 14.1 7.4
v -2.6 14.3 7.4
v -2.6 14.5 7.4
v -2.6 14.7 7.4
v -2.6 14.9 7.4
v -2.6 15.1 7.4
v -2.6 15.3 7.4
v -2.6 15.5 7.4
v -2.6 15.7 7.4
v -2.6 15.9 7.4
v -2.6 16.1 7.4
v -2.5 3 7.4
v -2.5 3.1 7.4
v -2.4 0.3 7.4
v -2.4 0.7 7.4
v -2.4 0.9 7.4
v -2.4 2.8 7.4
v -2.4 2.9 7.4
v -2.4 3 7.4
v -2.4 3.1 7.4
v -2.4 4.2 7.4
v -2.4 4.3 7.4
v -2.4 4.5 7.4
v -2.4 16.3 7.4
v -2.4 16.5 7.4
v -2.4 16.7 7.4
v -2.4 18.1 7.4
v -2.3 0.7 7.4
v -2.3 2.8 7.4
v -2.3 3.1 7.4
v -2.3 4.2 7.4
v -2.2 0.7 7.4
v -2.2 2.8 7.4
v -2.2 2.9 7.4
v -2.2 3 7.4
v -2.2 3.1 7.4
v -2.2 4.2 7.4
v -2.2 4.3 7.4
v -2.2 4.5 7.4
v -2.2 16.7 7.4
v -2.2 18.1 7.4
v -22.2 2.9 7.3
v -22.2 3 7.3
v -22.2 4.3 7.3
v -22.2 4.5 7.3
v -22.1 4.5 7.3
v -22 2.9 7.3
v -22 3 7.3
v -22 4.3 7.3
v -22 4.5 7.3
v -20.6 0.9 7.3
v -20.6 1 7.3
v -20.6 1.6 7.3
v -20.6 1.7 7.3
v -20.5 0.9 7.3
v -20.5 1 7.3
v -20.5 1.6 7.3
v -20.5 1.7 7.3
v -19.9 0.9 7.3
v -19.9 1 7.3
v -19.9 1.6 7.3
v -19.9 1.7 7.3
v -19.8 0.9 7.3
v -19.8 1 7.3
v -19.8 1.6 7.3
v -19.8 1.7 7.3
v -19.8 4.9 7.3
v -19.8 5 7.3
v -19.8 5.1 7.3
v -19.8 16.2 7.3
v -19.8 16.3 7.3
v -19.7 5 7.3
v -19.7 5.1 7.3
v -19.7 16.2 7.3
v -19.7 16.3 7.3
v -19.6 0.9 7.3
v -19.6 1 7.3
v -19.6 1.6 7.3
v -19.6 1.7 7.3
v -19.5 0.9 7.3
v -19.5 1 7.3
v -19.5 1.6 7.3
v -19.5 1.7 7.3
v -18.9 0.9 7.3
v -18.9 1 7.3
v -18.9 1.6 7.3
v -18.9 1.7 7.3
v -18.8 0.9 7.3
v -18.8 1 7.3
v -18.8 1.6 7.3
v -18.8 1.7 7.3
v -4.7 5 7.3
v -4.7 5.1 7.3
v -4.7 16.2 7.3
v -4.7 16.3 7.3
v -4.6 4.9 7.3
v -4.6 5 7.3
v -4.6 5.1 7.3
v -4.6 16.2 7.3
v -4.6 16.3 7.3
v -2.4 2.9 7.3
v -2.4 3 7.3
v -2.4 4.3 7.3
v -2.4 4.5 7.3
v -2.2 2.9 7.3
v -2.2 3 7.3
v -2.2 4.3 7.3
v -2.2 4.5 7.3
v -22.2 0.5 7.2
v -22.2 0.7 7.2
v -22 0.5 7.2
v -22 0.7 7.2
v -22 2.1 7.2
v -21.8 0.5 7.2
v -21.6 0.9 7.2
v -21.6 1.7 7.2
v -21.6 2.1 7.2
v -21.2 2.1 7.2
v -20.8 0.9 7.2
v -20.8 1.3 7.2
v -20.8 1.6 7.2
v -20.8 1.7 7.2
v -20.6 0.9 7.2
v -20.6 1.7 7.2
v -20.4 1.1 7.2
v -20.4 1.5 7.2
v -20 1.1 7.2
v -20 1.5 7.2
v -19.8 0.9 7.2
v -19.8 1.7 7.2
v -19.8 5.1 7.2
v -19.8 16 7.2
v -19.8 16.2 7.2
v -19.7 5 7.2
v -19.7 5.1 7.2
v -19.7 5.2 7.2
v -19.7 16 7.2
v -19.7 16.1 7.2
v -19.7 16.2 7.2
v -19.7 16.3 7.2
v -19.6 0.9 7.2
v -19.6 1.7 7.2
v -19.6 5.1 7.2
v -19.6 5.2 7.2
v -19.6 16.1 7.2
v -19.6 16.2 7.2
v -19.4 1.1 7.2
v -19.4 1.5 7.2
v -19 1.1 7.2
v -19 1.5 7.2
v -18.8 0.9 7.2
v -18.8 1.7 7.2
v -18.3 1.1 7.2
v -18.3 1.2 7.2
v -18.3 1.4 7.2
v -18.3 1.5 7.2
v -18.2 2.1 7.2
v -18 1.2 7.2
v -18 1.4 7.2
v -17.9 1.1 7.2
v -17.9 1.5 7.2
v -17.8 2.1 7.2
v -17.6 0.5 7.2
v -17.4 0.5 7.2
v -17.4 2.1 7.2
v -4.8 5.1 7.2
v -4.8 5.2 7.2
v -4.8 16.1 7.2
v -4.8 16.2 7.2
v -4.7 5 7.2
v -4.7 5.1 7.2
v -4.7 5.2 7.2
v -4.7 16 7.2
v -4.7 16.1 7.2
v -4.7 16.2 7.2
v -4.7 16.3 7.2
v -4.6 5.1 7.2
v -4.6 16 7.2
v -4.6 16.2 7.2
v -2.4 0.5 7.2
v -2.4 0.7 7.2
v -2.2 0.5 7.2
v -2.2 0.7 7.2
v -2.3 12 6.8
v -2.3 12.1 6.8
v -2.2 12 6.8
v -2.2 12.1 6.8
v -19.7 5.2 6.2
v -19.7 16.1 6.2
v -19.6 5.1 6.2
v -19.6 5.2 6.2
v -19.6 16.1 6.2
v -19.6 16.2 6.2
v -4.8 5.1 6.2
v -4.8 5.2 6.2
v -4.8 16.1 6.2
v -4.8 16.2 6.2
v -4.7 5.2 6.2
v -4.7 16.1 6.2
v -19.4 0.3 1.2
v -19.4 0.5 1.2
v -5 0.3 1.2
v -5 0.5 1.2
v -21.8 0.5 8.4
v -21.8 0.7 8.4
v -21.6 0.5 8.4
v -21.6 0.7 8.4
v -21.2 0.5 8.4
v -21.2 0.7 8.4
v -18.2 0.5 8.4
v -18.2 0.7 8.4
v -17.8 0.5 8.4
v -17.8 0.7 8.4
v -17.6 0.5 8.4
v -17.6 0.7 8.4
v -21.6 0.3 7.6
v -21.6 0.5 7.6
v -17.8 0.3 7.6
v -17.8 0.5 7.6
v -2.5 3 7.5
v -2.5 3.1 7.5
v -2.4 3 7.5
v -2.4 3.1 7.5
v -22 0.5 7.4
v -22 0.6 7.4
v -22 0.7 7.4
v -21.9 0.6 7.4
v -21.9 0.7 7.4
v -21.8 0.5 7.4
v -21.8 0.7 7.4
v -17.6 0.5 7.4
v -17.6 0.7 7.4
v -17.4 0.5 7.4
v -17.4 0.7 7.4
v -18.3 1.2 7.3
v -18.3 1.4 7.3
v -18.2 1.2 7.3
v -18.2 1.4 7.3
v -2.3 12 6.9
v -2.3 12.1 6.9
v -2.2 12 6.9
v -2.2 12.1 6.9
v -22.2 17.9 1.6
v -22.2 18.1 1.6
v -22.1 17.9 1.6
v -22 17.9 1.6
v -22 18 1.6
v -22 18.1 1.6
v -22 18.3 1.6
v -21.9 18.1 1.6
v -21.9 18.2 1.6
v -21.8 18.1 1.6
v -21.8 18.2 1.6
v -21.8 18.3 1.6
v -2.6 18.1 1.6
v -2.6 18.2 1.6
v -2.6 18.3 1.6
v -2.5 18.1 1.6
v -2.5 18.2 1.6
v -2.4 17.9 1.6
v -2.4 18 1.6
v -2.4 18.1 1.6
v -2.4 18.3 1.6
v -2.3 17.9 1.6
v -2.2 17.9 1.6
v -2.2 18.1 1.6
v -22.2 0.5 1.4
v -22.2 0.7 1.4
v -22.2 17.9 1.4
v -22.1 0.7 1.4
v -22.1 17.9 1.4
v -22 0.3 1.4
v -22 0.5 1.4
v -22 0.7 1.4
v -22 17.8 1.4
v -22 17.9 1.4
v -22 18.1 1.4
v -21.9 0.5 1.4
v -21.9 17.9 1.4
v -21.9 18 1.4
v -21.8 0.5 1.4
v -21.8 17.9 1.4
v -21.8 18 1.4
v -21.8 18.1 1.4
v -21.8 18.3 1.4
v -2.6 0.5 1.4
v -2.6 17.9 1.4
v -2.6 18 1.4
v -2.6 18.1 1.4
v -2.6 18.3 1.4
v -2.5 0.5 1.4
v -2.5 17.9 1.4
v -2.5 18 1.4
v -2.4 0.3 1.4
v -2.4 0.5 1.4
v -2.4 0.7 1.4
v -2.4 17.8 1.4
v -2.4 17.9 1.4
v -2.4 18.1 1.4
v -2.3 0.7 1.4
v -2.3 17.9 1.4
v -2.2 0.5 1.4
v -2.2 0.7 1.4
v -2.2 17.9 1.4
v -22 0.5 1.2
v -22 0.7 1.2
v -22 17.9 1.2
v -21.9 0.7 1.2
v -21.9 17.8 1.2
v -21.8 17.8 1.2
v -21.8 17.9 1.2
v -21.8 18.1 1.2
v -20.8 0.7 1.2
v -20.8 0.9 1.2
v -20.8 1.1 1.2
v -20.8 16.1 1.2
v -20.8 16.3 1.2
v -20.6 0.7 1.2
v -20.6 0.9 1.2
v -20.6 16.3 1.2
v -20.6 16.5 1.2
v -20.4 16.5 1.2
v -19.6 0.5 1.2
v -19.6 0.7 1.2
v -4.8 0.5 1.2
v -4.8 0.7 1.2
v -4 16.5 1.2
v -3.8 0.7 1.2
v -3.8 0.9 1.2
v -3.8 16.3 1.2
v -3.8 16.5 1.2
v -3.6 0.7 1.2
v -3.6 0.9 1.2
v -3.6 1.1 1.2
v -3.6 16.1 1.2
v -3.6 16.3 1.2
v -2.6 17.8 1.2
v -2.6 17.9 1.2
v -2.6 18.1 1.2
v -2.5 0.7 1.2
v -2.5 17.8 1.2
v -2.4 0.5 1.2
v -2.4 0.7 1.2
v -2.4 17.9 1.2
v -20.8 16.1 0.8
v -20.8 16.3 0.8
v -20.6 16.1 0.8
v -20.6 16.3 0.8
v -20.6 16.5 0.8
v -20.4 16.3 0.8
v -20.4 16.5 0.8
v -4 16.3 0.8
v -4 16.5 0.8
v -3.8 16.1 0.8
v -3.8 16.3 0.8
v -3.8 16.5 0.8
v -3.6 16.1 0.8
v -3.6 16.3 0.8
v -20.8 0.9 0.400001
v -20.8 1.1 0.400001
v -20.6 0.7 0.400001
v -20.6 0.9 0.400001
v -20.6 1.1 0.400001
v -19.6 0.7 0.400001
v -19.6 0.9 0.400001
v -4.8 0.7 0.400001
v -4.8 0.9 0.400001
v -3.8 0.7 0.400001
v -3.8 0.9 0.400001
v -3.8 1.1 0.400001
v -3.6 0.9 0.400001
v -3.6 1.1 0.400001
v -20.8 15.9 0
v -20.8 16.1 0
v -20.6 15.9 0
v -20.6 16.1 0
v -20.6 16.3 0
v -20.4 16.1 0
v -20.4 16.3 0
v -4 16.1 0
v -4 16.3 0
v -3.8 15.9 0
v -3.8 16.1 0
v -3.8 16.3 0
v -3.6 15.9 0
v -3.6 16.1 0
v -20.8 1.1 -0.4
v -20.8 1.3 -0.4
v -20.6 0.9 -0.4
v -20.6 1.1 -0.4
v -20.6 1.3 -0.4
v -19.6 0.9 -0.4
v -19.6 1.1 -0.4
v -4.8 0.9 -0.4
v -4.8 1.1 -0.4
v -3.8 0.9 -0.4
v -3.8 1.1 -0.4
v -3.8 1.3 -0.4
v -3.6 1.1 -0.4
v -3.6 1.3 -0.4
v -20.8 15.7 -0.599999
v -20.8 15.9 -0.599999
v -20.6 15.7 -0.599999
v -20.6 15.9 -0.599999
v -20.6 16.1 -0.599999
v -20.4 15.9 -0.599999
v -20.4 16.1 -0.599999
v -4 15.9 -0.599999
v -4 16.1 -0.599999
v -3.8 15.7 -0.599999
v -3.8 15.9 -0.599999
v -3.8 16.1 -0.599999
v -3.6 15.7 -0.599999
v -3.6 15.9 -0.599999
v -20.8 1.3 -1.2
v -20.8 1.5 -1.2
v -20.8 15.5 -1.2
v -20.8 15.7 -1.2
v -20.6 1.1 -1.2
v -20.6 1.3 -1.2
v -20.6 1.5 -1.2
v -20.6 15.5 -1.2
v -20.6 15.7 -1.2
v -20.6 15.9 -1.2
v -20.4 15.7 -1.2
v -20.4 15.9 -1.2
v -19.6 1.1 -1.2
v -19.6 1.3 -1.2
v -4.8 1.1 -1.2
v -4.8 1.3 -1.2
v -4 15.7 -1.2
v -4 15.9 -1.2
v -3.8 1.1 -1.2
v -3.8 1.3 -1.2
v -3.8 1.5 -1.2
v -3.8 15.5 -1.2
v -3.8 15.7 -1.2
v -3.8 15.9 -1.2
v -3.6 1.3 -1.2
v -3.6 1.5 -1.2
v -3.6 15.5 -1.2
v -3.6 15.7 -1.2
v -20.8 1.5 -2
v -20.8 1.7 -2
v -20.8 15.3 -2
v -20.8 15.5 -2
v -20.6 1.3 -2
v -20.6 1.5 -2
v -20.6 1.7 -2
v -20.6 15.3 -2
v -20.6 15.5 -2
v -20.6 15.7 -2
v -20.4 15.5 -2
v -20.4 15.7 -2
v -19.6 1.3 -2
v -19.6 1.5 -2
v -4.8 1.3 -2
v -4.8 1.5 -2
v -4 15.5 -2
v -4 15.7 -2
v -3.8 1.3 -2
v -3.8 1.5 -2
v -3.8 1.7 -2
v -3.8 15.3 -2
v -3.8 15.5 -2
v -3.8 15.7 -2
v -3.6 1.5 -2
v -3.6 1.7 -2
v -3.6 15.3 -2
v -3.6 15.5 -2
v -20.8 15.1 -2.6
v -20.8 15.3 -2.6
v -20.6 15.1 -2.6
v -20.6 15.3 -2.6
v -20.6 15.5 -2.6
v -20.4 15.3 -2.6
v -20.4 15.5 -2.6
v -4 15.3 -2.6
v -4 15.5 -2.6
v -3.8 15.1 -2.6
v -3.8 15.3 -2.6
v -3.8 15.5 -2.6
v -3.6 15.1 -2.6
v -3.6 15.3 -2.6
v -20.8 1.7 -2.8
v -20.8 1.9 -2.8
v -20.6 1.5 -2.8
v -20.6 1.7 -2.8
v -20.6 1.9 -2.8
v -19.6 1.5 -2.8
v -19.6 1.7 -2.8
v -4.8 1.5 -2.8
v -4.8 1.7 -2.8
v -3.8 1.5 -2.8
v -3.8 1.7 -2.8
v -3.8 1.9 -2.8
v -3.6 1.7 -2.8
v -3.6 1.9 -2.8
v -20.8 14.9 -3.2
v -20.8 15.1 -3.2
v -20.6 14.9 -3.2
v -20.6 15.1 -3.2
v -20.6 15.3 -3.2
v -20.4 15.1 -3.2
v -20.4 15.3 -3.2
v -4 15.1 -3.2
v -4 15.3 -3.2
v -3.8 14.9 -3.2
v -3.8 15.1 -3.2
v -3.8 15.3 -3.2
v -3.6 14.9 -3.2
v -3.6 15.1 -3.2
v -20.8 1.9 -3.8
v -20.8 2.1 -3.8
v -20.6 1.7 -3.8
v -20.6 1.9 -3.8
v -20.6 2.1 -3.8
v -19.6 1.7 -3.8
v -19.6 1.9 -3.8
v -4.8 1.7 -3.8
v -4.8 1.9 -3.8
v -3.8 1.7 -3.8
v -3.8 1.9 -3.8
v -3.8 2.1 -3.8
v -3.6 1.9 -3.8
v -3.6 2.1 -3.8
v -20.8 14.7 -4
v -20.8 14.9 -4
v -20.6 14.7 -4
v -20.6 14.9 -4
v -20.6 15.1 -4
v -20.4 14.9 -4
v -20.4 15.1 -4
v -4 14.9 -4
v -4 15.1 -4
v -3.8 14.7 -4
v -3.8 14.9 -4
v -3.8 15.1 -4
v -3.6 14.7 -4
v -3.6 14.9 -4
v -20.8 2.1 -4.6
v -20.8 2.3 -4.6
v -20.8 14.5 -4.6
v -20.8 14.7 -4.6
v -20.6 1.9 -4.6
v -20.6 2.1 -4.6
v -20.6 2.3 -4.6
v -20.6 14.5 -4.6
v -20.6 14.7 -4.6
v -20.6 14.9 -4.6
v -20.4 14.7 -4.6
v -20.4 14.9 -4.6
v -19.6 1.9 -4.6
v -19.6 2.1 -4.6
v -4.8 1.9 -4.6
v -4.8 2.1 -4.6
v -4 14.7 -4.6
v -4 14.9 -4.6
v -3.8 1.9 -4.6
v -3.8 2.1 -4.6
v -3.8 2.3 -4.6
v -3.8 14.5 -4.6
v -3.8 14.7 -4.6
v -3.8 14.9 -4.6
v -3.6 2.1 -4.6
v -3.6 2.3 -4.6
v -3.6 14.5 -4.6
v -3.6 14.7 -4.6
v -20.8 2.3 -5.4
v -20.8 2.5 -5.4
v -20.8 14.3 -5.4
v -20.8 14.5 -5.4
v -20.6 2.1 -5.4
v -20.6 2.3 -5.4
v -20.6 2.5 -5.4
v -20.6 14.3 -5.4
v -20.6 14.5 -5.4
v -20.6 14.7 -5.4
v -20.4 14.5 -5.4
v -20.4 14.7 -5.4
v -19.6 2.1 -5.4
v -19.6 2.3 -5.4
v -4.8 2.1 -5.4
v -4.8 2.3 -5.4
v -4 14.5 -5.4
v -4 14.7 -5.4
v -3.8 2.1 -5.4
v -3.8 2.3 -5.4
v -3.8 2.5 -5.4
v -3.8 14.3 -5.4
v -3.8 14.5 -5.4
v -3.8 14.7 -5.4
v -3.6 2.3 -5.4
v -3.6 2.5 -5.4
v -3.6 14.3 -5.4
v -3.6 14.5 -5.4
v -20.8 14.1 -5.8
v -20.8 14.3 -5.8
v -20.6 14.1 -5.8
v -20.6 14.3 -5.8
v -3.8 14.1 -5.8
v -3.8 14.3 -5.8
v -3.6 14.1 -5.8
v -3.6 14.3 -5.8
v -20.6 14.3 -6
v -20.6 14.5 -6
v -20.4 14.3 -6
v -20.4 14.5 -6
v -4 14.3 -6
v -4 14.5 -6
v -3.8 14.3 -6
v -3.8 14.5 -6
v -20.8 2.5 -6.2
v -20.8 2.7 -6.2
v -20.6 2.3 -6.2
v -20.6 2.5 -6.2
v -20.6 2.7 -6.2
v -19.6 2.3 -6.2
v -19.6 2.5 -6.2
v -4.8 2.3 -6.2
v -4.8 2.5 -6.2
v -3.8 2.3 -6.2
v -3.8 2.5 -6.2
v -3.8 2.7 -6.2
v -3.6 2.5 -6.2
v -3.6 2.7 -6.2
v -20.8 13.9 -6.6
v -20.8 14.1 -6.6
v -20.6 13.9 -6.6
v -20.6 14.1 -6.6
v -20.6 14.3 -6.6
v -20.4 14.1 -6.6
v -20.4 14.3 -6.6
v -4 14.1 -6.6
v -4 14.3 -6.6
v -3.8 13.9 -6.6
v -3.8 14.1 -6.6
v -3.8 14.3 -6.6
v -3.6 13.9 -6.6
v -3.6 14.1 -6.6
v -20.8 2.7 -7
v -20.8 2.9 -7
v -20.6 2.5 -7
v -20.6 2.7 -7
v -20.6 2.9 -7
v -19.6 2.5 -7
v -19.6 2.7 -7
v -4.8 2.5 -7
v -4.8 2.7 -7
v -3.8 2.5 -7
v -3.8 2.7 -7
v -3.8 2.9 -7
v -3.6 2.7 -7
v -3.6 2.9 -7
v -20.8 13.7 -7.4
v -20.8 13.9 -7.4
v -20.6 13.7 -7.4
v -20.6 13.9 -7.4
v -20.6 14.1 -7.4
v -20.4 13.9 -7.4
v -20.4 14.1 -7.4
v -4 13.9 -7.4
v -4 14.1 -7.4
v -3.8 13.7 -7.4
v -3.8 13.9 -7.4
v -3.8 14.1 -7.4
v -3.6 13.7 -7.4
v -3.6 13.9 -7.4
v -20.8 2.9 -8
v -20.8 3.1 -8
v -20.8 13.5 -8
v -20.8 13.7 -8
v -20.6 2.7 -8
v -20.6 2.9 -8
v -20.6 3.1 -8
v -20.6 13.5 -8
v -20.6 13.7 -8
v -20.6 13.9 -8
v -20.4 13.7 -8
v -20.4 13.9 -8
v -19.6 2.7 -8
v -19.6 2.9 -8
v -4.8 2.7 -8
v -4.8 2.9 -8
v -4 13.7 -8
v -4 13.9 -8
v -3.8 2.7 -8
v -3.8 2.9 -8
v -3.8 3.1 -8
v -3.8 13.5 -8
v -3.8 13.7 -8
v -3.8 13.9 -8
v -3.6 2.9 -8
v -3.6 3.1 -8
v -3.6 13.5 -8
v -3.6 13.7 -8
v -20.8 13.3 -8.6
v -20.8 13.5 -8.6
v -20.6 13.3 -8.6
v -20.6 13.5 -8.6
v -20.6 13.7 -8.6
v -20.4 13.5 -8.6
v -20.4 13.7 -8.6
v -4 13.5 -8.6
v -4 13.7 -8.6
v -3.8 13.3 -8.6
v -3.8 13.5 -8.6
v -3.8 13.7 -8.6
v -3.6 13.3 -8.6
v -3.6 13.5 -8.6
v -20.8 3.1 -8.8
v -20.8 3.3 -8.8
v -20.6 2.9 -8.8
v -20.6 3.1 -8.8
v -20.6 3.3 -8.8
v -19.6 2.9 -8.8
v -19.6 3.1 -8.8
v -4.8 2.9 -8.8
v -4.8 3.1 -8.8
v -3.8 2.9 -8.8
v -3.8 3.1 -8.8
v -3.8 3.3 -8.8
v -3.6 3.1 -8.8
v -3.6 3.3 -8.8
v -20.8 13.1 -9.4
v -20.8 13.3 -9.4
v -20.6 13.1 -9.4
v -20.6 13.3 -9.4
v -20.6 13.5 -9.4
v -20.4 13.3 -9.4
v -20.4 13.5 -9.4
v -4 13.3 -9.4
v -4 13.5 -9.4
v -3.8 13.1 -9.4
v -3.8 13.3 -9.4
v -3.8 13.5 -9.4
v -3.6 13.1 -9.4
v -3.6 13.3 -9.4
v -20.8 3.3 -9.6
v -20.8 3.5 -9.6
v -20.6 3.1 -9.6
v -20.6 3.3 -9.6
v -20.6 3.5 -9.6
v -19.6 3.1 -9.6
v -19.6 3.3 -9.6
v -4.8 3.1 -9.6
v -4.8 3.3 -9.6
v -3.8 3.1 -9.6
v -3.8 3.3 -9.6
v -3.8 3.5 -9.6
v -3.6 3.3 -9.6
v -3.6 3.5 -9.6
v -19.6 0.5 -9.8
v -19.6 3.3 -9.8
v -19.4 0.5 -9.8
v -19.4 3.3 -9.8
v -5 0.5 -9.8
v -5 3.3 -9.8
v -4.8 0.5 -9.8
v -4.8 3.3 -9.8
v -20.8 12.9 -10
v -20.8 13.1 -10
v -20.6 12.9 -10
v -20.6 13.1 -10
v -20.6 13.3 -10
v -20.4 13.1 -10
v -20.4 13.3 -10
v -19.4 0.3 -10
v -19.4 3.3 -10
v -5 0.3 -10
v -5 3.3 -10
v -4 13.1 -10
v -4 13.3 -10
v -3.8 12.9 -10
v -3.8 13.1 -10
v -3.8 13.3 -10
v -3.6 12.9 -10
v -3.6 13.1 -10
v -20.8 3.5 -10.4
v -20.8 3.7 -10.4
v -20.6 3.3 -10.4
v -20.6 3.5 -10.4
v -20.6 3.7 -10.4
v -3.8 3.3 -10.4
v -3.8 3.5 -10.4
v -3.8 3.7 -10.4
v -3.6 3.5 -10.4
v -3.6 3.7 -10.4
v -20.8 12.7 -10.6
v -20.8 12.9 -10.6
v -20.6 12.7 -10.6
v -20.6 12.9 -10.6
v -20.6 13.1 -10.6
v -20.4 12.9 -10.6
v -20.4 13.1 -10.6
v -4 12.9 -10.6
v -4 13.1 -10.6
v -3.8 12.7 -10.6
v -3.8 12.9 -10.6
v -3.8 13.1 -10.6
v -3.6 12.7 -10.6
v -3.6 12.9 -10.6
v -20.8 3.7 -11.2
v -20.8 3.9 -11.2
v -20.6 3.5 -11.2
v -20.6 3.7 -11.2
v -20.6 3.9 -11.2
v -3.8 3.5 -11.2
v -3.8 3.7 -11.2
v -3.8 3.9 -11.2
v -3.6 3.7 -11.2
v -3.6 3.9 -11.2
v -20.8 12.5 -11.4
v -20.8 12.7 -11.4
v -20.6 12.5 -11.4
v -20.6 12.7 -11.4
v -20.6 12.9 -11.4
v -20.4 12.7 -11.4
v -20.4 12.9 -11.4
v -4 12.7 -11.4
v -4 12.9 -11.4
v -3.8 12.5 -11.4
v -3.8 12.7 -11.4
v -3.8 12.9 -11.4
v -3.6 12.5 -11.4
v -3.6 12.7 -11.4
v -20.4 3.7 -11.6
v -20.4 3.9 -11.6
v -4 3.7 -11.6
v -4 3.9 -11.6
v -20.8 3.9 -11.8
v -20.8 12.5 -11.8
v -20.6 3.7 -11.8
v -20.6 3.9 -11.8
v -20.6 12.5 -11.8
v -20.6 12.7 -11.8
v -20.4 3.7 -11.8
v -20.4 3.9 -11.8
v -4 3.7 -11.8
v -4 3.9 -11.8
v -3.8 3.7 -11.8
v -3.8 3.9 -11.8
v -3.8 12.5 -11.8
v -3.8 12.7 -11.8
v -3.6 3.9 -11.8
v -3.6 12.5 -11.8
v -20.6 3.9 -12
v -20.6 12.5 -12
v -20.4 3.9 -12
v -20.4 4.1 -12
v -20.4 12.3 -12
v -4 3.9 -12
v -4 4.1 -12
v -4 12.3 -12
v -3.8 3.9 -12
v -3.8 12.5 -12
v -21.6 0.3 8.8
v -21.2 0.3 8.8
v -18.2 0.3 8.8
v -17.8 0.3 8.8
v -22 0.3 8.6
v -21.6 0.3 8.6
v -21.2 0.3 8.6
v -18.2 0.3 8.6
v -17.8 0.3 8.6
v -17.4 0.3 8.6
v -21.8 0.3 8.4
v -21.6 0.3 8.4
v -21.2 0.3 8.4
v -18.2 0.3 8.4
v -17.8 0.3 8.4
v -17.6 0.3 8.4
v -21.8 0.3 7.6
v -21.6 0.3 7.6
v -17.8 0.3 7.6
v -17.6 0.3 7.6
v -17.4 0.3 7.6
v -4.4 0.3 7.6
v -4.2 0.3 7.6
v -2.6 0.3 7.6
v -22 0.3 7.4
v -21.8 0.3 7.4
v -21.6 0.3 7.4
v -17.8 0.3 7.4
v -17.6 0.3 7.4
v -17.4 0.3 7.4
v -4.4 0.3 7.4
v -4.2 0.3 7.4
v -2.6 0.3 7.4
v -2.4 0.3 7.4
v -21.8 0.3 7.2
v -17.6 0.3 7.2
v -22 0.3 1.4
v -2.4 0.3 1.4
v -19.4 0.3 1.2
v -5 0.3 1.2
v -19.4 0.3 -10
v -5 0.3 -10
v -22.2 0.5 7.2
v -22 0.5 7.2
v -2.4 0.5 7.2
v -2.2 0.5 7.2
v -22.1 0.5 1.6
v -22 0.5 1.6
v -2.4 0.5 1.6
v -2.3 0.5 1.6
v -22.1 0.5 1.5
v -22 0.5 1.5
v -2.4 0.5 1.5
v -2.3 0.5 1.5
v -22.2 0.5 1.4
v -22 0.5 1.4
v -21.9 0.5 1.4
v -21.8 0.5 1.4
v -2.6 0.5 1.4
v -2.5 0.5 1.4
v -2.4 0.5 1.4
v -2.2 0.5 1.4
v -21.9 0.5 1.3
v -21.8 0.5 1.3
v -2.6 0.5 1.3
v -2.5 0.5 1.3
v -22 0.5 1.2
v -19.6 0.5 1.2
v -19.4 0.5 1.2
v -5 0.5 1.2
v -4.8 0.5 1.2
v -2.4 0.5 1.2
v -19.6 0.5 -9.8
v -19.4 0.5 -9.8
v -5 0.5 -9.8
v -4.8 0.5 -9.8
v -2.6 0.7 7.6
v -2.4 0.7 7.6
v -2.6 0.7 7.5
v -22.2 0.7 7.4
v -22 0.7 7.4
v -2.6 0.7 7.4
v -2.4 0.7 7.4
v -2.3 0.7 7.4
v -2.2 0.7 7.4
v -22.2 0.7 7.3
v -22 0.7 7.3
v -2.4 0.7 7.3
v -2.3 0.7 7.3
v -2.2 0.7 7.3
v -22.2 0.7 7.2
v -22 0.7 7.2
v -2.4 0.7 7.2
v -2.2 0.7 7.2
v -20.6 0.7 1.2
v -19.6 0.7 1.2
v -4.8 0.7 1.2
v -3.8 0.7 1.2
v -20.6 0.7 0.400001
v -19.6 0.7 0.400001
v -4.8 0.7 0.400001
v -3.8 0.7 0.400001
v -14.9 0.8 7.7
v -14.4 0.8 7.7
v -14.2 0.8 7.7
v -13.7 0.8 7.7
v -13.5 0.8 7.7
v -13 0.8 7.7
v -12.6 0.8 7.7
v -12.4 0.8 7.7
v -12.3 0.8 7.7
v -12 0.8 7.7
v -11.9 0.8 7.7
v -11.6 0.8 7.7
v -11.5 0.8 7.7
v -11.2 0.8 7.7
v -11.1 0.8 7.7
v -10.7 0.8 7.7
v -10.6 0.8 7.7
v -10.4 0.8 7.7
v -9.7 0.8 7.7
v -9 0.8 7.7
v -14.9 0.8 7.6
v -14.4 0.8 7.6
v -14.2 0.8 7.6
v -13.7 0.8 7.6
v -13.5 0.8 7.6
v -13 0.8 7.6
v -12.6 0.8 7.6
v -12.4 0.8 7.6
v -12.3 0.8 7.6
v -12 0.8 7.6
v -11.9 0.8 7.6
v -11.6 0.8 7.6
v -11.5 0.8 7.6
v -11.2 0.8 7.6
v -11.1 0.8 7.6
v -10.7 0.8 7.6
v -10.6 0.8 7.6
v -10.4 0.8 7.6
v -9.7 0.8 7.6
v -9 0.8 7.6
v -9.6 0.9 7.8
v -9.1 0.9 7.8
v -6.8 0.9 7.8
v -6.4 0.9 7.8
v -6.2 0.9 7.8
v -4.8 0.9 7.8
v -12.7 0.9 7.7
v -12.6 0.9 7.7
v -10.4 0.9 7.7
v -10.3 0.9 7.7
v -9.6 0.9 7.7
v -9.1 0.9 7.7
v -12.7 0.9 7.6
v -12.6 0.9 7.6
v -10.4 0.9 7.6
v -10.3 0.9 7.6
v -6.8 0.9 7.6
v -6.4 0.9 7.6
v -6.2 0.9 7.6
v -4.8 0.9 7.6
v -21.4 0.9 7.5
v -21 0.9 7.5
v -20.4 0.9 7.5
v -20 0.9 7.5
v -19.4 0.9 7.5
v -19 0.9 7.5
v -21.6 0.9 7.4
v -21.4 0.9 7.4
v -21 0.9 7.4
v -20.8 0.9 7.4
v -20.5 0.9 7.4
v -20.4 0.9 7.4
v -20 0.9 7.4
v -19.9 0.9 7.4
v -19.5 0.9 7.4
v -19.4 0.9 7.4
v -19 0.9 7.4
v -18.9 0.9 7.4
v -20.6 0.9 7.3
v -20.5 0.9 7.3
v -19.9 0.9 7.3
v -19.8 0.9 7.3
v -19.6 0.9 7.3
v -19.5 0.9 7.3
v -18.9 0.9 7.3
v -18.8 0.9 7.3
v -21.6 0.9 7.2
v -20.8 0.9 7.2
v -20.6 0.9 7.2
v -19.8 0.9 7.2
v -19.6 0.9 7.2
v -18.8 0.9 7.2
v -20.8 0.9 1.2
v -20.6 0.9 1.2
v -3.8 0.9 1.2
v -3.6 0.9 1.2
v -20.8 0.9 0.400001
v -20.6 0.9 0.400001
v -19.6 0.9 0.400001
v -4.8 0.9 0.400001
v -3.8 0.9 0.400001
v -3.6 0.9 0.400001
v -20.6 0.9 -0.4
v -19.6 0.9 -0.4
v -4.8 0.9 -0.4
v -3.8 0.9 -0.4
v -21.4 1 7.6
v -21 1 7.6
v -20.4 1 7.6
v -20 1 7.6
v -19.4 1 7.6
v -19 1 7.6
v -21.4 1 7.5
v -21 1 7.5
v -20.4 1 7.5
v -20 1 7.5
v -19.4 1 7.5
v -19 1 7.5
v -20.6 1 7.4
v -20.5 1 7.4
v -19.9 1 7.4
v -19.8 1 7.4
v -19.6 1 7.4
v -19.5 1 7.4
v -18.9 1 7.4
v -18.8 1 7.4
v -20.6 1 7.3
v -20.5 1 7.3
v -19.9 1 7.3
v -19.8 1 7.3
v -19.6 1 7.3
v -19.5 1 7.3
v -18.9 1 7.3
v -18.8 1 7.3
v -21.5 1.1 7.6
v -21.4 1.1 7.6
v -21 1.1 7.6
v -20.9 1.1 7.6
v -20.5 1.1 7.6
v -20.4 1.1 7.6
v -20 1.1 7.6
v -19.9 1.1 7.6
v -19.5 1.1 7.6
v -19.4 1.1 7.6
v -19 1.1 7.6
v -18.9 1.1 7.6
v -21.6 1.1 7.5
v -21.5 1.1 7.5
v -20.9 1.1 7.5
v -20.8 1.1 7.5
v -20.6 1.1 7.5
v -20.5 1.1 7.5
v -19.9 1.1 7.5
v -19.8 1.1 7.5
v -19.6 1.1 7.5
v -19.5 1.1 7.5
v -18.9 1.1 7.5
v -18.8 1.1 7.5
v -21.6 1.1 7.4
v -21.4 1.1 7.4
v -21 1.1 7.4
v -20.8 1.1 7.4
v -20.6 1.1 7.4
v -20.4 1.1 7.4
v -20 1.1 7.4
v -19.8 1.1 7.4
v -19.6 1.1 7.4
v -19.4 1.1 7.4
v -19 1.1 7.4
v -18.8 1.1 7.4
v -18.3 1.1 7.4
v -17.9 1.1 7.4
v -18.3 1.1 7.2
v -17.9 1.1 7.2
v -20.8 1.1 0.400001
v -20.6 1.1 0.400001
v -3.8 1.1 0.400001
v -3.6 1.1 0.400001
v -20.8 1.1 -0.4
v -20.6 1.1 -0.4
v -19.6 1.1 -0.4
v -4.8 1.1 -0.4
v -3.8 1.1 -0.4
v -3.6 1.1 -0.4
v -20.6 1.1 -1.2
v -19.6 1.1 -1.2
v -4.8 1.1 -1.2
v -3.8 1.1 -1.2
v -20.8 1.3 -0.4
v -20.6 1.3 -0.4
v -3.8 1.3 -0.4
v -3.6 1.3 -0.4
v -20.8 1.3 -1.2
v -20.6 1.3 -1.2
v -19.6 1.3 -1.2
v -4.8 1.3 -1.2
v -3.8 1.3 -1.2
v -3.6 1.3 -1.2
v -20.6 1.3 -2
v -19.6 1.3 -2
v -4.8 1.3 -2
v -3.8 1.3 -2
v -18.2 1.4 7.4
v -18 1.4 7.4
v -18.3 1.4 7.3
v -18.2 1.4 7.3
v -18.3 1.4 7.2
v -18 1.4 7.2
v -21.4 1.5 7.6
v -21 1.5 7.6
v -20.4 1.5 7.6
v -20 1.5 7.6
v -19.4 1.5 7.6
v -19 1.5 7.6
v -21.4 1.5 7.4
v -21 1.5 7.4
v -20.4 1.5 7.2
v -20 1.5 7.2
v -19.4 1.5 7.2
v -19 1.5 7.2
v -20.8 1.5 -1.2
v -20.6 1.5 -1.2
v -3.8 1.5 -1.2
v -3.6 1.5 -1.2
v -20.8 1.5 -2
v -20.6 1.5 -2
v -19.6 1.5 -2
v -4.8 1.5 -2
v -3.8 1.5 -2
v -3.6 1.5 -2
v -20.6 1.5 -2.8
v -19.6 1.5 -2.8
v -4.8 1.5 -2.8
v -3.8 1.5 -2.8
v -20.8 1.7 -2
v -20.6 1.7 -2
v -3.8 1.7 -2
v -3.6 1.7 -2
v -20.8 1.7 -2.8
v -20.6 1.7 -2.8
v -19.6 1.7 -2.8
v -4.8 1.7 -2.8
v -3.8 1.7 -2.8
v -3.6 1.7 -2.8
v -20.6 1.7 -3.8
v -19.6 1.7 -3.8
v -4.8 1.7 -3.8
v -3.8 1.7 -3.8
v -15.2 1.8 7.7
v -15.1 1.8 7.7
v -14.9 1.8 7.7
v -14.8 1.8 7.7
v -14.6 1.8 7.7
v -14.5 1.8 7.7
v -14.4 1.8 7.7
v -14.3 1.8 7.7
v -14.2 1.8 7.7
v -13.9 1.8 7.7
v -13.8 1.8 7.7
v -13.7 1.8 7.7
v -13.3 1.8 7.7
v -13.2 1.8 7.7
v -13 1.8 7.7
v -12.9 1.8 7.7
v -12.7 1.8 7.7
v -12.6 1.8 7.7
v -12.5 1.8 7.7
v -12.4 1.8 7.7
v -12.3 1.8 7.7
v -12.1 1.8 7.7
v -11.9 1.8 7.7
v -11.8 1.8 7.7
v -11.5 1.8 7.7
v -11.4 1.8 7.7
v -11.3 1.8 7.7
v -11.2 1.8 7.7
v -11.1 1.8 7.7
v -11 1.8 7.7
v -10.9 1.8 7.7
v -10.6 1.8 7.7
v -10.1 1.8 7.7
v -9.7 1.8 7.7
v -9.6 1.8 7.7
v -9.2 1.8 7.7
v -15.2 1.8 7.6
v -15.1 1.8 7.6
v -14.9 1.8 7.6
v -14.8 1.8 7.6
v -14.6 1.8 7.6
v -14.5 1.8 7.6
v -14.4 1.8 7.6
v -14.3 1.8 7.6
v -14.2 1.8 7.6
v -13.9 1.8 7.6
v -13.8 1.8 7.6
v -13.7 1.8 7.6
v -13.3 1.8 7.6
v -13.2 1.8 7.6
v -13 1.8 7.6
v -12.9 1.8 7.6
v -12.7 1.8 7.6
v -12.6 1.8 7.6
v -12.5 1.8 7.6
v -12.4 1.8 7.6
v -12.3 1.8 7.6
v -12.1 1.8 7.6
v -11.9 1.8 7.6
v -11.8 1.8 7.6
v -11.5 1.8 7.6
v -11.4 1.8 7.6
v -11.3 1.8 7.6
v -11.2 1.8 7.6
v -11.1 1.8 7.6
v -11 1.8 7.6
v -10.9 1.8 7.6
v -10.6 1.8 7.6
v -10.1 1.8 7.6
v -9.7 1.8 7.6
v -9.6 1.8 7.6
v -9.2 1.8 7.6
v -15 1.9 7.7
v -14.9 1.9 7.7
v -14.8 1.9 7.7
v -14.7 1.9 7.7
v -13.4 1.9 7.7
v -13.3 1.9 7.7
v -13.2 1.9 7.7
v -13.1 1.9 7.7
v -12.9 1.9 7.7
v -12.8 1.9 7.7
v -12.6 1.9 7.7
v -12.5 1.9 7.7
v -12.1 1.9 7.7
v -12 1.9 7.7
v -11.7 1.9 7.7
v -11.6 1.9 7.7
v -11.2 1.9 7.7
v -11.1 1.9 7.7
v -15 1.9 7.6
v -14.9 1.9 7.6
v -14.8 1.9 7.6
v -14.7 1.9 7.6
v -13.4 1.9 7.6
v -13.3 1.9 7.6
v -13.2 1.9 7.6
v -13.1 1.9 7.6
v -12.9 1.9 7.6
v -12.8 1.9 7.6
v -12.6 1.9 7.6
v -12.5 1.9 7.6
v -12.1 1.9 7.6
v -12 1.9 7.6
v -11.7 1.9 7.6
v -11.6 1.9 7.6
v -11.2 1.9 7.6
v -11.1 1.9 7.6
v -20.8 1.9 -2.8
v -20.6 1.9 -2.8
v -3.8 1.9 -2.8
v -3.6 1.9 -2.8
v -20.8 1.9 -3.8
v -20.6 1.9 -3.8
v -19.6 1.9 -3.8
v -4.8 1.9 -3.8
v -3.8 1.9 -3.8
v -3.6 1.9 -3.8
v -20.6 1.9 -4.6
v -19.6 1.9 -4.6
v -4.8 1.9 -4.6
v -3.8 1.9 -4.6
v -14.5 2 7.7
v -14.4 2 7.7
v -14.2 2 7.7
v -14 2 7.7
v -10 2 7.7
v -9.9 2 7.7
v -9.4 2 7.7
v -9.3 2 7.7
v -14.5 2 7.6
v -14.4 2 7.6
v -14.2 2 7.6
v -14 2 7.6
v -10 2 7.6
v -9.9 2 7.6
v -9.4 2 7.6
v -9.3 2 7.6
v -9.9 2.1 7.7
v -9.8 2.1 7.7
v -9.5 2.1 7.7
v -9.4 2.1 7.7
v -22 2.1 7.6
v -21.9 2.1 7.6
v -21.6 2.1 7.6
v -21.2 2.1 7.6
v -18.2 2.1 7.6
v -17.8 2.1 7.6
v -17.4 2.1 7.6
v -9.9 2.1 7.6
v -9.8 2.1 7.6
v -9.5 2.1 7.6
v -9.4 2.1 7.6
v -3.8 2.1 7.6
v -3 2.1 7.6
v -22 2.1 7.5
v -21.9 2.1 7.5
v -21.6 2.1 7.5
v -21.2 2.1 7.5
v -18.2 2.1 7.5
v -17.8 2.1 7.5
v -17.4 2.1 7.5
v -22 2.1 7.4
v -21.6 2.1 7.4
v -21.2 2.1 7.4
v -18.2 2.1 7.4
v -17.8 2.1 7.4
v -3.8 2.1 7.4
v -3 2.1 7.4
v -22 2.1 7.3
v -22 2.1 7.2
v -21.6 2.1 7.2
v -21.2 2.1 7.2
v -18.2 2.1 7.2
v -17.8 2.1 7.2
v -17.4 2.1 7.2
v -20.8 2.1 -3.8
v -20.6 2.1 -3.8
v -3.8 2.1 -3.8
v -3.6 2.1 -3.8
v -20.8 2.1 -4.6
v -20.6 2.1 -4.6
v -19.6 2.1 -4.6
v -4.8 2.1 -4.6
v -3.8 2.1 -4.6
v -3.6 2.1 -4.6
v -20.6 2.1 -5.4
v -19.6 2.1 -5.4
v -4.8 2.1 -5.4
v -3.8 2.1 -5.4
v -14.1 2.2 7.7
v -13.9 2.2 7.7
v -13.4 2.2 7.7
v -13.1 2.2 7.7
v -13 2.2 7.7
v -12.9 2.2 7.7
v -12.8 2.2 7.7
v -12.5 2.2 7.7
v -12.4 2.2 7.7
v -12.3 2.2 7.7
v -12.1 2.2 7.7
v -12 2.2 7.7
v -11.8 2.2 7.7
v -11.5 2.2 7.7
v -11.4 2.2 7.7
v -11.1 2.2 7.7
v -10.3 2.2 7.7
v -10.2 2.2 7.7
v -10.1 2.2 7.7
v -10 2.2 7.7
v -9.8 2.2 7.7
v -9.7 2.2 7.7
v -9.6 2.2 7.7
v -9.5 2.2 7.7
v -9.3 2.2 7.7
v -9.2 2.2 7.7
v -14.1 2.2 7.6
v -13.9 2.2 7.6
v -13.4 2.2 7.6
v -13.1 2.2 7.6
v -13 2.2 7.6
v -12.9 2.2 7.6
v -12.8 2.2 7.6
v -12.5 2.2 7.6
v -12.4 2.2 7.6
v -12.3 2.2 7.6
v -12.1 2.2 7.6
v -12 2.2 7.6
v -11.8 2.2 7.6
v -11.5 2.2 7.6
v -11.4 2.2 7.6
v -11.1 2.2 7.6
v -10.3 2.2 7.6
v -10.2 2.2 7.6
v -10.1 2.2 7.6
v -10 2.2 7.6
v -9.8 2.2 7.6
v -9.7 2.2 7.6
v -9.6 2.2 7.6
v -9.5 2.2 7.6
v -9.3 2.2 7.6
v -9.2 2.2 7.6
v -12.2 2.3 7.7
v -12.1 2.3 7.7
v -12 2.3 7.7
v -11.9 2.3 7.7
v -10 2.3 7.7
v -9.8 2.3 7.7
v -9.5 2.3 7.7
v -9.3 2.3 7.7
v -21.6 2.3 7.6
v -21.2 2.3 7.6
v -18.2 2.3 7.6
v -17.8 2.3 7.6
v -12.2 2.3 7.6
v -12.1 2.3 7.6
v -12 2.3 7.6
v -11.9 2.3 7.6
v -10 2.3 7.6
v -9.8 2.3 7.6
v -9.5 2.3 7.6
v -9.3 2.3 7.6
v -21.6 2.3 7.5
v -21.2 2.3 7.5
v -18.2 2.3 7.5
v -17.8 2.3 7.5
v -21.6 2.3 7.4
v -21.2 2.3 7.4
v -18.2 2.3 7.4
v -17.8 2.3 7.4
v -20.8 2.3 -4.6
v -20.6 2.3 -4.6
v -3.8 2.3 -4.6
v -3.6 2.3 -4.6
v -20.8 2.3 -5.4
v -20.6 2.3 -5.4
v -19.6 2.3 -5.4
v -4.8 2.3 -5.4
v -3.8 2.3 -5.4
v -3.6 2.3 -5.4
v -20.6 2.3 -6.2
v -19.6 2.3 -6.2
v -4.8 2.3 -6.2
v -3.8 2.3 -6.2
v -20.8 2.5 -5.4
v -20.6 2.5 -5.4
v -3.8 2.5 -5.4
v -3.6 2.5 -5.4
v -20.8 2.5 -6.2
v -20.6 2.5 -6.2
v -19.6 2.5 -6.2
v -4.8 2.5 -6.2
v -3.8 2.5 -6.2
v -3.6 2.5 -6.2
v -20.6 2.5 -7
v -19.6 2.5 -7
v -4.8 2.5 -7
v -3.8 2.5 -7
v -15.4 2.6 7.6
v -9 2.6 7.6
v -15.4 2.6 7.5
v -9 2.6 7.5
v -20.8 2.7 -6.2
v -20.6 2.7 -6.2
v -3.8 2.7 -6.2
v -3.6 2.7 -6.2
v -20.8 2.7 -7
v -20.6 2.7 -7
v -19.6 2.7 -7
v -4.8 2.7 -7
v -3.8 2.7 -7
v -3.6 2.7 -7
v -20.6 2.7 -8
v -19.6 2.7 -8
v -4.8 2.7 -8
v -3.8 2.7 -8
v -20.8 2.9 -7
v -20.6 2.9 -7
v -3.8 2.9 -7
v -3.6 2.9 -7
v -20.8 2.9 -8
v -20.6 2.9 -8
v -19.6 2.9 -8
v -4.8 2.9 -8
v -3.8 2.9 -8
v -3.6 2.9 -8
v -20.6 2.9 -8.8
v -19.6 2.9 -8.8
v -4.8 2.9 -8.8
v -3.8 2.9 -8.8
v -22 3 7.6
v -2.4 3 7.6
v -2.5 3 7.5
v -2.4 3 7.5
v -22.2 3 7.4
v -22 3 7.4
v -2.5 3 7.4
v -2.4 3 7.4
v -2.2 3 7.4
v -22.2 3 7.3
v -22 3 7.3
v -2.4 3 7.3
v -2.2 3 7.3
v -2.5 3.1 7.5
v -2.4 3.1 7.5
v -2.5 3.1 7.4
v -2.4 3.1 7.4
v -20.8 3.1 -8
v -20.6 3.1 -8
v -3.8 3.1 -8
v -3.6 3.1 -8
v -20.8 3.1 -8.8
v -20.6 3.1 -8.8
v -19.6 3.1 -8.8
v -4.8 3.1 -8.8
v -3.8 3.1 -8.8
v -3.6 3.1 -8.8
v -20.6 3.1 -9.6
v -19.6 3.1 -9.6
v -4.8 3.1 -9.6
v -3.8 3.1 -9.6
v -14.8 3.3 7.7
v -14.7 3.3 7.7
v -14.1 3.3 7.7
v -13.8 3.3 7.7
v -13.6 3.3 7.7
v -13.5 3.3 7.7
v -13.2 3.3 7.7
v -13.1 3.3 7.7
v -12.9 3.3 7.7
v -12.8 3.3 7.7
v -12.4 3.3 7.7
v -12.3 3.3 7.7
v -12.2 3.3 7.7
v -11.9 3.3 7.7
v -11.7 3.3 7.7
v -11.2 3.3 7.7
v -10.8 3.3 7.7
v -10.7 3.3 7.7
v -10.3 3.3 7.7
v -9.8 3.3 7.7
v -9.7 3.3 7.7
v -9.6 3.3 7.7
v -9.1 3.3 7.7
v -9 3.3 7.7
v -14.8 3.3 7.6
v -14.7 3.3 7.6
v -14.1 3.3 7.6
v -13.8 3.3 7.6
v -13.6 3.3 7.6
v -13.5 3.3 7.6
v -13.2 3.3 7.6
v -13.1 3.3 7.6
v -12.9 3.3 7.6
v -12.8 3.3 7.6
v -12.4 3.3 7.6
v -12.3 3.3 7.6
v -12.2 3.3 7.6
v -11.9 3.3 7.6
v -11.7 3.3 7.6
v -11.2 3.3 7.6
v -10.8 3.3 7.6
v -10.7 3.3 7.6
v -10.3 3.3 7.6
v -9.8 3.3 7.6
v -9.7 3.3 7.6
v -9.6 3.3 7.6
v -9.1 3.3 7.6
v -9 3.3 7.6
v -20.8 3.3 -8.8
v -20.6 3.3 -8.8
v -3.8 3.3 -8.8
v -3.6 3.3 -8.8
v -20.8 3.3 -9.6
v -20.6 3.3 -9.6
v -19.6 3.3 -9.6
v -4.8 3.3 -9.6
v -3.8 3.3 -9.6
v -3.6 3.3 -9.6
v -19.6 3.3 -9.8
v -19.4 3.3 -9.8
v -5 3.3 -9.8
v -4.8 3.3 -9.8
v -19.4 3.3 -10
v -5 3.3 -10
v -20.6 3.3 -10.4
v -3.8 3.3 -10.4
v -15 3.4 7.7
v -14.9 3.4 7.7
v -14.7 3.4 7.7
v -14.6 3.4 7.7
v -14.2 3.4 7.7
v -14.1 3.4 7.7
v -12.5 3.4 7.7
v -12.4 3.4 7.7
v -11.9 3.4 7.7
v -11.8 3.4 7.7
v -10.9 3.4 7.7
v -10.8 3.4 7.7
v -10.7 3.4 7.7
v -10.6 3.4 7.7
v -9.6 3.4 7.7
v -9.5 3.4 7.7
v -9.2 3.4 7.7
v -9.1 3.4 7.7
v -15 3.4 7.6
v -14.9 3.4 7.6
v -14.7 3.4 7.6
v -14.6 3.4 7.6
v -14.2 3.4 7.6
v -14.1 3.4 7.6
v -12.5 3.4 7.6
v -12.4 3.4 7.6
v -11.9 3.4 7.6
v -11.8 3.4 7.6
v -10.9 3.4 7.6
v -10.8 3.4 7.6
v -10.7 3.4 7.6
v -10.6 3.4 7.6
v -9.6 3.4 7.6
v -9.5 3.4 7.6
v -9.2 3.4 7.6
v -9.1 3.4 7.6
v -15.2 3.5 7.7
v -15.1 3.5 7.7
v -14.9 3.5 7.7
v -14.8 3.5 7.7
v -14.3 3.5 7.7
v -14.2 3.5 7.7
v -13.5 3.5 7.7
v -13.2 3.5 7.7
v -12.6 3.5 7.7
v -12.5 3.5 7.7
v -11.8 3.5 7.7
v -11.7 3.5 7.7
v -10.3 3.5 7.7
v -9.8 3.5 7.7
v -9.5 3.5 7.7
v -9.4 3.5 7.7
v -9.3 3.5 7.7
v -9.2 3.5 7.7
v -15.2 3.5 7.6
v -15.1 3.5 7.6
v -14.9 3.5 7.6
v -14.8 3.5 7.6
v -14.3 3.5 7.6
v -14.2 3.5 7.6
v -13.5 3.5 7.6
v -13.2 3.5 7.6
v -12.6 3.5 7.6
v -12.5 3.5 7.6
v -11.8 3.5 7.6
v -11.7 3.5 7.6
v -10.3 3.5 7.6
v -9.8 3.5 7.6
v -9.5 3.5 7.6
v -9.4 3.5 7.6
v -9.3 3.5 7.6
v -9.2 3.5 7.6
v -20.8 3.5 -9.6
v -20.6 3.5 -9.6
v -3.8 3.5 -9.6
v -3.6 3.5 -9.6
v -20.8 3.5 -10.4
v -20.6 3.5 -10.4
v -3.8 3.5 -10.4
v -3.6 3.5 -10.4
v -20.6 3.5 -11.2
v -3.8 3.5 -11.2
v -15.3 3.6 7.7
v -15.2 3.6 7.7
v -12.7 3.6 7.7
v -12.6 3.6 7.7
v -11 3.6 7.7
v -10.9 3.6 7.7
v -10.6 3.6 7.7
v -10.5 3.6 7.7
v -9.4 3.6 7.7
v -9.3 3.6 7.7
v -15.3 3.6 7.6
v -15.2 3.6 7.6
v -12.7 3.6 7.6
v -12.6 3.6 7.6
v -11 3.6 7.6
v -10.9 3.6 7.6
v -10.6 3.6 7.6
v -10.5 3.6 7.6
v -9.4 3.6 7.6
v -9.3 3.6 7.6
v -15.2 3.7 7.7
v -15.1 3.7 7.7
v -12.8 3.7 7.7
v -12.7 3.7 7.7
v -9.5 3.7 7.7
v -9.4 3.7 7.7
v -9.3 3.7 7.7
v -9.2 3.7 7.7
v -15.2 3.7 7.6
v -15.1 3.7 7.6
v -12.8 3.7 7.6
v -12.7 3.7 7.6
v -9.5 3.7 7.6
v -9.4 3.7 7.6
v -9.3 3.7 7.6
v -9.2 3.7 7.6
v -20.8 3.7 -10.4
v -20.6 3.7 -10.4
v -3.8 3.7 -10.4
v -3.6 3.7 -10.4
v -20.8 3.7 -11.2
v -20.6 3.7 -11.2
v -3.8 3.7 -11.2
v -3.6 3.7 -11.2
v -20.4 3.7 -11.6
v -4 3.7 -11.6
v -20.6 3.7 -11.8
v -20.4 3.7 -11.8
v -4 3.7 -11.8
v -3.8 3.7 -11.8
v -15 3.8 7.7
v -14.9 3.8 7.7
v -14.2 3.8 7.7
v -14.1 3.8 7.7
v -11.9 3.8 7.7
v -11.8 3.8 7.7
v -11.1 3.8 7.7
v -11 3.8 7.7
v -10.5 3.8 7.7
v -10.4 3.8 7.7
v -9.6 3.8 7.7
v -9.5 3.8 7.7
v -9.2 3.8 7.7
v -9.1 3.8 7.7
v -15 3.8 7.6
v -14.9 3.8 7.6
v -14.2 3.8 7.6
v -14.1 3.8 7.6
v -11.9 3.8 7.6
v -11.8 3.8 7.6
v -11.1 3.8 7.6
v -11 3.8 7.6
v -10.5 3.8 7.6
v -10.4 3.8 7.6
v -9.6 3.8 7.6
v -9.5 3.8 7.6
v -9.2 3.8 7.6
v -9.1 3.8 7.6
v -14.8 3.9 7.7
v -14.7 3.9 7.7
v -14.1 3.9 7.7
v -13.8 3.9 7.7
v -13.5 3.9 7.7
v -13.2 3.9 7.7
v -12.1 3.9 7.7
v -11.9 3.9 7.7
v -11.7 3.9 7.7
v -11.5 3.9 7.7
v -11.4 3.9 7.7
v -11.2 3.9 7.7
v -10.2 3.9 7.7
v -9.9 3.9 7.7
v -9.7 3.9 7.7
v -9.6 3.9 7.7
v -9.1 3.9 7.7
v -9 3.9 7.7
v -14.8 3.9 7.6
v -14.7 3.9 7.6
v -14.1 3.9 7.6
v -13.8 3.9 7.6
v -13.5 3.9 7.6
v -13.2 3.9 7.6
v -12.1 3.9 7.6
v -11.9 3.9 7.6
v -11.7 3.9 7.6
v -11.5 3.9 7.6
v -11.4 3.9 7.6
v -11.2 3.9 7.6
v -10.2 3.9 7.6
v -9.9 3.9 7.6
v -9.7 3.9 7.6
v -9.6 3.9 7.6
v -9.1 3.9 7.6
v -9 3.9 7.6
v -20.8 3.9 -11.2
v -20.6 3.9 -11.2
v -3.8 3.9 -11.2
v -3.6 3.9 -11.2
v -20.8 3.9 -11.6
v -20.6 3.9 -11.6
v -20.4 3.9 -11.6
v -4 3.9 -11.6
v -3.8 3.9 -11.6
v -3.6 3.9 -11.6
v -20.8 3.9 -11.8
v -20.6 3.9 -11.8
v -20.4 3.9 -11.8
v -4 3.9 -11.8
v -3.8 3.9 -11.8
v -3.6 3.9 -11.8
v -20.6 3.9 -12
v -20.4 3.9 -12
v -4 3.9 -12
v -3.8 3.9 -12
v -22 4.5 7.6
v -21.9 4.5 7.6
v -2.4 4.5 7.6
v -22 4.5 7.5
v -21.9 4.5 7.5
v -22.2 4.5 7.4
v -22.1 4.5 7.4
v -22 4.5 7.4
v -2.4 4.5 7.4
v -2.2 4.5 7.4
v -22.2 4.5 7.3
v -22.1 4.5 7.3
v -22 4.5 7.3
v -2.4 4.5 7.3
v -2.2 4.5 7.3
v -21.8 4.9 7.6
v -20.8 4.9 7.6
v -3.6 4.9 7.6
v -2.6 4.9 7.6
v -21.8 4.9 7.4
v -20.8 4.9 7.4
v -3.6 4.9 7.4
v -2.6 4.9 7.4
v -21.8 5.3 7.6
v -21 5.3 7.6
v -20.8 5.3 7.6
v -20.6 5.3 7.6
v -3.8 5.3 7.6
v -3.6 5.3 7.6
v -3.4 5.3 7.6
v -2.6 5.3 7.6
v -21.8 5.3 7.4
v -21 5.3 7.4
v -20.8 5.3 7.4
v -20.6 5.3 7.4
v -3.8 5.3 7.4
v -3.6 5.3 7.4
v -3.4 5.3 7.4
v -2.6 5.3 7.4
v -21.8 5.7 7.6
v -21.2 5.7 7.6
v -21 5.7 7.6
v -20.6 5.7 7.6
v -3.8 5.7 7.6
v -3.4 5.7 7.6
v -3.2 5.7 7.6
v -2.6 5.7 7.6
v -21.8 5.7 7.4
v -21.2 5.7 7.4
v -21 5.7 7.4
v -20.6 5.7 7.4
v -3.8 5.7 7.4
v -3.4 5.7 7.4
v -3.2 5.7 7.4
v -2.6 5.7 7.4
v -21.8 6.1 7.6
v -21.4 6.1 7.6
v -21.2 6.1 7.6
v -20.6 6.1 7.6
v -3.8 6.1 7.6
v -3.2 6.1 7.6
v -3 6.1 7.6
v -2.6 6.1 7.6
v -21.8 6.1 7.4
v -21.4 6.1 7.4
v -21.2 6.1 7.4
v -20.6 6.1 7.4
v -3.8 6.1 7.4
v -3.2 6.1 7.4
v -3 6.1 7.4
v -2.6 6.1 7.4
v -21.8 6.5 7.6
v -21.6 6.5 7.6
v -21.4 6.5 7.6
v -20.6 6.5 7.6
v -3.8 6.5 7.6
v -3 6.5 7.6
v -2.8 6.5 7.6
v -2.6 6.5 7.6
v -21.8 6.5 7.4
v -21.6 6.5 7.4
v -21.4 6.5 7.4
v -20.6 6.5 7.4
v -3.8 6.5 7.4
v -3 6.5 7.4
v -2.8 6.5 7.4
v -2.6 6.5 7.4
v -21.8 6.9 7.6
v -21.4 6.9 7.6
v -21.2 6.9 7.6
v -20.6 6.9 7.6
v -3.8 6.9 7.6
v -3.2 6.9 7.6
v -3 6.9 7.6
v -2.6 6.9 7.6
v -21.8 6.9 7.4
v -21.4 6.9 7.4
v -21.2 6.9 7.4
v -20.6 6.9 7.4
v -3.8 6.9 7.4
v -3.2 6.9 7.4
v -3 6.9 7.4
v -2.6 6.9 7.4
v -21.8 7.3 7.6
v -21.2 7.3 7.6
v -21 7.3 7.6
v -20.6 7.3 7.6
v -3.8 7.3 7.6
v -3.4 7.3 7.6
v -3.2 7.3 7.6
v -2.6 7.3 7.6
v -21.8 7.3 7.4
v -21.2 7.3 7.4
v -21 7.3 7.4
v -20.6 7.3 7.4
v -3.8 7.3 7.4
v -3.4 7.3 7.4
v -3.2 7.3 7.4
v -2.6 7.3 7.4
v -21.8 7.7 7.6
v -21 7.7 7.6
v -20.8 7.7 7.6
v -20.6 7.7 7.6
v -3.8 7.7 7.6
v -3.6 7.7 7.6
v -3.4 7.7 7.6
v -2.6 7.7 7.6
v -21.8 7.7 7.4
v -21 7.7 7.4
v -20.8 7.7 7.4
v -20.6 7.7 7.4
v -3.8 7.7 7.4
v -3.6 7.7 7.4
v -3.4 7.7 7.4
v -2.6 7.7 7.4
v -21.8 8.1 7.6
v -20.8 8.1 7.6
v -3.6 8.1 7.6
v -2.6 8.1 7.6
v -21.8 8.1 7.4
v -20.8 8.1 7.4
v -3.6 8.1 7.4
v -2.6 8.1 7.4
v -21.8 8.5 7.6
v -21 8.5 7.6
v -20.8 8.5 7.6
v -20.6 8.5 7.6
v -3.8 8.5 7.6
v -3.6 8.5 7.6
v -3.4 8.5 7.6
v -2.6 8.5 7.6
v -21.8 8.5 7.4
v -21 8.5 7.4
v -20.8 8.5 7.4
v -20.6 8.5 7.4
v -3.8 8.5 7.4
v -3.6 8.5 7.4
v -3.4 8.5 7.4
v -2.6 8.5 7.4
v -21.8 8.9 7.6
v -21.2 8.9 7.6
v -21 8.9 7.6
v -20.6 8.9 7.6
v -3.8 8.9 7.6
v -3.4 8.9 7.6
v -3.2 8.9 7.6
v -2.6 8.9 7.6
v -21.8 8.9 7.4
v -21.2 8.9 7.4
v -21 8.9 7.4
v -20.6 8.9 7.4
v -3.8 8.9 7.4
v -3.4 8.9 7.4
v -3.2 8.9 7.4
v -2.6 8.9 7.4
v -21.8 9.3 7.6
v -21.2 9.3 7.6
v -21 9.3 7.6
v -20.6 9.3 7.6
v -3.8 9.3 7.6
v -3.4 9.3 7.6
v -3.2 9.3 7.6
v -2.6 9.3 7.6
v -21.8 9.3 7.4
v -21.2 9.3 7.4
v -21 9.3 7.4
v -20.6 9.3 7.4
v -3.8 9.3 7.4
v -3.4 9.3 7.4
v -3.2 9.3 7.4
v -2.6 9.3 7.4
v -21.8 9.7 7.6
v -21.4 9.7 7.6
v -21.2 9.7 7.6
v -20.6 9.7 7.6
v -3.8 9.7 7.6
v -3.2 9.7 7.6
v -3 9.7 7.6
v -2.6 9.7 7.6
v -21.8 9.7 7.4
v -21.4 9.7 7.4
v -21.2 9.7 7.4
v -20.6 9.7 7.4
v -3.8 9.7 7.4
v -3.2 9.7 7.4
v -3 9.7 7.4
v -2.6 9.7 7.4
v -21.8 10.1 7.6
v -21.2 10.1 7.6
v -21 10.1 7.6
v -20.6 10.1 7.6
v -3.8 10.1 7.6
v -3.4 10.1 7.6
v -3.2 10.1 7.6
v -2.6 10.1 7.6
v -21.8 10.1 7.4
v -21.2 10.1 7.4
v -21 10.1 7.4
v -20.6 10.1 7.4
v -3.8 10.1 7.4
v -3.4 10.1 7.4
v -3.2 10.1 7.4
v -2.6 10.1 7.4
v -21.8 10.5 7.6
v -21 10.5 7.6
v -20.8 10.5 7.6
v -20.6 10.5 7.6
v -3.8 10.5 7.6
v -3.6 10.5 7.6
v -3.4 10.5 7.6
v -2.6 10.5 7.6
v -21.8 10.5 7.4
v -21 10.5 7.4
v -20.8 10.5 7.4
v -20.6 10.5 7.4
v -3.8 10.5 7.4
v -3.6 10.5 7.4
v -3.4 10.5 7.4
v -2.6 10.5 7.4
v -21.8 10.9 7.6
v -20.8 10.9 7.6
v -3.6 10.9 7.6
v -2.6 10.9 7.6
v -21.8 10.9 7.4
v -20.8 10.9 7.4
v -3.6 10.9 7.4
v -2.6 10.9 7.4
v -21.8 11.3 7.6
v -21 11.3 7.6
v -20.8 11.3 7.6
v -20.6 11.3 7.6
v -3.8 11.3 7.6
v -3.6 11.3 7.6
v -3.4 11.3 7.6
v -2.6 11.3 7.6
v -21.8 11.3 7.4
v -21 11.3 7.4
v -20.8 11.3 7.4
v -20.6 11.3 7.4
v -3.8 11.3 7.4
v -3.6 11.3 7.4
v -3.4 11.3 7.4
v -2.6 11.3 7.4
v -21.8 11.7 7.6
v -21.2 11.7 7.6
v -21 11.7 7.6
v -20.6 11.7 7.6
v -3.8 11.7 7.6
v -3.4 11.7 7.6
v -3.2 11.7 7.6
v -2.6 11.7 7.6
v -21.8 11.7 7.4
v -21.2 11.7 7.4
v -21 11.7 7.4
v -20.6 11.7 7.4
v -3.8 11.7 7.4
v -3.4 11.7 7.4
v -3.2 11.7 7.4
v -2.6 11.7 7.4
v -21.8 12.1 7.6
v -21.4 12.1 7.6
v -21.2 12.1 7.6
v -20.6 12.1 7.6
v -3.8 12.1 7.6
v -3.2 12.1 7.6
v -3 12.1 7.6
v -2.6 12.1 7.6
v -21.8 12.1 7.4
v -21.4 12.1 7.4
v -21.2 12.1 7.4
v -20.6 12.1 7.4
v -3.8 12.1 7.4
v -3.2 12.1 7.4
v -3 12.1 7.4
v -2.6 12.1 7.4
v -2.3 12.1 6.9
v -2.2 12.1 6.9
v -2.3 12.1 6.8
v -2.2 12.1 6.8
v -21.8 12.5 7.6
v -21.2 12.5 7.6
v -21 12.5 7.6
v -20.6 12.5 7.6
v -3.8 12.5 7.6
v -3.4 12.5 7.6
v -3.2 12.5 7.6
v -2.6 12.5 7.6
v -21.8 12.5 7.4
v -21.2 12.5 7.4
v -21 12.5 7.4
v -20.6 12.5 7.4
v -3.8 12.5 7.4
v -3.4 12.5 7.4
v -3.2 12.5 7.4
v -2.6 12.5 7.4
v -21.8 12.9 7.6
v -21 12.9 7.6
v -20.8 12.9 7.6
v -20.6 12.9 7.6
v -3.8 12.9 7.6
v -3.6 12.9 7.6
v -3.4 12.9 7.6
v -2.6 12.9 7.6
v -21.8 12.9 7.4
v -21 12.9 7.4
v -20.8 12.9 7.4
v -20.6 12.9 7.4
v -3.8 12.9 7.4
v -3.6 12.9 7.4
v -3.4 12.9 7.4
v -2.6 12.9 7.4
v -21.8 13.3 7.6
v -21 13.3 7.6
v -3.4 13.3 7.6
v -2.6 13.3 7.6
v -21.8 13.3 7.4
v -21 13.3 7.4
v -3.4 13.3 7.4
v -2.6 13.3 7.4
v -21.8 13.7 7.6
v -21 13.7 7.6
v -20.8 13.7 7.6
v -20.6 13.7 7.6
v -3.8 13.7 7.6
v -3.6 13.7 7.6
v -3.4 13.7 7.6
v -2.6 13.7 7.6
v -21.8 13.7 7.4
v -21 13.7 7.4
v -20.8 13.7 7.4
v -20.6 13.7 7.4
v -3.8 13.7 7.4
v -3.6 13.7 7.4
v -3.4 13.7 7.4
v -2.6 13.7 7.4
v -21.8 14.1 7.6
v -21.2 14.1 7.6
v -20.8 14.1 7.6
v -20.6 14.1 7.6
v -3.8 14.1 7.6
v -3.6 14.1 7.6
v -3.2 14.1 7.6
v -2.6 14.1 7.6
v -21.8 14.1 7.4
v -21.2 14.1 7.4
v -20.8 14.1 7.4
v -20.6 14.1 7.4
v -3.8 14.1 7.4
v -3.6 14.1 7.4
v -3.2 14.1 7.4
v -2.6 14.1 7.4
v -21.8 14.5 7.6
v -21.4 14.5 7.6
v -21.2 14.5 7.6
v -21 14.5 7.6
v -20.8 14.5 7.6
v -20.6 14.5 7.6
v -3.8 14.5 7.6
v -3.6 14.5 7.6
v -3.4 14.5 7.6
v -3.2 14.5 7.6
v -3 14.5 7.6
v -2.6 14.5 7.6
v -21.8 14.5 7.4
v -21.4 14.5 7.4
v -21.2 14.5 7.4
v -21 14.5 7.4
v -20.8 14.5 7.4
v -20.6 14.5 7.4
v -3.8 14.5 7.4
v -3.6 14.5 7.4
v -3.4 14.5 7.4
v -3.2 14.5 7.4
v -3 14.5 7.4
v -2.6 14.5 7.4
v -21.8 14.9 7.6
v -21.6 14.9 7.6
v -21.4 14.9 7.6
v -21 14.9 7.6
v -20.8 14.9 7.6
v -20.6 14.9 7.6
v -3.8 14.9 7.6
v -3.6 14.9 7.6
v -3.4 14.9 7.6
v -3 14.9 7.6
v -2.8 14.9 7.6
v -2.6 14.9 7.6
v -21.8 14.9 7.4
v -21.6 14.9 7.4
v -21.4 14.9 7.4
v -21 14.9 7.4
v -20.8 14.9 7.4
v -20.6 14.9 7.4
v -3.8 14.9 7.4
v -3.6 14.9 7.4
v -3.4 14.9 7.4
v -3 14.9 7.4
v -2.8 14.9 7.4
v -2.6 14.9 7.4
v -21.8 15.3 7.6
v -21.4 15.3 7.6
v -21.2 15.3 7.6
v -21 15.3 7.6
v -20.8 15.3 7.6
v -20.6 15.3 7.6
v -3.8 15.3 7.6
v -3.6 15.3 7.6
v -3.4 15.3 7.6
v -3.2 15.3 7.6
v -3 15.3 7.6
v -2.6 15.3 7.6
v -21.8 15.3 7.4
v -21.4 15.3 7.4
v -21.2 15.3 7.4
v -21 15.3 7.4
v -20.8 15.3 7.4
v -20.6 15.3 7.4
v -3.8 15.3 7.4
v -3.6 15.3 7.4
v -3.4 15.3 7.4
v -3.2 15.3 7.4
v -3 15.3 7.4
v -2.6 15.3 7.4
v -21.8 15.7 7.6
v -21.2 15.7 7.6
v -20.8 15.7 7.6
v -20.6 15.7 7.6
v -3.8 15.7 7.6
v -3.6 15.7 7.6
v -3.2 15.7 7.6
v -2.6 15.7 7.6
v -21.8 15.7 7.4
v -21.2 15.7 7.4
v -20.8 15.7 7.4
v -20.6 15.7 7.4
v -3.8 15.7 7.4
v -3.6 15.7 7.4
v -3.2 15.7 7.4
v -2.6 15.7 7.4
v -21.8 16.1 7.6
v -21 16.1 7.6
v -20.8 16.1 7.6
v -20.6 16.1 7.6
v -3.8 16.1 7.6
v -3.6 16.1 7.6
v -3.4 16.1 7.6
v -2.6 16.1 7.6
v -21.8 16.1 7.4
v -21 16.1 7.4
v -20.8 16.1 7.4
v -20.6 16.1 7.4
v -3.8 16.1 7.4
v -3.6 16.1 7.4
v -3.4 16.1 7.4
v -2.6 16.1 7.4
v -19.7 16.1 7.2
v -19.6 16.1 7.2
v -4.8 16.1 7.2
v -4.7 16.1 7.2
v -19.7 16.1 7.1
v -4.7 16.1 7.1
v -19.7 16.1 7
v -19.6 16.1 7
v -4.8 16.1 7
v -4.7 16.1 7
v -19.7 16.1 6.2
v -19.6 16.1 6.2
v -4.8 16.1 6.2
v -4.7 16.1 6.2
v -19.8 16.2 7.3
v -19.7 16.2 7.3
v -4.7 16.2 7.3
v -4.6 16.2 7.3
v -19.8 16.2 7.2
v -19.7 16.2 7.2
v -19.6 16.2 7.2
v -4.8 16.2 7.2
v -4.7 16.2 7.2
v -4.6 16.2 7.2
v -19.6 16.2 7
v -4.8 16.2 7
v -19.6 16.2 6.2
v -4.8 16.2 6.2
v -19.8 16.3 7.4
v -4.6 16.3 7.4
v -19.8 16.3 7.3
v -19.7 16.3 7.3
v -4.7 16.3 7.3
v -4.6 16.3 7.3
v -19.7 16.3 7.2
v -4.7 16.3 7.2
v -22 16.5 7.6
v -2.4 16.5 7.6
v -22 16.5 7.4
v -2.4 16.5 7.4
v -21.6 0.5 8.8
v -21.2 0.5 8.8
v -18.2 0.5 8.8
v -17.8 0.5 8.8
v -21.6 0.5 8.6
v -21.2 0.5 8.6
v -18.2 0.5 8.6
v -17.8 0.5 8.6
v -21.8 0.5 8.4
v -21.6 0.5 8.4
v -21.2 0.5 8.4
v -18.2 0.5 8.4
v -17.8 0.5 8.4
v -17.6 0.5 8.4
v -21.8 0.5 7.6
v -21.6 0.5 7.6
v -17.8 0.5 7.6
v -17.6 0.5 7.6
v -22 0.5 7.4
v -21.8 0.5 7.4
v -21.6 0.5 7.4
v -17.8 0.5 7.4
v -17.6 0.5 7.4
v -17.4 0.5 7.4
v -22 0.5 7.2
v -21.8 0.5 7.2
v -17.6 0.5 7.2
v -17.4 0.5 7.2
v -22 0.7 8.6
v -21.6 0.7 8.6
v -21.2 0.7 8.6
v -18.2 0.7 8.6
v -17.8 0.7 8.6
v -17.4 0.7 8.6
v -21.9 0.7 8.5
v -21.6 0.7 8.5
v -21.2 0.7 8.5
v -18.2 0.7 8.5
v -17.8 0.7 8.5
v -17.5 0.7 8.5
v -21.8 0.7 8.4
v -21.6 0.7 8.4
v -21.2 0.7 8.4
v -18.2 0.7 8.4
v -17.8 0.7 8.4
v -17.6 0.7 8.4
v -17.4 0.7 7.6
v -17.5 0.7 7.5
v -17.4 0.7 7.5
v -22 0.7 7.4
v -21.9 0.7 7.4
v -21.8 0.7 7.4
v -17.6 0.7 7.4
v -17.4 0.7 7.4
v -9.6 1 7.8
v -9.5 1 7.8
v -9.2 1 7.8
v -9.1 1 7.8
v -9.6 1 7.7
v -9.5 1 7.7
v -9.2 1 7.7
v -9.1 1 7.7
v -9.5 1.1 7.8
v -9.4 1.1 7.8
v -9.3 1.1 7.8
v -9.2 1.1 7.8
v -6.8 1.1 7.8
v -6.4 1.1 7.8
v -6.2 1.1 7.8
v -4.8 1.1 7.8
v -14.9 1.1 7.7
v -14.4 1.1 7.7
v -14.2 1.1 7.7
v -13.7 1.1 7.7
v -13.5 1.1 7.7
v -13 1.1 7.7
v -12.7 1.1 7.7
v -12.4 1.1 7.7
v -12.3 1.1 7.7
v -12 1.1 7.7
v -11.9 1.1 7.7
v -11.6 1.1 7.7
v -11.5 1.1 7.7
v -11.2 1.1 7.7
v -11.1 1.1 7.7
v -10.7 1.1 7.7
v -10.6 1.1 7.7
v -10.3 1.1 7.7
v -9.5 1.1 7.7
v -9.4 1.1 7.7
v -9.3 1.1 7.7
v -9.2 1.1 7.7
v -21.4 1.1 7.6
v -21 1.1 7.6
v -20.4 1.1 7.6
v -20 1.1 7.6
v -19.4 1.1 7.6
v -19 1.1 7.6
v -14.9 1.1 7.6
v -14.4 1.1 7.6
v -14.2 1.1 7.6
v -13.7 1.1 7.6
v -13.5 1.1 7.6
v -13 1.1 7.6
v -12.7 1.1 7.6
v -12.4 1.1 7.6
v -12.3 1.1 7.6
v -12 1.1 7.6
v -11.9 1.1 7.6
v -11.6 1.1 7.6
v -11.5 1.1 7.6
v -11.2 1.1 7.6
v -11.1 1.1 7.6
v -10.7 1.1 7.6
v -10.6 1.1 7.6
v -10.3 1.1 7.6
v -6.8 1.1 7.6
v -6.4 1.1 7.6
v -6.2 1.1 7.6
v -4.8 1.1 7.6
v -21.4 1.1 7.4
v -21 1.1 7.4
v -20.4 1.1 7.2
v -20 1.1 7.2
v -19.4 1.1 7.2
v -19 1.1 7.2
v -9.4 1.2 7.8
v -9.3 1.2 7.8
v -9.4 1.2 7.7
v -9.3 1.2 7.7
v -18.2 1.2 7.4
v -18 1.2 7.4
v -18.3 1.2 7.3
v -18.2 1.2 7.3
v -18.3 1.2 7.2
v -18 1.2 7.2
v -9.7 1.3 7.7
v -9 1.3 7.7
v -9.7 1.3 7.6
v -9 1.3 7.6
v -3.8 1.3 7.6
v -3 1.3 7.6
v -3.8 1.3 7.4
v -3 1.3 7.4
v -21.5 1.5 7.6
v -21.4 1.5 7.6
v -21 1.5 7.6
v -20.9 1.5 7.6
v -20.5 1.5 7.6
v -20.4 1.5 7.6
v -20 1.5 7.6
v -19.9 1.5 7.6
v -19.5 1.5 7.6
v -19.4 1.5 7.6
v -19 1.5 7.6
v -18.9 1.5 7.6
v -21.6 1.5 7.5
v -21.5 1.5 7.5
v -21 1.5 7.5
v -20.9 1.5 7.5
v -20.6 1.5 7.5
v -20.5 1.5 7.5
v -19.9 1.5 7.5
v -19.8 1.5 7.5
v -19.6 1.5 7.5
v -19.5 1.5 7.5
v -18.9 1.5 7.5
v -18.8 1.5 7.5
v -21.6 1.5 7.4
v -21.4 1.5 7.4
v -20.6 1.5 7.4
v -20.4 1.5 7.4
v -20 1.5 7.4
v -19.8 1.5 7.4
v -19.6 1.5 7.4
v -19.4 1.5 7.4
v -19 1.5 7.4
v -18.8 1.5 7.4
v -18.3 1.5 7.4
v -17.9 1.5 7.4
v -18.3 1.5 7.2
v -17.9 1.5 7.2
v -21.4 1.6 7.6
v -21 1.6 7.6
v -20.4 1.6 7.6
v -20 1.6 7.6
v -19.4 1.6 7.6
v -19 1.6 7.6
v -21.4 1.6 7.5
v -21 1.6 7.5
v -20.4 1.6 7.5
v -20 1.6 7.5
v -19.4 1.6 7.5
v -19 1.6 7.5
v -20.6 1.6 7.4
v -20.5 1.6 7.4
v -19.9 1.6 7.4
v -19.8 1.6 7.4
v -19.6 1.6 7.4
v -19.5 1.6 7.4
v -18.9 1.6 7.4
v -18.8 1.6 7.4
v -20.6 1.6 7.3
v -20.5 1.6 7.3
v -19.9 1.6 7.3
v -19.8 1.6 7.3
v -19.6 1.6 7.3
v -19.5 1.6 7.3
v -18.9 1.6 7.3
v -18.8 1.6 7.3
v -21.4 1.7 7.5
v -20.8 1.7 7.5
v -20.4 1.7 7.5
v -20 1.7 7.5
v -19.4 1.7 7.5
v -19 1.7 7.5
v -21.6 1.7 7.4
v -21.4 1.7 7.4
v -20.5 1.7 7.4
v -20.4 1.7 7.4
v -20 1.7 7.4
v -19.9 1.7 7.4
v -19.5 1.7 7.4
v -19.4 1.7 7.4
v -19 1.7 7.4
v -18.9 1.7 7.4
v -20.6 1.7 7.3
v -20.5 1.7 7.3
v -19.9 1.7 7.3
v -19.8 1.7 7.3
v -19.6 1.7 7.3
v -19.5 1.7 7.3
v -18.9 1.7 7.3
v -18.8 1.7 7.3
v -21.6 1.7 7.2
v -20.8 1.7 7.2
v -20.6 1.7 7.2
v -19.8 1.7 7.2
v -19.6 1.7 7.2
v -18.8 1.7 7.2
v -14.9 1.9 7.7
v -14.8 1.9 7.7
v -14.2 1.9 7.7
v -14 1.9 7.7
v -12.7 1.9 7.7
v -12.6 1.9 7.7
v -12.5 1.9 7.7
v -12.4 1.9 7.7
v -11.1 1.9 7.7
v -11 1.9 7.7
v -10.7 1.9 7.7
v -10.6 1.9 7.7
v -10 1.9 7.7
v -9.8 1.9 7.7
v -9.5 1.9 7.7
v -9.3 1.9 7.7
v -14.9 1.9 7.6
v -14.8 1.9 7.6
v -14.2 1.9 7.6
v -14 1.9 7.6
v -12.7 1.9 7.6
v -12.6 1.9 7.6
v -12.5 1.9 7.6
v -12.4 1.9 7.6
v -11.1 1.9 7.6
v -11 1.9 7.6
v -10.7 1.9 7.6
v -10.6 1.9 7.6
v -10 1.9 7.6
v -9.8 1.9 7.6
v -9.5 1.9 7.6
v -9.3 1.9 7.6
v -14 2 7.7
v -13.9 2 7.7
v -13.4 2 7.7
v -13.1 2 7.7
v -13 2 7.7
v -12.8 2 7.7
v -12.6 2 7.7
v -12.5 2 7.7
v -12.3 2 7.7
v -12 2 7.7
v -11.9 2 7.7
v -11.8 2 7.7
v -11.7 2 7.7
v -11.6 2 7.7
v -11.5 2 7.7
v -11.4 2 7.7
v -11.3 2 7.7
v -11.1 2 7.7
v -10.9 2 7.7
v -10.7 2 7.7
v -10.1 2 7.7
v -10 2 7.7
v -9.8 2 7.7
v -9.7 2 7.7
v -9.6 2 7.7
v -9.5 2 7.7
v -9.3 2 7.7
v -9.2 2 7.7
v -14 2 7.6
v -13.9 2 7.6
v -13.4 2 7.6
v -13.1 2 7.6
v -13 2 7.6
v -12.8 2 7.6
v -12.6 2 7.6
v -12.5 2 7.6
v -12.3 2 7.6
v -12 2 7.6
v -11.9 2 7.6
v -11.8 2 7.6
v -11.7 2 7.6
v -11.6 2 7.6
v -11.5 2 7.6
v -11.4 2 7.6
v -11.3 2 7.6
v -11.1 2 7.6
v -10.9 2 7.6
v -10.7 2 7.6
v -10.1 2 7.6
v -10 2 7.6
v -9.8 2 7.6
v -9.7 2 7.6
v -9.6 2 7.6
v -9.5 2 7.6
v -9.3 2 7.6
v -9.2 2 7.6
v -14.5 2.1 7.7
v -14.4 2.1 7.7
v -14.1 2.1 7.7
v -14 2.1 7.7
v -10 2.1 7.7
v -9.9 2.1 7.7
v -9.4 2.1 7.7
v -9.3 2.1 7.7
v -14.5 2.1 7.6
v -14.4 2.1 7.6
v -14.1 2.1 7.6
v -14 2.1 7.6
v -10 2.1 7.6
v -9.9 2.1 7.6
v -9.4 2.1 7.6
v -9.3 2.1 7.6
v -14.2 2.2 7.7
v -14.1 2.2 7.7
v -9.9 2.2 7.7
v -9.8 2.2 7.7
v -9.5 2.2 7.7
v -9.4 2.2 7.7
v -14.2 2.2 7.6
v -14.1 2.2 7.6
v -9.9 2.2 7.6
v -9.8 2.2 7.6
v -9.5 2.2 7.6
v -9.4 2.2 7.6
v -15.2 2.3 7.7
v -15.1 2.3 7.7
v -15 2.3 7.7
v -14.9 2.3 7.7
v -14.8 2.3 7.7
v -14.7 2.3 7.7
v -14.6 2.3 7.7
v -14.5 2.3 7.7
v -14.4 2.3 7.7
v -14.3 2.3 7.7
v -14.1 2.3 7.7
v -13.9 2.3 7.7
v -13.8 2.3 7.7
v -13.7 2.3 7.7
v -13.4 2.3 7.7
v -13.3 2.3 7.7
v -12.6 2.3 7.7
v -12.5 2.3 7.7
v -11.8 2.3 7.7
v -11.7 2.3 7.7
v -11.6 2.3 7.7
v -11.5 2.3 7.7
v -11.3 2.3 7.7
v -11.1 2.3 7.7
v -15.2 2.3 7.6
v -15.1 2.3 7.6
v -15 2.3 7.6
v -14.9 2.3 7.6
v -14.8 2.3 7.6
v -14.7 2.3 7.6
v -14.6 2.3 7.6
v -14.5 2.3 7.6
v -14.4 2.3 7.6
v -14.3 2.3 7.6
v -14.1 2.3 7.6
v -13.9 2.3 7.6
v -13.8 2.3 7.6
v -13.7 2.3 7.6
v -13.4 2.3 7.6
v -13.3 2.3 7.6
v -12.6 2.3 7.6
v -12.5 2.3 7.6
v -11.8 2.3 7.6
v -11.7 2.3 7.6
v -11.6 2.3 7.6
v -11.5 2.3 7.6
v -11.3 2.3 7.6
v -11.1 2.3 7.6
v -13.3 2.4 7.7
v -13.1 2.4 7.7
v -13 2.4 7.7
v -12.9 2.4 7.7
v -12.8 2.4 7.7
v -12.6 2.4 7.7
v -12.4 2.4 7.7
v -12.3 2.4 7.7
v -12.2 2.4 7.7
v -11.9 2.4 7.7
v -11.7 2.4 7.7
v -11.6 2.4 7.7
v -11.4 2.4 7.7
v -11.3 2.4 7.7
v -10.3 2.4 7.7
v -10.2 2.4 7.7
v -10.1 2.4 7.7
v -9.7 2.4 7.7
v -9.6 2.4 7.7
v -9.2 2.4 7.7
v -13.3 2.4 7.6
v -13.1 2.4 7.6
v -13 2.4 7.6
v -12.9 2.4 7.6
v -12.8 2.4 7.6
v -12.6 2.4 7.6
v -12.4 2.4 7.6
v -12.3 2.4 7.6
v -12.2 2.4 7.6
v -11.9 2.4 7.6
v -11.7 2.4 7.6
v -11.6 2.4 7.6
v -11.4 2.4 7.6
v -11.3 2.4 7.6
v -10.3 2.4 7.6
v -10.2 2.4 7.6
v -10.1 2.4 7.6
v -9.7 2.4 7.6
v -9.6 2.4 7.6
v -9.2 2.4 7.6
v -15.4 2.5 7.6
v -15.3 2.5 7.6
v -9.1 2.5 7.6
v -9 2.5 7.6
v -15.4 2.5 7.5
v -15.3 2.5 7.5
v -9.1 2.5 7.5
v -9 2.5 7.5
v -22 2.9 7.6
v -2.4 2.9 7.6
v -22 2.9 7.5
v -2.4 2.9 7.5
v -22.2 2.9 7.4
v -22 2.9 7.4
v -2.4 2.9 7.4
v -2.2 2.9 7.4
v -22.2 2.9 7.3
v -22 2.9 7.3
v -2.4 2.9 7.3
v -2.2 2.9 7.3
v -14.8 3.4 7.7
v -14.7 3.4 7.7
v -14.1 3.4 7.7
v -13.8 3.4 7.7
v -12.1 3.4 7.7
v -11.9 3.4 7.7
v -11.7 3.4 7.7
v -11.5 3.4 7.7
v -11.4 3.4 7.7
v -11.2 3.4 7.7
v -10.8 3.4 7.7
v -10.7 3.4 7.7
v -10.3 3.4 7.7
v -9.8 3.4 7.7
v -9.7 3.4 7.7
v -9.6 3.4 7.7
v -9.1 3.4 7.7
v -9 3.4 7.7
v -14.8 3.4 7.6
v -14.7 3.4 7.6
v -14.1 3.4 7.6
v -13.8 3.4 7.6
v -12.1 3.4 7.6
v -11.9 3.4 7.6
v -11.7 3.4 7.6
v -11.5 3.4 7.6
v -11.4 3.4 7.6
v -11.2 3.4 7.6
v -10.8 3.4 7.6
v -10.7 3.4 7.6
v -10.3 3.4 7.6
v -9.8 3.4 7.6
v -9.7 3.4 7.6
v -9.6 3.4 7.6
v -9.1 3.4 7.6
v -9 3.4 7.6
v -15 3.5 7.7
v -14.9 3.5 7.7
v -14.2 3.5 7.7
v -14.1 3.5 7.7
v -12.5 3.5 7.7
v -12.4 3.5 7.7
v -11.9 3.5 7.7
v -11.8 3.5 7.7
v -9.6 3.5 7.7
v -9.5 3.5 7.7
v -9.2 3.5 7.7
v -9.1 3.5 7.7
v -15 3.5 7.6
v -14.9 3.5 7.6
v -14.2 3.5 7.6
v -14.1 3.5 7.6
v -12.5 3.5 7.6
v -12.4 3.5 7.6
v -11.9 3.5 7.6
v -11.8 3.5 7.6
v -9.6 3.5 7.6
v -9.5 3.5 7.6
v -9.2 3.5 7.6
v -9.1 3.5 7.6
v -15.2 3.6 7.7
v -15.1 3.6 7.7
v -13.5 3.6 7.7
v -13.2 3.6 7.7
v -12.6 3.6 7.7
v -12.5 3.6 7.7
v -10.9 3.6 7.7
v -10.8 3.6 7.7
v -10.7 3.6 7.7
v -10.6 3.6 7.7
v -10.2 3.6 7.7
v -9.9 3.6 7.7
v -9.5 3.6 7.7
v -9.4 3.6 7.7
v -9.3 3.6 7.7
v -9.2 3.6 7.7
v -15.2 3.6 7.6
v -15.1 3.6 7.6
v -13.5 3.6 7.6
v -13.2 3.6 7.6
v -12.6 3.6 7.6
v -12.5 3.6 7.6
v -10.9 3.6 7.6
v -10.8 3.6 7.6
v -10.7 3.6 7.6
v -10.6 3.6 7.6
v -10.2 3.6 7.6
v -9.9 3.6 7.6
v -9.5 3.6 7.6
v -9.4 3.6 7.6
v -9.3 3.6 7.6
v -9.2 3.6 7.6
v -15.3 3.7 7.7
v -15.2 3.7 7.7
v -12.7 3.7 7.7
v -12.6 3.7 7.7
v -9.4 3.7 7.7
v -9.3 3.7 7.7
v -15.3 3.7 7.6
v -15.2 3.7 7.6
v -12.7 3.7 7.6
v -12.6 3.7 7.6
v -9.4 3.7 7.6
v -9.3 3.7 7.6
v -15.2 3.8 7.7
v -15.1 3.8 7.7
v -14.9 3.8 7.7
v -14.8 3.8 7.7
v -14.3 3.8 7.7
v -14.2 3.8 7.7
v -12.8 3.8 7.7
v -12.7 3.8 7.7
v -11.8 3.8 7.7
v -11.7 3.8 7.7
v -11 3.8 7.7
v -10.9 3.8 7.7
v -10.6 3.8 7.7
v -10.5 3.8 7.7
v -9.5 3.8 7.7
v -9.4 3.8 7.7
v -9.3 3.8 7.7
v -9.2 3.8 7.7
v -15.2 3.8 7.6
v -15.1 3.8 7.6
v -14.9 3.8 7.6
v -14.8 3.8 7.6
v -14.3 3.8 7.6
v -14.2 3.8 7.6
v -12.8 3.8 7.6
v -12.7 3.8 7.6
v -11.8 3.8 7.6
v -11.7 3.8 7.6
v -11 3.8 7.6
v -10.9 3.8 7.6
v -10.6 3.8 7.6
v -10.5 3.8 7.6
v -9.5 3.8 7.6
v -9.4 3.8 7.6
v -9.3 3.8 7.6
v -9.2 3.8 7.6
v -15 3.9 7.7
v -14.9 3.9 7.7
v -14.7 3.9 7.7
v -14.6 3.9 7.7
v -14.2 3.9 7.7
v -14.1 3.9 7.7
v -13.6 3.9 7.7
v -13.5 3.9 7.7
v -13.2 3.9 7.7
v -13.1 3.9 7.7
v -11.9 3.9 7.7
v -11.8 3.9 7.7
v -10.5 3.9 7.7
v -10.4 3.9 7.7
v -9.6 3.9 7.7
v -9.5 3.9 7.7
v -9.2 3.9 7.7
v -9.1 3.9 7.7
v -15 3.9 7.6
v -14.9 3.9 7.6
v -14.7 3.9 7.6
v -14.6 3.9 7.6
v -14.2 3.9 7.6
v -14.1 3.9 7.6
v -13.6 3.9 7.6
v -13.5 3.9 7.6
v -13.2 3.9 7.6
v -13.1 3.9 7.6
v -11.9 3.9 7.6
v -11.8 3.9 7.6
v -10.5 3.9 7.6
v -10.4 3.9 7.6
v -9.6 3.9 7.6
v -9.5 3.9 7.6
v -9.2 3.9 7.6
v -9.1 3.9 7.6
v -14.8 4 7.7
v -14.7 4 7.7
v -14.1 4 7.7
v -13.8 4 7.7
v -13.5 4 7.7
v -13.2 4 7.7
v -12.9 4 7.7
v -12.8 4 7.7
v -12.4 4 7.7
v -12.3 4 7.7
v -12.2 4 7.7
v -11.9 4 7.7
v -11.7 4 7.7
v -11.2 4 7.7
v -11.1 4 7.7
v -11 4 7.7
v -10.3 4 7.7
v -9.8 4 7.7
v -9.7 4 7.7
v -9.6 4 7.7
v -9.1 4 7.7
v -9 4 7.7
v -14.8 4 7.6
v -14.7 4 7.6
v -14.1 4 7.6
v -13.8 4 7.6
v -13.5 4 7.6
v -13.2 4 7.6
v -12.9 4 7.6
v -12.8 4 7.6
v -12.4 4 7.6
v -12.3 4 7.6
v -12.2 4 7.6
v -11.9 4 7.6
v -11.7 4 7.6
v -11.2 4 7.6
v -11.1 4 7.6
v -11 4 7.6
v -10.3 4 7.6
v -9.8 4 7.6
v -9.7 4 7.6
v -9.6 4 7.6
v -9.1 4 7.6
v -9 4 7.6
v -22 4.3 7.6
v -2.4 4.3 7.6
v -22 4.3 7.5
v -2.4 4.3 7.5
v -22.2 4.3 7.4
v -22 4.3 7.4
v -2.4 4.3 7.4
v -2.2 4.3 7.4
v -22.2 4.3 7.3
v -22 4.3 7.3
v -2.4 4.3 7.3
v -2.2 4.3 7.3
v -21.8 4.7 7.6
v -20.8 4.7 7.6
v -3.6 4.7 7.6
v -2.6 4.7 7.6
v -21.8 4.7 7.4
v -20.8 4.7 7.4
v -3.6 4.7 7.4
v -2.6 4.7 7.4
v -20 4.9 7.6
v -19.9 4.9 7.6
v -4.5 4.9 7.6
v -4.4 4.9 7.6
v -20 4.9 7.5
v -19.9 4.9 7.5
v -19.8 4.9 7.5
v -4.6 4.9 7.5
v -4.5 4.9 7.5
v -4.4 4.9 7.5
v -20 4.9 7.4
v -19.8 4.9 7.4
v -4.6 4.9 7.4
v -4.4 4.9 7.4
v -19.8 4.9 7.3
v -4.6 4.9 7.3
v -19.7 5 7.3
v -4.7 5 7.3
v -19.7 5 7.2
v -4.7 5 7.2
v -21.8 5.1 7.6
v -21 5.1 7.6
v -20.8 5.1 7.6
v -20.6 5.1 7.6
v -3.8 5.1 7.6
v -3.6 5.1 7.6
v -3.4 5.1 7.6
v -2.6 5.1 7.6
v -21.8 5.1 7.4
v -21 5.1 7.4
v -20.8 5.1 7.4
v -20.6 5.1 7.4
v -3.8 5.1 7.4
v -3.6 5.1 7.4
v -3.4 5.1 7.4
v -2.6 5.1 7.4
v -19.8 5.1 7.3
v -19.7 5.1 7.3
v -4.7 5.1 7.3
v -4.6 5.1 7.3
v -19.8 5.1 7.2
v -19.7 5.1 7.2
v -19.6 5.1 7.2
v -4.8 5.1 7.2
v -4.7 5.1 7.2
v -4.6 5.1 7.2
v -19.4 5.1 7.1
v -5 5.1 7.1
v -19.6 5.1 7
v -19.4 5.1 7
v -5 5.1 7
v -4.8 5.1 7
v -19.6 5.1 6.2
v -4.8 5.1 6.2
v -19.7 5.2 7.2
v -19.6 5.2 7.2
v -4.8 5.2 7.2
v -4.7 5.2 7.2
v -19.7 5.2 7
v -19.6 5.2 7
v -4.8 5.2 7
v -4.7 5.2 7
v -19.7 5.2 6.2
v -19.6 5.2 6.2
v -4.8 5.2 6.2
v -4.7 5.2 6.2
v -21.8 5.5 7.6
v -21.2 5.5 7.6
v -21 5.5 7.6
v -20.6 5.5 7.6
v -3.8 5.5 7.6
v -3.4 5.5 7.6
v -3.2 5.5 7.6
v -2.6 5.5 7.6
v -21.8 5.5 7.4
v -21.2 5.5 7.4
v -21 5.5 7.4
v -20.6 5.5 7.4
v -3.8 5.5 7.4
v -3.4 5.5 7.4
v -3.2 5.5 7.4
v -2.6 5.5 7.4
v -21.8 5.9 7.6
v -21.4 5.9 7.6
v -21.2 5.9 7.6
v -20.6 5.9 7.6
v -3.8 5.9 7.6
v -3.2 5.9 7.6
v -3 5.9 7.6
v -2.6 5.9 7.6
v -21.8 5.9 7.4
v -21.4 5.9 7.4
v -21.2 5.9 7.4
v -20.6 5.9 7.4
v -3.8 5.9 7.4
v -3.2 5.9 7.4
v -3 5.9 7.4
v -2.6 5.9 7.4
v -21.8 6.3 7.6
v -21.6 6.3 7.6
v -21.4 6.3 7.6
v -20.6 6.3 7.6
v -3.8 6.3 7.6
v -3 6.3 7.6
v -2.8 6.3 7.6
v -2.6 6.3 7.6
v -21.8 6.3 7.4
v -21.6 6.3 7.4
v -21.4 6.3 7.4
v -20.6 6.3 7.4
v -3.8 6.3 7.4
v -3 6.3 7.4
v -2.8 6.3 7.4
v -2.6 6.3 7.4
v -21.8 6.7 7.6
v -21.4 6.7 7.6
v -21.2 6.7 7.6
v -20.6 6.7 7.6
v -3.8 6.7 7.6
v -3.2 6.7 7.6
v -3 6.7 7.6
v -2.6 6.7 7.6
v -21.8 6.7 7.4
v -21.4 6.7 7.4
v -21.2 6.7 7.4
v -20.6 6.7 7.4
v -3.8 6.7 7.4
v -3.2 6.7 7.4
v -3 6.7 7.4
v -2.6 6.7 7.4
v -21.8 7.1 7.6
v -21.2 7.1 7.6
v -21 7.1 7.6
v -20.6 7.1 7.6
v -3.8 7.1 7.6
v -3.4 7.1 7.6
v -3.2 7.1 7.6
v -2.6 7.1 7.6
v -21.8 7.1 7.4
v -21.2 7.1 7.4
v -21 7.1 7.4
v -20.6 7.1 7.4
v -3.8 7.1 7.4
v -3.4 7.1 7.4
v -3.2 7.1 7.4
v -2.6 7.1 7.4
v -21.8 7.5 7.6
v -21 7.5 7.6
v -20.8 7.5 7.6
v -20.6 7.5 7.6
v -3.8 7.5 7.6
v -3.6 7.5 7.6
v -3.4 7.5 7.6
v -2.6 7.5 7.6
v -21.8 7.5 7.4
v -21 7.5 7.4
v -20.8 7.5 7.4
v -20.6 7.5 7.4
v -3.8 7.5 7.4
v -3.6 7.5 7.4
v -3.4 7.5 7.4
v -2.6 7.5 7.4
v -21.8 7.9 7.6
v -20.8 7.9 7.6
v -3.6 7.9 7.6
v -2.6 7.9 7.6
v -21.8 7.9 7.4
v -20.8 7.9 7.4
v -3.6 7.9 7.4
v -2.6 7.9 7.4
v -21.8 8.3 7.6
v -21 8.3 7.6
v -20.8 8.3 7.6
v -20.6 8.3 7.6
v -3.8 8.3 7.6
v -3.6 8.3 7.6
v -3.4 8.3 7.6
v -2.6 8.3 7.6
v -21.8 8.3 7.4
v -21 8.3 7.4
v -20.8 8.3 7.4
v -20.6 8.3 7.4
v -3.8 8.3 7.4
v -3.6 8.3 7.4
v -3.4 8.3 7.4
v -2.6 8.3 7.4
v -21.8 8.7 7.6
v -21.2 8.7 7.6
v -21 8.7 7.6
v -20.6 8.7 7.6
v -3.8 8.7 7.6
v -3.4 8.7 7.6
v -3.2 8.7 7.6
v -2.6 8.7 7.6
v -21.8 8.7 7.4
v -21.2 8.7 7.4
v -21 8.7 7.4
v -20.6 8.7 7.4
v -3.8 8.7 7.4
v -3.4 8.7 7.4
v -3.2 8.7 7.4
v -2.6 8.7 7.4
v -21.8 9.1 7.6
v -21.2 9.1 7.6
v -21 9.1 7.6
v -20.6 9.1 7.6
v -3.8 9.1 7.6
v -3.4 9.1 7.6
v -3.2 9.1 7.6
v -2.6 9.1 7.6
v -21.8 9.1 7.4
v -21.2 9.1 7.4
v -21 9.1 7.4
v -20.6 9.1 7.4
v -3.8 9.1 7.4
v -3.4 9.1 7.4
v -3.2 9.1 7.4
v -2.6 9.1 7.4
v -21.8 9.5 7.6
v -21.4 9.5 7.6
v -21.2 9.5 7.6
v -20.6 9.5 7.6
v -3.8 9.5 7.6
v -3.2 9.5 7.6
v -3 9.5 7.6
v -2.6 9.5 7.6
v -21.8 9.5 7.4
v -21.4 9.5 7.4
v -21.2 9.5 7.4
v -20.6 9.5 7.4
v -3.8 9.5 7.4
v -3.2 9.5 7.4
v -3 9.5 7.4
v -2.6 9.5 7.4
v -21.8 9.9 7.6
v -21.2 9.9 7.6
v -21 9.9 7.6
v -20.6 9.9 7.6
v -3.8 9.9 7.6
v -3.4 9.9 7.6
v -3.2 9.9 7.6
v -2.6 9.9 7.6
v -21.8 9.9 7.4
v -21.2 9.9 7.4
v -21 9.9 7.4
v -20.6 9.9 7.4
v -3.8 9.9 7.4
v -3.4 9.9 7.4
v -3.2 9.9 7.4
v -2.6 9.9 7.4
v -21.8 10.3 7.6
v -21 10.3 7.6
v -20.8 10.3 7.6
v -20.6 10.3 7.6
v -3.8 10.3 7.6
v -3.6 10.3 7.6
v -3.4 10.3 7.6
v -2.6 10.3 7.6
v -21.8 10.3 7.4
v -21 10.3 7.4
v -20.8 10.3 7.4
v -20.6 10.3 7.4
v -3.8 10.3 7.4
v -3.6 10.3 7.4
v -3.4 10.3 7.4
v -2.6 10.3 7.4
v -21.8 10.7 7.6
v -20.8 10.7 7.6
v -3.6 10.7 7.6
v -2.6 10.7 7.6
v -21.8 10.7 7.4
v -20.8 10.7 7.4
v -3.6 10.7 7.4
v -2.6 10.7 7.4
v -21.8 11.1 7.6
v -21 11.1 7.6
v -20.8 11.1 7.6
v -20.6 11.1 7.6
v -3.8 11.1 7.6
v -3.6 11.1 7.6
v -3.4 11.1 7.6
v -2.6 11.1 7.6
v -21.8 11.1 7.4
v -21 11.1 7.4
v -20.8 11.1 7.4
v -20.6 11.1 7.4
v -3.8 11.1 7.4
v -3.6 11.1 7.4
v -3.4 11.1 7.4
v -2.6 11.1 7.4
v -21.8 11.5 7.6
v -21.2 11.5 7.6
v -21 11.5 7.6
v -20.6 11.5 7.6
v -3.8 11.5 7.6
v -3.4 11.5 7.6
v -3.2 11.5 7.6
v -2.6 11.5 7.6
v -21.8 11.5 7.4
v -21.2 11.5 7.4
v -21 11.5 7.4
v -20.6 11.5 7.4
v -3.8 11.5 7.4
v -3.4 11.5 7.4
v -3.2 11.5 7.4
v -2.6 11.5 7.4
v -21.8 11.9 7.6
v -21.4 11.9 7.6
v -21.2 11.9 7.6
v -20.6 11.9 7.6
v -3.8 11.9 7.6
v -3.2 11.9 7.6
v -3 11.9 7.6
v -2.6 11.9 7.6
v -21.8 11.9 7.4
v -21.4 11.9 7.4
v -21.2 11.9 7.4
v -20.6 11.9 7.4
v -3.8 11.9 7.4
v -3.2 11.9 7.4
v -3 11.9 7.4
v -2.6 11.9 7.4
v -2.3 12 6.9
v -2.2 12 6.9
v -2.3 12 6.8
v -2.2 12 6.8
v -21.8 12.3 7.6
v -21.2 12.3 7.6
v -21 12.3 7.6
v -20.6 12.3 7.6
v -3.8 12.3 7.6
v -3.4 12.3 7.6
v -3.2 12.3 7.6
v -2.6 12.3 7.6
v -21.8 12.3 7.4
v -21.2 12.3 7.4
v -21 12.3 7.4
v -20.6 12.3 7.4
v -3.8 12.3 7.4
v -3.4 12.3 7.4
v -3.2 12.3 7.4
v -2.6 12.3 7.4
v -20.8 12.5 -11.4
v -20.6 12.5 -11.4
v -3.8 12.5 -11.4
v -3.6 12.5 -11.4
v -20.8 12.5 -11.8
v -20.6 12.5 -11.8
v -3.8 12.5 -11.8
v -3.6 12.5 -11.8
v -20.6 12.5 -12
v -3.8 12.5 -12
v -21.8 12.7 7.6
v -21 12.7 7.6
v -20.8 12.7 7.6
v -20.6 12.7 7.6
v -3.8 12.7 7.6
v -3.6 12.7 7.6
v -3.4 12.7 7.6
v -2.6 12.7 7.6
v -21.8 12.7 7.4
v -21 12.7 7.4
v -20.8 12.7 7.4
v -20.6 12.7 7.4
v -3.8 12.7 7.4
v -3.6 12.7 7.4
v -3.4 12.7 7.4
v -2.6 12.7 7.4
v -20.8 12.7 -10.6
v -20.6 12.7 -10.6
v -3.8 12.7 -10.6
v -3.6 12.7 -10.6
v -20.8 12.7 -11.4
v -20.6 12.7 -11.4
v -20.4 12.7 -11.4
v -4 12.7 -11.4
v -3.8 12.7 -11.4
v -3.6 12.7 -11.4
v -20.4 12.7 -11.6
v -4 12.7 -11.6
v -20.6 12.7 -11.8
v -3.8 12.7 -11.8
v -20.8 12.9 -10
v -20.6 12.9 -10
v -3.8 12.9 -10
v -3.6 12.9 -10
v -20.8 12.9 -10.6
v -20.6 12.9 -10.6
v -20.4 12.9 -10.6
v -4 12.9 -10.6
v -3.8 12.9 -10.6
v -3.6 12.9 -10.6
v -20.6 12.9 -11.4
v -20.4 12.9 -11.4
v -4 12.9 -11.4
v -3.8 12.9 -11.4
v -21.8 13.1 7.6
v -21 13.1 7.6
v -3.4 13.1 7.6
v -2.6 13.1 7.6
v -21.8 13.1 7.4
v -21 13.1 7.4
v -3.4 13.1 7.4
v -2.6 13.1 7.4
v -20.8 13.1 -9.4
v -20.6 13.1 -9.4
v -3.8 13.1 -9.4
v -3.6 13.1 -9.4
v -20.8 13.1 -10
v -20.6 13.1 -10
v -20.4 13.1 -10
v -4 13.1 -10
v -3.8 13.1 -10
v -3.6 13.1 -10
v -20.6 13.1 -10.6
v -20.4 13.1 -10.6
v -4 13.1 -10.6
v -3.8 13.1 -10.6
v -20.8 13.3 -8.6
v -20.6 13.3 -8.6
v -3.8 13.3 -8.6
v -3.6 13.3 -8.6
v -20.8 13.3 -9.4
v -20.6 13.3 -9.4
v -20.4 13.3 -9.4
v -4 13.3 -9.4
v -3.8 13.3 -9.4
v -3.6 13.3 -9.4
v -20.6 13.3 -10
v -20.4 13.3 -10
v -4 13.3 -10
v -3.8 13.3 -10
v -21.8 13.5 7.6
v -21 13.5 7.6
v -20.8 13.5 7.6
v -20.6 13.5 7.6
v -3.8 13.5 7.6
v -3.6 13.5 7.6
v -3.4 13.5 7.6
v -2.6 13.5 7.6
v -21.8 13.5 7.4
v -21 13.5 7.4
v -20.8 13.5 7.4
v -20.6 13.5 7.4
v -3.8 13.5 7.4
v -3.6 13.5 7.4
v -3.4 13.5 7.4
v -2.6 13.5 7.4
v -20.8 13.5 -8
v -20.6 13.5 -8
v -3.8 13.5 -8
v -3.6 13.5 -8
v -20.8 13.5 -8.6
v -20.6 13.5 -8.6
v -20.4 13.5 -8.6
v -4 13.5 -8.6
v -3.8 13.5 -8.6
v -3.6 13.5 -8.6
v -20.6 13.5 -9.4
v -20.4 13.5 -9.4
v -4 13.5 -9.4
v -3.8 13.5 -9.4
v -20.8 13.7 -7.4
v -20.6 13.7 -7.4
v -3.8 13.7 -7.4
v -3.6 13.7 -7.4
v -20.8 13.7 -8
v -20.6 13.7 -8
v -20.4 13.7 -8
v -4 13.7 -8
v -3.8 13.7 -8
v -3.6 13.7 -8
v -20.6 13.7 -8.6
v -20.4 13.7 -8.6
v -4 13.7 -8.6
v -3.8 13.7 -8.6
v -21.8 13.9 7.6
v -21.2 13.9 7.6
v -20.8 13.9 7.6
v -20.6 13.9 7.6
v -3.8 13.9 7.6
v -3.6 13.9 7.6
v -3.2 13.9 7.6
v -2.6 13.9 7.6
v -21.8 13.9 7.4
v -21.2 13.9 7.4
v -20.8 13.9 7.4
v -20.6 13.9 7.4
v -3.8 13.9 7.4
v -3.6 13.9 7.4
v -3.2 13.9 7.4
v -2.6 13.9 7.4
v -20.8 13.9 -6.6
v -20.6 13.9 -6.6
v -3.8 13.9 -6.6
v -3.6 13.9 -6.6
v -20.8 13.9 -7.4
v -20.6 13.9 -7.4
v -20.4 13.9 -7.4
v -4 13.9 -7.4
v -3.8 13.9 -7.4
v -3.6 13.9 -7.4
v -20.6 13.9 -8
v -20.4 13.9 -8
v -4 13.9 -8
v -3.8 13.9 -8
v -20.8 14.1 -5.8
v -20.6 14.1 -5.8
v -3.8 14.1 -5.8
v -3.6 14.1 -5.8
v -20.8 14.1 -6.6
v -20.6 14.1 -6.6
v -20.4 14.1 -6.6
v -4 14.1 -6.6
v -3.8 14.1 -6.6
v -3.6 14.1 -6.6
v -20.6 14.1 -7.4
v -20.4 14.1 -7.4
v -4 14.1 -7.4
v -3.8 14.1 -7.4
v -21.8 14.3 7.6
v -21.4 14.3 7.6
v -21.2 14.3 7.6
v -21 14.3 7.6
v -20.8 14.3 7.6
v -20.6 14.3 7.6
v -3.8 14.3 7.6
v -3.6 14.3 7.6
v -3.4 14.3 7.6
v -3.2 14.3 7.6
v -3 14.3 7.6
v -2.6 14.3 7.6
v -21.8 14.3 7.4
v -21.4 14.3 7.4
v -21.2 14.3 7.4
v -21 14.3 7.4
v -20.8 14.3 7.4
v -20.6 14.3 7.4
v -3.8 14.3 7.4
v -3.6 14.3 7.4
v -3.4 14.3 7.4
v -3.2 14.3 7.4
v -3 14.3 7.4
v -2.6 14.3 7.4
v -20.8 14.3 -5.4
v -20.6 14.3 -5.4
v -3.8 14.3 -5.4
v -3.6 14.3 -5.4
v -20.8 14.3 -5.8
v -20.6 14.3 -5.8
v -3.8 14.3 -5.8
v -3.6 14.3 -5.8
v -20.6 14.3 -6
v -20.4 14.3 -6
v -4 14.3 -6
v -3.8 14.3 -6
v -20.6 14.3 -6.6
v -20.4 14.3 -6.6
v -4 14.3 -6.6
v -3.8 14.3 -6.6
v -20.8 14.5 -4.6
v -20.6 14.5 -4.6
v -3.8 14.5 -4.6
v -3.6 14.5 -4.6
v -20.8 14.5 -5.4
v -20.6 14.5 -5.4
v -20.4 14.5 -5.4
v -4 14.5 -5.4
v -3.8 14.5 -5.4
v -3.6 14.5 -5.4
v -20.6 14.5 -6
v -20.4 14.5 -6
v -4 14.5 -6
v -3.8 14.5 -6
v -21.8 14.7 7.6
v -21.6 14.7 7.6
v -21.4 14.7 7.6
v -21 14.7 7.6
v -20.8 14.7 7.6
v -20.6 14.7 7.6
v -3.8 14.7 7.6
v -3.6 14.7 7.6
v -3.4 14.7 7.6
v -3 14.7 7.6
v -2.8 14.7 7.6
v -2.6 14.7 7.6
v -21.8 14.7 7.4
v -21.6 14.7 7.4
v -21.4 14.7 7.4
v -21 14.7 7.4
v -20.8 14.7 7.4
v -20.6 14.7 7.4
v -3.8 14.7 7.4
v -3.6 14.7 7.4
v -3.4 14.7 7.4
v -3 14.7 7.4
v -2.8 14.7 7.4
v -2.6 14.7 7.4
v -20.8 14.7 -4
v -20.6 14.7 -4
v -3.8 14.7 -4
v -3.6 14.7 -4
v -20.8 14.7 -4.6
v -20.6 14.7 -4.6
v -20.4 14.7 -4.6
v -4 14.7 -4.6
v -3.8 14.7 -4.6
v -3.6 14.7 -4.6
v -20.6 14.7 -5.4
v -20.4 14.7 -5.4
v -4 14.7 -5.4
v -3.8 14.7 -5.4
v -20.8 14.9 -3.2
v -20.6 14.9 -3.2
v -3.8 14.9 -3.2
v -3.6 14.9 -3.2
v -20.8 14.9 -4
v -20.6 14.9 -4
v -20.4 14.9 -4
v -4 14.9 -4
v -3.8 14.9 -4
v -3.6 14.9 -4
v -20.6 14.9 -4.6
v -20.4 14.9 -4.6
v -4 14.9 -4.6
v -3.8 14.9 -4.6
v -21.8 15.1 7.6
v -21.4 15.1 7.6
v -21.2 15.1 7.6
v -21 15.1 7.6
v -20.8 15.1 7.6
v -20.6 15.1 7.6
v -3.8 15.1 7.6
v -3.6 15.1 7.6
v -3.4 15.1 7.6
v -3.2 15.1 7.6
v -3 15.1 7.6
v -2.6 15.1 7.6
v -21.8 15.1 7.4
v -21.4 15.1 7.4
v -21.2 15.1 7.4
v -21 15.1 7.4
v -20.8 15.1 7.4
v -20.6 15.1 7.4
v -3.8 15.1 7.4
v -3.6 15.1 7.4
v -3.4 15.1 7.4
v -3.2 15.1 7.4
v -3 15.1 7.4
v -2.6 15.1 7.4
v -20.8 15.1 -2.6
v -20.6 15.1 -2.6
v -3.8 15.1 -2.6
v -3.6 15.1 -2.6
v -20.8 15.1 -3.2
v -20.6 15.1 -3.2
v -20.4 15.1 -3.2
v -4 15.1 -3.2
v -3.8 15.1 -3.2
v -3.6 15.1 -3.2
v -20.6 15.1 -4
v -20.4 15.1 -4
v -4 15.1 -4
v -3.8 15.1 -4
v -20.8 15.3 -2
v -20.6 15.3 -2
v -3.8 15.3 -2
v -3.6 15.3 -2
v -20.8 15.3 -2.6
v -20.6 15.3 -2.6
v -20.4 15.3 -2.6
v -4 15.3 -2.6
v -3.8 15.3 -2.6
v -3.6 15.3 -2.6
v -20.6 15.3 -3.2
v -20.4 15.3 -3.2
v -4 15.3 -3.2
v -3.8 15.3 -3.2
v -21.8 15.5 7.6
v -21.2 15.5 7.6
v -20.8 15.5 7.6
v -20.6 15.5 7.6
v -3.8 15.5 7.6
v -3.6 15.5 7.6
v -3.2 15.5 7.6
v -2.6 15.5 7.6
v -21.8 15.5 7.4
v -21.2 15.5 7.4
v -20.8 15.5 7.4
v -20.6 15.5 7.4
v -3.8 15.5 7.4
v -3.6 15.5 7.4
v -3.2 15.5 7.4
v -2.6 15.5 7.4
v -20.8 15.5 -1.2
v -20.6 15.5 -1.2
v -3.8 15.5 -1.2
v -3.6 15.5 -1.2
v -20.8 15.5 -2
v -20.6 15.5 -2
v -20.4 15.5 -2
v -4 15.5 -2
v -3.8 15.5 -2
v -3.6 15.5 -2
v -20.6 15.5 -2.6
v -20.4 15.5 -2.6
v -4 15.5 -2.6
v -3.8 15.5 -2.6
v -20.8 15.7 -0.599999
v -20.6 15.7 -0.599999
v -3.8 15.7 -0.599999
v -3.6 15.7 -0.599999
v -20.8 15.7 -1.2
v -20.6 15.7 -1.2
v -20.4 15.7 -1.2
v -4 15.7 -1.2
v -3.8 15.7 -1.2
v -3.6 15.7 -1.2
v -20.6 15.7 -2
v -20.4 15.7 -2
v -4 15.7 -2
v -3.8 15.7 -2
v -21.8 15.9 7.6
v -21 15.9 7.6
v -20.8 15.9 7.6
v -20.6 15.9 7.6
v -3.8 15.9 7.6
v -3.6 15.9 7.6
v -3.4 15.9 7.6
v -2.6 15.9 7.6
v -21.8 15.9 7.4
v -21 15.9 7.4
v -20.8 15.9 7.4
v -20.6 15.9 7.4
v -3.8 15.9 7.4
v -3.6 15.9 7.4
v -3.4 15.9 7.4
v -2.6 15.9 7.4
v -20.8 15.9 0
v -20.6 15.9 0
v -3.8 15.9 0
v -3.6 15.9 0
v -20.8 15.9 -0.599999
v -20.6 15.9 -0.599999
v -20.4 15.9 -0.599999
v -4 15.9 -0.599999
v -3.8 15.9 -0.599999
v -3.6 15.9 -0.599999
v -20.6 15.9 -1.2
v -20.4 15.9 -1.2
v -4 15.9 -1.2
v -3.8 15.9 -1.2
v -20.8 16.1 0.8
v -20.6 16.1 0.8
v -3.8 16.1 0.8
v -3.6 16.1 0.8
v -20.8 16.1 0
v -20.6 16.1 0
v -20.4 16.1 0
v -4 16.1 0
v -3.8 16.1 0
v -3.6 16.1 0
v -20.6 16.1 -0.599999
v -20.4 16.1 -0.599999
v -4 16.1 -0.599999
v -3.8 16.1 -0.599999
v -22 16.3 7.6
v -20 16.3 7.6
v -4.4 16.3 7.6
v -2.4 16.3 7.6
v -22 16.3 7.5
v -20.2 16.3 7.5
v -20.1 16.3 7.5
v -20 16.3 7.5
v -4.3 16.3 7.5
v -4.2 16.3 7.5
v -22 16.3 7.4
v -20.2 16.3 7.4
v -20.1 16.3 7.4
v -20 16.3 7.4
v -4.4 16.3 7.4
v -4.3 16.3 7.4
v -4.2 16.3 7.4
v -2.4 16.3 7.4
v -20.8 16.3 1.2
v -20.6 16.3 1.2
v -3.8 16.3 1.2
v -3.6 16.3 1.2
v -20.8 16.3 0.8
v -20.6 16.3 0.8
v -20.4 16.3 0.8
v -4 16.3 0.8
v -3.8 16.3 0.8
v -3.6 16.3 0.8
v -20.6 16.3 0
v -20.4 16.3 0
v -4 16.3 0
v -3.8 16.3 0
v -20.6 16.5 1.2
v -20.4 16.5 1.2
v -4 16.5 1.2
v -3.8 16.5 1.2
v -20.6 16.5 0.8
v -20.4 16.5 0.8
v -4 16.5 0.8
v -3.8 16.5 0.8
v -22.2 17.9 1.6
v -22.1 17.9 1.6
v -22 17.9 1.6
v -2.4 17.9 1.6
v -2.3 17.9 1.6
v -2.2 17.9 1.6
v -22.2 17.9 1.5
v -22.1 17.9 1.5
v -22 17.9 1.5
v -2.4 17.9 1.5
v -2.3 17.9 1.5
v -2.2 17.9 1.5
v -22.2 17.9 1.4
v -22.1 17.9 1.4
v -22 17.9 1.4
v -21.9 17.9 1.4
v -21.8 17.9 1.4
v -2.6 17.9 1.4
v -2.5 17.9 1.4
v -2.4 17.9 1.4
v -2.3 17.9 1.4
v -2.2 17.9 1.4
v -21.8 17.9 1.3
v -2.6 17.9 1.3
v -22 17.9 1.2
v -21.8 17.9 1.2
v -2.6 17.9 1.2
v -2.4 17.9 1.2
v -22.2 18.1 7.4
v -22 18.1 7.4
v -2.4 18.1 7.4
v -2.2 18.1 7.4
v -22 18.1 1.7
v -2.4 18.1 1.7
v -22.2 18.1 1.6
v -22 18.1 1.6
v -21.9 18.1 1.6
v -21.8 18.1 1.6
v -2.6 18.1 1.6
v -2.5 18.1 1.6
v -2.4 18.1 1.6
v -2.2 18.1 1.6
v -21.8 18.1 1.5
v -2.6 18.1 1.5
v -22 18.1 1.4
v -21.8 18.1 1.4
v -2.6 18.1 1.4
v -2.4 18.1 1.4
v -21.8 18.1 1.2
v -2.6 18.1 1.2
v -22 18.3 7.6
v -2.4 18.3 7.6
v -22 18.3 7.5
v -2.4 18.3 7.5
v -21.8 18.3 7.4
v -2.6 18.3 7.4
v -22 18.3 1.6
v -21.8 18.3 1.6
v -2.6 18.3 1.6
v -2.4 18.3 1.6
v -21.8 18.3 1.4
v -2.6 18.3 1.4

# faces
f 5/9/1 2/9/1 1/9/1
f 6/9/1 2/9/1 5/9/1
f 7/9/1 2/9/1 6/9/1
f 8/7/1 4/7/1 3/7/1
f 9/8/1 5/8/1 4/8/1
f 9/7/1 4/7/1 8/7/1
f 9/8/1 6/8/1 5/8/1
f 10/12/1 9/12/1 8/12/1
f 11/8/1 6/8/1 9/8/1
f 11/12/1 9/12/1 10/12/1
f 12/8/1 6/8/1 11/8/1
f 14/9/1 12/9/1 11/9/1
f 15/8/1 6/8/1 12/8/1
f 15/9/1 12/9/1 14/9/1
f 16/9/1 14/9/1 13/9/1
f 17/8/1 15/8/1 14/8/1
f 17/9/1 14/9/1 16/9/1
f 18/7/1 17/7/1 16/7/1
f 19/8/1 15/8/1 17/8/1
f 19/7/1 17/7/1 18/7/1
f 20/12/1 19/12/1 18/12/1
f 21/8/1 15/8/1 19/8/1
f 21/12/1 19/12/1 20/12/1
f 22/8/1 6/8/1 15/8/1
f 22/8/1 15/8/1 21/8/1
f 24/9/1 22/9/1 21/9/1
f 25/8/1 6/8/1 22/8/1
f 25/9/1 22/9/1 24/9/1
f 26/8/1 25/8/1 24/8/1
f 26/8/1 6/8/1 25/8/1
f 27/8/1 6/8/1 26/8/1
f 28/7/1 7/7/1 6/7/1
f 28/8/1 6/8/1 27/8/1
f 29/7/1 7/7/1 28/7/1
f 30/7/1 24/7/1 23/7/1
f 30/8/1 26/8/1 24/8/1
f 31/7/1 27/7/1 26/7/1
f 31/8/1 26/8/1 30/8/1
f 32/7/1 30/7/1 23/7/1
f 32/7/1 31/7/1 30/7/1
f 33/7/1 27/7/1 31/7/1
f 33/7/1 31/7/1 32/7/1
f 37/8/1 35/8/1 34/8/1
f 37/9/1 36/9/1 35/9/1
f 38/9/1 36/9/1 37/9/1
f 39/9/1 36/9/1 38/9/1
f 40/9/1 36/9/1 39/9/1
f 41/9/1 36/9/1 40/9/1
f 43/8/1 37/8/1 34/8/1
f 44/8/1 37/8/1 43/8/1
f 45/7/1 44/7/1 43/7/1
f 46/7/1 44/7/1 45/7/1
f 47/9/1 42/9/1 41/9/1
f 48/9/1 42/9/1 47/9/1
f 49/9/1 42/9/1 48/9/1
f 53/7/1 51/7/1 50/7/1
f 54/8/1 52/8/1 51/8/1
f 54/7/1 51/7/1 53/7/1
f 55/8/1 52/8/1 54/8/1
f 56/12/1 54/12/1 53/12/1
f 57/8/1 55/8/1 54/8/1
f 57/12/1 54/12/1 56/12/1
f 58/8/1 55/8/1 57/8/1
f 61/9/1 59/9/1 58/9/1
f 62/9/1 59/9/1 61/9/1
f 63/9/1 61/9/1 60/9/1
f 64/9/1 61/9/1 63/9/1
f 65/9/1 61/9/1 64/9/1
f 66/7/1 64/7/1 63/7/1
f 67/8/1 65/8/1 64/8/1
f 67/7/1 64/7/1 66/7/1
f 68/8/1 65/8/1 67/8/1
f 69/12/1 67/12/1 66/12/1
f 70/8/1 68/8/1 67/8/1
f 70/12/1 67/12/1 69/12/1
f 71/8/1 68/8/1 70/8/1
f 75/9/1 72/9/1 71/9/1
f 76/9/1 72/9/1 75/9/1
f 77/7/1 74/7/1 73/7/1
f 78/8/1 75/8/1 74/8/1
f 78/7/1 74/7/1 77/7/1
f 79/12/1 78/12/1 77/12/1
f 80/8/1 75/8/1 78/8/1
f 80/12/1 78/12/1 79/12/1
f 81/8/1 75/8/1 80/8/1
f 84/9/1 83/9/1 82/9/1
f 85/9/1 83/9/1 84/9/1
f 86/9/1 83/9/1 85/9/1
f 87/8/1 48/8/1 47/8/1
f 88/7/1 49/7/1 48/7/1
f 88/8/1 48/8/1 87/8/1
f 89/8/1 86/8/1 85/8/1
f 92/7/1 88/7/1 87/7/1
f 93/7/1 49/7/1 88/7/1
f 93/7/1 88/7/1 92/7/1
f 94/8/1 91/8/1 90/8/1
f 95/7/1 92/7/1 91/7/1
f 95/8/1 91/8/1 94/8/1
f 96/8/1 89/8/1 85/8/1
f 98/7/1 95/7/1 94/7/1
f 99/7/1 92/7/1 95/7/1
f 99/7/1 95/7/1 98/7/1
f 100/7/1 85/7/1 84/7/1
f 101/8/1 97/8/1 96/8/1
f 101/7/1 85/7/1 100/7/1
f 101/8/1 96/8/1 85/8/1
f 102/7/1 98/7/1 97/7/1
f 102/8/1 97/8/1 101/8/1
f 103/12/1 101/12/1 100/12/1
f 104/7/1 102/7/1 101/7/1
f 104/12/1 101/12/1 103/12/1
f 105/7/1 98/7/1 102/7/1
f 105/7/1 102/7/1 104/7/1
f 109/8/1 107/8/1 106/8/1
f 110/7/1 108/7/1 107/7/1
f 110/8/1 107/8/1 109/8/1
f 113/7/1 110/7/1 109/7/1
f 114/7/1 108/7/1 110/7/1
f 114/7/1 110/7/1 113/7/1
f 115/8/1 112/8/1 111/8/1
f 116/7/1 113/7/1 112/7/1
f 116/8/1 112/8/1 115/8/1
f 117/7/1 116/7/1 115/7/1
f 118/7/1 113/7/1 116/7/1
f 118/7/1 116/7/1 117/7/1
f 121/12/1 120/12/1 119/12/1
f 122/12/1 120/12/1 121/12/1
f 126/4/1 124/4/1 123/4/1
f 127/4/1 126/4/1 125/4/1
f 128/4/1 124/4/1 126/4/1
f 128/4/1 126/4/1 127/4/1
f 129/4/1 124/4/1 128/4/1
f 130/4/1 124/4/1 129/4/1
f 133/8/1 132/8/1 131/8/1
f 134/8/1 132/8/1 133/8/1
f 137/8/1 136/8/1 135/8/1
f 138/8/1 136/8/1 137/8/1
f 141/4/1 140/4/1 139/4/1
f 142/4/1 140/4/1 141/4/1
f 146/4/1 144/4/1 143/4/1
f 147/4/1 146/4/1 145/4/1
f 148/4/1 144/4/1 146/4/1
f 148/4/1 146/4/1 147/4/1
f 151/4/1 150/4/1 149/4/1
f 152/4/1 150/4/1 151/4/1
f 153/4/1 150/4/1 152/4/1
f 154/4/1 150/4/1 153/4/1
f 157/8/1 156/8/1 155/8/1
f 158/8/1 156/8/1 157/8/1
f 161/8/1 160/8/1 159/8/1
f 162/8/1 160/8/1 161/8/1
f 165/8/1 164/8/1 163/8/1
f 166/8/1 164/8/1 165/8/1
f 169/8/1 168/8/1 167/8/1
f 170/8/1 168/8/1 169/8/1
f 173/8/1 172/8/1 171/8/1
f 174/8/1 172/8/1 173/8/1
f 177/8/1 176/8/1 175/8/1
f 178/8/1 176/8/1 177/8/1
f 181/8/1 180/8/1 179/8/1
f 182/8/1 180/8/1 181/8/1
f 183/7/1 182/7/1 181/7/1
f 184/8/1 180/8/1 182/8/1
f 184/7/1 182/7/1 183/7/1
f 185/8/1 180/8/1 184/8/1
f 189/9/1 187/9/1 186/9/1
f 190/8/1 188/8/1 187/8/1
f 190/9/1 187/9/1 189/9/1
f 191/7/1 190/7/1 189/7/1
f 192/8/1 188/8/1 190/8/1
f 192/7/1 190/7/1 191/7/1
f 193/8/1 188/8/1 192/8/1
f 196/8/1 195/8/1 194/8/1
f 197/8/1 195/8/1 196/8/1
f 200/8/1 199/8/1 198/8/1
f 201/8/1 199/8/1 200/8/1
f 204/8/1 203/8/1 202/8/1
f 205/8/1 203/8/1 204/8/1
f 208/8/1 207/8/1 206/8/1
f 209/8/1 207/8/1 208/8/1
f 212/8/1 211/8/1 210/8/1
f 213/8/1 211/8/1 212/8/1
f 216/8/1 215/8/1 214/8/1
f 217/8/1 215/8/1 216/8/1
f 220/8/1 219/8/1 218/8/1
f 221/8/1 219/8/1 220/8/1
f 224/8/1 223/8/1 222/8/1
f 225/8/1 223/8/1 224/8/1
f 228/8/1 227/8/1 226/8/1
f 229/8/1 227/8/1 228/8/1
f 232/4/1 231/4/1 230/4/1
f 233/4/1 231/4/1 232/4/1
f 236/8/1 235/8/1 234/8/1
f 237/8/1 235/8/1 236/8/1
f 240/8/1 239/8/1 238/8/1
f 241/8/1 239/8/1 240/8/1
f 244/8/1 243/8/1 242/8/1
f 245/8/1 243/8/1 244/8/1
f 248/8/1 247/8/1 246/8/1
f 249/8/1 247/8/1 248/8/1
f 252/8/1 251/8/1 250/8/1
f 253/8/1 251/8/1 252/8/1
f 256/8/1 255/8/1 254/8/1
f 257/8/1 255/8/1 256/8/1
f 260/8/1 259/8/1 258/8/1
f 261/8/1 259/8/1 260/8/1
f 264/8/1 263/8/1 262/8/1
f 265/8/1 263/8/1 264/8/1
f 268/8/1 267/8/1 266/8/1
f 269/8/1 267/8/1 268/8/1
f 272/8/1 271/8/1 270/8/1
f 273/8/1 271/8/1 272/8/1
f 276/8/1 275/8/1 274/8/1
f 277/8/1 275/8/1 276/8/1
f 280/8/1 279/8/1 278/8/1
f 281/8/1 279/8/1 280/8/1
f 284/9/1 283/9/1 282/9/1
f 285/9/1 283/9/1 284/9/1
f 287/8/1 285/8/1 284/8/1
f 287/9/1 286/9/1 285/9/1
f 288/9/1 286/9/1 287/9/1
f 289/9/1 286/9/1 288/9/1
f 291/8/1 288/8/1 287/8/1
f 291/9/1 290/9/1 289/9/1
f 291/9/1 289/9/1 288/9/1
f 292/9/1 290/9/1 291/9/1
f 294/8/1 292/8/1 291/8/1
f 294/9/1 293/9/1 292/9/1
f 295/9/1 293/9/1 294/9/1
f 297/8/1 295/8/1 294/8/1
f 297/9/1 296/9/1 295/9/1
f 298/9/1 296/9/1 297/9/1
f 300/8/1 298/8/1 297/8/1
f 300/9/1 299/9/1 298/9/1
f 301/9/1 299/9/1 300/9/1
f 303/8/1 301/8/1 300/8/1
f 303/9/1 302/9/1 301/9/1
f 304/9/1 302/9/1 303/9/1
f 306/8/1 304/8/1 303/8/1
f 306/9/1 305/9/1 304/9/1
f 307/9/1 305/9/1 306/9/1
f 309/8/1 307/8/1 306/8/1
f 309/9/1 308/9/1 307/9/1
f 310/9/1 308/9/1 309/9/1
f 312/8/1 310/8/1 309/8/1
f 312/9/1 311/9/1 310/9/1
f 313/9/1 311/9/1 312/9/1
f 315/8/1 313/8/1 312/8/1
f 315/9/1 314/9/1 313/9/1
f 316/9/1 314/9/1 315/9/1
f 318/8/1 316/8/1 315/8/1
f 318/9/1 317/9/1 316/9/1
f 319/9/1 317/9/1 318/9/1
f 321/8/1 319/8/1 318/8/1
f 321/9/1 320/9/1 319/9/1
f 322/9/1 320/9/1 321/9/1
f 324/8/1 322/8/1 321/8/1
f 324/9/1 323/9/1 322/9/1
f 325/9/1 323/9/1 324/9/1
f 327/8/1 325/8/1 324/8/1
f 327/9/1 326/9/1 325/9/1
f 328/9/1 326/9/1 327/9/1
f 329/9/1 326/9/1 328/9/1
f 332/8/1 328/8/1 327/8/1
f 332/9/1 329/9/1 328/9/1
f 332/9/1 330/9/1 329/9/1
f 333/7/1 331/7/1 330/7/1
f 333/9/1 330/9/1 332/9/1
f 336/8/1 335/8/1 334/8/1
f 337/8/1 335/8/1 336/8/1
f 340/8/1 339/8/1 338/8/1
f 341/8/1 339/8/1 340/8/1
f 344/8/1 343/8/1 342/8/1
f 345/8/1 343/8/1 344/8/1
f 346/8/1 333/8/1 332/8/1
f 347/7/1 331/7/1 333/7/1
f 347/8/1 333/8/1 346/8/1
f 348/8/1 332/8/1 327/8/1
f 348/8/1 346/8/1 332/8/1
f 349/7/1 347/7/1 346/7/1
f 349/8/1 346/8/1 348/8/1
f 350/7/1 331/7/1 347/7/1
f 350/7/1 347/7/1 349/7/1
f 351/8/1 327/8/1 324/8/1
f 351/8/1 348/8/1 327/8/1
f 352/7/1 349/7/1 348/7/1
f 352/8/1 348/8/1 351/8/1
f 353/7/1 349/7/1 352/7/1
f 354/8/1 324/8/1 321/8/1
f 354/8/1 351/8/1 324/8/1
f 355/7/1 352/7/1 351/7/1
f 355/8/1 351/8/1 354/8/1
f 356/7/1 352/7/1 355/7/1
f 357/8/1 321/8/1 318/8/1
f 357/8/1 354/8/1 321/8/1
f 358/7/1 355/7/1 354/7/1
f 358/8/1 354/8/1 357/8/1
f 359/7/1 355/7/1 358/7/1
f 360/8/1 318/8/1 315/8/1
f 360/8/1 357/8/1 318/8/1
f 361/7/1 358/7/1 357/7/1
f 361/8/1 357/8/1 360/8/1
f 362/7/1 358/7/1 361/7/1
f 363/8/1 360/8/1 315/8/1
f 364/7/1 361/7/1 360/7/1
f 364/8/1 360/8/1 363/8/1
f 365/7/1 361/7/1 364/7/1
f 366/8/1 315/8/1 312/8/1
f 366/8/1 363/8/1 315/8/1
f 367/7/1 364/7/1 363/7/1
f 367/8/1 363/8/1 366/8/1
f 368/7/1 364/7/1 367/7/1
f 369/8/1 312/8/1 309/8/1
f 369/8/1 366/8/1 312/8/1
f 370/7/1 367/7/1 366/7/1
f 370/8/1 366/8/1 369/8/1
f 371/7/1 367/7/1 370/7/1
f 372/8/1 309/8/1 306/8/1
f 372/8/1 369/8/1 309/8/1
f 373/7/1 370/7/1 369/7/1
f 373/8/1 369/8/1 372/8/1
f 374/7/1 370/7/1 373/7/1
f 375/8/1 306/8/1 303/8/1
f 375/8/1 372/8/1 306/8/1
f 376/7/1 373/7/1 372/7/1
f 376/8/1 372/8/1 375/8/1
f 377/7/1 373/7/1 376/7/1
f 378/8/1 375/8/1 303/8/1
f 379/7/1 376/7/1 375/7/1
f 379/8/1 375/8/1 378/8/1
f 380/7/1 376/7/1 379/7/1
f 381/8/1 303/8/1 300/8/1
f 381/8/1 378/8/1 303/8/1
f 382/7/1 379/7/1 378/7/1
f 382/8/1 378/8/1 381/8/1
f 383/7/1 379/7/1 382/7/1
f 384/8/1 300/8/1 297/8/1
f 384/8/1 381/8/1 300/8/1
f 385/7/1 382/7/1 381/7/1
f 385/8/1 381/8/1 384/8/1
f 386/7/1 382/7/1 385/7/1
f 387/8/1 297/8/1 294/8/1
f 387/8/1 384/8/1 297/8/1
f 388/7/1 385/7/1 384/7/1
f 388/8/1 384/8/1 387/8/1
f 389/7/1 385/7/1 388/7/1
f 390/8/1 294/8/1 291/8/1
f 390/8/1 387/8/1 294/8/1
f 391/7/1 388/7/1 387/7/1
f 391/8/1 387/8/1 390/8/1
f 392/7/1 388/7/1 391/7/1
f 393/8/1 390/8/1 291/8/1
f 394/7/1 391/7/1 390/7/1
f 394/8/1 390/8/1 393/8/1
f 395/7/1 391/7/1 394/7/1
f 396/8/1 291/8/1 287/8/1
f 396/8/1 393/8/1 291/8/1
f 397/7/1 394/7/1 393/7/1
f 397/8/1 393/8/1 396/8/1
f 398/7/1 394/7/1 397/7/1
f 399/8/1 287/8/1 284/8/1
f 399/8/1 396/8/1 287/8/1
f 400/7/1 397/7/1 396/7/1
f 400/8/1 396/8/1 399/8/1
f 401/7/1 397/7/1 400/7/1
f 402/8/1 399/8/1 284/8/1
f 403/7/1 400/7/1 399/7/1
f 403/8/1 399/8/1 402/8/1
f 404/7/1 400/7/1 403/7/1
f 405/7/1 403/7/1 402/7/1
f 406/7/1 403/7/1 405/7/1
f 411/9/1 408/9/1 407/9/1
f 412/9/1 408/9/1 411/9/1
f 415/6/1 410/6/1 409/6/1
f 417/6/1 415/6/1 414/6/1
f 418/9/1 413/9/1 412/9/1
f 419/9/1 413/9/1 418/9/1
f 421/9/1 420/9/1 419/9/1
f 422/9/1 420/9/1 421/9/1
f 424/6/1 417/6/1 416/6/1
f 425/6/1 415/6/1 417/6/1
f 425/6/1 417/6/1 424/6/1
f 426/9/1 423/9/1 422/9/1
f 427/9/1 423/9/1 426/9/1
f 429/6/1 415/6/1 425/6/1
f 430/6/1 410/6/1 415/6/1
f 430/6/1 415/6/1 429/6/1
f 431/6/1 410/6/1 430/6/1
f 432/6/1 410/6/1 431/6/1
f 433/9/1 428/9/1 427/9/1
f 434/9/1 428/9/1 433/9/1
f 436/9/1 435/9/1 434/9/1
f 437/9/1 435/9/1 436/9/1
f 439/9/1 438/9/1 437/9/1
f 440/9/1 438/9/1 439/9/1
f 442/9/1 441/9/1 440/9/1
f 443/9/1 441/9/1 442/9/1
f 445/9/1 444/9/1 443/9/1
f 446/9/1 444/9/1 445/9/1
f 448/9/1 447/9/1 446/9/1
f 449/9/1 447/9/1 448/9/1
f 451/9/1 450/9/1 449/9/1
f 452/9/1 450/9/1 451/9/1
f 454/9/1 453/9/1 452/9/1
f 455/9/1 453/9/1 454/9/1
f 457/9/1 456/9/1 455/9/1
f 458/9/1 456/9/1 457/9/1
f 460/9/1 459/9/1 458/9/1
f 461/9/1 459/9/1 460/9/1
f 463/9/1 462/9/1 461/9/1
f 464/9/1 462/9/1 463/9/1
f 466/9/1 465/9/1 464/9/1
f 467/9/1 465/9/1 466/9/1
f 468/9/1 465/9/1 467/9/1
f 472/8/1 471/8/1 470/8/1
f 473/8/1 471/8/1 472/8/1
f 476/8/1 475/8/1 474/8/1
f 477/8/1 475/8/1 476/8/1
f 480/8/1 479/8/1 478/8/1
f 481/8/1 479/8/1 480/8/1
f 484/8/1 483/8/1 482/8/1
f 485/8/1 483/8/1 484/8/1
f 488/8/1 487/8/1 486/8/1
f 489/8/1 487/8/1 488/8/1
f 492/8/1 491/8/1 490/8/1
f 493/8/1 491/8/1 492/8/1
f 496/8/1 495/8/1 494/8/1
f 497/8/1 495/8/1 496/8/1
f 500/8/1 499/8/1 498/8/1
f 501/8/1 499/8/1 500/8/1
f 504/8/1 503/8/1 502/8/1
f 505/8/1 503/8/1 504/8/1
f 508/8/1 507/8/1 506/8/1
f 509/8/1 507/8/1 508/8/1
f 512/8/1 511/8/1 510/8/1
f 513/8/1 511/8/1 512/8/1
f 516/8/1 515/8/1 514/8/1
f 517/8/1 515/8/1 516/8/1
f 520/8/1 519/8/1 518/8/1
f 521/8/1 519/8/1 520/8/1
f 524/8/1 523/8/1 522/8/1
f 525/8/1 523/8/1 524/8/1
f 528/8/1 527/8/1 526/8/1
f 529/8/1 527/8/1 528/8/1
f 532/8/1 531/8/1 530/8/1
f 533/8/1 531/8/1 532/8/1
f 536/8/1 535/8/1 534/8/1
f 537/8/1 535/8/1 536/8/1
f 539/7/1 469/7/1 468/7/1
f 540/7/1 469/7/1 539/7/1
f 544/7/1 539/7/1 538/7/1
f 545/7/1 539/7/1 544/7/1
f 546/8/1 542/8/1 541/8/1
f 547/8/1 542/8/1 546/8/1
f 549/7/1 544/7/1 543/7/1
f 550/7/1 544/7/1 549/7/1
f 552/7/1 549/7/1 548/7/1
f 553/7/1 549/7/1 552/7/1
f 555/7/1 552/7/1 551/7/1
f 556/7/1 552/7/1 555/7/1
f 560/7/1 555/7/1 554/7/1
f 561/7/1 555/7/1 560/7/1
f 562/8/1 558/8/1 557/8/1
f 563/8/1 558/8/1 562/8/1
f 565/7/1 560/7/1 559/7/1
f 566/7/1 560/7/1 565/7/1
f 570/7/1 565/7/1 564/7/1
f 571/7/1 565/7/1 570/7/1
f 572/8/1 568/8/1 567/8/1
f 573/8/1 568/8/1 572/8/1
f 575/7/1 570/7/1 569/7/1
f 576/7/1 570/7/1 575/7/1
f 580/7/1 575/7/1 574/7/1
f 581/7/1 575/7/1 580/7/1
f 582/7/1 575/7/1 581/7/1
f 583/8/1 578/8/1 577/8/1
f 584/8/1 578/8/1 583/8/1
f 586/7/1 580/7/1 579/7/1
f 586/7/1 581/7/1 580/7/1
f 587/7/1 581/7/1 586/7/1
f 591/7/1 586/7/1 585/7/1
f 592/7/1 586/7/1 591/7/1
f 593/8/1 589/8/1 588/8/1
f 594/8/1 589/8/1 593/8/1
f 596/7/1 591/7/1 590/7/1
f 597/7/1 591/7/1 596/7/1
f 601/7/1 596/7/1 595/7/1
f 602/7/1 596/7/1 601/7/1
f 603/8/1 599/8/1 598/8/1
f 604/8/1 599/8/1 603/8/1
f 606/7/1 601/7/1 600/7/1
f 607/7/1 601/7/1 606/7/1
f 611/7/1 606/7/1 605/7/1
f 612/7/1 606/7/1 611/7/1
f 613/8/1 609/8/1 608/8/1
f 614/8/1 609/8/1 613/8/1
f 616/7/1 611/7/1 610/7/1
f 617/7/1 611/7/1 616/7/1
f 621/7/1 616/7/1 615/7/1
f 622/7/1 616/7/1 621/7/1
f 623/8/1 619/8/1 618/8/1
f 624/8/1 619/8/1 623/8/1
f 626/7/1 621/7/1 620/7/1
f 627/7/1 621/7/1 626/7/1
f 629/7/1 626/7/1 625/7/1
f 630/7/1 626/7/1 629/7/1
f 631/7/1 629/7/1 628/7/1
f 632/7/1 629/7/1 631/7/1
f 635/6/1 634/6/1 633/6/1
f 636/6/1 634/6/1 635/6/1
f 639/6/1 638/6/1 637/6/1
f 640/6/1 638/6/1 639/6/1
f 643/6/1 642/6/1 641/6/1
f 644/6/1 642/6/1 643/6/1
f 648/6/1 646/6/1 645/6/1
f 649/6/1 648/6/1 647/6/1
f 650/6/1 646/6/1 648/6/1
f 650/6/1 648/6/1 649/6/1
f 653/6/1 652/6/1 651/6/1
f 654/6/1 652/6/1 653/6/1
f 655/6/1 652/6/1 654/6/1
f 656/6/1 652/6/1 655/6/1
f 659/6/1 658/6/1 657/6/1
f 660/6/1 658/6/1 659/6/1
f 663/9/1 662/9/1 661/9/1
f 664/9/1 662/9/1 663/9/1
f 667/9/1 662/9/1 664/9/1
f 668/9/1 662/9/1 667/9/1
f 670/5/1 666/5/1 665/5/1
f 672/5/1 670/5/1 669/5/1
f 673/9/1 662/9/1 668/9/1
f 674/9/1 662/9/1 673/9/1
f 675/9/1 662/9/1 674/9/1
f 676/9/1 662/9/1 675/9/1
f 677/5/1 672/5/1 671/5/1
f 678/5/1 670/5/1 672/5/1
f 678/5/1 672/5/1 677/5/1
f 679/9/1 662/9/1 676/9/1
f 680/9/1 662/9/1 679/9/1
f 681/5/1 670/5/1 678/5/1
f 682/5/1 666/5/1 670/5/1
f 682/5/1 670/5/1 681/5/1
f 683/5/1 666/5/1 682/5/1
f 684/5/1 666/5/1 683/5/1
f 685/9/1 662/9/1 680/9/1
f 686/9/1 662/9/1 685/9/1
f 687/9/1 662/9/1 686/9/1
f 688/9/1 662/9/1 687/9/1
f 689/9/1 662/9/1 688/9/1
f 690/9/1 662/9/1 689/9/1
f 691/9/1 662/9/1 690/9/1
f 692/9/1 662/9/1 691/9/1
f 693/9/1 662/9/1 692/9/1
f 694/9/1 662/9/1 693/9/1
f 695/9/1 662/9/1 694/9/1
f 696/9/1 662/9/1 695/9/1
f 697/9/1 662/9/1 696/9/1
f 698/9/1 662/9/1 697/9/1
f 699/9/1 662/9/1 698/9/1
f 700/9/1 662/9/1 699/9/1
f 701/9/1 662/9/1 700/9/1
f 702/9/1 662/9/1 701/9/1
f 705/5/1 704/5/1 703/5/1
f 706/5/1 704/5/1 705/5/1
f 709/5/1 708/5/1 707/5/1
f 710/5/1 708/5/1 709/5/1
f 713/5/1 712/5/1 711/5/1
f 714/5/1 712/5/1 713/5/1
f 717/9/1 716/9/1 715/9/1
f 718/9/1 716/9/1 717/9/1
f 722/5/1 720/5/1 719/5/1
f 723/5/1 722/5/1 721/5/1
f 724/5/1 720/5/1 722/5/1
f 724/5/1 722/5/1 723/5/1
f 727/5/1 726/5/1 725/5/1
f 728/5/1 726/5/1 727/5/1
f 729/5/1 726/5/1 728/5/1
f 730/5/1 726/5/1 729/5/1
f 731/9/1 716/9/1 718/9/1
f 732/9/1 716/9/1 731/9/1
f 735/5/1 734/5/1 733/5/1
f 736/5/1 734/5/1 735/5/1
f 739/12/1 738/12/1 737/12/1
f 740/12/1 738/12/1 739/12/1
f 741/12/1 739/12/1 737/12/1
f 743/12/1 741/12/1 737/12/1
f 743/12/1 742/12/1 741/12/1
f 744/12/1 742/12/1 743/12/1
f 747/12/1 746/12/1 745/12/1
f 748/12/1 746/12/1 747/12/1
f 751/12/1 750/12/1 749/12/1
f 752/12/1 750/12/1 751/12/1
f 757/9/1 754/9/1 753/9/1
f 758/9/1 754/9/1 757/9/1
f 759/8/1 756/8/1 755/8/1
f 760/8/1 756/8/1 759/8/1
f 761/7/1 760/7/1 759/7/1
f 762/8/1 756/8/1 760/8/1
f 762/7/1 760/7/1 761/7/1
f 763/8/1 756/8/1 762/8/1
f 767/9/1 765/9/1 764/9/1
f 768/8/1 766/8/1 765/8/1
f 768/9/1 765/9/1 767/9/1
f 769/7/1 768/7/1 767/7/1
f 770/8/1 766/8/1 768/8/1
f 770/7/1 768/7/1 769/7/1
f 771/8/1 766/8/1 770/8/1
f 775/8/1 773/8/1 772/8/1
f 775/8/1 774/8/1 773/8/1
f 776/8/1 774/8/1 775/8/1
f 781/8/1 778/8/1 777/8/1
f 782/7/1 780/7/1 779/7/1
f 783/8/1 781/8/1 780/8/1
f 783/7/1 780/7/1 782/7/1
f 784/8/1 778/8/1 781/8/1
f 784/8/1 781/8/1 783/8/1
f 787/6/1 786/6/1 785/6/1
f 788/6/1 786/6/1 787/6/1
f 791/10/1 790/10/1 789/10/1
f 792/10/1 790/10/1 791/10/1
f 795/6/1 794/6/1 793/6/1
f 796/6/1 794/6/1 795/6/1
f 799/6/1 798/6/1 797/6/1
f 800/6/1 798/6/1 799/6/1
f 803/10/1 802/10/1 801/10/1
f 804/10/1 802/10/1 803/10/1
f 807/1/1 806/1/1 805/1/1
f 808/1/1 806/1/1 807/1/1
f 811/1/1 810/1/1 809/1/1
f 812/1/1 810/1/1 811/1/1
f 815/9/1 814/9/1 813/9/1
f 816/9/1 814/9/1 815/9/1
f 819/10/1 818/10/1 817/10/1
f 820/10/1 818/10/1 819/10/1
f 823/1/1 822/1/1 821/1/1
f 824/1/1 822/1/1 823/1/1
f 827/10/1 826/10/1 825/10/1
f 828/10/1 826/10/1 827/10/1
f 831/2/1 830/2/1 829/2/1
f 832/2/1 830/2/1 831/2/1
f 835/2/1 834/2/1 833/2/1
f 836/2/1 834/2/1 835/2/1
f 839/2/1 838/2/1 837/2/1
f 840/2/1 838/2/1 839/2/1
f 843/10/1 842/10/1 841/10/1
f 844/10/1 842/10/1 843/10/1
f 847/10/1 846/10/1 845/10/1
f 848/10/1 846/10/1 847/10/1
f 851/10/1 850/10/1 849/10/1
f 852/10/1 850/10/1 851/10/1
f 855/6/1 854/6/1 853/6/1
f 856/6/1 854/6/1 855/6/1
f 859/9/1 858/9/1 857/9/1
f 860/9/1 858/9/1 859/9/1
f 863/10/1 862/10/1 861/10/1
f 864/10/1 862/10/1 863/10/1
f 867/10/1 866/10/1 865/10/1
f 868/10/1 866/10/1 867/10/1
f 871/6/1 870/6/1 869/6/1
f 872/6/1 870/6/1 871/6/1
f 875/6/1 874/6/1 873/6/1
f 876/6/1 874/6/1 875/6/1
f 879/10/1 878/10/1 877/10/1
f 880/10/1 878/10/1 879/10/1
f 883/6/1 882/6/1 881/6/1
f 884/6/1 882/6/1 883/6/1
f 887/6/1 886/6/1 885/6/1
f 888/6/1 886/6/1 887/6/1
f 891/10/1 890/10/1 889/10/1
f 892/10/1 890/10/1 891/10/1
f 895/10/1 894/10/1 893/10/1
f 896/10/1 894/10/1 895/10/1
f 899/6/1 898/6/1 897/6/1
f 900/6/1 898/6/1 899/6/1
f 903/9/1 902/9/1 901/9/1
f 904/9/1 902/9/1 903/9/1
f 907/6/1 906/6/1 905/6/1
f 908/6/1 906/6/1 907/6/1
f 911/10/1 910/10/1 909/10/1
f 912/10/1 910/10/1 911/10/1
f 915/10/1 914/10/1 913/10/1
f 916/10/1 914/10/1 915/10/1
f 919/10/1 918/10/1 917/10/1
f 920/10/1 918/10/1 919/10/1
f 923/10/1 922/10/1 921/10/1
f 924/10/1 922/10/1 923/10/1
f 927/6/1 926/6/1 925/6/1
f 928/6/1 926/6/1 927/6/1
f 931/6/1 930/6/1 929/6/1
f 932/6/1 930/6/1 931/6/1
f 935/10/1 934/10/1 933/10/1
f 936/10/1 934/10/1 935/10/1
f 939/10/1 938/10/1 937/10/1
f 940/10/1 938/10/1 939/10/1
f 943/6/1 942/6/1 941/6/1
f 944/6/1 942/6/1 943/6/1
f 947/10/1 946/10/1 945/10/1
f 948/10/1 946/10/1 947/10/1
f 951/9/1 950/9/1 949/9/1
f 952/9/1 950/9/1 951/9/1
f 955/10/1 954/10/1 953/10/1
f 956/10/1 954/10/1 955/10/1
f 959/6/1 958/6/1 957/6/1
f 960/6/1 958/6/1 959/6/1
f 963/9/1 962/9/1 961/9/1
f 964/9/1 962/9/1 963/9/1
f 967/10/1 966/10/1 965/10/1
f 968/10/1 966/10/1 967/10/1
f 971/6/1 970/6/1 969/6/1
f 972/6/1 970/6/1 971/6/1
f 975/10/1 974/10/1 973/10/1
f 976/10/1 974/10/1 975/10/1
f 979/6/1 978/6/1 977/6/1
f 980/6/1 978/6/1 979/6/1
f 983/10/1 982/10/1 981/10/1
f 984/10/1 982/10/1 983/10/1
f 987/6/1 986/6/1 985/6/1
f 988/6/1 986/6/1 987/6/1
f 991/6/1 990/6/1 989/6/1
f 992/6/1 990/6/1 991/6/1
f 995/9/1 994/9/1 993/9/1
f 996/9/1 994/9/1 995/9/1
f 999/10/1 998/10/1 997/10/1
f 1000/10/1 998/10/1 999/10/1
f 1003/10/1 1002/10/1 1001/10/1
f 1004/10/1 1002/10/1 1003/10/1
f 1007/6/1 1006/6/1 1005/6/1
f 1008/6/1 1006/6/1 1007/6/1
f 1011/10/1 1010/10/1 1009/10/1
f 1012/10/1 1010/10/1 1011/10/1
f 1015/9/1 1014/9/1 1013/9/1
f 1016/9/1 1014/9/1 1015/9/1
f 1019/10/1 1018/10/1 1017/10/1
f 1020/10/1 1018/10/1 1019/10/1
f 1023/6/1 1022/6/1 1021/6/1
f 1024/6/1 1022/6/1 1023/6/1
f 1027/6/1 1026/6/1 1025/6/1
f 1028/6/1 1026/6/1 1027/6/1
f 1031/10/1 1030/10/1 1029/10/1
f 1032/10/1 1030/10/1 1031/10/1
f 1035/6/1 1034/6/1 1033/6/1
f 1036/6/1 1034/6/1 1035/6/1
f 1039/10/1 1038/10/1 1037/10/1
f 1040/10/1 1038/10/1 1039/10/1
f 1043/10/1 1042/10/1 1041/10/1
f 1044/10/1 1042/10/1 1043/10/1
f 1047/6/1 1046/6/1 1045/6/1
f 1048/6/1 1046/6/1 1047/6/1
f 1051/6/1 1050/6/1 1049/6/1
f 1052/6/1 1050/6/1 1051/6/1
f 1055/9/1 1054/9/1 1053/9/1
f 1056/9/1 1054/9/1 1055/9/1
f 1059/10/1 1058/10/1 1057/10/1
f 1060/10/1 1058/10/1 1059/10/1
f 1063/6/1 1062/6/1 1061/6/1
f 1064/6/1 1062/6/1 1063/6/1
f 1067/10/1 1066/10/1 1065/10/1
f 1068/10/1 1066/10/1 1067/10/1
f 1071/10/1 1070/10/1 1069/10/1
f 1072/10/1 1070/10/1 1071/10/1
f 1075/9/1 1074/9/1 1073/9/1
f 1076/9/1 1074/9/1 1075/9/1
f 1079/10/1 1078/10/1 1077/10/1
f 1080/10/1 1078/10/1 1079/10/1
f 1083/6/1 1082/6/1 1081/6/1
f 1084/6/1 1082/6/1 1083/6/1
f 1087/6/1 1086/6/1 1085/6/1
f 1088/6/1 1086/6/1 1087/6/1
f 1091/10/1 1090/10/1 1089/10/1
f 1092/10/1 1090/10/1 1091/10/1
f 1095/6/1 1094/6/1 1093/6/1
f 1096/6/1 1094/6/1 1095/6/1
f 1099/6/1 1098/6/1 1097/6/1
f 1100/6/1 1098/6/1 1099/6/1
f 1103/6/1 1102/6/1 1101/6/1
f 1104/6/1 1102/6/1 1103/6/1
f 1107/9/1 1106/9/1 1105/9/1
f 1108/9/1 1106/9/1 1107/9/1
f 1111/6/1 1110/6/1 1109/6/1
f 1112/6/1 1110/6/1 1111/6/1
f 1115/6/1 1114/6/1 1113/6/1
f 1116/6/1 1114/6/1 1115/6/1
f 1119/10/1 1118/10/1 1117/10/1
f 1120/10/1 1118/10/1 1119/10/1
f 1123/6/1 1122/6/1 1121/6/1
f 1124/6/1 1122/6/1 1123/6/1
f 1127/6/1 1126/6/1 1125/6/1
f 1128/6/1 1126/6/1 1127/6/1
f 1131/10/1 1130/10/1 1129/10/1
f 1132/10/1 1130/10/1 1131/10/1
f 1135/10/1 1134/10/1 1133/10/1
f 1136/10/1 1134/10/1 1135/10/1
f 1139/10/1 1138/10/1 1137/10/1
f 1140/10/1 1138/10/1 1139/10/1
f 1143/10/1 1142/10/1 1141/10/1
f 1144/10/1 1142/10/1 1143/10/1
f 1147/6/1 1146/6/1 1145/6/1
f 1148/6/1 1146/6/1 1147/6/1
f 1151/10/1 1150/10/1 1149/10/1
f 1152/10/1 1150/10/1 1151/10/1
f 1155/10/1 1154/10/1 1153/10/1
f 1156/10/1 1154/10/1 1155/10/1
f 1159/12/1 1158/12/1 1157/12/1
f 1160/12/1 1158/12/1 1159/12/1
f 1163/6/1 1162/6/1 1161/6/1
f 1164/6/1 1162/6/1 1163/6/1
f 1167/6/1 1166/6/1 1165/6/1
f 1168/6/1 1166/6/1 1167/6/1
f 1171/10/1 1170/10/1 1169/10/1
f 1172/10/1 1170/10/1 1171/10/1
f 1175/10/1 1174/10/1 1173/10/1
f 1176/10/1 1174/10/1 1175/10/1
f 1179/10/1 1178/10/1 1177/10/1
f 1180/10/1 1178/10/1 1179/10/1
f 1183/6/1 1182/6/1 1181/6/1
f 1184/6/1 1182/6/1 1183/6/1
f 1187/6/1 1186/6/1 1185/6/1
f 1188/6/1 1186/6/1 1187/6/1
f 1191/10/1 1190/10/1 1189/10/1
f 1192/10/1 1190/10/1 1191/10/1
f 1195/10/1 1194/10/1 1193/10/1
f 1196/10/1 1194/10/1 1195/10/1
f 1199/6/1 1198/6/1 1197/6/1
f 1200/6/1 1198/6/1 1199/6/1
f 1203/6/1 1202/6/1 1201/6/1
f 1204/6/1 1202/6/1 1203/6/1
f 1207/10/1 1206/10/1 1205/10/1
f 1208/10/1 1206/10/1 1207/10/1
f 1211/10/1 1210/10/1 1209/10/1
f 1212/10/1 1210/10/1 1211/10/1
f 1215/6/1 1214/6/1 1213/6/1
f 1216/6/1 1214/6/1 1215/6/1
f 1219/10/1 1218/10/1 1217/10/1
f 1220/10/1 1218/10/1 1219/10/1
f 1223/10/1 1222/10/1 1221/10/1
f 1224/10/1 1222/10/1 1223/10/1
f 1227/6/1 1226/6/1 1225/6/1
f 1228/6/1 1226/6/1 1227/6/1
f 1231/6/1 1230/6/1 1229/6/1
f 1232/6/1 1230/6/1 1231/6/1
f 1235/6/1 1234/6/1 1233/6/1
f 1236/6/1 1234/6/1 1235/6/1
f 1239/6/1 1238/6/1 1237/6/1
f 1240/6/1 1238/6/1 1239/6/1
f 1243/6/1 1242/6/1 1241/6/1
f 1244/6/1 1242/6/1 1243/6/1
f 1247/6/1 1246/6/1 1245/6/1
f 1248/6/1 1246/6/1 1247/6/1
f 1251/8/1 1250/8/1 1249/8/1
f 1252/8/1 1250/8/1 1251/8/1
f 1255/9/1 1254/9/1 1253/9/1
f 1256/9/1 1254/9/1 1255/9/1
f 1259/9/1 1258/9/1 1257/9/1
f 1260/9/1 1258/9/1 1259/9/1
f 1264/7/1 1262/7/1 1261/7/1
f 1265/8/1 1263/8/1 1262/8/1
f 1265/7/1 1262/7/1 1264/7/1
f 1266/8/1 1263/8/1 1265/8/1
f 1270/9/1 1268/9/1 1267/9/1
f 1271/8/1 1269/8/1 1268/8/1
f 1271/9/1 1268/9/1 1270/9/1
f 1272/8/1 1269/8/1 1271/8/1
f 1275/7/1 1274/7/1 1273/7/1
f 1276/7/1 1274/7/1 1275/7/1
f 1280/7/1 1278/7/1 1277/7/1
f 1281/7/1 1278/7/1 1280/7/1
f 1282/9/1 1281/9/1 1280/9/1
f 1283/7/1 1278/7/1 1281/7/1
f 1283/9/1 1281/9/1 1282/9/1
f 1284/8/1 1279/8/1 1278/8/1
f 1284/7/1 1278/7/1 1283/7/1
f 1285/8/1 1279/8/1 1284/8/1
f 1288/9/1 1287/9/1 1286/9/1
f 1289/9/1 1287/9/1 1288/9/1
f 1292/7/1 1291/7/1 1290/7/1
f 1293/7/1 1292/7/1 1290/7/1
f 1295/7/1 1293/7/1 1290/7/1
f 1295/7/1 1294/7/1 1293/7/1
f 1296/7/1 1294/7/1 1295/7/1
f 1297/9/1 1296/9/1 1295/9/1
f 1298/9/1 1296/9/1 1297/9/1
f 1299/9/1 1297/9/1 1295/9/1
f 1300/9/1 1297/9/1 1299/9/1
f 1304/8/1 1302/8/1 1301/8/1
f 1304/7/1 1303/7/1 1302/7/1
f 1305/7/1 1303/7/1 1304/7/1
f 1306/8/1 1304/8/1 1301/8/1
f 1306/8/1 1305/8/1 1304/8/1
f 1307/8/1 1305/8/1 1306/8/1
f 1310/9/1 1309/9/1 1308/9/1
f 1311/9/1 1309/9/1 1310/9/1
f 1314/8/1 1313/8/1 1312/8/1
f 1315/8/1 1313/8/1 1314/8/1
f 1318/8/1 1317/8/1 1316/8/1
f 1319/8/1 1317/8/1 1318/8/1
f 1322/8/1 1321/8/1 1320/8/1
f 1323/8/1 1321/8/1 1322/8/1
f 1326/8/1 1325/8/1 1324/8/1
f 1327/8/1 1325/8/1 1326/8/1
f 1330/8/1 1329/8/1 1328/8/1
f 1331/8/1 1329/8/1 1330/8/1
f 1334/8/1 1333/8/1 1332/8/1
f 1335/8/1 1333/8/1 1334/8/1
f 1338/8/1 1337/8/1 1336/8/1
f 1339/8/1 1337/8/1 1338/8/1
f 1342/8/1 1341/8/1 1340/8/1
f 1343/8/1 1341/8/1 1342/8/1
f 1346/8/1 1345/8/1 1344/8/1
f 1347/8/1 1345/8/1 1346/8/1
f 1350/8/1 1349/8/1 1348/8/1
f 1351/8/1 1349/8/1 1350/8/1
f 1354/8/1 1353/8/1 1352/8/1
f 1355/8/1 1353/8/1 1354/8/1
f 1358/8/1 1357/8/1 1356/8/1
f 1359/8/1 1357/8/1 1358/8/1
f 1362/8/1 1361/8/1 1360/8/1
f 1363/8/1 1361/8/1 1362/8/1
f 1366/8/1 1365/8/1 1364/8/1
f 1367/8/1 1365/8/1 1366/8/1
f 1370/8/1 1369/8/1 1368/8/1
f 1371/8/1 1369/8/1 1370/8/1
f 1374/8/1 1373/8/1 1372/8/1
f 1375/8/1 1373/8/1 1374/8/1
f 1378/8/1 1377/8/1 1376/8/1
f 1379/8/1 1377/8/1 1378/8/1
f 1382/8/1 1381/8/1 1380/8/1
f 1383/8/1 1381/8/1 1382/8/1
f 1386/8/1 1385/8/1 1384/8/1
f 1387/8/1 1385/8/1 1386/8/1
f 1390/8/1 1389/8/1 1388/8/1
f 1391/8/1 1389/8/1 1390/8/1
f 1394/8/1 1393/8/1 1392/8/1
f 1395/8/1 1393/8/1 1394/8/1
f 1398/8/1 1397/8/1 1396/8/1
f 1399/8/1 1397/8/1 1398/8/1
f 1402/8/1 1401/8/1 1400/8/1
f 1403/8/1 1401/8/1 1402/8/1
f 1406/8/1 1405/8/1 1404/8/1
f 1407/8/1 1405/8/1 1406/8/1
f 1410/8/1 1409/8/1 1408/8/1
f 1411/8/1 1409/8/1 1410/8/1
f 1414/8/1 1413/8/1 1412/8/1
f 1415/8/1 1413/8/1 1414/8/1
f 1418/8/1 1417/8/1 1416/8/1
f 1419/8/1 1417/8/1 1418/8/1
f 1422/8/1 1421/8/1 1420/8/1
f 1423/8/1 1421/8/1 1422/8/1
f 1426/8/1 1425/8/1 1424/8/1
f 1427/8/1 1425/8/1 1426/8/1
f 1430/8/1 1429/8/1 1428/8/1
f 1431/8/1 1429/8/1 1430/8/1
f 1434/8/1 1433/8/1 1432/8/1
f 1435/8/1 1433/8/1 1434/8/1
f 1438/8/1 1437/8/1 1436/8/1
f 1439/8/1 1437/8/1 1438/8/1
f 1442/8/1 1441/8/1 1440/8/1
f 1443/8/1 1441/8/1 1442/8/1
f 1446/8/1 1445/8/1 1444/8/1
f 1447/8/1 1445/8/1 1446/8/1
f 1450/8/1 1449/8/1 1448/8/1
f 1451/8/1 1449/8/1 1450/8/1
f 1454/8/1 1453/8/1 1452/8/1
f 1455/8/1 1453/8/1 1454/8/1
f 1458/8/1 1457/8/1 1456/8/1
f 1459/8/1 1457/8/1 1458/8/1
f 1462/8/1 1461/8/1 1460/8/1
f 1463/8/1 1461/8/1 1462/8/1
f 1466/8/1 1465/8/1 1464/8/1
f 1467/8/1 1465/8/1 1466/8/1
f 1470/8/1 1469/8/1 1468/8/1
f 1471/8/1 1469/8/1 1470/8/1
f 1474/8/1 1473/8/1 1472/8/1
f 1475/8/1 1473/8/1 1474/8/1
f 1478/8/1 1477/8/1 1476/8/1
f 1479/8/1 1477/8/1 1478/8/1
f 1482/8/1 1481/8/1 1480/8/1
f 1483/8/1 1481/8/1 1482/8/1
f 1486/8/1 1485/8/1 1484/8/1
f 1487/8/1 1485/8/1 1486/8/1
f 1490/8/1 1489/8/1 1488/8/1
f 1491/8/1 1489/8/1 1490/8/1
f 1494/8/1 1493/8/1 1492/8/1
f 1495/8/1 1493/8/1 1494/8/1
f 1498/8/1 1497/8/1 1496/8/1
f 1499/8/1 1497/8/1 1498/8/1
f 1502/8/1 1501/8/1 1500/8/1
f 1503/8/1 1501/8/1 1502/8/1
f 1506/8/1 1505/8/1 1504/8/1
f 1507/8/1 1505/8/1 1506/8/1
f 1510/8/1 1509/8/1 1508/8/1
f 1511/8/1 1509/8/1 1510/8/1
f 1514/8/1 1513/8/1 1512/8/1
f 1515/8/1 1513/8/1 1514/8/1
f 1518/8/1 1517/8/1 1516/8/1
f 1519/8/1 1517/8/1 1518/8/1
f 1522/8/1 1521/8/1 1520/8/1
f 1523/8/1 1521/8/1 1522/8/1
f 1526/8/1 1525/8/1 1524/8/1
f 1527/8/1 1525/8/1 1526/8/1
f 1530/8/1 1529/8/1 1528/8/1
f 1531/8/1 1529/8/1 1530/8/1
f 1534/8/1 1533/8/1 1532/8/1
f 1535/8/1 1533/8/1 1534/8/1
f 1538/8/1 1537/8/1 1536/8/1
f 1539/8/1 1537/8/1 1538/8/1
f 1542/8/1 1541/8/1 1540/8/1
f 1543/8/1 1541/8/1 1542/8/1
f 1544/7/2 1545/7/2 1547/7/2
f 1545/8/2 1546/8/2 1548/8/2
f 1547/7/2 1545/7/2 1548/7/2
f 1548/8/2 1546/8/2 1549/8/2
f 1550/8/2 1551/8/2 1553/8/2
f 1551/8/2 1552/8/2 1553/8/2
f 1553/8/2 1552/8/2 1554/8/2
f 1555/8/2 1556/8/2 1557/8/2
f 1557/8/2 1556/8/2 1558/8/2
f 1559/8/2 1560/8/2 1561/8/2
f 1561/8/2 1560/8/2 1562/8/2
f 1563/8/2 1564/8/2 1565/8/2
f 1565/8/2 1564/8/2 1566/8/2
f 1567/8/2 1568/8/2 1569/8/2
f 1569/8/2 1568/8/2 1570/8/2
f 1571/8/2 1572/8/2 1573/8/2
f 1573/8/2 1572/8/2 1574/8/2
f 1575/8/2 1576/8/2 1577/8/2
f 1577/8/2 1576/8/2 1578/8/2
f 1579/8/2 1580/8/2 1581/8/2
f 1581/8/2 1580/8/2 1582/8/2
f 1583/8/2 1584/8/2 1585/8/2
f 1585/8/2 1584/8/2 1586/8/2
f 1587/8/2 1588/8/2 1589/8/2
f 1589/8/2 1588/8/2 1590/8/2
f 1591/8/2 1592/8/2 1593/8/2
f 1593/8/2 1592/8/2 1594/8/2
f 1595/8/2 1596/8/2 1597/8/2
f 1597/8/2 1596/8/2 1598/8/2
f 1599/8/2 1600/8/2 1601/8/2
f 1601/8/2 1600/8/2 1602/8/2
f 1603/8/2 1604/8/2 1605/8/2
f 1605/8/2 1604/8/2 1606/8/2
f 1607/8/2 1608/8/2 1609/8/2
f 1609/8/2 1608/8/2 1610/8/2
f 1611/8/2 1612/8/2 1613/8/2
f 1613/8/2 1612/8/2 1614/8/2
f 1615/8/2 1616/8/2 1617/8/2
f 1617/8/2 1616/8/2 1618/8/2
f 1619/8/2 1620/8/2 1621/8/2
f 1621/8/2 1620/8/2 1622/8/2
f 1623/8/2 1624/8/2 1625/8/2
f 1625/8/2 1624/8/2 1626/8/2
f 1627/8/2 1628/8/2 1629/8/2
f 1629/8/2 1628/8/2 1630/8/2
f 1631/8/2 1632/8/2 1633/8/2
f 1633/8/2 1632/8/2 1634/8/2
f 1635/8/2 1636/8/2 1637/8/2
f 1637/8/2 1636/8/2 1638/8/2
f 1639/8/2 1640/8/2 1641/8/2
f 1641/8/2 1640/8/2 1642/8/2
f 1643/8/2 1644/8/2 1645/8/2
f 1645/8/2 1644/8/2 1646/8/2
f 1647/8/2 1648/8/2 1649/8/2
f 1649/8/2 1648/8/2 1650/8/2
f 1651/8/2 1652/8/2 1653/8/2
f 1653/8/2 1652/8/2 1654/8/2
f 1655/8/2 1656/8/2 1657/8/2
f 1657/8/2 1656/8/2 1658/8/2
f 1659/8/2 1660/8/2 1661/8/2
f 1661/8/2 1660/8/2 1662/8/2
f 1663/8/2 1664/8/2 1665/8/2
f 1665/8/2 1664/8/2 1666/8/2
f 1667/8/2 1668/8/2 1669/8/2
f 1669/8/2 1668/8/2 1670/8/2
f 1671/9/2 1672/9/2 1675/9/2
f 1675/9/2 1672/9/2 1676/9/2
f 1673/8/2 1674/8/2 1677/8/2
f 1677/8/2 1674/8/2 1678/8/2
f 1677/7/2 1678/7/2 1679/7/2
f 1678/8/2 1674/8/2 1680/8/2
f 1679/7/2 1678/7/2 1680/7/2
f 1680/8/2 1674/8/2 1681/8/2
f 1682/9/2 1683/9/2 1685/9/2
f 1683/8/2 1684/8/2 1686/8/2
f 1685/9/2 1683/9/2 1686/9/2
f 1685/7/2 1686/7/2 1687/7/2
f 1686/8/2 1684/8/2 1688/8/2
f 1687/7/2 1686/7/2 1688/7/2
f 1688/8/2 1684/8/2 1689/8/2
f 1690/4/2 1691/4/2 1692/4/2
f 1692/4/2 1691/4/2 1693/4/2
f 1694/8/2 1695/8/2 1696/8/2
f 1696/8/2 1695/8/2 1697/8/2
f 1698/8/2 1699/8/2 1700/8/2
f 1700/8/2 1699/8/2 1701/8/2
f 1702/12/2 1703/12/2 1704/12/2
f 1704/12/2 1703/12/2 1705/12/2
f 1706/8/2 1707/8/2 1708/8/2
f 1708/8/2 1707/8/2 1709/8/2
f 1710/8/2 1711/8/2 1712/8/2
f 1712/8/2 1711/8/2 1713/8/2
f 1714/8/2 1715/8/2 1716/8/2
f 1716/8/2 1715/8/2 1717/8/2
f 1718/8/2 1719/8/2 1720/8/2
f 1720/8/2 1719/8/2 1721/8/2
f 1722/8/2 1723/8/2 1724/8/2
f 1724/8/2 1723/8/2 1725/8/2
f 1726/8/2 1727/8/2 1728/8/2
f 1728/8/2 1727/8/2 1729/8/2
f 1730/4/2 1731/4/2 1733/4/2
f 1732/4/2 1733/4/2 1734/4/2
f 1733/4/2 1731/4/2 1735/4/2
f 1734/4/2 1733/4/2 1735/4/2
f 1736/4/2 1737/4/2 1738/4/2
f 1738/4/2 1737/4/2 1739/4/2
f 1740/8/2 1741/8/2 1742/8/2
f 1742/8/2 1741/8/2 1743/8/2
f 1744/8/2 1745/8/2 1746/8/2
f 1746/8/2 1745/8/2 1747/8/2
f 1748/8/2 1749/8/2 1750/8/2
f 1750/8/2 1749/8/2 1751/8/2
f 1752/8/2 1753/8/2 1754/8/2
f 1754/8/2 1753/8/2 1755/8/2
f 1756/8/2 1757/8/2 1758/8/2
f 1758/8/2 1757/8/2 1759/8/2
f 1760/8/2 1761/8/2 1762/8/2
f 1762/8/2 1761/8/2 1763/8/2
f 1764/8/2 1765/8/2 1766/8/2
f 1766/8/2 1765/8/2 1767/8/2
f 1768/4/2 1769/4/2 1770/4/2
f 1770/4/2 1769/4/2 1771/4/2
f 1772/4/2 1773/4/2 1775/4/2
f 1775/4/2 1773/4/2 1776/4/2
f 1774/4/2 1775/4/2 1776/4/2
f 1776/4/2 1773/4/2 1777/4/2
f 1774/4/2 1776/4/2 1778/4/2
f 1776/9/2 1777/9/2 1778/9/2
f 1778/9/2 1777/9/2 1779/9/2
f 1774/4/2 1778/4/2 1780/4/2
f 1778/4/2 1779/4/2 1780/4/2
f 1780/4/2 1779/4/2 1781/4/2
f 1782/8/2 1783/8/2 1784/8/2
f 1784/8/2 1783/8/2 1785/8/2
f 1786/8/2 1787/8/2 1788/8/2
f 1788/8/2 1787/8/2 1789/8/2
f 1790/8/2 1791/8/2 1792/8/2
f 1792/8/2 1791/8/2 1793/8/2
f 1794/8/2 1795/8/2 1796/8/2
f 1796/8/2 1795/8/2 1797/8/2
f 1798/8/2 1799/8/2 1800/8/2
f 1800/8/2 1799/8/2 1801/8/2
f 1802/8/2 1803/8/2 1804/8/2
f 1804/8/2 1803/8/2 1805/8/2
f 1806/8/2 1807/8/2 1808/8/2
f 1808/8/2 1807/8/2 1809/8/2
f 1810/8/2 1811/8/2 1812/8/2
f 1812/8/2 1811/8/2 1813/8/2
f 1814/8/2 1815/8/2 1816/8/2
f 1816/8/2 1815/8/2 1817/8/2
f 1818/8/2 1819/8/2 1820/8/2
f 1820/8/2 1819/8/2 1821/8/2
f 1822/8/2 1823/8/2 1824/8/2
f 1824/8/2 1823/8/2 1825/8/2
f 1826/8/2 1827/8/2 1828/8/2
f 1828/8/2 1827/8/2 1829/8/2
f 1830/8/2 1831/8/2 1832/8/2
f 1832/8/2 1831/8/2 1833/8/2
f 1834/6/2 1835/6/2 1836/6/2
f 1836/6/2 1835/6/2 1837/6/2
f 1838/9/2 1839/9/2 1840/9/2
f 1840/9/2 1839/9/2 1841/9/2
f 1842/6/2 1843/6/2 1845/6/2
f 1844/6/2 1845/6/2 1846/6/2
f 1845/6/2 1843/6/2 1847/6/2
f 1846/6/2 1845/6/2 1847/6/2
f 1848/6/2 1849/6/2 1850/6/2
f 1850/6/2 1849/6/2 1851/6/2
f 1851/6/2 1849/6/2 1852/6/2
f 1852/6/2 1849/6/2 1853/6/2
f 1854/8/2 1855/8/2 1857/8/2
f 1855/7/2 1856/7/2 1857/7/2
f 1857/7/2 1856/7/2 1858/7/2
f 1854/8/2 1857/8/2 1859/8/2
f 1857/8/2 1858/8/2 1859/8/2
f 1859/8/2 1858/8/2 1860/8/2
f 1859/12/2 1860/12/2 1861/12/2
f 1860/8/2 1858/8/2 1862/8/2
f 1861/12/2 1860/12/2 1862/12/2
f 1862/8/2 1858/8/2 1863/8/2
f 1864/6/2 1865/6/2 1866/6/2
f 1866/6/2 1865/6/2 1867/6/2
f 1868/6/2 1869/6/2 1870/6/2
f 1870/6/2 1869/6/2 1871/6/2
f 1872/6/2 1873/6/2 1874/6/2
f 1874/6/2 1873/6/2 1875/6/2
f 1876/6/2 1877/6/2 1879/6/2
f 1878/6/2 1879/6/2 1881/6/2
f 1880/6/2 1881/6/2 1882/6/2
f 1881/6/2 1879/6/2 1883/6/2
f 1882/6/2 1881/6/2 1883/6/2
f 1883/6/2 1879/6/2 1884/6/2
f 1879/6/2 1877/6/2 1885/6/2
f 1884/6/2 1879/6/2 1885/6/2
f 1885/6/2 1877/6/2 1886/6/2
f 1886/6/2 1877/6/2 1887/6/2
f 1888/7/2 1889/7/2 1890/7/2
f 1888/7/2 1890/7/2 1891/7/2
f 1888/7/2 1891/7/2 1893/7/2
f 1891/7/2 1892/7/2 1893/7/2
f 1893/7/2 1892/7/2 1894/7/2
f 1893/9/2 1894/9/2 1895/9/2
f 1895/9/2 1894/9/2 1896/9/2
f 1893/9/2 1895/9/2 1897/9/2
f 1897/9/2 1895/9/2 1898/9/2
f 1899/7/2 1900/7/2 1901/7/2
f 1901/7/2 1900/7/2 1902/7/2
f 1903/7/2 1904/7/2 1906/7/2
f 1906/7/2 1904/7/2 1907/7/2
f 1906/9/2 1907/9/2 1908/9/2
f 1907/7/2 1904/7/2 1909/7/2
f 1908/9/2 1907/9/2 1909/9/2
f 1904/8/2 1905/8/2 1910/8/2
f 1909/7/2 1904/7/2 1910/7/2
f 1910/8/2 1905/8/2 1911/8/2
f 1912/9/2 1913/9/2 1914/9/2
f 1914/9/2 1913/9/2 1915/9/2
f 1916/7/2 1917/7/2 1919/7/2
f 1917/8/2 1918/8/2 1920/8/2
f 1919/7/2 1917/7/2 1920/7/2
f 1920/8/2 1918/8/2 1921/8/2
f 1922/9/2 1923/9/2 1925/9/2
f 1923/8/2 1924/8/2 1926/8/2
f 1925/9/2 1923/9/2 1926/9/2
f 1926/8/2 1924/8/2 1927/8/2
f 1928/5/2 1929/5/2 1930/5/2
f 1930/5/2 1929/5/2 1931/5/2
f 1932/5/2 1933/5/2 1935/5/2
f 1934/5/2 1935/5/2 1936/5/2
f 1935/5/2 1933/5/2 1937/5/2
f 1936/5/2 1935/5/2 1937/5/2
f 1938/5/2 1939/5/2 1940/5/2
f 1940/5/2 1939/5/2 1941/5/2
f 1941/5/2 1939/5/2 1942/5/2
f 1942/5/2 1939/5/2 1943/5/2
f 1944/5/2 1945/5/2 1946/5/2
f 1946/5/2 1945/5/2 1947/5/2
f 1948/5/2 1949/5/2 1950/5/2
f 1950/5/2 1949/5/2 1951/5/2
f 1952/5/2 1953/5/2 1954/5/2
f 1954/5/2 1953/5/2 1955/5/2
f 1956/5/2 1957/5/2 1959/5/2
f 1958/5/2 1959/5/2 1961/5/2
f 1960/5/2 1961/5/2 1962/5/2
f 1961/5/2 1959/5/2 1963/5/2
f 1962/5/2 1961/5/2 1963/5/2
f 1963/5/2 1959/5/2 1964/5/2
f 1959/5/2 1957/5/2 1965/5/2
f 1964/5/2 1959/5/2 1965/5/2
f 1965/5/2 1957/5/2 1966/5/2
f 1966/5/2 1957/5/2 1967/5/2
f 1968/8/2 1969/8/2 1970/8/2
f 1970/8/2 1969/8/2 1971/8/2
f 1970/7/2 1971/7/2 1972/7/2
f 1971/8/2 1969/8/2 1973/8/2
f 1972/7/2 1971/7/2 1973/7/2
f 1973/8/2 1969/8/2 1974/8/2
f 1975/12/2 1976/12/2 1977/12/2
f 1977/12/2 1976/12/2 1978/12/2
f 1979/9/2 1980/9/2 1982/9/2
f 1980/8/2 1981/8/2 1983/8/2
f 1982/9/2 1980/9/2 1983/9/2
f 1982/7/2 1983/7/2 1984/7/2
f 1983/8/2 1981/8/2 1985/8/2
f 1984/7/2 1983/7/2 1985/7/2
f 1985/8/2 1981/8/2 1986/8/2
f 1987/12/2 1988/12/2 1989/12/2
f 1989/12/2 1988/12/2 1990/12/2
f 1991/12/2 1992/12/2 1993/12/2
f 1993/12/2 1992/12/2 1994/12/2
f 1995/8/2 1996/8/2 1997/8/2
f 1995/8/2 1997/8/2 1998/8/2
f 1998/8/2 1997/8/2 1999/8/2
f 1998/7/2 1999/7/2 2000/7/2
f 2000/7/2 1999/7/2 2001/7/2
f 2002/8/2 2003/8/2 2004/8/2
f 2004/8/2 2003/8/2 2005/8/2
f 2006/6/2 2007/6/2 2008/6/2
f 2008/6/2 2007/6/2 2009/6/2
f 2010/10/2 2011/10/2 2012/10/2
f 2012/10/2 2011/10/2 2013/10/2
f 2014/6/2 2015/6/2 2016/6/2
f 2016/6/2 2015/6/2 2017/6/2
f 2018/6/2 2019/6/2 2020/6/2
f 2020/6/2 2019/6/2 2021/6/2
f 2022/10/2 2023/10/2 2024/10/2
f 2024/10/2 2023/10/2 2025/10/2
f 2026/1/2 2027/1/2 2028/1/2
f 2028/1/2 2027/1/2 2029/1/2
f 2030/1/2 2031/1/2 2032/1/2
f 2032/1/2 2031/1/2 2033/1/2
f 2034/10/2 2035/10/2 2036/10/2
f 2036/10/2 2035/10/2 2037/10/2
f 2038/1/2 2039/1/2 2040/1/2
f 2040/1/2 2039/1/2 2041/1/2
f 2042/10/2 2043/10/2 2044/10/2
f 2044/10/2 2043/10/2 2045/10/2
f 2046/2/2 2047/2/2 2048/2/2
f 2048/2/2 2047/2/2 2049/2/2
f 2050/2/2 2051/2/2 2052/2/2
f 2052/2/2 2051/2/2 2053/2/2
f 2054/2/2 2055/2/2 2056/2/2
f 2056/2/2 2055/2/2 2057/2/2
f 2058/10/2 2059/10/2 2060/10/2
f 2060/10/2 2059/10/2 2061/10/2
f 2062/10/2 2063/10/2 2064/10/2
f 2064/10/2 2063/10/2 2065/10/2
f 2066/9/2 2067/9/2 2068/9/2
f 2068/9/2 2067/9/2 2069/9/2
f 2070/10/2 2071/10/2 2072/10/2
f 2072/10/2 2071/10/2 2073/10/2
f 2074/6/2 2075/6/2 2076/6/2
f 2076/6/2 2075/6/2 2077/6/2
f 2078/10/2 2079/10/2 2080/10/2
f 2080/10/2 2079/10/2 2081/10/2
f 2082/6/2 2083/6/2 2084/6/2
f 2084/6/2 2083/6/2 2085/6/2
f 2086/6/2 2087/6/2 2088/6/2
f 2088/6/2 2087/6/2 2089/6/2
f 2090/10/2 2091/10/2 2092/10/2
f 2092/10/2 2091/10/2 2093/10/2
f 2094/10/2 2095/10/2 2096/10/2
f 2096/10/2 2095/10/2 2097/10/2
f 2098/10/2 2099/10/2 2100/10/2
f 2100/10/2 2099/10/2 2101/10/2
f 2102/6/2 2103/6/2 2104/6/2
f 2104/6/2 2103/6/2 2105/6/2
f 2106/6/2 2107/6/2 2108/6/2
f 2108/6/2 2107/6/2 2109/6/2
f 2110/9/2 2111/9/2 2112/9/2
f 2112/9/2 2111/9/2 2113/9/2
f 2114/10/2 2115/10/2 2116/10/2
f 2116/10/2 2115/10/2 2117/10/2
f 2118/6/2 2119/6/2 2120/6/2
f 2120/6/2 2119/6/2 2121/6/2
f 2122/6/2 2123/6/2 2124/6/2
f 2124/6/2 2123/6/2 2125/6/2
f 2126/10/2 2127/10/2 2128/10/2
f 2128/10/2 2127/10/2 2129/10/2
f 2130/6/2 2131/6/2 2132/6/2
f 2132/6/2 2131/6/2 2133/6/2
f 2134/10/2 2135/10/2 2136/10/2
f 2136/10/2 2135/10/2 2137/10/2
f 2138/10/2 2139/10/2 2140/10/2
f 2140/10/2 2139/10/2 2141/10/2
f 2142/6/2 2143/6/2 2144/6/2
f 2144/6/2 2143/6/2 2145/6/2
f 2146/9/2 2147/9/2 2148/9/2
f 2148/9/2 2147/9/2 2149/9/2
f 2150/10/2 2151/10/2 2152/10/2
f 2152/10/2 2151/10/2 2153/10/2
f 2154/10/2 2155/10/2 2156/10/2
f 2156/10/2 2155/10/2 2157/10/2
f 2158/10/2 2159/10/2 2160/10/2
f 2160/10/2 2159/10/2 2161/10/2
f 2162/6/2 2163/6/2 2164/6/2
f 2164/6/2 2163/6/2 2165/6/2
f 2166/6/2 2167/6/2 2168/6/2
f 2168/6/2 2167/6/2 2169/6/2
f 2170/6/2 2171/6/2 2172/6/2
f 2172/6/2 2171/6/2 2173/6/2
f 2174/10/2 2175/10/2 2176/10/2
f 2176/10/2 2175/10/2 2177/10/2
f 2178/10/2 2179/10/2 2180/10/2
f 2180/10/2 2179/10/2 2181/10/2
f 2182/6/2 2183/6/2 2184/6/2
f 2184/6/2 2183/6/2 2185/6/2
f 2186/10/2 2187/10/2 2188/10/2
f 2188/10/2 2187/10/2 2189/10/2
f 2190/10/2 2191/10/2 2192/10/2
f 2192/10/2 2191/10/2 2193/10/2
f 2194/6/2 2195/6/2 2196/6/2
f 2196/6/2 2195/6/2 2197/6/2
f 2198/9/2 2199/9/2 2200/9/2
f 2200/9/2 2199/9/2 2201/9/2
f 2202/10/2 2203/10/2 2204/10/2
f 2204/10/2 2203/10/2 2205/10/2
f 2206/10/2 2207/10/2 2208/10/2
f 2208/10/2 2207/10/2 2209/10/2
f 2210/6/2 2211/6/2 2212/6/2
f 2212/6/2 2211/6/2 2213/6/2
f 2214/10/2 2215/10/2 2216/10/2
f 2216/10/2 2215/10/2 2217/10/2
f 2218/6/2 2219/6/2 2220/6/2
f 2220/6/2 2219/6/2 2221/6/2
f 2222/9/2 2223/9/2 2224/9/2
f 2224/9/2 2223/9/2 2225/9/2
f 2226/10/2 2227/10/2 2228/10/2
f 2228/10/2 2227/10/2 2229/10/2
f 2230/10/2 2231/10/2 2232/10/2
f 2232/10/2 2231/10/2 2233/10/2
f 2234/10/2 2235/10/2 2236/10/2
f 2236/10/2 2235/10/2 2237/10/2
f 2238/6/2 2239/6/2 2240/6/2
f 2240/6/2 2239/6/2 2241/6/2
f 2242/6/2 2243/6/2 2244/6/2
f 2244/6/2 2243/6/2 2245/6/2
f 2246/10/2 2247/10/2 2248/10/2
f 2248/10/2 2247/10/2 2249/10/2
f 2250/6/2 2251/6/2 2252/6/2
f 2252/6/2 2251/6/2 2253/6/2
f 2254/6/2 2255/6/2 2256/6/2
f 2256/6/2 2255/6/2 2257/6/2
f 2258/6/2 2259/6/2 2260/6/2
f 2260/6/2 2259/6/2 2261/6/2
f 2262/9/2 2263/9/2 2264/9/2
f 2264/9/2 2263/9/2 2265/9/2
f 2266/10/2 2267/10/2 2268/10/2
f 2268/10/2 2267/10/2 2269/10/2
f 2270/10/2 2271/10/2 2272/10/2
f 2272/10/2 2271/10/2 2273/10/2
f 2274/10/2 2275/10/2 2276/10/2
f 2276/10/2 2275/10/2 2277/10/2
f 2278/10/2 2279/10/2 2280/10/2
f 2280/10/2 2279/10/2 2281/10/2
f 2282/6/2 2283/6/2 2284/6/2
f 2284/6/2 2283/6/2 2285/6/2
f 2286/10/2 2287/10/2 2288/10/2
f 2288/10/2 2287/10/2 2289/10/2
f 2290/9/2 2291/9/2 2292/9/2
f 2292/9/2 2291/9/2 2293/9/2
f 2294/10/2 2295/10/2 2296/10/2
f 2296/10/2 2295/10/2 2297/10/2
f 2298/6/2 2299/6/2 2300/6/2
f 2300/6/2 2299/6/2 2301/6/2
f 2302/6/2 2303/6/2 2304/6/2
f 2304/6/2 2303/6/2 2305/6/2
f 2306/10/2 2307/10/2 2308/10/2
f 2308/10/2 2307/10/2 2309/10/2
f 2310/10/2 2311/10/2 2312/10/2
f 2312/10/2 2311/10/2 2313/10/2
f 2314/10/2 2315/10/2 2316/10/2
f 2316/10/2 2315/10/2 2317/10/2
f 2318/6/2 2319/6/2 2320/6/2
f 2320/6/2 2319/6/2 2321/6/2
f 2322/6/2 2323/6/2 2324/6/2
f 2324/6/2 2323/6/2 2325/6/2
f 2326/6/2 2327/6/2 2328/6/2
f 2328/6/2 2327/6/2 2329/6/2
f 2330/9/2 2331/9/2 2332/9/2
f 2332/9/2 2331/9/2 2333/9/2
f 2334/10/2 2335/10/2 2336/10/2
f 2336/10/2 2335/10/2 2337/10/2
f 2338/6/2 2339/6/2 2340/6/2
f 2340/6/2 2339/6/2 2341/6/2
f 2342/10/2 2343/10/2 2344/10/2
f 2344/10/2 2343/10/2 2345/10/2
f 2346/6/2 2347/6/2 2348/6/2
f 2348/6/2 2347/6/2 2349/6/2
f 2350/6/2 2351/6/2 2352/6/2
f 2352/6/2 2351/6/2 2353/6/2
f 2354/9/2 2355/9/2 2356/9/2
f 2356/9/2 2355/9/2 2357/9/2
f 2358/6/2 2359/6/2 2360/6/2
f 2360/6/2 2359/6/2 2361/6/2
f 2362/9/2 2363/9/2 2364/9/2
f 2364/9/2 2363/9/2 2365/9/2
f 2366/10/2 2367/10/2 2368/10/2
f 2368/10/2 2367/10/2 2369/10/2
f 2370/6/2 2371/6/2 2372/6/2
f 2372/6/2 2371/6/2 2373/6/2
f 2374/10/2 2375/10/2 2376/10/2
f 2376/10/2 2375/10/2 2377/10/2
f 2378/10/2 2379/10/2 2380/10/2
f 2380/10/2 2379/10/2 2381/10/2
f 2382/10/2 2383/10/2 2384/10/2
f 2384/10/2 2383/10/2 2385/10/2
f 2386/10/2 2387/10/2 2388/10/2
f 2388/10/2 2387/10/2 2389/10/2
f 2390/6/2 2391/6/2 2392/6/2
f 2392/6/2 2391/6/2 2393/6/2
f 2394/6/2 2395/6/2 2396/6/2
f 2396/6/2 2395/6/2 2397/6/2
f 2398/10/2 2399/10/2 2400/10/2
f 2400/10/2 2399/10/2 2401/10/2
f 2402/10/2 2403/10/2 2404/10/2
f 2404/10/2 2403/10/2 2405/10/2
f 2406/6/2 2407/6/2 2408/6/2
f 2408/6/2 2407/6/2 2409/6/2
f 2410/6/2 2411/6/2 2412/6/2
f 2412/6/2 2411/6/2 2413/6/2
f 2414/10/2 2415/10/2 2416/10/2
f 2416/10/2 2415/10/2 2417/10/2
f 2418/10/2 2419/10/2 2420/10/2
f 2420/10/2 2419/10/2 2421/10/2
f 2422/6/2 2423/6/2 2424/6/2
f 2424/6/2 2423/6/2 2425/6/2
f 2426/6/2 2427/6/2 2428/6/2
f 2428/6/2 2427/6/2 2429/6/2
f 2430/10/2 2431/10/2 2432/10/2
f 2432/10/2 2431/10/2 2433/10/2
f 2434/6/2 2435/6/2 2436/6/2
f 2436/6/2 2435/6/2 2437/6/2
f 2438/6/2 2439/6/2 2440/6/2
f 2440/6/2 2439/6/2 2441/6/2
f 2442/10/2 2443/10/2 2444/10/2
f 2444/10/2 2443/10/2 2445/10/2
f 2446/10/2 2447/10/2 2448/10/2
f 2448/10/2 2447/10/2 2449/10/2
f 2450/6/2 2451/6/2 2452/6/2
f 2452/6/2 2451/6/2 2453/6/2
f 2454/10/2 2455/10/2 2456/10/2
f 2456/10/2 2455/10/2 2457/10/2
f 2458/10/2 2459/10/2 2460/10/2
f 2460/10/2 2459/10/2 2461/10/2
f 2462/10/2 2463/10/2 2464/10/2
f 2464/10/2 2463/10/2 2465/10/2
f 2466/6/2 2467/6/2 2468/6/2
f 2468/6/2 2467/6/2 2469/6/2
f 2470/6/2 2471/6/2 2472/6/2
f 2472/6/2 2471/6/2 2473/6/2
f 2474/10/2 2475/10/2 2476/10/2
f 2476/10/2 2475/10/2 2477/10/2
f 2478/6/2 2479/6/2 2480/6/2
f 2480/6/2 2479/6/2 2481/6/2
f 2482/6/2 2483/6/2 2484/6/2
f 2484/6/2 2483/6/2 2485/6/2
f 2486/12/2 2487/12/2 2488/12/2
f 2488/12/2 2487/12/2 2489/12/2
f 2490/6/2 2491/6/2 2492/6/2
f 2492/6/2 2491/6/2 2493/6/2
f 2494/6/2 2495/6/2 2496/6/2
f 2496/6/2 2495/6/2 2497/6/2
f 2498/9/2 2499/9/2 2500/9/2
f 2500/9/2 2499/9/2 2501/9/2
f 2502/9/2 2503/9/2 2504/9/2
f 2504/9/2 2503/9/2 2505/9/2
f 2505/9/2 2503/9/2 2506/9/2
f 2506/9/2 2503/9/2 2507/9/2
f 2508/9/2 2509/9/2 2510/9/2
f 2510/9/2 2509/9/2 2511/9/2
f 2511/9/2 2509/9/2 2514/9/2
f 2514/9/2 2509/9/2 2515/9/2
f 2512/9/2 2513/9/2 2516/9/2
f 2516/9/2 2513/9/2 2517/9/2
f 2515/9/2 2509/9/2 2518/9/2
f 2518/9/2 2509/9/2 2519/9/2
f 2519/9/2 2509/9/2 2520/9/2
f 2520/9/2 2509/9/2 2521/9/2
f 2521/9/2 2509/9/2 2522/9/2
f 2522/9/2 2509/9/2 2523/9/2
f 2523/9/2 2509/9/2 2524/9/2
f 2524/9/2 2509/9/2 2525/9/2
f 2525/9/2 2509/9/2 2526/9/2
f 2526/9/2 2509/9/2 2527/9/2
f 2527/9/2 2509/9/2 2528/9/2
f 2528/9/2 2509/9/2 2529/9/2
f 2529/9/2 2509/9/2 2530/9/2
f 2530/9/2 2509/9/2 2531/9/2
f 2531/9/2 2509/9/2 2532/9/2
f 2532/9/2 2509/9/2 2533/9/2
f 2533/9/2 2509/9/2 2534/9/2
f 2534/9/2 2509/9/2 2535/9/2
f 2535/9/2 2509/9/2 2536/9/2
f 2536/9/2 2509/9/2 2537/9/2
f 2537/9/2 2509/9/2 2538/9/2
f 2538/9/2 2509/9/2 2539/9/2
f 2539/9/2 2509/9/2 2540/9/2
f 2540/9/2 2509/9/2 2541/9/2
f 2542/9/2 2543/9/2 2544/9/2
f 2544/9/2 2543/9/2 2545/9/2
f 2545/9/2 2546/9/2 2547/9/2
f 2547/9/2 2546/9/2 2548/9/2
f 2548/9/2 2549/9/2 2552/9/2
f 2552/9/2 2549/9/2 2553/9/2
f 2553/9/2 2554/9/2 2555/9/2
f 2555/9/2 2554/9/2 2556/9/2
f 2556/9/2 2557/9/2 2558/9/2
f 2558/9/2 2557/9/2 2559/9/2
f 2559/9/2 2560/9/2 2561/9/2
f 2561/9/2 2560/9/2 2562/9/2
f 2550/8/2 2551/8/2 2564/8/2
f 2564/8/2 2551/8/2 2565/8/2
f 2562/9/2 2563/9/2 2566/9/2
f 2566/9/2 2563/9/2 2567/9/2
f 2567/9/2 2568/9/2 2569/9/2
f 2569/9/2 2568/9/2 2570/9/2
f 2570/9/2 2571/9/2 2572/9/2
f 2572/9/2 2571/9/2 2573/9/2
f 2573/9/2 2574/9/2 2575/9/2
f 2575/9/2 2574/9/2 2576/9/2
f 2576/9/2 2577/9/2 2578/9/2
f 2578/9/2 2577/9/2 2579/9/2
f 2579/9/2 2580/9/2 2581/9/2
f 2581/9/2 2580/9/2 2582/9/2
f 2582/9/2 2583/9/2 2584/9/2
f 2584/9/2 2583/9/2 2585/9/2
f 2585/9/2 2586/9/2 2587/9/2
f 2587/9/2 2586/9/2 2588/9/2
f 2588/9/2 2589/9/2 2590/9/2
f 2590/9/2 2589/9/2 2591/9/2
f 2591/9/2 2592/9/2 2593/9/2
f 2593/9/2 2592/9/2 2594/9/2
f 2594/9/2 2592/9/2 2595/9/2
f 2597/8/2 2598/8/2 2599/8/2
f 2599/8/2 2598/8/2 2600/8/2
f 2601/8/2 2602/8/2 2603/8/2
f 2603/8/2 2602/8/2 2604/8/2
f 2605/8/2 2606/8/2 2607/8/2
f 2607/8/2 2606/8/2 2608/8/2
f 2609/8/2 2610/8/2 2611/8/2
f 2611/8/2 2610/8/2 2612/8/2
f 2613/8/2 2614/8/2 2615/8/2
f 2615/8/2 2614/8/2 2616/8/2
f 2617/8/2 2618/8/2 2619/8/2
f 2619/8/2 2618/8/2 2620/8/2
f 2621/8/2 2622/8/2 2623/8/2
f 2623/8/2 2622/8/2 2624/8/2
f 2625/8/2 2626/8/2 2627/8/2
f 2627/8/2 2626/8/2 2628/8/2
f 2629/8/2 2630/8/2 2631/8/2
f 2631/8/2 2630/8/2 2632/8/2
f 2633/8/2 2634/8/2 2635/8/2
f 2635/8/2 2634/8/2 2636/8/2
f 2637/8/2 2638/8/2 2639/8/2
f 2639/8/2 2638/8/2 2640/8/2
f 2641/8/2 2642/8/2 2643/8/2
f 2643/8/2 2642/8/2 2644/8/2
f 2645/8/2 2646/8/2 2647/8/2
f 2647/8/2 2646/8/2 2648/8/2
f 2649/8/2 2650/8/2 2651/8/2
f 2651/8/2 2650/8/2 2652/8/2
f 2653/8/2 2654/8/2 2655/8/2
f 2655/8/2 2654/8/2 2656/8/2
f 2657/8/2 2658/8/2 2659/8/2
f 2659/8/2 2658/8/2 2660/8/2
f 2661/8/2 2662/8/2 2663/8/2
f 2663/8/2 2662/8/2 2664/8/2
f 2595/7/2 2596/7/2 2666/7/2
f 2666/7/2 2596/7/2 2667/7/2
f 2665/7/2 2666/7/2 2671/7/2
f 2671/7/2 2666/7/2 2672/7/2
f 2668/8/2 2669/8/2 2673/8/2
f 2673/8/2 2669/8/2 2674/8/2
f 2670/7/2 2671/7/2 2676/7/2
f 2676/7/2 2671/7/2 2677/7/2
f 2675/7/2 2676/7/2 2679/7/2
f 2679/7/2 2676/7/2 2680/7/2
f 2678/7/2 2679/7/2 2682/7/2
f 2682/7/2 2679/7/2 2683/7/2
f 2681/7/2 2682/7/2 2687/7/2
f 2687/7/2 2682/7/2 2688/7/2
f 2684/8/2 2685/8/2 2689/8/2
f 2689/8/2 2685/8/2 2690/8/2
f 2686/7/2 2687/7/2 2692/7/2
f 2692/7/2 2687/7/2 2693/7/2
f 2691/7/2 2692/7/2 2697/7/2
f 2697/7/2 2692/7/2 2698/7/2
f 2694/8/2 2695/8/2 2699/8/2
f 2699/8/2 2695/8/2 2700/8/2
f 2696/7/2 2697/7/2 2702/7/2
f 2702/7/2 2697/7/2 2703/7/2
f 2701/7/2 2702/7/2 2707/7/2
f 2707/7/2 2702/7/2 2708/7/2
f 2708/7/2 2702/7/2 2709/7/2
f 2704/8/2 2705/8/2 2710/8/2
f 2710/8/2 2705/8/2 2711/8/2
f 2706/7/2 2707/7/2 2713/7/2
f 2707/7/2 2708/7/2 2713/7/2
f 2713/7/2 2708/7/2 2714/7/2
f 2712/7/2 2713/7/2 2718/7/2
f 2718/7/2 2713/7/2 2719/7/2
f 2715/8/2 2716/8/2 2720/8/2
f 2720/8/2 2716/8/2 2721/8/2
f 2717/7/2 2718/7/2 2723/7/2
f 2723/7/2 2718/7/2 2724/7/2
f 2722/7/2 2723/7/2 2728/7/2
f 2728/7/2 2723/7/2 2729/7/2
f 2725/8/2 2726/8/2 2730/8/2
f 2730/8/2 2726/8/2 2731/8/2
f 2727/7/2 2728/7/2 2733/7/2
f 2733/7/2 2728/7/2 2734/7/2
f 2732/7/2 2733/7/2 2738/7/2
f 2738/7/2 2733/7/2 2739/7/2
f 2735/8/2 2736/8/2 2740/8/2
f 2740/8/2 2736/8/2 2741/8/2
f 2737/7/2 2738/7/2 2743/7/2
f 2743/7/2 2738/7/2 2744/7/2
f 2742/7/2 2743/7/2 2748/7/2
f 2748/7/2 2743/7/2 2749/7/2
f 2745/8/2 2746/8/2 2750/8/2
f 2750/8/2 2746/8/2 2751/8/2
f 2747/7/2 2748/7/2 2753/7/2
f 2753/7/2 2748/7/2 2754/7/2
f 2752/7/2 2753/7/2 2756/7/2
f 2756/7/2 2753/7/2 2757/7/2
f 2755/7/2 2756/7/2 2758/7/2
f 2758/7/2 2756/7/2 2759/7/2
f 2760/9/2 2761/9/2 2762/9/2
f 2762/9/2 2761/9/2 2763/9/2
f 2762/8/2 2763/8/2 2765/8/2
f 2763/9/2 2764/9/2 2765/9/2
f 2765/9/2 2764/9/2 2766/9/2
f 2766/9/2 2764/9/2 2767/9/2
f 2765/8/2 2766/8/2 2769/8/2
f 2767/9/2 2768/9/2 2769/9/2
f 2766/9/2 2767/9/2 2769/9/2
f 2769/9/2 2768/9/2 2770/9/2
f 2769/8/2 2770/8/2 2772/8/2
f 2770/9/2 2771/9/2 2772/9/2
f 2772/9/2 2771/9/2 2773/9/2
f 2772/8/2 2773/8/2 2775/8/2
f 2773/9/2 2774/9/2 2775/9/2
f 2775/9/2 2774/9/2 2776/9/2
f 2775/8/2 2776/8/2 2778/8/2
f 2776/9/2 2777/9/2 2778/9/2
f 2778/9/2 2777/9/2 2779/9/2
f 2778/8/2 2779/8/2 2781/8/2
f 2779/9/2 2780/9/2 2781/9/2
f 2781/9/2 2780/9/2 2782/9/2
f 2781/8/2 2782/8/2 2784/8/2
f 2782/9/2 2783/9/2 2784/9/2
f 2784/9/2 2783/9/2 2785/9/2
f 2784/8/2 2785/8/2 2787/8/2
f 2785/9/2 2786/9/2 2787/9/2
f 2787/9/2 2786/9/2 2788/9/2
f 2787/8/2 2788/8/2 2790/8/2
f 2788/9/2 2789/9/2 2790/9/2
f 2790/9/2 2789/9/2 2791/9/2
f 2790/8/2 2791/8/2 2793/8/2
f 2791/9/2 2792/9/2 2793/9/2
f 2793/9/2 2792/9/2 2794/9/2
f 2793/8/2 2794/8/2 2796/8/2
f 2794/9/2 2795/9/2 2796/9/2
f 2796/9/2 2795/9/2 2797/9/2
f 2796/8/2 2797/8/2 2799/8/2
f 2797/9/2 2798/9/2 2799/9/2
f 2799/9/2 2798/9/2 2800/9/2
f 2799/8/2 2800/8/2 2802/8/2
f 2800/9/2 2801/9/2 2802/9/2
f 2802/9/2 2801/9/2 2803/9/2
f 2802/8/2 2803/8/2 2805/8/2
f 2803/9/2 2804/9/2 2805/9/2
f 2805/9/2 2804/9/2 2806/9/2
f 2806/9/2 2804/9/2 2807/9/2
f 2805/8/2 2806/8/2 2810/8/2
f 2806/9/2 2807/9/2 2810/9/2
f 2807/9/2 2808/9/2 2810/9/2
f 2808/7/2 2809/7/2 2811/7/2
f 2810/9/2 2808/9/2 2811/9/2
f 2812/8/2 2813/8/2 2814/8/2
f 2814/8/2 2813/8/2 2815/8/2
f 2816/8/2 2817/8/2 2818/8/2
f 2818/8/2 2817/8/2 2819/8/2
f 2820/8/2 2821/8/2 2822/8/2
f 2822/8/2 2821/8/2 2823/8/2
f 2810/8/2 2811/8/2 2824/8/2
f 2811/7/2 2809/7/2 2825/7/2
f 2824/8/2 2811/8/2 2825/8/2
f 2805/8/2 2810/8/2 2826/8/2
f 2810/8/2 2824/8/2 2826/8/2
f 2824/7/2 2825/7/2 2827/7/2
f 2826/8/2 2824/8/2 2827/8/2
f 2825/7/2 2809/7/2 2828/7/2
f 2827/7/2 2825/7/2 2828/7/2
f 2802/8/2 2805/8/2 2829/8/2
f 2805/8/2 2826/8/2 2829/8/2
f 2826/7/2 2827/7/2 2830/7/2
f 2829/8/2 2826/8/2 2830/8/2
f 2830/7/2 2827/7/2 2831/7/2
f 2799/8/2 2802/8/2 2832/8/2
f 2802/8/2 2829/8/2 2832/8/2
f 2829/7/2 2830/7/2 2833/7/2
f 2832/8/2 2829/8/2 2833/8/2
f 2833/7/2 2830/7/2 2834/7/2
f 2796/8/2 2799/8/2 2835/8/2
f 2799/8/2 2832/8/2 2835/8/2
f 2832/7/2 2833/7/2 2836/7/2
f 2835/8/2 2832/8/2 2836/8/2
f 2836/7/2 2833/7/2 2837/7/2
f 2793/8/2 2796/8/2 2838/8/2
f 2796/8/2 2835/8/2 2838/8/2
f 2835/7/2 2836/7/2 2839/7/2
f 2838/8/2 2835/8/2 2839/8/2
f 2839/7/2 2836/7/2 2840/7/2
f 2793/8/2 2838/8/2 2841/8/2
f 2838/7/2 2839/7/2 2842/7/2
f 2841/8/2 2838/8/2 2842/8/2
f 2842/7/2 2839/7/2 2843/7/2
f 2790/8/2 2793/8/2 2844/8/2
f 2793/8/2 2841/8/2 2844/8/2
f 2841/7/2 2842/7/2 2845/7/2
f 2844/8/2 2841/8/2 2845/8/2
f 2845/7/2 2842/7/2 2846/7/2
f 2787/8/2 2790/8/2 2847/8/2
f 2790/8/2 2844/8/2 2847/8/2
f 2844/7/2 2845/7/2 2848/7/2
f 2847/8/2 2844/8/2 2848/8/2
f 2848/7/2 2845/7/2 2849/7/2
f 2784/8/2 2787/8/2 2850/8/2
f 2787/8/2 2847/8/2 2850/8/2
f 2847/7/2 2848/7/2 2851/7/2
f 2850/8/2 2847/8/2 2851/8/2
f 2851/7/2 2848/7/2 2852/7/2
f 2781/8/2 2784/8/2 2853/8/2
f 2784/8/2 2850/8/2 2853/8/2
f 2850/7/2 2851/7/2 2854/7/2
f 2853/8/2 2850/8/2 2854/8/2
f 2854/7/2 2851/7/2 2855/7/2
f 2781/8/2 2853/8/2 2856/8/2
f 2853/7/2 2854/7/2 2857/7/2
f 2856/8/2 2853/8/2 2857/8/2
f 2857/7/2 2854/7/2 2858/7/2
f 2778/8/2 2781/8/2 2859/8/2
f 2781/8/2 2856/8/2 2859/8/2
f 2856/7/2 2857/7/2 2860/7/2
f 2859/8/2 2856/8/2 2860/8/2
f 2860/7/2 2857/7/2 2861/7/2
f 2775/8/2 2778/8/2 2862/8/2
f 2778/8/2 2859/8/2 2862/8/2
f 2859/7/2 2860/7/2 2863/7/2
f 2862/8/2 2859/8/2 2863/8/2
f 2863/7/2 2860/7/2 2864/7/2
f 2772/8/2 2775/8/2 2865/8/2
f 2775/8/2 2862/8/2 2865/8/2
f 2862/7/2 2863/7/2 2866/7/2
f 2865/8/2 2862/8/2 2866/8/2
f 2866/7/2 2863/7/2 2867/7/2
f 2769/8/2 2772/8/2 2868/8/2
f 2772/8/2 2865/8/2 2868/8/2
f 2865/7/2 2866/7/2 2869/7/2
f 2868/8/2 2865/8/2 2869/8/2
f 2869/7/2 2866/7/2 2870/7/2
f 2769/8/2 2868/8/2 2871/8/2
f 2868/7/2 2869/7/2 2872/7/2
f 2871/8/2 2868/8/2 2872/8/2
f 2872/7/2 2869/7/2 2873/7/2
f 2765/8/2 2769/8/2 2874/8/2
f 2769/8/2 2871/8/2 2874/8/2
f 2871/7/2 2872/7/2 2875/7/2
f 2874/8/2 2871/8/2 2875/8/2
f 2875/7/2 2872/7/2 2876/7/2
f 2762/8/2 2765/8/2 2877/8/2
f 2765/8/2 2874/8/2 2877/8/2
f 2874/7/2 2875/7/2 2878/7/2
f 2877/8/2 2874/8/2 2878/8/2
f 2878/7/2 2875/7/2 2879/7/2
f 2762/8/2 2877/8/2 2880/8/2
f 2877/7/2 2878/7/2 2881/7/2
f 2880/8/2 2877/8/2 2881/8/2
f 2881/7/2 2878/7/2 2882/7/2
f 2880/7/2 2881/7/2 2883/7/2
f 2883/7/2 2881/7/2 2884/7/2
f 2885/8/2 2886/8/2 2887/8/2
f 2887/8/2 2886/8/2 2888/8/2
f 2889/8/2 2890/8/2 2891/8/2
f 2891/8/2 2890/8/2 2892/8/2
f 2893/8/2 2894/8/2 2895/8/2
f 2895/8/2 2894/8/2 2896/8/2
f 2897/8/2 2898/8/2 2899/8/2
f 2899/8/2 2898/8/2 2900/8/2
f 2901/8/2 2902/8/2 2903/8/2
f 2903/8/2 2902/8/2 2904/8/2
f 2905/8/2 2906/8/2 2907/8/2
f 2907/8/2 2906/8/2 2908/8/2
f 2909/8/2 2910/8/2 2911/8/2
f 2911/8/2 2910/8/2 2912/8/2
f 2913/8/2 2914/8/2 2915/8/2
f 2915/8/2 2914/8/2 2916/8/2
f 2917/8/2 2918/8/2 2919/8/2
f 2919/8/2 2918/8/2 2920/8/2
f 2921/8/2 2922/8/2 2923/8/2
f 2923/8/2 2922/8/2 2924/8/2
f 2925/8/2 2926/8/2 2927/8/2
f 2927/8/2 2926/8/2 2928/8/2
f 2929/8/2 2930/8/2 2931/8/2
f 2931/8/2 2930/8/2 2932/8/2
f 2933/8/2 2934/8/2 2935/8/2
f 2935/8/2 2934/8/2 2936/8/2
f 2937/8/2 2938/8/2 2939/8/2
f 2939/8/2 2938/8/2 2940/8/2
f 2941/8/2 2942/8/2 2943/8/2
f 2943/8/2 2942/8/2 2944/8/2
f 2945/8/2 2946/8/2 2947/8/2
f 2947/8/2 2946/8/2 2948/8/2
f 2949/8/2 2950/8/2 2951/8/2
f 2951/8/2 2950/8/2 2952/8/2
f 2953/8/2 2954/8/2 2955/8/2
f 2955/8/2 2954/8/2 2956/8/2
f 2957/8/2 2958/8/2 2959/8/2
f 2959/8/2 2958/8/2 2960/8/2
f 2961/8/2 2962/8/2 2963/8/2
f 2963/8/2 2962/8/2 2964/8/2
f 2965/8/2 2966/8/2 2967/8/2
f 2967/8/2 2966/8/2 2968/8/2
f 2969/8/2 2970/8/2 2971/8/2
f 2971/8/2 2970/8/2 2972/8/2
f 2973/8/2 2974/8/2 2975/8/2
f 2975/8/2 2974/8/2 2976/8/2
f 2977/8/2 2978/8/2 2979/8/2
f 2979/8/2 2978/8/2 2980/8/2
f 2981/8/2 2982/8/2 2983/8/2
f 2983/8/2 2982/8/2 2984/8/2
f 2985/8/2 2986/8/2 2987/8/2
f 2987/8/2 2986/8/2 2988/8/2
f 2989/8/2 2990/8/2 2991/8/2
f 2991/8/2 2990/8/2 2992/8/2
f 2993/8/2 2994/8/2 2995/8/2
f 2995/8/2 2994/8/2 2996/8/2
f 2997/8/2 2998/8/2 2999/8/2
f 2999/8/2 2998/8/2 3000/8/2
f 3001/9/2 3002/9/2 3003/9/2
f 3003/9/2 3002/9/2 3004/9/2
f 3003/8/2 3004/8/2 3005/8/2
f 3004/9/2 3002/9/2 3006/9/2
f 3005/8/2 3004/8/2 3006/8/2
f 3006/9/2 3002/9/2 3007/9/2
f 3008/8/2 3009/8/2 3011/8/2
f 3009/7/2 3010/7/2 3012/7/2
f 3011/8/2 3009/8/2 3012/8/2
f 3011/7/2 3012/7/2 3015/7/2
f 3012/7/2 3010/7/2 3016/7/2
f 3015/7/2 3012/7/2 3016/7/2
f 3013/8/2 3014/8/2 3017/8/2
f 3014/7/2 3015/7/2 3018/7/2
f 3017/8/2 3014/8/2 3018/8/2
f 3017/7/2 3018/7/2 3019/7/2
f 3018/7/2 3015/7/2 3020/7/2
f 3019/7/2 3018/7/2 3020/7/2
f 3021/9/2 3022/9/2 3023/9/2
f 3023/9/2 3022/9/2 3024/9/2
f 3025/9/2 3026/9/2 3027/9/2
f 3027/9/2 3026/9/2 3028/9/2
f 3028/9/2 3026/9/2 3029/9/2
f 3029/9/2 3026/9/2 3030/9/2
f 3025/9/2 3027/9/2 3033/9/2
f 3033/9/2 3027/9/2 3034/9/2
f 3034/9/2 3027/9/2 3035/9/2
f 3030/9/2 3031/9/2 3036/9/2
f 3036/9/2 3031/9/2 3037/9/2
f 3037/9/2 3031/9/2 3038/9/2
f 3032/9/2 3033/9/2 3039/9/2
f 3039/9/2 3033/9/2 3040/9/2
f 3039/7/2 3040/7/2 3041/7/2
f 3040/9/2 3033/9/2 3041/9/2
f 3041/9/2 3033/9/2 3042/9/2
f 3039/7/2 3041/7/2 3043/7/2
f 3041/8/2 3042/8/2 3044/8/2
f 3043/7/2 3041/7/2 3044/7/2
f 3044/8/2 3042/8/2 3045/8/2
f 3043/12/2 3044/12/2 3046/12/2
f 3044/8/2 3045/8/2 3047/8/2
f 3046/12/2 3044/12/2 3047/12/2
f 3047/8/2 3045/8/2 3048/8/2
f 3048/9/2 3049/9/2 3052/9/2
f 3052/9/2 3049/9/2 3053/9/2
f 3050/9/2 3051/9/2 3054/9/2
f 3054/9/2 3051/9/2 3055/9/2
f 3054/7/2 3055/7/2 3057/7/2
f 3055/8/2 3056/8/2 3058/8/2
f 3057/7/2 3055/7/2 3058/7/2
f 3058/8/2 3056/8/2 3059/8/2
f 3057/12/2 3058/12/2 3060/12/2
f 3058/8/2 3059/8/2 3061/8/2
f 3060/12/2 3058/12/2 3061/12/2
f 3061/8/2 3059/8/2 3062/8/2
f 3062/9/2 3063/9/2 3065/9/2
f 3065/9/2 3063/9/2 3066/9/2
f 3064/8/2 3065/8/2 3067/8/2
f 3067/8/2 3065/8/2 3068/8/2
f 3069/9/2 3070/9/2 3071/9/2
f 3071/9/2 3070/9/2 3072/9/2
f 3072/9/2 3070/9/2 3073/9/2
f 3036/8/2 3037/8/2 3074/8/2
f 3037/7/2 3038/7/2 3075/7/2
f 3074/8/2 3037/8/2 3075/8/2
f 3074/7/2 3075/7/2 3078/7/2
f 3075/7/2 3038/7/2 3079/7/2
f 3078/7/2 3075/7/2 3079/7/2
f 3076/8/2 3077/8/2 3080/8/2
f 3077/7/2 3078/7/2 3081/7/2
f 3080/8/2 3077/8/2 3081/8/2
f 3072/8/2 3073/8/2 3082/8/2
f 3080/7/2 3081/7/2 3084/7/2
f 3081/7/2 3078/7/2 3085/7/2
f 3084/7/2 3081/7/2 3085/7/2
f 3071/7/2 3072/7/2 3086/7/2
f 3082/8/2 3083/8/2 3087/8/2
f 3086/7/2 3072/7/2 3087/7/2
f 3072/8/2 3082/8/2 3087/8/2
f 3083/7/2 3084/7/2 3088/7/2
f 3087/8/2 3083/8/2 3088/8/2
f 3086/12/2 3087/12/2 3089/12/2
f 3087/7/2 3088/7/2 3090/7/2
f 3089/12/2 3087/12/2 3090/12/2
f 3088/7/2 3084/7/2 3091/7/2
f 3090/7/2 3088/7/2 3091/7/2
f 3092/8/2 3093/8/2 3094/8/2
f 3094/8/2 3093/8/2 3095/8/2
f 3096/9/2 3097/9/2 3100/9/2
f 3100/9/2 3097/9/2 3101/9/2
f 3101/9/2 3097/9/2 3102/9/2
f 3098/7/2 3099/7/2 3103/7/2
f 3099/9/2 3100/9/2 3103/9/2
f 3100/8/2 3101/8/2 3104/8/2
f 3103/9/2 3100/9/2 3104/9/2
f 3098/7/2 3103/7/2 3105/7/2
f 3103/8/2 3104/8/2 3106/8/2
f 3105/7/2 3103/7/2 3106/7/2
f 3105/12/2 3106/12/2 3107/12/2
f 3106/8/2 3104/8/2 3108/8/2
f 3107/12/2 3106/12/2 3108/12/2
f 3104/8/2 3101/8/2 3109/8/2
f 3108/8/2 3104/8/2 3109/8/2
f 3108/9/2 3109/9/2 3111/9/2
f 3109/8/2 3101/8/2 3112/8/2
f 3111/9/2 3109/9/2 3112/9/2
f 3110/9/2 3111/9/2 3113/9/2
f 3111/8/2 3112/8/2 3114/8/2
f 3113/9/2 3111/9/2 3114/9/2
f 3113/7/2 3114/7/2 3115/7/2
f 3114/8/2 3112/8/2 3116/8/2
f 3115/7/2 3114/7/2 3116/7/2
f 3115/12/2 3116/12/2 3117/12/2
f 3116/8/2 3112/8/2 3118/8/2
f 3117/12/2 3116/12/2 3118/12/2
f 3112/8/2 3101/8/2 3119/8/2
f 3118/8/2 3112/8/2 3119/8/2
f 3118/9/2 3119/9/2 3121/9/2
f 3119/8/2 3101/8/2 3122/8/2
f 3121/9/2 3119/9/2 3122/9/2
f 3120/8/2 3121/8/2 3123/8/2
f 3122/8/2 3101/8/2 3123/8/2
f 3121/8/2 3122/8/2 3123/8/2
f 3123/8/2 3101/8/2 3124/8/2
f 3120/8/2 3123/8/2 3125/8/2
f 3124/8/2 3101/8/2 3126/8/2
f 3120/8/2 3125/8/2 3127/8/2
f 3125/8/2 3126/8/2 3127/8/2
f 3127/8/2 3126/8/2 3128/8/2
f 3126/8/2 3101/8/2 3129/8/2
f 3128/8/2 3126/8/2 3129/8/2
f 3129/8/2 3101/8/2 3130/8/2
f 3101/7/2 3102/7/2 3131/7/2
f 3130/8/2 3101/8/2 3131/8/2
f 3131/7/2 3102/7/2 3132/7/2
f 3127/7/2 3128/7/2 3133/7/2
f 3128/8/2 3129/8/2 3133/8/2
f 3129/7/2 3130/7/2 3134/7/2
f 3133/8/2 3129/8/2 3134/8/2
f 3127/7/2 3133/7/2 3135/7/2
f 3133/7/2 3134/7/2 3135/7/2
f 3134/7/2 3130/7/2 3136/7/2
f 3135/7/2 3134/7/2 3136/7/2
f 3139/12/3 3138/12/3 3137/12/3
f 3140/12/3 3138/12/3 3139/12/3
f 3143/12/3 3142/12/3 3141/12/3
f 3144/12/3 3142/12/3 3143/12/3
f 3148/8/3 3146/8/3 3145/8/3
f 3149/8/3 3146/8/3 3148/8/3
f 3150/7/3 3147/7/3 3146/7/3
f 3150/8/3 3146/8/3 3149/8/3
f 3151/7/3 3147/7/3 3150/7/3
f 3156/8/3 3153/8/3 3152/8/3
f 3156/8/3 3154/8/3 3153/8/3
f 3157/8/3 3154/8/3 3156/8/3
f 3158/7/3 3155/7/3 3154/7/3
f 3158/8/3 3154/8/3 3157/8/3
f 3159/7/3 3155/7/3 3158/7/3
f 3164/8/3 3161/8/3 3160/8/3
f 3164/8/3 3162/8/3 3161/8/3
f 3165/7/3 3163/7/3 3162/7/3
f 3165/8/3 3162/8/3 3164/8/3
f 3166/7/3 3163/7/3 3165/7/3
f 3169/10/3 3168/10/3 3167/10/3
f 3171/10/3 3170/10/3 3169/10/3
f 3173/10/3 3171/10/3 3169/10/3
f 3173/10/3 3172/10/3 3171/10/3
f 3174/10/3 3172/10/3 3173/10/3
f 3175/10/3 3169/10/3 3167/10/3
f 3175/10/3 3173/10/3 3169/10/3
f 3176/10/3 3173/10/3 3175/10/3
f 3177/10/3 3175/10/3 3167/10/3
f 3178/10/3 3175/10/3 3177/10/3
f 3181/9/3 3180/9/3 3179/9/3
f 3182/9/3 3180/9/3 3181/9/3
f 3185/9/3 3184/9/3 3183/9/3
f 3186/9/3 3184/9/3 3185/9/3
f 3192/6/3 3188/6/3 3187/6/3
f 3193/6/3 3188/6/3 3192/6/3
f 3195/10/3 3190/10/3 3189/10/3
f 3196/10/3 3190/10/3 3195/10/3
f 3197/6/3 3192/6/3 3191/6/3
f 3198/6/3 3192/6/3 3197/6/3
f 3199/6/3 3194/6/3 3193/6/3
f 3200/6/3 3194/6/3 3199/6/3
f 3210/10/3 3202/10/3 3201/10/3
f 3211/10/3 3202/10/3 3210/10/3
f 3212/1/3 3204/1/3 3203/1/3
f 3213/1/3 3204/1/3 3212/1/3
f 3214/1/3 3206/1/3 3205/1/3
f 3215/1/3 3206/1/3 3214/1/3
f 3216/10/3 3210/10/3 3209/10/3
f 3217/10/3 3210/10/3 3216/10/3
f 3221/1/3 3214/1/3 3213/1/3
f 3222/1/3 3214/1/3 3221/1/3
f 3225/10/3 3218/10/3 3217/10/3
f 3226/10/3 3218/10/3 3225/10/3
f 3227/2/3 3220/2/3 3219/2/3
f 3228/2/3 3220/2/3 3227/2/3
f 3229/2/3 3224/2/3 3223/2/3
f 3230/2/3 3224/2/3 3229/2/3
f 3233/2/3 3229/2/3 3228/2/3
f 3234/2/3 3229/2/3 3233/2/3
f 3235/10/3 3232/10/3 3231/10/3
f 3236/10/3 3232/10/3 3235/10/3
f 3237/10/3 3232/10/3 3236/10/3
f 3238/10/3 3232/10/3 3237/10/3
f 3239/9/3 3208/9/3 3207/9/3
f 3240/9/3 3208/9/3 3239/9/3
f 3242/10/3 3237/10/3 3236/10/3
f 3243/10/3 3237/10/3 3242/10/3
f 3245/10/3 3244/10/3 3243/10/3
f 3245/10/3 3243/10/3 3242/10/3
f 3245/10/3 3242/10/3 3241/10/3
f 3246/10/3 3244/10/3 3245/10/3
f 3256/6/3 3248/6/3 3247/6/3
f 3257/6/3 3248/6/3 3256/6/3
f 3259/10/3 3254/10/3 3253/10/3
f 3260/10/3 3254/10/3 3259/10/3
f 3263/6/3 3256/6/3 3255/6/3
f 3264/6/3 3256/6/3 3263/6/3
f 3265/6/3 3258/6/3 3257/6/3
f 3266/6/3 3258/6/3 3265/6/3
f 3268/10/3 3252/10/3 3251/10/3
f 3269/10/3 3259/10/3 3253/10/3
f 3270/10/3 3259/10/3 3269/10/3
f 3271/10/3 3268/10/3 3251/10/3
f 3271/10/3 3269/10/3 3268/10/3
f 3272/10/3 3269/10/3 3271/10/3
f 3273/10/3 3261/10/3 3260/10/3
f 3274/10/3 3261/10/3 3273/10/3
f 3277/6/3 3263/6/3 3262/6/3
f 3278/6/3 3263/6/3 3277/6/3
f 3279/6/3 3267/6/3 3266/6/3
f 3280/6/3 3267/6/3 3279/6/3
f 3281/9/3 3250/9/3 3249/9/3
f 3282/9/3 3250/9/3 3281/9/3
f 3283/10/3 3276/10/3 3275/10/3
f 3284/10/3 3276/10/3 3283/10/3
f 3289/6/3 3286/6/3 3285/6/3
f 3290/6/3 3286/6/3 3289/6/3
f 3291/6/3 3286/6/3 3290/6/3
f 3292/6/3 3286/6/3 3291/6/3
f 3299/10/3 3295/10/3 3294/10/3
f 3300/10/3 3297/10/3 3296/10/3
f 3302/10/3 3299/10/3 3298/10/3
f 3303/10/3 3295/10/3 3299/10/3
f 3303/10/3 3299/10/3 3302/10/3
f 3305/6/3 3291/6/3 3290/6/3
f 3306/6/3 3291/6/3 3305/6/3
f 3307/6/3 3293/6/3 3292/6/3
f 3308/6/3 3293/6/3 3307/6/3
f 3309/10/3 3295/10/3 3303/10/3
f 3310/10/3 3295/10/3 3309/10/3
f 3311/10/3 3301/10/3 3300/10/3
f 3311/10/3 3300/10/3 3296/10/3
f 3312/10/3 3301/10/3 3311/10/3
f 3313/6/3 3306/6/3 3305/6/3
f 3313/6/3 3307/6/3 3306/6/3
f 3313/6/3 3305/6/3 3304/6/3
f 3314/6/3 3307/6/3 3313/6/3
f 3315/9/3 3288/9/3 3287/9/3
f 3316/9/3 3288/9/3 3315/9/3
f 3321/10/3 3318/10/3 3317/10/3
f 3322/10/3 3318/10/3 3321/10/3
f 3323/10/3 3320/10/3 3319/10/3
f 3324/10/3 3320/10/3 3323/10/3
f 3327/10/3 3318/10/3 3322/10/3
f 3328/10/3 3318/10/3 3327/10/3
f 3331/6/3 3326/6/3 3325/6/3
f 3332/6/3 3326/6/3 3331/6/3
f 3333/6/3 3326/6/3 3332/6/3
f 3334/6/3 3326/6/3 3333/6/3
f 3340/6/3 3333/6/3 3332/6/3
f 3341/6/3 3333/6/3 3340/6/3
f 3343/9/3 3336/9/3 3335/9/3
f 3344/10/3 3338/10/3 3337/10/3
f 3345/10/3 3338/10/3 3344/10/3
f 3347/10/3 3330/10/3 3329/10/3
f 3348/10/3 3330/10/3 3347/10/3
f 3350/6/3 3340/6/3 3339/6/3
f 3351/6/3 3340/6/3 3350/6/3
f 3353/10/3 3346/10/3 3345/10/3
f 3354/10/3 3346/10/3 3353/10/3
f 3355/10/3 3347/10/3 3329/10/3
f 3356/10/3 3347/10/3 3355/10/3
f 3358/6/3 3350/6/3 3349/6/3
f 3359/6/3 3350/6/3 3358/6/3
f 3360/9/3 3343/9/3 3342/9/3
f 3361/9/3 3336/9/3 3343/9/3
f 3361/9/3 3343/9/3 3360/9/3
f 3362/10/3 3353/10/3 3352/10/3
f 3363/10/3 3353/10/3 3362/10/3
f 3367/6/3 3358/6/3 3357/6/3
f 3368/6/3 3358/6/3 3367/6/3
f 3374/10/3 3365/10/3 3364/10/3
f 3375/10/3 3365/10/3 3374/10/3
f 3376/6/3 3368/6/3 3367/6/3
f 3376/6/3 3367/6/3 3366/6/3
f 3376/6/3 3369/6/3 3368/6/3
f 3377/6/3 3369/6/3 3376/6/3
f 3382/10/3 3373/10/3 3372/10/3
f 3383/10/3 3373/10/3 3382/10/3
f 3385/10/3 3379/10/3 3378/10/3
f 3386/6/3 3381/6/3 3380/6/3
f 3387/6/3 3381/6/3 3386/6/3
f 3388/9/3 3371/9/3 3370/9/3
f 3389/9/3 3371/9/3 3388/9/3
f 3390/10/3 3373/10/3 3383/10/3
f 3391/10/3 3373/10/3 3390/10/3
f 3392/10/3 3385/10/3 3384/10/3
f 3393/10/3 3379/10/3 3385/10/3
f 3393/10/3 3385/10/3 3392/10/3
f 3398/10/3 3379/10/3 3393/10/3
f 3399/10/3 3379/10/3 3398/10/3
f 3400/6/3 3386/6/3 3380/6/3
f 3401/6/3 3386/6/3 3400/6/3
f 3404/6/3 3381/6/3 3387/6/3
f 3405/6/3 3381/6/3 3404/6/3
f 3406/10/3 3397/10/3 3396/10/3
f 3407/10/3 3397/10/3 3406/10/3
f 3410/6/3 3402/6/3 3401/6/3
f 3411/6/3 3402/6/3 3410/6/3
f 3412/6/3 3404/6/3 3403/6/3
f 3413/6/3 3404/6/3 3412/6/3
f 3416/10/3 3409/10/3 3408/10/3
f 3420/6/3 3412/6/3 3411/6/3
f 3421/6/3 3412/6/3 3420/6/3
f 3424/9/3 3395/9/3 3394/9/3
f 3425/9/3 3395/9/3 3424/9/3
f 3426/10/3 3415/10/3 3414/10/3
f 3427/10/3 3415/10/3 3426/10/3
f 3428/10/3 3416/10/3 3408/10/3
f 3428/10/3 3417/10/3 3416/10/3
f 3429/10/3 3417/10/3 3428/10/3
f 3434/10/3 3428/10/3 3408/10/3
f 3435/10/3 3428/10/3 3434/10/3
f 3436/6/3 3419/6/3 3418/6/3
f 3437/6/3 3423/6/3 3422/6/3
f 3438/10/3 3433/10/3 3432/10/3
f 3439/10/3 3433/10/3 3438/10/3
f 3442/6/3 3437/6/3 3436/6/3
f 3442/6/3 3436/6/3 3418/6/3
f 3443/6/3 3423/6/3 3437/6/3
f 3443/6/3 3437/6/3 3442/6/3
f 3446/10/3 3441/10/3 3440/10/3
f 3447/10/3 3441/10/3 3446/10/3
f 3448/9/3 3431/9/3 3430/9/3
f 3449/9/3 3431/9/3 3448/9/3
f 3450/10/3 3445/10/3 3444/10/3
f 3451/10/3 3445/10/3 3450/10/3
f 3452/6/3 3442/6/3 3418/6/3
f 3453/6/3 3442/6/3 3452/6/3
f 3454/6/3 3423/6/3 3443/6/3
f 3455/6/3 3423/6/3 3454/6/3
f 3459/10/3 3445/10/3 3451/10/3
f 3460/10/3 3445/10/3 3459/10/3
f 3461/10/3 3446/10/3 3440/10/3
f 3462/10/3 3446/10/3 3461/10/3
f 3465/10/3 3459/10/3 3458/10/3
f 3466/10/3 3459/10/3 3465/10/3
f 3468/6/3 3464/6/3 3463/6/3
f 3469/6/3 3464/6/3 3468/6/3
f 3473/6/3 3468/6/3 3467/6/3
f 3474/6/3 3468/6/3 3473/6/3
f 3476/6/3 3473/6/3 3472/6/3
f 3477/6/3 3473/6/3 3476/6/3
f 3478/9/3 3457/9/3 3456/9/3
f 3479/9/3 3457/9/3 3478/9/3
f 3480/10/3 3471/10/3 3470/10/3
f 3481/10/3 3471/10/3 3480/10/3
f 3482/6/3 3476/6/3 3475/6/3
f 3483/6/3 3476/6/3 3482/6/3
f 3487/10/3 3480/10/3 3470/10/3
f 3488/10/3 3480/10/3 3487/10/3
f 3489/6/3 3484/6/3 3483/6/3
f 3490/6/3 3484/6/3 3489/6/3
f 3492/6/3 3491/6/3 3490/6/3
f 3493/6/3 3491/6/3 3492/6/3
f 3495/9/3 3486/9/3 3485/9/3
f 3496/9/3 3486/9/3 3495/9/3
f 3497/6/3 3494/6/3 3493/6/3
f 3498/6/3 3494/6/3 3497/6/3
f 3499/9/3 3486/9/3 3496/9/3
f 3500/9/3 3486/9/3 3499/9/3
f 3507/10/3 3502/10/3 3501/10/3
f 3508/10/3 3502/10/3 3507/10/3
f 3509/6/3 3506/6/3 3505/6/3
f 3510/6/3 3506/6/3 3509/6/3
f 3515/10/3 3512/10/3 3511/10/3
f 3516/10/3 3512/10/3 3515/10/3
f 3518/10/3 3514/10/3 3513/10/3
f 3519/10/3 3514/10/3 3518/10/3
f 3520/10/3 3517/10/3 3516/10/3
f 3521/10/3 3517/10/3 3520/10/3
f 3523/6/3 3509/6/3 3505/6/3
f 3524/6/3 3506/6/3 3510/6/3
f 3525/10/3 3515/10/3 3511/10/3
f 3527/10/3 3522/10/3 3521/10/3
f 3528/10/3 3522/10/3 3527/10/3
f 3529/10/3 3514/10/3 3519/10/3
f 3530/6/3 3504/6/3 3503/6/3
f 3531/6/3 3504/6/3 3530/6/3
f 3532/6/3 3523/6/3 3505/6/3
f 3532/6/3 3524/6/3 3523/6/3
f 3533/6/3 3506/6/3 3524/6/3
f 3533/6/3 3524/6/3 3532/6/3
f 3536/10/3 3526/10/3 3525/10/3
f 3536/10/3 3525/10/3 3511/10/3
f 3537/10/3 3526/10/3 3536/10/3
f 3538/10/3 3529/10/3 3528/10/3
f 3539/10/3 3514/10/3 3529/10/3
f 3539/10/3 3529/10/3 3538/10/3
f 3544/12/3 3535/12/3 3534/12/3
f 3545/12/3 3535/12/3 3544/12/3
f 3550/6/3 3541/6/3 3540/6/3
f 3551/6/3 3541/6/3 3550/6/3
f 3554/6/3 3543/6/3 3542/6/3
f 3555/6/3 3543/6/3 3554/6/3
f 3556/12/3 3535/12/3 3545/12/3
f 3557/12/3 3535/12/3 3556/12/3
f 3558/10/3 3547/10/3 3546/10/3
f 3559/10/3 3547/10/3 3558/10/3
f 3561/10/3 3549/10/3 3548/10/3
f 3562/10/3 3549/10/3 3561/10/3
f 3563/6/3 3552/6/3 3551/6/3
f 3564/6/3 3552/6/3 3563/6/3
f 3567/6/3 3554/6/3 3553/6/3
f 3568/6/3 3554/6/3 3567/6/3
f 3569/12/3 3535/12/3 3557/12/3
f 3570/12/3 3535/12/3 3569/12/3
f 3572/10/3 3561/10/3 3560/10/3
f 3573/10/3 3561/10/3 3572/10/3
f 3574/6/3 3565/6/3 3564/6/3
f 3575/6/3 3565/6/3 3574/6/3
f 3576/6/3 3567/6/3 3566/6/3
f 3577/6/3 3567/6/3 3576/6/3
f 3579/12/3 3535/12/3 3570/12/3
f 3580/10/3 3558/10/3 3546/10/3
f 3581/10/3 3572/10/3 3571/10/3
f 3582/10/3 3572/10/3 3581/10/3
f 3584/10/3 3549/10/3 3562/10/3
f 3586/6/3 3576/6/3 3575/6/3
f 3587/6/3 3576/6/3 3586/6/3
f 3590/12/3 3579/12/3 3578/12/3
f 3591/10/3 3580/10/3 3546/10/3
f 3591/10/3 3581/10/3 3580/10/3
f 3592/10/3 3581/10/3 3591/10/3
f 3593/10/3 3584/10/3 3583/10/3
f 3594/10/3 3549/10/3 3584/10/3
f 3594/10/3 3584/10/3 3593/10/3
f 3596/6/3 3586/6/3 3585/6/3
f 3597/6/3 3586/6/3 3596/6/3
f 3598/6/3 3588/6/3 3587/6/3
f 3599/6/3 3588/6/3 3598/6/3
f 3601/12/3 3544/12/3 3534/12/3
f 3602/12/3 3590/12/3 3589/12/3
f 3604/6/3 3596/6/3 3595/6/3
f 3605/6/3 3596/6/3 3604/6/3
f 3606/6/3 3600/6/3 3599/6/3
f 3607/6/3 3600/6/3 3606/6/3
f 3609/12/3 3602/12/3 3601/12/3
f 3609/12/3 3601/12/3 3534/12/3
f 3610/12/3 3535/12/3 3579/12/3
f 3610/12/3 3602/12/3 3609/12/3
f 3610/12/3 3579/12/3 3590/12/3
f 3610/12/3 3590/12/3 3602/12/3
f 3611/6/3 3604/6/3 3603/6/3
f 3612/6/3 3604/6/3 3611/6/3
f 3613/6/3 3608/6/3 3607/6/3
f 3614/6/3 3608/6/3 3613/6/3
f 3629/7/3 3616/7/3 3615/7/3
f 3630/7/3 3616/7/3 3629/7/3
f 3631/7/3 3616/7/3 3630/7/3
f 3632/12/3 3617/12/3 3616/12/3
f 3632/7/3 3616/7/3 3631/7/3
f 3633/9/3 3619/9/3 3618/9/3
f 3633/7/3 3620/7/3 3619/7/3
f 3634/12/3 3621/12/3 3620/12/3
f 3634/7/3 3620/7/3 3633/7/3
f 3635/7/3 3623/7/3 3622/7/3
f 3636/12/3 3624/12/3 3623/12/3
f 3636/7/3 3623/7/3 3635/7/3
f 3637/9/3 3626/9/3 3625/9/3
f 3637/7/3 3627/7/3 3626/7/3
f 3638/12/3 3628/12/3 3627/12/3
f 3638/7/3 3627/7/3 3637/7/3
f 3639/8/3 3636/8/3 3635/8/3
f 3640/8/3 3636/8/3 3639/8/3
f 3641/8/3 3636/8/3 3640/8/3
f 3642/8/3 3636/8/3 3641/8/3
f 3643/8/3 3636/8/3 3642/8/3
f 3644/8/3 3636/8/3 3643/8/3
f 3645/8/3 3636/8/3 3644/8/3
f 3646/8/3 3636/8/3 3645/8/3
f 3647/8/3 3636/8/3 3646/8/3
f 3648/8/3 3636/8/3 3647/8/3
f 3649/8/3 3636/8/3 3648/8/3
f 3650/8/3 3636/8/3 3649/8/3
f 3651/8/3 3636/8/3 3650/8/3
f 3652/8/3 3636/8/3 3651/8/3
f 3653/8/3 3636/8/3 3652/8/3
f 3654/8/3 3636/8/3 3653/8/3
f 3655/8/3 3636/8/3 3654/8/3
f 3656/8/3 3636/8/3 3655/8/3
f 3657/8/3 3636/8/3 3656/8/3
f 3658/8/3 3636/8/3 3657/8/3
f 3659/8/3 3636/8/3 3658/8/3
f 3660/8/3 3636/8/3 3659/8/3
f 3661/8/3 3636/8/3 3660/8/3
f 3662/8/3 3636/8/3 3661/8/3
f 3663/8/3 3636/8/3 3662/8/3
f 3664/8/3 3636/8/3 3663/8/3
f 3665/8/3 3636/8/3 3664/8/3
f 3666/8/3 3636/8/3 3665/8/3
f 3667/8/3 3636/8/3 3666/8/3
f 3668/8/3 3636/8/3 3667/8/3
f 3669/8/3 3636/8/3 3668/8/3
f 3670/8/3 3636/8/3 3669/8/3
f 3671/8/3 3636/8/3 3670/8/3
f 3672/8/3 3636/8/3 3671/8/3
f 3673/8/3 3636/8/3 3672/8/3
f 3674/8/3 3636/8/3 3673/8/3
f 3675/8/3 3636/8/3 3674/8/3
f 3676/8/3 3636/8/3 3675/8/3
f 3677/8/3 3636/8/3 3676/8/3
f 3678/8/3 3636/8/3 3677/8/3
f 3679/8/3 3636/8/3 3678/8/3
f 3680/8/3 3636/8/3 3679/8/3
f 3681/8/3 3636/8/3 3680/8/3
f 3682/8/3 3636/8/3 3681/8/3
f 3683/8/3 3636/8/3 3682/8/3
f 3684/8/3 3636/8/3 3683/8/3
f 3685/8/3 3636/8/3 3684/8/3
f 3686/8/3 3636/8/3 3685/8/3
f 3687/8/3 3636/8/3 3686/8/3
f 3688/8/3 3636/8/3 3687/8/3
f 3689/8/3 3636/8/3 3688/8/3
f 3690/8/3 3636/8/3 3689/8/3
f 3691/8/3 3636/8/3 3690/8/3
f 3692/8/3 3636/8/3 3691/8/3
f 3693/8/3 3636/8/3 3692/8/3
f 3694/8/3 3636/8/3 3693/8/3
f 3695/8/3 3636/8/3 3694/8/3
f 3696/8/3 3636/8/3 3695/8/3
f 3697/9/3 3630/9/3 3629/9/3
f 3698/7/3 3631/7/3 3630/7/3
f 3698/9/3 3630/9/3 3697/9/3
f 3699/8/3 3632/8/3 3631/8/3
f 3699/7/3 3631/7/3 3698/7/3
f 3700/8/3 3632/8/3 3699/8/3
f 3701/8/3 3647/8/3 3646/8/3
f 3702/8/3 3649/8/3 3648/8/3
f 3703/8/3 3689/8/3 3688/8/3
f 3704/8/3 3691/8/3 3690/8/3
f 3708/4/3 3706/4/3 3705/4/3
f 3709/4/3 3706/4/3 3708/4/3
f 3711/8/3 3645/8/3 3644/8/3
f 3712/8/3 3702/8/3 3701/8/3
f 3712/8/3 3701/8/3 3646/8/3
f 3713/8/3 3702/8/3 3712/8/3
f 3714/8/3 3649/8/3 3702/8/3
f 3714/8/3 3702/8/3 3713/8/3
f 3715/8/3 3649/8/3 3714/8/3
f 3716/8/3 3651/8/3 3650/8/3
f 3717/8/3 3663/8/3 3662/8/3
f 3718/8/3 3665/8/3 3664/8/3
f 3719/8/3 3675/8/3 3674/8/3
f 3720/8/3 3677/8/3 3676/8/3
f 3721/8/3 3687/8/3 3686/8/3
f 3722/8/3 3704/8/3 3703/8/3
f 3722/8/3 3703/8/3 3688/8/3
f 3723/8/3 3704/8/3 3722/8/3
f 3724/8/3 3691/8/3 3704/8/3
f 3724/8/3 3704/8/3 3723/8/3
f 3725/8/3 3691/8/3 3724/8/3
f 3726/8/3 3693/8/3 3692/8/3
f 3729/7/3 3700/7/3 3699/7/3
f 3730/8/3 3632/8/3 3700/8/3
f 3730/7/3 3700/7/3 3729/7/3
f 3731/8/3 3643/8/3 3642/8/3
f 3732/8/3 3711/8/3 3644/8/3
f 3732/8/3 3713/8/3 3712/8/3
f 3732/8/3 3712/8/3 3711/8/3
f 3733/8/3 3713/8/3 3732/8/3
f 3734/8/3 3713/8/3 3733/8/3
f 3735/8/3 3715/8/3 3714/8/3
f 3735/8/3 3716/8/3 3715/8/3
f 3736/8/3 3651/8/3 3716/8/3
f 3736/8/3 3716/8/3 3735/8/3
f 3737/8/3 3651/8/3 3736/8/3
f 3738/8/3 3653/8/3 3652/8/3
f 3739/8/3 3659/8/3 3658/8/3
f 3740/8/3 3661/8/3 3660/8/3
f 3741/8/3 3661/8/3 3740/8/3
f 3742/8/3 3718/8/3 3717/8/3
f 3742/8/3 3717/8/3 3662/8/3
f 3743/8/3 3718/8/3 3742/8/3
f 3744/8/3 3665/8/3 3718/8/3
f 3744/8/3 3718/8/3 3743/8/3
f 3745/8/3 3665/8/3 3744/8/3
f 3746/8/3 3667/8/3 3666/8/3
f 3747/8/3 3673/8/3 3672/8/3
f 3748/8/3 3720/8/3 3719/8/3
f 3748/8/3 3719/8/3 3674/8/3
f 3749/8/3 3720/8/3 3748/8/3
f 3750/8/3 3677/8/3 3720/8/3
f 3750/8/3 3720/8/3 3749/8/3
f 3751/8/3 3677/8/3 3750/8/3
f 3752/8/3 3679/8/3 3678/8/3
f 3753/8/3 3685/8/3 3684/8/3
f 3754/8/3 3721/8/3 3686/8/3
f 3754/8/3 3723/8/3 3722/8/3
f 3754/8/3 3722/8/3 3721/8/3
f 3755/8/3 3723/8/3 3754/8/3
f 3756/8/3 3723/8/3 3755/8/3
f 3757/8/3 3725/8/3 3724/8/3
f 3757/8/3 3726/8/3 3725/8/3
f 3758/8/3 3693/8/3 3726/8/3
f 3758/8/3 3726/8/3 3757/8/3
f 3759/8/3 3693/8/3 3758/8/3
f 3760/8/3 3695/8/3 3694/8/3
f 3761/4/3 3708/4/3 3707/4/3
f 3762/4/3 3708/4/3 3761/4/3
f 3763/4/3 3710/4/3 3709/4/3
f 3764/4/3 3710/4/3 3763/4/3
f 3765/8/3 3641/8/3 3640/8/3
f 3766/8/3 3731/8/3 3642/8/3
f 3766/8/3 3732/8/3 3731/8/3
f 3766/8/3 3733/8/3 3732/8/3
f 3767/8/3 3733/8/3 3766/8/3
f 3768/8/3 3733/8/3 3767/8/3
f 3769/8/3 3737/8/3 3736/8/3
f 3769/8/3 3738/8/3 3737/8/3
f 3770/8/3 3653/8/3 3738/8/3
f 3770/8/3 3738/8/3 3769/8/3
f 3771/8/3 3653/8/3 3770/8/3
f 3772/8/3 3655/8/3 3654/8/3
f 3773/8/3 3657/8/3 3656/8/3
f 3774/8/3 3741/8/3 3740/8/3
f 3774/8/3 3739/8/3 3658/8/3
f 3774/8/3 3740/8/3 3739/8/3
f 3774/8/3 3743/8/3 3742/8/3
f 3774/8/3 3742/8/3 3741/8/3
f 3775/8/3 3743/8/3 3774/8/3
f 3776/8/3 3743/8/3 3775/8/3
f 3777/8/3 3743/8/3 3776/8/3
f 3778/8/3 3743/8/3 3777/8/3
f 3779/8/3 3746/8/3 3745/8/3
f 3779/8/3 3745/8/3 3744/8/3
f 3780/8/3 3667/8/3 3746/8/3
f 3780/8/3 3746/8/3 3779/8/3
f 3781/8/3 3667/8/3 3780/8/3
f 3782/8/3 3669/8/3 3668/8/3
f 3783/8/3 3671/8/3 3670/8/3
f 3784/8/3 3749/8/3 3748/8/3
f 3784/8/3 3747/8/3 3672/8/3
f 3784/8/3 3748/8/3 3747/8/3
f 3785/8/3 3749/8/3 3784/8/3
f 3786/8/3 3749/8/3 3785/8/3
f 3787/8/3 3752/8/3 3751/8/3
f 3787/8/3 3751/8/3 3750/8/3
f 3788/8/3 3679/8/3 3752/8/3
f 3788/8/3 3752/8/3 3787/8/3
f 3789/8/3 3679/8/3 3788/8/3
f 3790/8/3 3681/8/3 3680/8/3
f 3791/8/3 3681/8/3 3790/8/3
f 3792/8/3 3683/8/3 3682/8/3
f 3793/8/3 3683/8/3 3792/8/3
f 3794/8/3 3753/8/3 3684/8/3
f 3794/8/3 3755/8/3 3754/8/3
f 3794/8/3 3754/8/3 3753/8/3
f 3795/8/3 3755/8/3 3794/8/3
f 3796/8/3 3723/8/3 3756/8/3
f 3797/8/3 3723/8/3 3796/8/3
f 3798/8/3 3757/8/3 3724/8/3
f 3799/8/3 3757/8/3 3798/8/3
f 3800/8/3 3759/8/3 3758/8/3
f 3800/8/3 3760/8/3 3759/8/3
f 3801/8/3 3695/8/3 3760/8/3
f 3801/8/3 3760/8/3 3800/8/3
f 3802/8/3 3636/8/3 3696/8/3
f 3803/4/3 3763/4/3 3762/4/3
f 3804/4/3 3763/4/3 3803/4/3
f 3805/8/3 3639/8/3 3635/8/3
f 3806/8/3 3765/8/3 3640/8/3
f 3806/8/3 3767/8/3 3766/8/3
f 3806/8/3 3766/8/3 3765/8/3
f 3807/8/3 3767/8/3 3806/8/3
f 3808/8/3 3767/8/3 3807/8/3
f 3809/8/3 3771/8/3 3770/8/3
f 3809/8/3 3772/8/3 3771/8/3
f 3810/8/3 3655/8/3 3772/8/3
f 3810/8/3 3772/8/3 3809/8/3
f 3811/8/3 3655/8/3 3810/8/3
f 3812/8/3 3773/8/3 3656/8/3
f 3812/8/3 3774/8/3 3773/8/3
f 3812/8/3 3775/8/3 3774/8/3
f 3813/8/3 3775/8/3 3812/8/3
f 3814/8/3 3775/8/3 3813/8/3
f 3815/8/3 3782/8/3 3781/8/3
f 3815/8/3 3781/8/3 3780/8/3
f 3816/8/3 3669/8/3 3782/8/3
f 3816/8/3 3782/8/3 3815/8/3
f 3817/8/3 3669/8/3 3816/8/3
f 3818/8/3 3783/8/3 3670/8/3
f 3818/8/3 3784/8/3 3783/8/3
f 3818/8/3 3785/8/3 3784/8/3
f 3819/8/3 3785/8/3 3818/8/3
f 3820/8/3 3785/8/3 3819/8/3
f 3821/8/3 3793/8/3 3792/8/3
f 3821/8/3 3801/8/3 3800/8/3
f 3821/8/3 3799/8/3 3798/8/3
f 3821/8/3 3802/8/3 3801/8/3
f 3821/8/3 3795/8/3 3794/8/3
f 3821/8/3 3798/8/3 3797/8/3
f 3821/8/3 3791/8/3 3790/8/3
f 3821/8/3 3789/8/3 3788/8/3
f 3821/8/3 3800/8/3 3799/8/3
f 3821/8/3 3797/8/3 3796/8/3
f 3821/8/3 3796/8/3 3795/8/3
f 3821/8/3 3792/8/3 3791/8/3
f 3821/8/3 3790/8/3 3789/8/3
f 3821/8/3 3794/8/3 3793/8/3
f 3822/8/3 3802/8/3 3821/8/3
f 3823/8/3 3802/8/3 3822/8/3
f 3824/8/3 3802/8/3 3823/8/3
f 3825/8/3 3802/8/3 3824/8/3
f 3826/8/3 3802/8/3 3825/8/3
f 3827/8/3 3802/8/3 3826/8/3
f 3828/8/3 3802/8/3 3827/8/3
f 3829/8/3 3802/8/3 3828/8/3
f 3830/8/3 3802/8/3 3829/8/3
f 3831/8/3 3802/8/3 3830/8/3
f 3832/8/3 3802/8/3 3831/8/3
f 3833/8/3 3802/8/3 3832/8/3
f 3834/8/3 3802/8/3 3833/8/3
f 3835/8/3 3802/8/3 3834/8/3
f 3836/8/3 3636/8/3 3802/8/3
f 3836/8/3 3802/8/3 3835/8/3
f 3837/8/3 3806/8/3 3805/8/3
f 3837/8/3 3807/8/3 3806/8/3
f 3838/8/3 3767/8/3 3808/8/3
f 3839/8/3 3767/8/3 3838/8/3
f 3840/8/3 3733/8/3 3768/8/3
f 3841/8/3 3733/8/3 3840/8/3
f 3842/8/3 3713/8/3 3734/8/3
f 3843/8/3 3713/8/3 3842/8/3
f 3844/8/3 3735/8/3 3714/8/3
f 3845/8/3 3735/8/3 3844/8/3
f 3846/8/3 3769/8/3 3736/8/3
f 3847/8/3 3769/8/3 3846/8/3
f 3848/8/3 3809/8/3 3770/8/3
f 3849/8/3 3809/8/3 3848/8/3
f 3850/8/3 3812/8/3 3811/8/3
f 3850/8/3 3811/8/3 3810/8/3
f 3850/8/3 3813/8/3 3812/8/3
f 3851/8/3 3813/8/3 3850/8/3
f 3852/8/3 3775/8/3 3814/8/3
f 3853/8/3 3775/8/3 3852/8/3
f 3854/8/3 3777/8/3 3776/8/3
f 3855/8/3 3777/8/3 3854/8/3
f 3856/8/3 3743/8/3 3778/8/3
f 3857/8/3 3743/8/3 3856/8/3
f 3858/8/3 3779/8/3 3744/8/3
f 3859/8/3 3779/8/3 3858/8/3
f 3860/8/3 3815/8/3 3780/8/3
f 3861/8/3 3815/8/3 3860/8/3
f 3862/8/3 3819/8/3 3818/8/3
f 3862/8/3 3818/8/3 3817/8/3
f 3862/8/3 3817/8/3 3816/8/3
f 3863/8/3 3819/8/3 3862/8/3
f 3864/8/3 3785/8/3 3820/8/3
f 3865/8/3 3785/8/3 3864/8/3
f 3866/8/3 3749/8/3 3786/8/3
f 3867/8/3 3749/8/3 3866/8/3
f 3868/8/3 3787/8/3 3750/8/3
f 3869/8/3 3787/8/3 3868/8/3
f 3870/8/3 3821/8/3 3788/8/3
f 3871/8/3 3821/8/3 3870/8/3
f 3872/8/3 3823/8/3 3822/8/3
f 3873/8/3 3823/8/3 3872/8/3
f 3874/8/3 3825/8/3 3824/8/3
f 3875/8/3 3825/8/3 3874/8/3
f 3876/8/3 3827/8/3 3826/8/3
f 3877/8/3 3827/8/3 3876/8/3
f 3878/8/3 3829/8/3 3828/8/3
f 3879/8/3 3829/8/3 3878/8/3
f 3880/8/3 3831/8/3 3830/8/3
f 3881/8/3 3831/8/3 3880/8/3
f 3882/8/3 3833/8/3 3832/8/3
f 3883/8/3 3833/8/3 3882/8/3
f 3884/8/3 3835/8/3 3834/8/3
f 3885/8/3 3835/8/3 3884/8/3
f 3886/8/3 3636/8/3 3836/8/3
f 3890/6/3 3888/6/3 3887/6/3
f 3891/6/3 3888/6/3 3890/6/3
f 3893/6/3 3890/6/3 3889/6/3
f 3894/6/3 3890/6/3 3893/6/3
f 3895/6/3 3892/6/3 3891/6/3
f 3896/6/3 3892/6/3 3895/6/3
f 3897/8/3 3863/8/3 3862/8/3
f 3897/8/3 3885/8/3 3884/8/3
f 3897/8/3 3861/8/3 3860/8/3
f 3897/8/3 3860/8/3 3859/8/3
f 3897/8/3 3883/8/3 3882/8/3
f 3897/8/3 3859/8/3 3858/8/3
f 3897/8/3 3849/8/3 3848/8/3
f 3897/8/3 3886/8/3 3885/8/3
f 3897/8/3 3865/8/3 3864/8/3
f 3897/8/3 3841/8/3 3840/8/3
f 3897/8/3 3884/8/3 3883/8/3
f 3897/8/3 3839/8/3 3838/8/3
f 3897/8/3 3882/8/3 3881/8/3
f 3897/8/3 3881/8/3 3880/8/3
f 3897/8/3 3880/8/3 3879/8/3
f 3897/8/3 3837/8/3 3805/8/3
f 3897/8/3 3878/8/3 3877/8/3
f 3897/8/3 3879/8/3 3878/8/3
f 3897/8/3 3876/8/3 3875/8/3
f 3897/8/3 3857/8/3 3856/8/3
f 3897/8/3 3874/8/3 3873/8/3
f 3897/8/3 3848/8/3 3847/8/3
f 3897/8/3 3872/8/3 3871/8/3
f 3897/8/3 3847/8/3 3846/8/3
f 3897/8/3 3870/8/3 3869/8/3
f 3897/8/3 3855/8/3 3854/8/3
f 3897/8/3 3868/8/3 3867/8/3
f 3897/8/3 3851/8/3 3850/8/3
f 3897/8/3 3866/8/3 3865/8/3
f 3897/8/3 3877/8/3 3876/8/3
f 3897/8/3 3864/8/3 3863/8/3
f 3897/8/3 3867/8/3 3866/8/3
f 3897/8/3 3862/8/3 3861/8/3
f 3897/8/3 3843/8/3 3842/8/3
f 3897/8/3 3858/8/3 3857/8/3
f 3897/8/3 3875/8/3 3874/8/3
f 3897/8/3 3856/8/3 3855/8/3
f 3897/8/3 3845/8/3 3844/8/3
f 3897/8/3 3854/8/3 3853/8/3
f 3897/8/3 3873/8/3 3872/8/3
f 3897/8/3 3852/8/3 3851/8/3
f 3897/8/3 3871/8/3 3870/8/3
f 3897/8/3 3850/8/3 3849/8/3
f 3897/8/3 3853/8/3 3852/8/3
f 3897/8/3 3846/8/3 3845/8/3
f 3897/8/3 3869/8/3 3868/8/3
f 3897/8/3 3844/8/3 3843/8/3
f 3897/8/3 3838/8/3 3837/8/3
f 3897/8/3 3842/8/3 3841/8/3
f 3897/8/3 3840/8/3 3839/8/3
f 3898/12/3 3624/12/3 3636/12/3
f 3898/8/3 3886/8/3 3897/8/3
f 3898/8/3 3636/8/3 3886/8/3
f 3899/12/3 3624/12/3 3898/12/3
f 3900/6/3 3895/6/3 3894/6/3
f 3901/6/3 3895/6/3 3900/6/3
f 3902/8/3 3897/8/3 3805/8/3
f 3903/8/3 3897/8/3 3902/8/3
f 3907/5/3 3905/5/3 3904/5/3
f 3908/5/3 3905/5/3 3907/5/3
f 3910/5/3 3907/5/3 3906/5/3
f 3911/5/3 3907/5/3 3910/5/3
f 3912/5/3 3909/5/3 3908/5/3
f 3913/5/3 3909/5/3 3912/5/3
f 3914/5/3 3912/5/3 3911/5/3
f 3915/5/3 3912/5/3 3914/5/3
f 3916/9/3 3728/9/3 3727/9/3
f 3917/7/3 3729/7/3 3728/7/3
f 3917/9/3 3728/9/3 3916/9/3
f 3918/8/3 3730/8/3 3729/8/3
f 3918/7/3 3729/7/3 3917/7/3
f 3919/8/3 3632/8/3 3730/8/3
f 3919/8/3 3730/8/3 3918/8/3
f 3922/7/3 3919/7/3 3918/7/3
f 3923/8/3 3632/8/3 3919/8/3
f 3923/7/3 3919/7/3 3922/7/3
f 3928/9/3 3921/9/3 3920/9/3
f 3929/7/3 3922/7/3 3921/7/3
f 3929/9/3 3921/9/3 3928/9/3
f 3930/7/3 3928/7/3 3927/7/3
f 3930/7/3 3927/7/3 3926/7/3
f 3930/7/3 3929/7/3 3928/7/3
f 3930/9/3 3925/9/3 3924/9/3
f 3930/7/3 3926/7/3 3925/7/3
f 3931/7/3 3922/7/3 3929/7/3
f 3931/7/3 3929/7/3 3930/7/3
f 3931/8/3 3923/8/3 3922/8/3
f 3932/8/3 3931/8/3 3930/8/3
f 3933/8/3 3632/8/3 3923/8/3
f 3933/8/3 3931/8/3 3932/8/3
f 3933/8/3 3923/8/3 3931/8/3
f 3934/8/3 3632/8/3 3933/8/3
f 3935/8/3 3932/8/3 3930/8/3
f 3935/7/3 3933/7/3 3932/7/3
f 3936/7/3 3933/7/3 3935/7/3
f 3937/7/3 3933/7/3 3936/7/3
f 3938/8/3 3634/8/3 3633/8/3
f 3939/8/3 3634/8/3 3938/8/3
f 3940/12/3 3937/12/3 3936/12/3
f 3941/12/3 3937/12/3 3940/12/3
f 3942/8/3 3938/8/3 3633/8/3
f 3943/8/3 3938/8/3 3942/8/3
f 3944/8/3 3634/8/3 3939/8/3
f 3945/8/3 3634/8/3 3944/8/3
f 3946/8/3 3935/8/3 3930/8/3
f 3947/8/3 3935/8/3 3946/8/3
f 3948/12/3 3940/12/3 3936/12/3
f 3949/12/3 3937/12/3 3941/12/3
f 3950/8/3 3942/8/3 3633/8/3
f 3951/8/3 3944/8/3 3943/8/3
f 3952/8/3 3944/8/3 3951/8/3
f 3953/8/3 3634/8/3 3945/8/3
f 3954/12/3 3949/12/3 3948/12/3
f 3955/12/3 3937/12/3 3949/12/3
f 3955/12/3 3949/12/3 3954/12/3
f 3956/8/3 3952/8/3 3951/8/3
f 3956/8/3 3950/8/3 3633/8/3
f 3956/8/3 3953/8/3 3952/8/3
f 3956/8/3 3951/8/3 3950/8/3
f 3957/8/3 3953/8/3 3956/8/3
f 3958/8/3 3634/8/3 3953/8/3
f 3958/8/3 3953/8/3 3957/8/3
f 3959/8/3 3634/8/3 3958/8/3
f 3960/12/3 3947/12/3 3946/12/3
f 3961/12/3 3947/12/3 3960/12/3
f 3962/12/3 3948/12/3 3936/12/3
f 3962/12/3 3954/12/3 3948/12/3
f 3963/12/3 3954/12/3 3962/12/3
f 3964/12/3 3937/12/3 3955/12/3
f 3965/8/3 3956/8/3 3633/8/3
f 3966/8/3 3958/8/3 3957/8/3
f 3967/8/3 3958/8/3 3966/8/3
f 3968/8/3 3634/8/3 3959/8/3
f 3969/12/3 3962/12/3 3936/12/3
f 3970/12/3 3964/12/3 3963/12/3
f 3971/12/3 3937/12/3 3964/12/3
f 3971/12/3 3964/12/3 3970/12/3
f 3972/8/3 3965/8/3 3633/8/3
f 3972/8/3 3966/8/3 3965/8/3
f 3973/8/3 3966/8/3 3972/8/3
f 3974/8/3 3966/8/3 3973/8/3
f 3975/8/3 3968/8/3 3967/8/3
f 3976/8/3 3634/8/3 3968/8/3
f 3976/8/3 3968/8/3 3975/8/3
f 3977/8/3 3634/8/3 3976/8/3
f 3978/12/3 3970/12/3 3969/12/3
f 3979/12/3 3937/12/3 3971/12/3
f 3980/8/3 3972/8/3 3633/8/3
f 3981/8/3 3974/8/3 3973/8/3
f 3981/8/3 3975/8/3 3974/8/3
f 3981/8/3 3976/8/3 3975/8/3
f 3982/8/3 3976/8/3 3981/8/3
f 3983/8/3 3634/8/3 3977/8/3
f 3984/12/3 3978/12/3 3969/12/3
f 3984/12/3 3969/12/3 3936/12/3
f 3984/12/3 3979/12/3 3978/12/3
f 3985/12/3 3937/12/3 3979/12/3
f 3985/12/3 3979/12/3 3984/12/3
f 3986/8/3 3981/8/3 3980/8/3
f 3987/8/3 3983/8/3 3982/8/3
f 3988/12/3 3984/12/3 3936/12/3
f 3991/12/3 3937/12/3 3985/12/3
f 3992/12/3 3960/12/3 3946/12/3
f 3993/12/3 3947/12/3 3961/12/3
f 3994/12/3 3989/12/3 3988/12/3
f 3994/12/3 3988/12/3 3936/12/3
f 3995/12/3 3989/12/3 3994/12/3
f 3996/12/3 3991/12/3 3990/12/3
f 3997/12/3 3937/12/3 3991/12/3
f 3997/12/3 3991/12/3 3996/12/3
f 3998/12/3 3994/12/3 3936/12/3
f 3999/12/3 3937/12/3 3997/12/3
f 4000/8/3 3987/8/3 3986/8/3
f 4001/8/3 3987/8/3 4000/8/3
f 4002/12/3 3992/12/3 3946/12/3
f 4002/12/3 3993/12/3 3992/12/3
f 4003/12/3 3947/12/3 3993/12/3
f 4003/12/3 3993/12/3 4002/12/3
f 4004/12/3 3999/12/3 3998/12/3
f 4004/12/3 3998/12/3 3936/12/3
f 4005/12/3 3999/12/3 4004/12/3
f 4006/12/3 3999/12/3 4005/12/3
f 4007/12/3 3999/12/3 4006/12/3
f 4008/8/3 3986/8/3 3980/8/3
f 4008/8/3 4000/8/3 3986/8/3
f 4009/8/3 4000/8/3 4008/8/3
f 4010/8/3 3987/8/3 4001/8/3
f 4011/8/3 3983/8/3 3987/8/3
f 4011/8/3 3987/8/3 4010/8/3
f 4013/12/3 3999/12/3 4007/12/3
f 4014/12/3 3937/12/3 3999/12/3
f 4014/12/3 3999/12/3 4013/12/3
f 4015/8/3 3980/8/3 3633/8/3
f 4015/8/3 4008/8/3 3980/8/3
f 4016/8/3 4008/8/3 4015/8/3
f 4017/8/3 4010/8/3 4009/8/3
f 4018/8/3 4010/8/3 4017/8/3
f 4019/8/3 3983/8/3 4011/8/3
f 4020/8/3 3634/8/3 3983/8/3
f 4020/8/3 3983/8/3 4019/8/3
f 4021/12/3 4006/12/3 4005/12/3
f 4022/12/3 4006/12/3 4021/12/3
f 4023/12/3 4013/12/3 4012/12/3
f 4024/12/3 4004/12/3 3936/12/3
f 4025/12/3 4023/12/3 4022/12/3
f 4026/12/3 4013/12/3 4023/12/3
f 4026/12/3 4023/12/3 4025/12/3
f 4027/12/3 3937/12/3 4014/12/3
f 4028/12/3 4026/12/3 4025/12/3
f 4028/12/3 4027/12/3 4026/12/3
f 4028/12/3 4024/12/3 3936/12/3
f 4028/12/3 4025/12/3 4024/12/3
f 4029/12/3 3937/12/3 4027/12/3
f 4029/12/3 4027/12/3 4028/12/3
f 4030/8/3 4015/8/3 3633/8/3
f 4031/8/3 4018/8/3 4017/8/3
f 4031/8/3 4019/8/3 4018/8/3
f 4031/8/3 4017/8/3 4016/8/3
f 4032/8/3 4019/8/3 4031/8/3
f 4033/8/3 3634/8/3 4020/8/3
f 4034/12/3 4002/12/3 3946/12/3
f 4035/12/3 3947/12/3 4003/12/3
f 4036/12/3 4028/12/3 3936/12/3
f 4037/12/3 3937/12/3 4029/12/3
f 4038/8/3 4030/8/3 3633/8/3
f 4038/8/3 4032/8/3 4031/8/3
f 4038/8/3 4033/8/3 4032/8/3
f 4038/8/3 4031/8/3 4030/8/3
f 4039/8/3 4033/8/3 4038/8/3
f 4040/12/3 4035/12/3 4034/12/3
f 4040/12/3 4034/12/3 3946/12/3
f 4041/12/3 3947/12/3 4035/12/3
f 4041/12/3 4035/12/3 4040/12/3
f 4042/8/3 4038/8/3 3633/8/3
f 4045/8/3 4033/8/3 4039/8/3
f 4046/8/3 3634/8/3 4033/8/3
f 4046/8/3 4033/8/3 4045/8/3
f 4047/12/3 4037/12/3 4036/12/3
f 4048/12/3 4037/12/3 4047/12/3
f 4049/12/3 4037/12/3 4048/12/3
f 4050/12/3 3937/12/3 4037/12/3
f 4050/12/3 4037/12/3 4049/12/3
f 4051/12/3 4036/12/3 3936/12/3
f 4051/12/3 4047/12/3 4036/12/3
f 4052/12/3 4047/12/3 4051/12/3
f 4053/12/3 3937/12/3 4050/12/3
f 4054/12/3 3937/12/3 4053/12/3
f 4055/12/3 4051/12/3 3936/12/3
f 4057/8/3 4043/8/3 4042/8/3
f 4057/8/3 4042/8/3 3633/8/3
f 4058/8/3 4043/8/3 4057/8/3
f 4059/8/3 4045/8/3 4044/8/3
f 4060/8/3 4045/8/3 4059/8/3
f 4061/8/3 3634/8/3 4046/8/3
f 4062/12/3 4056/12/3 4055/12/3
f 4063/12/3 4049/12/3 4048/12/3
f 4064/12/3 4049/12/3 4063/12/3
f 4065/12/3 3937/12/3 4054/12/3
f 4066/8/3 4057/8/3 3633/8/3
f 4067/8/3 4061/8/3 4060/8/3
f 4068/12/3 4040/12/3 3946/12/3
f 4069/12/3 3947/12/3 4041/12/3
f 4070/12/3 4062/12/3 4055/12/3
f 4070/12/3 4064/12/3 4063/12/3
f 4070/12/3 4055/12/3 3936/12/3
f 4070/12/3 4065/12/3 4064/12/3
f 4070/12/3 4063/12/3 4062/12/3
f 4071/12/3 4065/12/3 4070/12/3
f 4072/12/3 4065/12/3 4071/12/3
f 4073/12/3 3937/12/3 4065/12/3
f 4073/12/3 4065/12/3 4072/12/3
f 4074/12/3 4070/12/3 3936/12/3
f 4076/12/3 4072/12/3 4071/12/3
f 4077/12/3 3937/12/3 4073/12/3
f 4078/8/3 4066/8/3 3633/8/3
f 4078/8/3 4067/8/3 4066/8/3
f 4079/8/3 3634/8/3 4061/8/3
f 4079/8/3 4067/8/3 4078/8/3
f 4079/8/3 4061/8/3 4067/8/3
f 4080/12/3 4075/12/3 4074/12/3
f 4081/12/3 4077/12/3 4076/12/3
f 4081/12/3 4076/12/3 4071/12/3
f 4082/12/3 4077/12/3 4081/12/3
f 4083/12/3 3937/12/3 4077/12/3
f 4083/12/3 4077/12/3 4082/12/3
f 4084/8/3 4078/8/3 3633/8/3
f 4087/8/3 3634/8/3 4079/8/3
f 4088/12/3 4069/12/3 4068/12/3
f 4089/12/3 3947/12/3 4069/12/3
f 4089/12/3 4069/12/3 4088/12/3
f 4090/12/3 4080/12/3 4074/12/3
f 4090/12/3 4082/12/3 4081/12/3
f 4090/12/3 4074/12/3 3936/12/3
f 4090/12/3 4081/12/3 4080/12/3
f 4091/12/3 4082/12/3 4090/12/3
f 4092/8/3 4085/8/3 4084/8/3
f 4093/8/3 4085/8/3 4092/8/3
f 4094/8/3 4087/8/3 4086/8/3
f 4095/12/3 4068/12/3 3946/12/3
f 4095/12/3 4088/12/3 4068/12/3
f 4096/12/3 4088/12/3 4095/12/3
f 4097/12/3 4090/12/3 3936/12/3
f 4098/12/3 4082/12/3 4091/12/3
f 4099/12/3 4082/12/3 4098/12/3
f 4101/12/3 3937/12/3 4083/12/3
f 4102/8/3 4092/8/3 4084/8/3
f 4103/8/3 4092/8/3 4102/8/3
f 4104/8/3 4094/8/3 4093/8/3
f 4105/12/3 4097/12/3 3936/12/3
f 4105/12/3 4098/12/3 4097/12/3
f 4106/12/3 4098/12/3 4105/12/3
f 4107/12/3 4082/12/3 4099/12/3
f 4108/12/3 4082/12/3 4107/12/3
f 4109/12/3 4101/12/3 4100/12/3
f 4110/8/3 4102/8/3 4084/8/3
f 4111/8/3 4102/8/3 4110/8/3
f 4112/8/3 4104/8/3 4103/8/3
f 4113/12/3 4095/12/3 3946/12/3
f 4114/12/3 3947/12/3 4089/12/3
f 4115/12/3 4105/12/3 3936/12/3
f 4116/12/3 4108/12/3 4107/12/3
f 4116/12/3 4109/12/3 4108/12/3
f 4116/12/3 4107/12/3 4106/12/3
f 4117/12/3 4109/12/3 4116/12/3
f 4118/12/3 3937/12/3 4101/12/3
f 4118/12/3 4109/12/3 4117/12/3
f 4118/12/3 4101/12/3 4109/12/3
f 4119/8/3 4084/8/3 3633/8/3
f 4119/8/3 4110/8/3 4084/8/3
f 4120/8/3 4110/8/3 4119/8/3
f 4121/8/3 4112/8/3 4111/8/3
f 4122/8/3 4104/8/3 4112/8/3
f 4122/8/3 4112/8/3 4121/8/3
f 4122/8/3 4087/8/3 4094/8/3
f 4122/8/3 4094/8/3 4104/8/3
f 4122/8/3 3634/8/3 4087/8/3
f 4123/12/3 4113/12/3 3946/12/3
f 4123/12/3 4114/12/3 4113/12/3
f 4124/12/3 3947/12/3 4114/12/3
f 4124/12/3 4114/12/3 4123/12/3
f 4125/12/3 4116/12/3 4115/12/3
f 4125/12/3 4115/12/3 3936/12/3
f 4125/12/3 4117/12/3 4116/12/3
f 4126/12/3 4117/12/3 4125/12/3
f 4127/12/3 4117/12/3 4126/12/3
f 4128/12/3 3937/12/3 4118/12/3
f 4129/8/3 4119/8/3 3633/8/3
f 4130/8/3 3634/8/3 4122/8/3
f 4131/12/3 4128/12/3 4127/12/3
f 4131/12/3 4127/12/3 4126/12/3
f 4132/12/3 3937/12/3 4128/12/3
f 4132/12/3 4128/12/3 4131/12/3
f 4133/8/3 4129/8/3 3633/8/3
f 4133/8/3 4130/8/3 4129/8/3
f 4134/8/3 3634/8/3 4130/8/3
f 4134/8/3 4130/8/3 4133/8/3
f 4135/12/3 4125/12/3 3936/12/3
f 4137/12/3 4131/12/3 4126/12/3
f 4138/12/3 4131/12/3 4137/12/3
f 4141/12/3 4123/12/3 3946/12/3
f 4142/12/3 3947/12/3 4124/12/3
f 4143/12/3 4136/12/3 4135/12/3
f 4144/12/3 4137/12/3 4126/12/3
f 4145/12/3 4137/12/3 4144/12/3
f 4147/12/3 4141/12/3 3946/12/3
f 4147/12/3 4142/12/3 4141/12/3
f 4148/12/3 3947/12/3 4142/12/3
f 4148/12/3 4142/12/3 4147/12/3
f 4149/12/3 4146/12/3 4145/12/3
f 4149/12/3 4145/12/3 4144/12/3
f 4149/12/3 4135/12/3 3936/12/3
f 4149/12/3 4144/12/3 4143/12/3
f 4149/12/3 4143/12/3 4135/12/3
f 4150/12/3 4146/12/3 4149/12/3
f 4151/12/3 4146/12/3 4150/12/3
f 4152/12/3 3937/12/3 4132/12/3
f 4153/8/3 4133/8/3 3633/8/3
f 4154/8/3 4140/8/3 4139/8/3
f 4155/8/3 4140/8/3 4154/8/3
f 4156/8/3 4140/8/3 4155/8/3
f 4157/8/3 4140/8/3 4156/8/3
f 4158/8/3 3634/8/3 4134/8/3
f 4159/12/3 4149/12/3 3936/12/3
f 4160/12/3 4151/12/3 4150/12/3
f 4160/12/3 4152/12/3 4151/12/3
f 4161/12/3 4152/12/3 4160/12/3
f 4162/12/3 4152/12/3 4161/12/3
f 4163/8/3 4154/8/3 4153/8/3
f 4164/8/3 4156/8/3 4155/8/3
f 4165/8/3 4156/8/3 4164/8/3
f 4166/8/3 4158/8/3 4157/8/3
f 4167/12/3 4160/12/3 4159/12/3
f 4167/12/3 4161/12/3 4160/12/3
f 4168/12/3 4161/12/3 4167/12/3
f 4169/12/3 4152/12/3 4162/12/3
f 4170/12/3 3937/12/3 4152/12/3
f 4170/12/3 4152/12/3 4169/12/3
f 4171/8/3 4153/8/3 3633/8/3
f 4171/8/3 4163/8/3 4153/8/3
f 4171/8/3 4164/8/3 4163/8/3
f 4172/8/3 4164/8/3 4171/8/3
f 4173/8/3 4164/8/3 4172/8/3
f 4174/8/3 4166/8/3 4165/8/3
f 4175/8/3 4158/8/3 4166/8/3
f 4175/8/3 4166/8/3 4174/8/3
f 4176/8/3 3634/8/3 4158/8/3
f 4176/8/3 4158/8/3 4175/8/3
f 4177/12/3 4147/12/3 3946/12/3
f 4178/12/3 3947/12/3 4148/12/3
f 4179/12/3 4167/12/3 4159/12/3
f 4180/12/3 4161/12/3 4168/12/3
f 4182/12/3 3937/12/3 4170/12/3
f 4183/12/3 4177/12/3 3946/12/3
f 4183/12/3 4178/12/3 4177/12/3
f 4184/12/3 3947/12/3 4178/12/3
f 4184/12/3 4178/12/3 4183/12/3
f 4185/12/3 4159/12/3 3936/12/3
f 4185/12/3 4179/12/3 4159/12/3
f 4185/12/3 4180/12/3 4179/12/3
f 4186/12/3 4161/12/3 4180/12/3
f 4186/12/3 4180/12/3 4185/12/3
f 4187/12/3 4161/12/3 4186/12/3
f 4188/12/3 4182/12/3 4181/12/3
f 4189/8/3 4173/8/3 4172/8/3
f 4189/8/3 4175/8/3 4174/8/3
f 4189/8/3 4174/8/3 4173/8/3
f 4190/8/3 4175/8/3 4189/8/3
f 4191/12/3 4185/12/3 3936/12/3
f 4192/12/3 4187/12/3 4186/12/3
f 4192/12/3 4188/12/3 4187/12/3
f 4193/12/3 4188/12/3 4192/12/3
f 4194/12/3 4182/12/3 4188/12/3
f 4194/12/3 4188/12/3 4193/12/3
f 4194/12/3 3937/12/3 4182/12/3
f 4197/12/3 4191/12/3 3936/12/3
f 4197/12/3 4193/12/3 4192/12/3
f 4197/12/3 4192/12/3 4191/12/3
f 4198/12/3 4193/12/3 4197/12/3
f 4200/12/3 3937/12/3 4194/12/3
f 4201/12/3 4183/12/3 3946/12/3
f 4202/12/3 3947/12/3 4184/12/3
f 4203/12/3 4197/12/3 3936/12/3
f 4205/8/3 4171/8/3 3633/8/3
f 4206/8/3 4196/8/3 4195/8/3
f 4207/8/3 4196/8/3 4206/8/3
f 4208/8/3 3634/8/3 4176/8/3
f 4209/12/3 4201/12/3 3946/12/3
f 4209/12/3 4202/12/3 4201/12/3
f 4210/12/3 3947/12/3 4202/12/3
f 4210/12/3 4202/12/3 4209/12/3
f 4211/12/3 4204/12/3 4203/12/3
f 4211/12/3 4203/12/3 3936/12/3
f 4212/12/3 4204/12/3 4211/12/3
f 4213/12/3 4193/12/3 4198/12/3
f 4214/12/3 4193/12/3 4213/12/3
f 4215/12/3 4200/12/3 4199/12/3
f 4216/8/3 4208/8/3 4207/8/3
f 4216/8/3 4207/8/3 4206/8/3
f 4216/8/3 4206/8/3 4205/8/3
f 4217/8/3 3634/8/3 4208/8/3
f 4217/8/3 4208/8/3 4216/8/3
f 4218/12/3 4211/12/3 3936/12/3
f 4219/12/3 4215/12/3 4214/12/3
f 4219/12/3 4214/12/3 4213/12/3
f 4219/12/3 4213/12/3 4212/12/3
f 4220/8/3 4216/8/3 4205/8/3
f 4221/8/3 4216/8/3 4220/8/3
f 4222/8/3 3634/8/3 4217/8/3
f 4223/12/3 4218/12/3 3936/12/3
f 4223/12/3 4219/12/3 4218/12/3
f 4224/12/3 4215/12/3 4219/12/3
f 4224/12/3 4219/12/3 4223/12/3
f 4225/8/3 4220/8/3 4205/8/3
f 4226/8/3 4220/8/3 4225/8/3
f 4227/8/3 4222/8/3 4221/8/3
f 4228/8/3 4205/8/3 3633/8/3
f 4228/8/3 4225/8/3 4205/8/3
f 4229/8/3 4225/8/3 4228/8/3
f 4230/8/3 4227/8/3 4226/8/3
f 4231/12/3 4209/12/3 3946/12/3
f 4232/12/3 3947/12/3 4210/12/3
f 4234/12/3 4215/12/3 4224/12/3
f 4235/8/3 4228/8/3 3633/8/3
f 4236/8/3 4230/8/3 4229/8/3
f 4237/8/3 4227/8/3 4230/8/3
f 4237/8/3 4230/8/3 4236/8/3
f 4238/12/3 4231/12/3 3946/12/3
f 4238/12/3 4232/12/3 4231/12/3
f 4239/12/3 3947/12/3 4232/12/3
f 4239/12/3 4232/12/3 4238/12/3
f 4240/12/3 4223/12/3 3936/12/3
f 4241/12/3 4234/12/3 4233/12/3
f 4242/8/3 4236/8/3 4235/8/3
f 4243/8/3 4227/8/3 4237/8/3
f 4244/8/3 4222/8/3 4227/8/3
f 4244/8/3 4227/8/3 4243/8/3
f 4245/8/3 4243/8/3 4242/8/3
f 4246/8/3 4222/8/3 4244/8/3
f 4247/8/3 4222/8/3 4246/8/3
f 4248/8/3 3634/8/3 4222/8/3
f 4248/8/3 4222/8/3 4247/8/3
f 4249/12/3 4238/12/3 3946/12/3
f 4251/8/3 4246/8/3 4245/8/3
f 4252/6/3 4248/6/3 4247/6/3
f 4253/8/3 3634/8/3 4248/8/3
f 4253/6/3 4248/6/3 4252/6/3
f 4254/12/3 4250/12/3 4249/12/3
f 4255/12/3 3947/12/3 4239/12/3
f 4256/12/3 4241/12/3 4240/12/3
f 4256/12/3 4215/12/3 4234/12/3
f 4256/12/3 4234/12/3 4241/12/3
f 4257/12/3 4200/12/3 4215/12/3
f 4257/12/3 4215/12/3 4256/12/3
f 4257/12/3 3937/12/3 4200/12/3
f 4258/8/3 4235/8/3 3633/8/3
f 4258/8/3 4245/8/3 4242/8/3
f 4258/8/3 4252/8/3 4251/8/3
f 4258/8/3 4242/8/3 4235/8/3
f 4258/8/3 4253/8/3 4252/8/3
f 4258/8/3 4251/8/3 4245/8/3
f 4259/8/3 4253/8/3 4258/8/3
f 4260/8/3 4253/8/3 4259/8/3
f 4261/8/3 3634/8/3 4253/8/3
f 4261/8/3 4253/8/3 4260/8/3
f 4262/12/3 4256/12/3 4240/12/3
f 4263/12/3 3937/12/3 4257/12/3
f 4266/8/3 3946/8/3 3930/8/3
f 4266/12/3 4249/12/3 3946/12/3
f 4266/12/3 4255/12/3 4254/12/3
f 4266/12/3 4254/12/3 4249/12/3
f 4267/8/3 3935/8/3 3947/8/3
f 4267/12/3 4255/12/3 4266/12/3
f 4267/12/3 3947/12/3 4255/12/3
f 4268/12/3 4262/12/3 4240/12/3
f 4268/12/3 4263/12/3 4262/12/3
f 4268/12/3 4240/12/3 3936/12/3
f 4269/12/3 4263/12/3 4268/12/3
f 4270/12/3 4263/12/3 4269/12/3
f 4271/12/3 3937/12/3 4263/12/3
f 4271/12/3 4263/12/3 4270/12/3
f 4273/12/3 4270/12/3 4269/12/3
f 4274/12/3 4270/12/3 4273/12/3
f 4275/12/3 4270/12/3 4274/12/3
f 4277/12/3 4273/12/3 4272/12/3
f 4278/12/3 4276/12/3 4275/12/3
f 4278/12/3 4275/12/3 4274/12/3
f 4279/12/3 4276/12/3 4278/12/3
f 4280/8/3 4265/8/3 4264/8/3
f 4281/8/3 4265/8/3 4280/8/3
f 4282/12/3 4277/12/3 4272/12/3
f 4282/12/3 4278/12/3 4277/12/3
f 4283/12/3 4278/12/3 4282/12/3
f 4284/12/3 4278/12/3 4283/12/3
f 4285/12/3 4276/12/3 4279/12/3
f 4286/12/3 4276/12/3 4285/12/3
f 4287/8/3 4258/8/3 3633/8/3
f 4288/8/3 4260/8/3 4259/8/3
f 4289/8/3 4260/8/3 4288/8/3
f 4290/8/3 3634/8/3 4261/8/3
f 4291/8/3 4267/8/3 4266/8/3
f 4292/8/3 3935/8/3 4267/8/3
f 4292/8/3 4267/8/3 4291/8/3
f 4293/12/3 4268/12/3 3936/12/3
f 4294/12/3 4284/12/3 4283/12/3
f 4294/12/3 4285/12/3 4284/12/3
f 4295/12/3 4285/12/3 4294/12/3
f 4296/12/3 3937/12/3 4271/12/3
f 4297/8/3 4289/8/3 4288/8/3
f 4297/8/3 4290/8/3 4289/8/3
f 4297/8/3 4287/8/3 3633/8/3
f 4297/8/3 4288/8/3 4287/8/3
f 4298/8/3 4290/8/3 4297/8/3
f 4299/8/3 4290/8/3 4298/8/3
f 4300/8/3 3634/8/3 4290/8/3
f 4300/8/3 4290/8/3 4299/8/3
f 4301/12/3 4296/12/3 4295/12/3
f 4301/12/3 4293/12/3 3936/12/3
f 4301/12/3 4295/12/3 4294/12/3
f 4301/12/3 4294/12/3 4293/12/3
f 4302/12/3 4296/12/3 4301/12/3
f 4303/12/3 4296/12/3 4302/12/3
f 4304/12/3 3937/12/3 4296/12/3
f 4304/12/3 4296/12/3 4303/12/3
f 4305/8/3 4297/8/3 3633/8/3
f 4306/8/3 4299/8/3 4298/8/3
f 4307/8/3 4299/8/3 4306/8/3
f 4308/8/3 4299/8/3 4307/8/3
f 4309/8/3 4299/8/3 4308/8/3
f 4310/8/3 3634/8/3 4300/8/3
f 4312/12/3 4303/12/3 4302/12/3
f 4313/12/3 4303/12/3 4312/12/3
f 4314/12/3 4303/12/3 4313/12/3
f 4316/8/3 4306/8/3 4305/8/3
f 4317/8/3 4308/8/3 4307/8/3
f 4318/8/3 4308/8/3 4317/8/3
f 4319/8/3 4308/8/3 4318/8/3
f 4320/8/3 4308/8/3 4319/8/3
f 4321/8/3 4310/8/3 4309/8/3
f 4322/12/3 4312/12/3 4311/12/3
f 4322/12/3 4313/12/3 4312/12/3
f 4323/12/3 4313/12/3 4322/12/3
f 4324/12/3 4315/12/3 4314/12/3
f 4325/8/3 4317/8/3 4316/8/3
f 4326/8/3 4319/8/3 4318/8/3
f 4327/8/3 4319/8/3 4326/8/3
f 4328/8/3 4321/8/3 4320/8/3
f 4329/12/3 4322/12/3 4311/12/3
f 4330/12/3 4322/12/3 4329/12/3
f 4331/12/3 4324/12/3 4323/12/3
f 4332/12/3 4315/12/3 4324/12/3
f 4332/12/3 4324/12/3 4331/12/3
f 4333/12/3 4315/12/3 4332/12/3
f 4334/8/3 4325/8/3 4316/8/3
f 4334/8/3 4326/8/3 4325/8/3
f 4335/8/3 4326/8/3 4334/8/3
f 4336/8/3 4328/8/3 4327/8/3
f 4337/8/3 4321/8/3 4328/8/3
f 4337/8/3 4328/8/3 4336/8/3
f 4338/12/3 4301/12/3 3936/12/3
f 4339/12/3 4331/12/3 4330/12/3
f 4339/12/3 4332/12/3 4331/12/3
f 4340/12/3 4332/12/3 4339/12/3
f 4341/12/3 3937/12/3 4304/12/3
f 4342/8/3 4316/8/3 4305/8/3
f 4342/8/3 4334/8/3 4316/8/3
f 4343/8/3 4334/8/3 4342/8/3
f 4344/8/3 4336/8/3 4335/8/3
f 4345/8/3 4336/8/3 4344/8/3
f 4346/8/3 4321/8/3 4337/8/3
f 4347/8/3 4310/8/3 4321/8/3
f 4347/8/3 4321/8/3 4346/8/3
f 4348/10/3 3936/10/3 3935/10/3
f 4348/8/3 3935/8/3 4292/8/3
f 4349/12/3 4340/12/3 4339/12/3
f 4349/10/3 3936/10/3 4348/10/3
f 4349/12/3 4341/12/3 4340/12/3
f 4349/12/3 4338/12/3 3936/12/3
f 4349/12/3 4339/12/3 4338/12/3
f 4350/12/3 3937/12/3 4341/12/3
f 4350/12/3 4341/12/3 4349/12/3
f 4351/8/3 4305/8/3 3633/8/3
f 4351/8/3 4342/8/3 4305/8/3
f 4352/8/3 4342/8/3 4351/8/3
f 4353/8/3 4345/8/3 4344/8/3
f 4353/8/3 4344/8/3 4343/8/3
f 4353/8/3 4346/8/3 4345/8/3
f 4354/8/3 4346/8/3 4353/8/3
f 4355/8/3 4310/8/3 4347/8/3
f 4356/8/3 3634/8/3 4310/8/3
f 4356/8/3 4310/8/3 4355/8/3
f 4357/8/3 4291/8/3 4266/8/3
f 4358/8/3 4348/8/3 4292/8/3
f 4359/7/3 4350/7/3 4349/7/3
f 4359/7/3 4349/7/3 4348/7/3
f 4359/8/3 4348/8/3 4358/8/3
f 4360/7/3 4350/7/3 4359/7/3
f 4361/8/3 3632/8/3 3934/8/3
f 4362/8/3 4351/8/3 3633/8/3
f 4363/8/3 4354/8/3 4353/8/3
f 4363/8/3 4355/8/3 4354/8/3
f 4363/8/3 4353/8/3 4352/8/3
f 4364/8/3 4355/8/3 4363/8/3
f 4365/8/3 3634/8/3 4356/8/3
f 4366/8/3 4360/8/3 4359/8/3
f 4366/8/3 4266/8/3 3930/8/3
f 4366/8/3 4357/8/3 4266/8/3
f 4366/8/3 4358/8/3 4357/8/3
f 4366/8/3 4361/8/3 4360/8/3
f 4366/8/3 4359/8/3 4358/8/3
f 4367/8/3 4361/8/3 4366/8/3
f 4368/10/3 4367/10/3 4366/10/3
f 4369/10/3 4367/10/3 4368/10/3
f 4370/10/3 4368/10/3 4366/10/3
f 4371/10/3 4367/10/3 4369/10/3
f 4372/10/3 4370/10/3 4366/10/3
f 4372/10/3 4371/10/3 4370/10/3
f 4373/10/3 4367/10/3 4371/10/3
f 4373/10/3 4371/10/3 4372/10/3
f 4374/10/3 4372/10/3 4366/10/3
f 4375/10/3 4367/10/3 4373/10/3
f 4376/8/3 4366/8/3 3930/8/3
f 4376/10/3 4375/10/3 4374/10/3
f 4376/10/3 4374/10/3 4366/10/3
f 4377/10/3 4367/10/3 4375/10/3
f 4377/10/3 4375/10/3 4376/10/3
f 4377/8/3 4361/8/3 4367/8/3
f 4378/8/3 3902/8/3 3805/8/3
f 4378/12/3 3903/12/3 3902/12/3
f 4379/12/3 3903/12/3 4378/12/3
f 4380/9/3 3930/9/3 3924/9/3
f 4381/8/3 4377/8/3 4376/8/3
f 4381/9/3 3930/9/3 4380/9/3
f 4381/8/3 4376/8/3 3930/8/3
f 4382/8/3 4379/8/3 4378/8/3
f 4384/11/3 4381/11/3 4380/11/3
f 4385/8/3 4377/8/3 4381/8/3
f 4385/11/3 4381/11/3 4384/11/3
f 4386/8/3 4361/8/3 4377/8/3
f 4386/8/3 4377/8/3 4385/8/3
f 4387/8/3 4361/8/3 4386/8/3
f 4388/8/3 4383/8/3 4382/8/3
f 4389/8/3 4383/8/3 4388/8/3
f 4390/8/3 4383/8/3 4389/8/3
f 4391/8/3 4383/8/3 4390/8/3
f 4392/8/3 4383/8/3 4391/8/3
f 4393/8/3 4383/8/3 4392/8/3
f 4394/8/3 4383/8/3 4393/8/3
f 4395/8/3 4383/8/3 4394/8/3
f 4396/8/3 4383/8/3 4395/8/3
f 4397/8/3 4383/8/3 4396/8/3
f 4398/8/3 4383/8/3 4397/8/3
f 4399/8/3 4383/8/3 4398/8/3
f 4400/8/3 4383/8/3 4399/8/3
f 4401/8/3 4383/8/3 4400/8/3
f 4402/8/3 4383/8/3 4401/8/3
f 4403/8/3 4383/8/3 4402/8/3
f 4404/8/3 4383/8/3 4403/8/3
f 4405/8/3 4383/8/3 4404/8/3
f 4406/8/3 4383/8/3 4405/8/3
f 4407/8/3 4383/8/3 4406/8/3
f 4408/8/3 4383/8/3 4407/8/3
f 4409/8/3 4383/8/3 4408/8/3
f 4410/8/3 4383/8/3 4409/8/3
f 4411/8/3 4383/8/3 4410/8/3
f 4412/8/3 4383/8/3 4411/8/3
f 4413/8/3 4383/8/3 4412/8/3
f 4414/8/3 4383/8/3 4413/8/3
f 4415/8/3 4383/8/3 4414/8/3
f 4416/8/3 4383/8/3 4415/8/3
f 4417/8/3 4383/8/3 4416/8/3
f 4418/8/3 4383/8/3 4417/8/3
f 4419/8/3 4383/8/3 4418/8/3
f 4420/8/3 4383/8/3 4419/8/3
f 4421/8/3 4383/8/3 4420/8/3
f 4422/8/3 4383/8/3 4421/8/3
f 4423/8/3 4383/8/3 4422/8/3
f 4424/8/3 4383/8/3 4423/8/3
f 4425/8/3 4383/8/3 4424/8/3
f 4426/8/3 4383/8/3 4425/8/3
f 4427/8/3 4383/8/3 4426/8/3
f 4428/8/3 4383/8/3 4427/8/3
f 4429/8/3 4383/8/3 4428/8/3
f 4430/8/3 4383/8/3 4429/8/3
f 4431/8/3 4383/8/3 4430/8/3
f 4432/8/3 4383/8/3 4431/8/3
f 4433/8/3 4383/8/3 4432/8/3
f 4434/8/3 4383/8/3 4433/8/3
f 4435/8/3 4383/8/3 4434/8/3
f 4436/8/3 4383/8/3 4435/8/3
f 4437/8/3 4383/8/3 4436/8/3
f 4438/8/3 4382/8/3 4378/8/3
f 4438/8/3 3805/8/3 3635/8/3
f 4438/8/3 4378/8/3 3805/8/3
f 4438/8/3 4388/8/3 4382/8/3
f 4439/8/3 4388/8/3 4438/8/3
f 4440/8/3 4388/8/3 4439/8/3
f 4441/8/3 4390/8/3 4389/8/3
f 4442/8/3 4400/8/3 4399/8/3
f 4443/8/3 4402/8/3 4401/8/3
f 4444/8/3 4402/8/3 4443/8/3
f 4445/8/3 4402/8/3 4444/8/3
f 4446/8/3 4402/8/3 4445/8/3
f 4447/8/3 4404/8/3 4403/8/3
f 4448/8/3 4412/8/3 4411/8/3
f 4449/8/3 4414/8/3 4413/8/3
f 4450/8/3 4414/8/3 4449/8/3
f 4451/8/3 4414/8/3 4450/8/3
f 4452/8/3 4414/8/3 4451/8/3
f 4453/8/3 4416/8/3 4415/8/3
f 4454/8/3 4422/8/3 4421/8/3
f 4455/8/3 4424/8/3 4423/8/3
f 4456/8/3 4424/8/3 4455/8/3
f 4457/8/3 4426/8/3 4425/8/3
f 4458/8/3 4426/8/3 4457/8/3
f 4459/8/3 4428/8/3 4427/8/3
f 4460/8/3 4428/8/3 4459/8/3
f 4461/8/3 4430/8/3 4429/8/3
f 4462/8/3 4430/8/3 4461/8/3
f 4463/8/3 4432/8/3 4431/8/3
f 4464/8/3 4432/8/3 4463/8/3
f 4465/8/3 4434/8/3 4433/8/3
f 4466/8/3 4434/8/3 4465/8/3
f 4467/8/3 4436/8/3 4435/8/3
f 4468/8/3 4436/8/3 4467/8/3
f 4469/8/3 4383/8/3 4437/8/3
f 4470/8/3 4440/8/3 4439/8/3
f 4470/8/3 4441/8/3 4440/8/3
f 4471/8/3 4390/8/3 4441/8/3
f 4471/8/3 4441/8/3 4470/8/3
f 4472/8/3 4390/8/3 4471/8/3
f 4473/8/3 4392/8/3 4391/8/3
f 4474/8/3 4398/8/3 4397/8/3
f 4475/8/3 4442/8/3 4399/8/3
f 4475/8/3 4443/8/3 4442/8/3
f 4475/8/3 4444/8/3 4443/8/3
f 4476/8/3 4444/8/3 4475/8/3
f 4477/8/3 4444/8/3 4476/8/3
f 4478/8/3 4446/8/3 4445/8/3
f 4478/8/3 4447/8/3 4446/8/3
f 4479/8/3 4404/8/3 4447/8/3
f 4479/8/3 4447/8/3 4478/8/3
f 4480/8/3 4404/8/3 4479/8/3
f 4481/8/3 4406/8/3 4405/8/3
f 4482/8/3 4406/8/3 4481/8/3
f 4483/8/3 4408/8/3 4407/8/3
f 4484/8/3 4410/8/3 4409/8/3
f 4485/8/3 4448/8/3 4411/8/3
f 4485/8/3 4449/8/3 4448/8/3
f 4485/8/3 4450/8/3 4449/8/3
f 4486/8/3 4450/8/3 4485/8/3
f 4487/8/3 4450/8/3 4486/8/3
f 4488/8/3 4453/8/3 4452/8/3
f 4488/8/3 4452/8/3 4451/8/3
f 4489/8/3 4416/8/3 4453/8/3
f 4489/8/3 4453/8/3 4488/8/3
f 4490/8/3 4416/8/3 4489/8/3
f 4491/8/3 4418/8/3 4417/8/3
f 4492/8/3 4420/8/3 4419/8/3
f 4493/8/3 4468/8/3 4467/8/3
f 4493/8/3 4466/8/3 4465/8/3
f 4493/8/3 4464/8/3 4463/8/3
f 4493/8/3 4462/8/3 4461/8/3
f 4493/8/3 4460/8/3 4459/8/3
f 4493/8/3 4458/8/3 4457/8/3
f 4493/8/3 4469/8/3 4468/8/3
f 4493/8/3 4456/8/3 4455/8/3
f 4493/8/3 4454/8/3 4421/8/3
f 4493/8/3 4467/8/3 4466/8/3
f 4493/8/3 4455/8/3 4454/8/3
f 4493/8/3 4457/8/3 4456/8/3
f 4493/8/3 4459/8/3 4458/8/3
f 4493/8/3 4461/8/3 4460/8/3
f 4493/8/3 4463/8/3 4462/8/3
f 4493/8/3 4465/8/3 4464/8/3
f 4494/8/3 4469/8/3 4493/8/3
f 4495/8/3 4469/8/3 4494/8/3
f 4496/8/3 4469/8/3 4495/8/3
f 4497/8/3 4469/8/3 4496/8/3
f 4498/8/3 4469/8/3 4497/8/3
f 4499/8/3 4469/8/3 4498/8/3
f 4500/8/3 4469/8/3 4499/8/3
f 4501/8/3 4469/8/3 4500/8/3
f 4502/8/3 4469/8/3 4501/8/3
f 4503/8/3 4469/8/3 4502/8/3
f 4504/8/3 4469/8/3 4503/8/3
f 4505/8/3 4469/8/3 4504/8/3
f 4506/8/3 4469/8/3 4505/8/3
f 4507/8/3 4383/8/3 4469/8/3
f 4507/8/3 4469/8/3 4506/8/3
f 4508/8/3 4472/8/3 4471/8/3
f 4508/8/3 4473/8/3 4472/8/3
f 4509/8/3 4392/8/3 4473/8/3
f 4509/8/3 4473/8/3 4508/8/3
f 4510/8/3 4392/8/3 4509/8/3
f 4511/8/3 4394/8/3 4393/8/3
f 4512/8/3 4396/8/3 4395/8/3
f 4513/8/3 4474/8/3 4397/8/3
f 4513/8/3 4476/8/3 4475/8/3
f 4513/8/3 4475/8/3 4474/8/3
f 4514/8/3 4476/8/3 4513/8/3
f 4515/8/3 4476/8/3 4514/8/3
f 4516/8/3 4481/8/3 4480/8/3
f 4516/8/3 4480/8/3 4479/8/3
f 4516/8/3 4483/8/3 4482/8/3
f 4516/8/3 4482/8/3 4481/8/3
f 4517/8/3 4483/8/3 4516/8/3
f 4518/8/3 4483/8/3 4517/8/3
f 4519/8/3 4408/8/3 4483/8/3
f 4519/8/3 4483/8/3 4518/8/3
f 4520/8/3 4408/8/3 4519/8/3
f 4521/8/3 4486/8/3 4485/8/3
f 4521/8/3 4485/8/3 4484/8/3
f 4521/8/3 4484/8/3 4409/8/3
f 4522/8/3 4486/8/3 4521/8/3
f 4523/8/3 4486/8/3 4522/8/3
f 4524/8/3 4491/8/3 4490/8/3
f 4524/8/3 4490/8/3 4489/8/3
f 4525/8/3 4418/8/3 4491/8/3
f 4525/8/3 4491/8/3 4524/8/3
f 4526/8/3 4418/8/3 4525/8/3
f 4527/8/3 4492/8/3 4419/8/3
f 4527/8/3 4494/8/3 4493/8/3
f 4527/8/3 4493/8/3 4492/8/3
f 4528/8/3 4494/8/3 4527/8/3
f 4529/8/3 4494/8/3 4528/8/3
f 4530/8/3 4500/8/3 4499/8/3
f 4531/8/3 4500/8/3 4530/8/3
f 4532/8/3 4500/8/3 4531/8/3
f 4533/8/3 4502/8/3 4501/8/3
f 4534/8/3 4504/8/3 4503/8/3
f 4535/8/3 4506/8/3 4505/8/3
f 4536/8/3 4506/8/3 4535/8/3
f 4537/8/3 4506/8/3 4536/8/3
f 4538/8/3 4386/8/3 4385/8/3
f 4539/8/3 4361/8/3 4387/8/3
f 4540/8/3 4510/8/3 4509/8/3
f 4540/8/3 4511/8/3 4510/8/3
f 4541/8/3 4394/8/3 4511/8/3
f 4541/8/3 4511/8/3 4540/8/3
f 4542/8/3 4394/8/3 4541/8/3
f 4543/8/3 4512/8/3 4395/8/3
f 4543/8/3 4514/8/3 4513/8/3
f 4543/8/3 4513/8/3 4512/8/3
f 4544/8/3 4514/8/3 4543/8/3
f 4545/8/3 4514/8/3 4544/8/3
f 4546/8/3 4520/8/3 4519/8/3
f 4546/8/3 4522/8/3 4521/8/3
f 4546/8/3 4521/8/3 4520/8/3
f 4547/8/3 4522/8/3 4546/8/3
f 4548/8/3 4526/8/3 4525/8/3
f 4548/8/3 4527/8/3 4526/8/3
f 4548/8/3 4528/8/3 4527/8/3
f 4549/8/3 4528/8/3 4548/8/3
f 4550/8/3 4533/8/3 4532/8/3
f 4550/8/3 4532/8/3 4531/8/3
f 4551/8/3 4502/8/3 4533/8/3
f 4551/8/3 4533/8/3 4550/8/3
f 4552/8/3 4502/8/3 4551/8/3
f 4553/8/3 4536/8/3 4535/8/3
f 4553/8/3 4535/8/3 4534/8/3
f 4553/8/3 4534/8/3 4503/8/3
f 4554/8/3 4536/8/3 4553/8/3
f 4555/8/3 4536/8/3 4554/8/3
f 4556/8/3 4542/8/3 4541/8/3
f 4556/8/3 4543/8/3 4542/8/3
f 4556/8/3 4544/8/3 4543/8/3
f 4557/8/3 4544/8/3 4556/8/3
f 4558/8/3 4552/8/3 4551/8/3
f 4558/8/3 4554/8/3 4553/8/3
f 4558/8/3 4553/8/3 4552/8/3
f 4559/8/3 4554/8/3 4558/8/3
f 4560/9/3 4385/9/3 4384/9/3
f 4561/8/3 4538/8/3 4385/8/3
f 4561/9/3 4385/9/3 4560/9/3
f 4561/8/3 4539/8/3 4538/8/3
f 4562/8/3 4539/8/3 4561/8/3
f 4563/8/3 4539/8/3 4562/8/3
f 4564/8/3 4438/8/3 3635/8/3
f 4565/8/3 4470/8/3 4439/8/3
f 4566/8/3 4470/8/3 4565/8/3
f 4567/8/3 4508/8/3 4471/8/3
f 4568/8/3 4508/8/3 4567/8/3
f 4569/8/3 4540/8/3 4509/8/3
f 4570/8/3 4540/8/3 4569/8/3
f 4571/8/3 4556/8/3 4541/8/3
f 4572/8/3 4556/8/3 4571/8/3
f 4573/8/3 4544/8/3 4557/8/3
f 4574/8/3 4544/8/3 4573/8/3
f 4575/8/3 4514/8/3 4545/8/3
f 4576/8/3 4514/8/3 4575/8/3
f 4577/8/3 4476/8/3 4515/8/3
f 4578/8/3 4476/8/3 4577/8/3
f 4579/8/3 4444/8/3 4477/8/3
f 4580/8/3 4444/8/3 4579/8/3
f 4581/8/3 4478/8/3 4445/8/3
f 4582/8/3 4478/8/3 4581/8/3
f 4583/8/3 4516/8/3 4479/8/3
f 4584/8/3 4516/8/3 4583/8/3
f 4585/8/3 4518/8/3 4517/8/3
f 4586/8/3 4518/8/3 4585/8/3
f 4587/8/3 4546/8/3 4519/8/3
f 4588/8/3 4546/8/3 4587/8/3
f 4589/8/3 4522/8/3 4547/8/3
f 4590/8/3 4522/8/3 4589/8/3
f 4591/8/3 4486/8/3 4523/8/3
f 4592/8/3 4486/8/3 4591/8/3
f 4593/8/3 4450/8/3 4487/8/3
f 4594/8/3 4450/8/3 4593/8/3
f 4595/8/3 4488/8/3 4451/8/3
f 4596/8/3 4488/8/3 4595/8/3
f 4597/8/3 4524/8/3 4489/8/3
f 4598/8/3 4524/8/3 4597/8/3
f 4599/8/3 4548/8/3 4525/8/3
f 4600/8/3 4548/8/3 4599/8/3
f 4601/8/3 4528/8/3 4549/8/3
f 4602/8/3 4528/8/3 4601/8/3
f 4603/8/3 4494/8/3 4529/8/3
f 4604/8/3 4494/8/3 4603/8/3
f 4605/8/3 4496/8/3 4495/8/3
f 4606/8/3 4496/8/3 4605/8/3
f 4607/8/3 4498/8/3 4497/8/3
f 4608/8/3 4498/8/3 4607/8/3
f 4609/8/3 4530/8/3 4499/8/3
f 4610/8/3 4530/8/3 4609/8/3
f 4611/8/3 4550/8/3 4531/8/3
f 4612/8/3 4550/8/3 4611/8/3
f 4613/8/3 4558/8/3 4551/8/3
f 4614/8/3 4558/8/3 4613/8/3
f 4615/8/3 4554/8/3 4559/8/3
f 4616/8/3 4554/8/3 4615/8/3
f 4617/8/3 4536/8/3 4555/8/3
f 4618/8/3 4536/8/3 4617/8/3
f 4619/8/3 4506/8/3 4537/8/3
f 4620/8/3 4506/8/3 4619/8/3
f 4621/8/3 4383/8/3 4507/8/3
f 4622/8/3 4539/8/3 4563/8/3
f 4622/9/3 4563/9/3 4562/9/3
f 4623/12/3 3617/12/3 3632/12/3
f 4623/8/3 4539/8/3 4622/8/3
f 4623/8/3 3632/8/3 4361/8/3
f 4623/8/3 4361/8/3 4539/8/3
f 4624/9/3 3633/9/3 3618/9/3
f 4624/8/3 4364/8/3 4363/8/3
f 4624/8/3 4365/8/3 4364/8/3
f 4624/8/3 4362/8/3 3633/8/3
f 4624/8/3 4363/8/3 4362/8/3
f 4625/12/3 3621/12/3 3634/12/3
f 4625/8/3 4365/8/3 4624/8/3
f 4625/8/3 3634/8/3 4365/8/3
f 4626/9/3 3637/9/3 3625/9/3
f 4626/8/3 3638/8/3 3637/8/3
f 4627/12/3 3628/12/3 3638/12/3
f 4627/8/3 3638/8/3 4626/8/3
f 4628/9/3 4622/9/3 4562/9/3
f 4629/7/3 4623/7/3 4622/7/3
f 4629/9/3 4622/9/3 4628/9/3
f 4630/12/3 3617/12/3 4623/12/3
f 4630/7/3 4623/7/3 4629/7/3
f 4631/12/3 3617/12/3 4630/12/3
f 4632/9/3 4624/9/3 3618/9/3
f 4633/7/3 4625/7/3 4624/7/3
f 4633/9/3 4624/9/3 4632/9/3
f 4634/12/3 3621/12/3 4625/12/3
f 4634/7/3 4625/7/3 4633/7/3
f 4635/12/3 3621/12/3 4634/12/3
f 4636/8/3 4588/8/3 4587/8/3
f 4636/8/3 4596/8/3 4595/8/3
f 4636/8/3 4614/8/3 4613/8/3
f 4636/8/3 4615/8/3 4614/8/3
f 4636/8/3 4613/8/3 4612/8/3
f 4636/8/3 4611/8/3 4610/8/3
f 4636/8/3 4618/8/3 4617/8/3
f 4636/8/3 4609/8/3 4608/8/3
f 4636/8/3 4620/8/3 4619/8/3
f 4636/8/3 4607/8/3 4606/8/3
f 4636/8/3 4574/8/3 4573/8/3
f 4636/8/3 4605/8/3 4604/8/3
f 4636/8/3 4572/8/3 4571/8/3
f 4636/8/3 4603/8/3 4602/8/3
f 4636/8/3 4576/8/3 4575/8/3
f 4636/8/3 4601/8/3 4600/8/3
f 4636/8/3 4600/8/3 4599/8/3
f 4636/8/3 4599/8/3 4598/8/3
f 4636/8/3 4592/8/3 4591/8/3
f 4636/8/3 4597/8/3 4596/8/3
f 4636/8/3 4617/8/3 4616/8/3
f 4636/8/3 4595/8/3 4594/8/3
f 4636/8/3 4590/8/3 4589/8/3
f 4636/8/3 4593/8/3 4592/8/3
f 4636/8/3 4616/8/3 4615/8/3
f 4636/8/3 4591/8/3 4590/8/3
f 4636/8/3 4612/8/3 4611/8/3
f 4636/8/3 4589/8/3 4588/8/3
f 4636/8/3 4598/8/3 4597/8/3
f 4636/8/3 4587/8/3 4586/8/3
f 4636/8/3 4602/8/3 4601/8/3
f 4636/8/3 4585/8/3 4584/8/3
f 4636/8/3 4570/8/3 4569/8/3
f 4636/8/3 4583/8/3 4582/8/3
f 4636/8/3 4578/8/3 4577/8/3
f 4636/8/3 4581/8/3 4580/8/3
f 4636/8/3 4606/8/3 4605/8/3
f 4636/8/3 4579/8/3 4578/8/3
f 4636/8/3 4610/8/3 4609/8/3
f 4636/8/3 4577/8/3 4576/8/3
f 4636/8/3 4621/8/3 4620/8/3
f 4636/8/3 4575/8/3 4574/8/3
f 4636/8/3 4564/8/3 3635/8/3
f 4636/8/3 4573/8/3 4572/8/3
f 4636/8/3 4566/8/3 4565/8/3
f 4636/8/3 4571/8/3 4570/8/3
f 4636/8/3 4604/8/3 4603/8/3
f 4636/8/3 4569/8/3 4568/8/3
f 4636/8/3 4580/8/3 4579/8/3
f 4636/8/3 4567/8/3 4566/8/3
f 4636/8/3 4584/8/3 4583/8/3
f 4636/8/3 4565/8/3 4564/8/3
f 4636/8/3 4594/8/3 4593/8/3
f 4636/8/3 4619/8/3 4618/8/3
f 4636/8/3 4568/8/3 4567/8/3
f 4636/8/3 4608/8/3 4607/8/3
f 4636/8/3 4586/8/3 4585/8/3
f 4636/8/3 4582/8/3 4581/8/3
f 4637/8/3 4383/8/3 4621/8/3
f 4637/8/3 4621/8/3 4636/8/3
f 4638/9/3 4626/9/3 3625/9/3
f 4639/7/3 4627/7/3 4626/7/3
f 4639/9/3 4626/9/3 4638/9/3
f 4640/12/3 3628/12/3 4627/12/3
f 4640/7/3 4627/7/3 4639/7/3
f 4641/12/3 3628/12/3 4640/12/3
f 4644/4/3 4643/4/3 4642/4/3
f 4645/4/3 4643/4/3 4644/4/3
f 4650/4/3 4647/4/3 4646/4/3
f 4651/4/3 4647/4/3 4650/4/3
f 4653/4/3 4649/4/3 4648/4/3
f 4655/4/3 4653/4/3 4652/4/3
f 4656/4/3 4655/4/3 4654/4/3
f 4657/4/3 4649/4/3 4653/4/3
f 4657/4/3 4655/4/3 4656/4/3
f 4657/4/3 4653/4/3 4655/4/3
f 4660/6/3 4659/6/3 4658/6/3
f 4661/6/3 4659/6/3 4660/6/3
f 4666/6/3 4663/6/3 4662/6/3
f 4667/6/3 4663/6/3 4666/6/3
f 4668/6/3 4665/6/3 4664/6/3
f 4669/6/3 4665/6/3 4668/6/3
f 4672/6/3 4671/6/3 4670/6/3
f 4673/6/3 4671/6/3 4672/6/3
f 4676/5/3 4675/5/3 4674/5/3
f 4677/5/3 4675/5/3 4676/5/3
f 4682/5/3 4679/5/3 4678/5/3
f 4683/5/3 4679/5/3 4682/5/3
f 4684/5/3 4681/5/3 4680/5/3
f 4685/5/3 4681/5/3 4684/5/3
f 4688/5/3 4687/5/3 4686/5/3
f 4689/5/3 4687/5/3 4688/5/3
f 4692/9/3 4691/9/3 4690/9/3
f 4693/9/3 4691/9/3 4692/9/3
f 4694/9/3 4691/9/3 4693/9/3
f 4695/9/3 4691/9/3 4694/9/3
f 4705/7/3 4697/7/3 4696/7/3
f 4706/12/3 4698/12/3 4697/12/3
f 4706/7/3 4697/7/3 4705/7/3
f 4707/9/3 4700/9/3 4699/9/3
f 4707/7/3 4701/7/3 4700/7/3
f 4708/12/3 4702/12/3 4701/12/3
f 4708/7/3 4701/7/3 4707/7/3
f 4709/7/3 4704/7/3 4703/7/3
f 4710/7/3 4704/7/3 4709/7/3
f 4711/7/3 4705/7/3 4696/7/3
f 4712/8/3 4706/8/3 4705/8/3
f 4712/7/3 4705/7/3 4711/7/3
f 4713/12/3 4698/12/3 4706/12/3
f 4713/8/3 4706/8/3 4712/8/3
f 4714/12/3 4698/12/3 4713/12/3
f 4715/9/3 4707/9/3 4699/9/3
f 4716/8/3 4708/8/3 4707/8/3
f 4716/9/3 4707/9/3 4715/9/3
f 4717/12/3 4702/12/3 4708/12/3
f 4717/8/3 4708/8/3 4716/8/3
f 4718/12/3 4702/12/3 4717/12/3
f 4719/8/3 4710/8/3 4709/8/3
f 4720/8/3 4710/8/3 4719/8/3
f 4721/8/3 4710/8/3 4720/8/3
f 4722/8/3 4710/8/3 4721/8/3
f 4723/7/3 4704/7/3 4710/7/3
f 4723/8/3 4710/8/3 4722/8/3
f 4724/7/3 4704/7/3 4723/7/3
f 4791/9/3 4734/9/3 4733/9/3
f 4792/9/3 4734/9/3 4791/9/3
f 4793/9/3 4776/9/3 4775/9/3
f 4794/9/3 4776/9/3 4793/9/3
f 4795/4/3 4786/4/3 4785/4/3
f 4796/4/3 4786/4/3 4795/4/3
f 4797/4/3 4788/4/3 4787/4/3
f 4798/4/3 4788/4/3 4797/4/3
f 4799/9/3 4732/9/3 4731/9/3
f 4800/9/3 4732/9/3 4799/9/3
f 4803/9/3 4736/9/3 4735/9/3
f 4804/9/3 4736/9/3 4803/9/3
f 4805/9/3 4750/9/3 4749/9/3
f 4806/9/3 4750/9/3 4805/9/3
f 4807/9/3 4762/9/3 4761/9/3
f 4808/9/3 4762/9/3 4807/9/3
f 4809/9/3 4774/9/3 4773/9/3
f 4810/9/3 4774/9/3 4809/9/3
f 4813/9/3 4778/9/3 4777/9/3
f 4814/9/3 4778/9/3 4813/9/3
f 4815/12/3 4790/12/3 4789/12/3
f 4816/12/3 4790/12/3 4815/12/3
f 4817/9/3 4730/9/3 4729/9/3
f 4818/9/3 4730/9/3 4817/9/3
f 4823/9/3 4738/9/3 4737/9/3
f 4824/9/3 4738/9/3 4823/9/3
f 4825/9/3 4746/9/3 4745/9/3
f 4826/9/3 4746/9/3 4825/9/3
f 4827/9/3 4748/9/3 4747/9/3
f 4828/9/3 4748/9/3 4827/9/3
f 4831/9/3 4752/9/3 4751/9/3
f 4832/9/3 4752/9/3 4831/9/3
f 4833/9/3 4760/9/3 4759/9/3
f 4834/9/3 4760/9/3 4833/9/3
f 4837/9/3 4764/9/3 4763/9/3
f 4838/9/3 4764/9/3 4837/9/3
f 4839/9/3 4772/9/3 4771/9/3
f 4840/9/3 4772/9/3 4839/9/3
f 4845/9/3 4780/9/3 4779/9/3
f 4846/9/3 4780/9/3 4845/9/3
f 4848/9/3 4797/9/3 4796/9/3
f 4849/9/3 4797/9/3 4848/9/3
f 4850/9/3 4728/9/3 4727/9/3
f 4851/9/3 4728/9/3 4850/9/3
f 4856/9/3 4740/9/3 4739/9/3
f 4857/9/3 4740/9/3 4856/9/3
f 4858/9/3 4744/9/3 4743/9/3
f 4859/9/3 4744/9/3 4858/9/3
f 4866/9/3 4754/9/3 4753/9/3
f 4867/9/3 4754/9/3 4866/9/3
f 4868/9/3 4758/9/3 4757/9/3
f 4869/9/3 4758/9/3 4868/9/3
f 4874/9/3 4766/9/3 4765/9/3
f 4875/9/3 4766/9/3 4874/9/3
f 4876/9/3 4768/9/3 4767/9/3
f 4877/9/3 4768/9/3 4876/9/3
f 4878/9/3 4770/9/3 4769/9/3
f 4879/9/3 4770/9/3 4878/9/3
f 4880/9/3 4842/9/3 4841/9/3
f 4881/9/3 4842/9/3 4880/9/3
f 4882/9/3 4812/9/3 4811/9/3
f 4883/9/3 4812/9/3 4882/9/3
f 4884/9/3 4844/9/3 4843/9/3
f 4885/9/3 4844/9/3 4884/9/3
f 4886/9/3 4782/9/3 4781/9/3
f 4887/9/3 4782/9/3 4886/9/3
f 4888/4/3 4848/4/3 4847/4/3
f 4889/4/3 4848/4/3 4888/4/3
f 4890/9/3 4726/9/3 4725/9/3
f 4891/9/3 4726/9/3 4890/9/3
f 4896/9/3 4742/9/3 4741/9/3
f 4897/9/3 4742/9/3 4896/9/3
f 4902/9/3 4756/9/3 4755/9/3
f 4903/9/3 4756/9/3 4902/9/3
f 4926/9/3 4893/9/3 4892/9/3
f 4927/9/3 4893/9/3 4926/9/3
f 4928/9/3 4853/9/3 4852/9/3
f 4929/9/3 4853/9/3 4928/9/3
f 4930/9/3 4820/9/3 4819/9/3
f 4931/9/3 4820/9/3 4930/9/3
f 4932/9/3 4802/9/3 4801/9/3
f 4933/9/3 4802/9/3 4932/9/3
f 4934/9/3 4822/9/3 4821/9/3
f 4935/9/3 4822/9/3 4934/9/3
f 4936/9/3 4855/9/3 4854/9/3
f 4937/9/3 4855/9/3 4936/9/3
f 4938/9/3 4895/9/3 4894/9/3
f 4939/9/3 4895/9/3 4938/9/3
f 4940/9/3 4899/9/3 4898/9/3
f 4941/9/3 4899/9/3 4940/9/3
f 4942/9/3 4861/9/3 4860/9/3
f 4943/9/3 4861/9/3 4942/9/3
f 4944/9/3 4863/9/3 4862/9/3
f 4945/9/3 4863/9/3 4944/9/3
f 4946/9/3 4830/9/3 4829/9/3
f 4947/9/3 4830/9/3 4946/9/3
f 4948/9/3 4865/9/3 4864/9/3
f 4949/9/3 4865/9/3 4948/9/3
f 4950/9/3 4901/9/3 4900/9/3
f 4951/9/3 4901/9/3 4950/9/3
f 4952/9/3 4905/9/3 4904/9/3
f 4953/9/3 4905/9/3 4952/9/3
f 4954/9/3 4871/9/3 4870/9/3
f 4955/9/3 4871/9/3 4954/9/3
f 4956/9/3 4836/9/3 4835/9/3
f 4957/9/3 4836/9/3 4956/9/3
f 4958/9/3 4873/9/3 4872/9/3
f 4959/9/3 4873/9/3 4958/9/3
f 4960/9/3 4907/9/3 4906/9/3
f 4961/9/3 4907/9/3 4960/9/3
f 4962/9/3 4909/9/3 4908/9/3
f 4963/9/3 4909/9/3 4962/9/3
f 4964/9/3 4911/9/3 4910/9/3
f 4965/9/3 4911/9/3 4964/9/3
f 4966/9/3 4913/9/3 4912/9/3
f 4967/9/3 4913/9/3 4966/9/3
f 4968/9/3 4915/9/3 4914/9/3
f 4969/9/3 4915/9/3 4968/9/3
f 4970/9/3 4917/9/3 4916/9/3
f 4971/9/3 4917/9/3 4970/9/3
f 4972/9/3 4919/9/3 4918/9/3
f 4973/9/3 4919/9/3 4972/9/3
f 4974/9/3 4921/9/3 4920/9/3
f 4975/9/3 4921/9/3 4974/9/3
f 4977/6/3 4923/6/3 4922/6/3
f 4978/6/3 4925/6/3 4924/6/3
f 4980/6/3 4977/6/3 4976/6/3
f 4981/6/3 4923/6/3 4977/6/3
f 4981/6/3 4977/6/3 4980/6/3
f 4982/6/3 4979/6/3 4978/6/3
f 4982/6/3 4978/6/3 4924/6/3
f 4983/6/3 4979/6/3 4982/6/3
f 4984/9/3 4721/9/3 4720/9/3
f 4985/9/3 4721/9/3 4984/9/3
f 4992/9/3 4721/9/3 4985/9/3
f 4993/6/3 4987/6/3 4986/6/3
f 4994/6/3 4987/6/3 4993/6/3
f 4995/6/3 4989/6/3 4988/6/3
f 4996/6/3 4989/6/3 4995/6/3
f 4997/6/3 4987/6/3 4994/6/3
f 4998/6/3 4987/6/3 4997/6/3
f 4999/6/3 4995/6/3 4988/6/3
f 5000/6/3 4995/6/3 4999/6/3
f 5001/7/3 4991/7/3 4990/7/3
f 5002/9/3 4992/9/3 4991/9/3
f 5002/7/3 4991/7/3 5001/7/3
f 5003/9/3 4721/9/3 4992/9/3
f 5003/9/3 4992/9/3 5002/9/3
f 5009/5/3 5005/5/3 5004/5/3
f 5010/5/3 5007/5/3 5006/5/3
f 5012/5/3 5009/5/3 5008/5/3
f 5013/5/3 5005/5/3 5009/5/3
f 5013/5/3 5009/5/3 5012/5/3
f 5014/5/3 5011/5/3 5010/5/3
f 5014/5/3 5010/5/3 5006/5/3
f 5015/5/3 5011/5/3 5014/5/3
f 5020/5/3 5017/5/3 5016/5/3
f 5021/5/3 5017/5/3 5020/5/3
f 5022/5/3 5019/5/3 5018/5/3
f 5023/5/3 5019/5/3 5022/5/3
f 5024/5/3 5017/5/3 5021/5/3
f 5025/5/3 5017/5/3 5024/5/3
f 5026/5/3 5022/5/3 5018/5/3
f 5027/5/3 5022/5/3 5026/5/3
f 5030/12/3 5029/12/3 5028/12/3
f 5031/12/3 5029/12/3 5030/12/3
f 5034/12/3 5030/12/3 5028/12/3
f 5035/12/3 5029/12/3 5031/12/3
f 5036/12/3 5034/12/3 5028/12/3
f 5036/12/3 5035/12/3 5034/12/3
f 5037/12/3 5029/12/3 5035/12/3
f 5037/12/3 5035/12/3 5036/12/3
f 5038/11/3 4784/11/3 4783/11/3
f 5039/11/3 4784/11/3 5038/11/3
f 5040/12/3 5033/12/3 5032/12/3
f 5041/12/3 5033/12/3 5040/12/3
f 5044/9/3 4721/9/3 5003/9/3
f 5045/7/3 5043/7/3 5042/7/3
f 5046/9/3 5044/9/3 5043/9/3
f 5046/7/3 5043/7/3 5045/7/3
f 5047/9/3 4721/9/3 5044/9/3
f 5047/9/3 5044/9/3 5046/9/3
f 5048/9/3 4721/9/3 5047/9/3
f 5049/9/3 4721/9/3 5048/9/3
f 5102/9/3 5051/9/3 5050/9/3
f 5103/9/3 5051/9/3 5102/9/3
f 5106/9/3 5053/9/3 5052/9/3
f 5107/9/3 5053/9/3 5106/9/3
f 5108/9/3 5065/9/3 5064/9/3
f 5109/9/3 5065/9/3 5108/9/3
f 5112/9/3 5067/9/3 5066/9/3
f 5113/9/3 5067/9/3 5112/9/3
f 5114/9/3 5077/9/3 5076/9/3
f 5115/9/3 5077/9/3 5114/9/3
f 5118/9/3 5079/9/3 5078/9/3
f 5119/9/3 5079/9/3 5118/9/3
f 5120/9/3 5087/9/3 5086/9/3
f 5121/9/3 5087/9/3 5120/9/3
f 5122/9/3 5089/9/3 5088/9/3
f 5123/9/3 5089/9/3 5122/9/3
f 5124/9/3 5091/9/3 5090/9/3
f 5125/9/3 5091/9/3 5124/9/3
f 5126/9/3 5093/9/3 5092/9/3
f 5127/9/3 5093/9/3 5126/9/3
f 5128/9/3 5095/9/3 5094/9/3
f 5129/9/3 5095/9/3 5128/9/3
f 5130/9/3 5097/9/3 5096/9/3
f 5131/9/3 5097/9/3 5130/9/3
f 5132/9/3 5099/9/3 5098/9/3
f 5133/9/3 5099/9/3 5132/9/3
f 5134/9/3 5101/9/3 5100/9/3
f 5135/9/3 5101/9/3 5134/9/3
f 5138/9/3 5055/9/3 5054/9/3
f 5139/9/3 5055/9/3 5138/9/3
f 5140/9/3 5063/9/3 5062/9/3
f 5141/9/3 5063/9/3 5140/9/3
f 5146/9/3 5069/9/3 5068/9/3
f 5147/9/3 5069/9/3 5146/9/3
f 5148/9/3 5071/9/3 5070/9/3
f 5149/9/3 5071/9/3 5148/9/3
f 5150/9/3 5075/9/3 5074/9/3
f 5151/9/3 5075/9/3 5150/9/3
f 5156/9/3 5081/9/3 5080/9/3
f 5157/9/3 5081/9/3 5156/9/3
f 5158/9/3 5085/9/3 5084/9/3
f 5159/9/3 5085/9/3 5158/9/3
f 5174/9/3 5102/9/3 5050/9/3
f 5174/3/3 5103/3/3 5102/3/3
f 5175/9/3 5051/9/3 5103/9/3
f 5175/3/3 5103/3/3 5174/3/3
f 5178/9/3 5057/9/3 5056/9/3
f 5179/9/3 5057/9/3 5178/9/3
f 5180/9/3 5061/9/3 5060/9/3
f 5181/9/3 5061/9/3 5180/9/3
f 5188/9/3 5073/9/3 5072/9/3
f 5189/9/3 5073/9/3 5188/9/3
f 5194/9/3 5083/9/3 5082/9/3
f 5195/9/3 5083/9/3 5194/9/3
f 5200/9/3 5167/9/3 5166/9/3
f 5201/9/3 5167/9/3 5200/9/3
f 5202/9/3 5171/9/3 5170/9/3
f 5203/9/3 5171/9/3 5202/9/3
f 5206/9/3 5174/9/3 5050/9/3
f 5206/9/3 5175/9/3 5174/9/3
f 5207/9/3 5051/9/3 5175/9/3
f 5207/9/3 5175/9/3 5206/9/3
f 5210/9/3 5059/9/3 5058/9/3
f 5211/9/3 5059/9/3 5210/9/3
f 5220/9/3 5169/9/3 5168/9/3
f 5221/9/3 5169/9/3 5220/9/3
f 5230/9/3 5105/9/3 5104/9/3
f 5231/9/3 5105/9/3 5230/9/3
f 5232/9/3 5137/9/3 5136/9/3
f 5233/9/3 5137/9/3 5232/9/3
f 5234/9/3 5177/9/3 5176/9/3
f 5235/9/3 5177/9/3 5234/9/3
f 5236/9/3 5209/9/3 5208/9/3
f 5237/9/3 5209/9/3 5236/9/3
f 5238/9/3 5225/9/3 5224/9/3
f 5239/9/3 5225/9/3 5238/9/3
f 5240/9/3 5213/9/3 5212/9/3
f 5241/9/3 5213/9/3 5240/9/3
f 5242/9/3 5183/9/3 5182/9/3
f 5243/9/3 5183/9/3 5242/9/3
f 5244/9/3 5143/9/3 5142/9/3
f 5245/9/3 5143/9/3 5244/9/3
f 5246/9/3 5111/9/3 5110/9/3
f 5247/9/3 5111/9/3 5246/9/3
f 5248/9/3 5145/9/3 5144/9/3
f 5249/9/3 5145/9/3 5248/9/3
f 5250/9/3 5185/9/3 5184/9/3
f 5251/9/3 5185/9/3 5250/9/3
f 5252/9/3 5187/9/3 5186/9/3
f 5253/9/3 5187/9/3 5252/9/3
f 5254/9/3 5215/9/3 5214/9/3
f 5255/9/3 5215/9/3 5254/9/3
f 5256/9/3 5191/9/3 5190/9/3
f 5257/9/3 5191/9/3 5256/9/3
f 5258/9/3 5153/9/3 5152/9/3
f 5259/9/3 5153/9/3 5258/9/3
f 5260/9/3 5117/9/3 5116/9/3
f 5261/9/3 5117/9/3 5260/9/3
f 5262/9/3 5155/9/3 5154/9/3
f 5263/9/3 5155/9/3 5262/9/3
f 5264/9/3 5193/9/3 5192/9/3
f 5265/9/3 5193/9/3 5264/9/3
f 5266/9/3 5217/9/3 5216/9/3
f 5267/9/3 5217/9/3 5266/9/3
f 5268/9/3 5197/9/3 5196/9/3
f 5269/9/3 5197/9/3 5268/9/3
f 5270/9/3 5161/9/3 5160/9/3
f 5271/9/3 5161/9/3 5270/9/3
f 5272/9/3 5163/9/3 5162/9/3
f 5273/9/3 5163/9/3 5272/9/3
f 5274/9/3 5165/9/3 5164/9/3
f 5275/9/3 5165/9/3 5274/9/3
f 5276/9/3 5199/9/3 5198/9/3
f 5277/9/3 5199/9/3 5276/9/3
f 5278/9/3 5219/9/3 5218/9/3
f 5279/9/3 5219/9/3 5278/9/3
f 5280/9/3 5227/9/3 5226/9/3
f 5281/9/3 5227/9/3 5280/9/3
f 5282/9/3 5223/9/3 5222/9/3
f 5283/9/3 5223/9/3 5282/9/3
f 5284/9/3 5205/9/3 5204/9/3
f 5285/9/3 5205/9/3 5284/9/3
f 5286/9/3 5173/9/3 5172/9/3
f 5287/9/3 5173/9/3 5286/9/3
f 5288/9/3 4715/9/3 4714/9/3
f 5290/9/3 5229/9/3 5228/9/3
f 5291/9/3 5229/9/3 5290/9/3
f 5294/9/3 5289/9/3 5288/9/3
f 5294/9/3 5288/9/3 4714/9/3
f 5295/9/3 5289/9/3 5294/9/3
f 5296/9/3 5289/9/3 5295/9/3
f 5298/9/3 4719/9/3 4718/9/3
f 5299/9/3 4719/9/3 5298/9/3
f 5300/9/3 4721/9/3 5049/9/3
f 5301/9/3 4721/9/3 5300/9/3
f 5304/8/3 5293/8/3 5292/8/3
f 5304/8/3 5292/8/3 5291/8/3
f 5305/12/3 5294/12/3 5293/12/3
f 5305/8/3 5293/8/3 5304/8/3
f 5306/8/3 5297/8/3 5296/8/3
f 5306/9/3 5296/9/3 5295/9/3
f 5307/12/3 5298/12/3 5297/12/3
f 5307/8/3 5297/8/3 5306/8/3
f 5308/7/3 5305/7/3 5304/7/3
f 5309/12/3 5294/12/3 5305/12/3
f 5309/7/3 5305/7/3 5308/7/3
f 5310/12/3 5294/12/3 5309/12/3
f 5311/9/3 5306/9/3 5295/9/3
f 5312/7/3 5307/7/3 5306/7/3
f 5312/9/3 5306/9/3 5311/9/3
f 5313/12/3 5298/12/3 5307/12/3
f 5313/7/3 5307/7/3 5312/7/3
f 5314/12/3 5298/12/3 5313/12/3
f 5315/8/3 5302/8/3 5301/8/3
f 5315/8/3 5301/8/3 5300/8/3
f 5315/8/3 5300/8/3 5299/8/3
f 5316/7/3 5303/7/3 5302/7/3
f 5316/8/3 5302/8/3 5315/8/3
f 5317/7/3 5303/7/3 5316/7/3
f 5322/9/3 5321/9/3 5320/9/3
f 5323/9/3 5319/9/3 5318/9/3
f 5324/9/3 5319/9/3 5323/9/3
f 5325/9/3 5322/9/3 5320/9/3
f 5326/9/3 5322/9/3 5325/9/3
f 5331/6/3 5328/6/3 5327/6/3
f 5332/6/3 5328/6/3 5331/6/3
f 5333/6/3 5330/6/3 5329/6/3
f 5334/6/3 5330/6/3 5333/6/3
f 5339/6/3 5336/6/3 5335/6/3
f 5340/6/3 5336/6/3 5339/6/3
f 5341/6/3 5338/6/3 5337/6/3
f 5342/6/3 5338/6/3 5341/6/3
f 5348/7/3 5345/7/3 5344/7/3
f 5348/12/3 5344/12/3 5343/12/3
f 5349/7/3 5345/7/3 5348/7/3
f 5350/9/3 5347/9/3 5346/9/3
f 5351/9/3 5347/9/3 5350/9/3
f 5356/5/3 5353/5/3 5352/5/3
f 5357/5/3 5353/5/3 5356/5/3
f 5358/5/3 5355/5/3 5354/5/3
f 5359/5/3 5355/5/3 5358/5/3
f 5364/5/3 5361/5/3 5360/5/3
f 5365/5/3 5361/5/3 5364/5/3
f 5366/5/3 5363/5/3 5362/5/3
f 5367/5/3 5363/5/3 5366/5/3
f 5368/12/3 5348/12/3 5343/12/3
f 5372/12/3 5368/12/3 5343/12/3
f 5373/7/3 5369/7/3 5368/7/3
f 5373/12/3 5368/12/3 5372/12/3
f 5374/7/3 5369/7/3 5373/7/3
f 5375/9/3 5371/9/3 5370/9/3
f 5376/9/3 5371/9/3 5375/9/3
f 5381/9/3 5378/9/3 5377/9/3
f 5382/9/3 5378/9/3 5381/9/3
f 5383/9/3 5380/9/3 5379/9/3
f 5384/9/3 5380/9/3 5383/9/3
f 5387/9/3 5386/9/3 5385/9/3
f 5388/9/3 5386/9/3 5387/9/3
f 5390/9/3 5388/9/3 5387/9/3
f 5390/9/3 5389/9/3 5388/9/3
f 5391/9/3 5389/9/3 5390/9/3
f 5392/9/3 5389/9/3 5391/9/3
f 5393/9/3 5389/9/3 5392/9/3
f 5394/9/3 5393/9/3 5392/9/3
f 5395/9/3 5391/9/3 5390/9/3
f 5398/9/3 5394/9/3 5392/9/3
f 5399/9/3 5397/9/3 5396/9/3
f 5399/9/3 5398/9/3 5397/9/3
f 5399/9/3 5395/9/3 5390/9/3
f 5399/9/3 5396/9/3 5395/9/3
f 5400/9/3 5394/9/3 5398/9/3
f 5400/9/3 5398/9/3 5399/9/3
f 5403/9/3 5402/9/3 5401/9/3
f 5404/9/3 5402/9/3 5403/9/3
f 5405/9/3 5399/9/3 5390/9/3
f 5406/9/3 5394/9/3 5400/9/3
f 5411/7/3 5408/7/3 5407/7/3
f 5412/7/3 5408/7/3 5411/7/3
f 5413/9/3 5409/9/3 5408/9/3
f 5413/7/3 5408/7/3 5412/7/3
f 5414/9/3 5409/9/3 5413/9/3
f 5415/9/3 5409/9/3 5414/9/3
f 5417/9/3 5406/9/3 5405/9/3
f 5417/9/3 5405/9/3 5390/9/3
f 5418/9/3 5394/9/3 5406/9/3
f 5418/9/3 5406/9/3 5417/9/3
f 5419/7/3 5412/7/3 5411/7/3
f 5419/12/3 5411/12/3 5410/12/3
f 5420/7/3 5412/7/3 5419/7/3
f 5421/9/3 5416/9/3 5415/9/3
f 5421/9/3 5415/9/3 5414/9/3
f 5422/9/3 5416/9/3 5421/9/3
f 5425/9/3 5424/9/3 5423/9/3
f 5426/9/3 5424/9/3 5425/9/3
f 5427/9/3 5417/9/3 5390/9/3
f 5428/9/3 5394/9/3 5418/9/3
f 5429/9/3 5428/9/3 5427/9/3
f 5430/9/3 5428/9/3 5429/9/3
f 5431/9/3 5428/9/3 5430/9/3
f 5432/9/3 5428/9/3 5431/9/3
f 5433/9/3 5394/9/3 5428/9/3
f 5433/9/3 5428/9/3 5432/9/3
f 5434/8/3 5431/8/3 5430/8/3
f 5435/8/3 5431/8/3 5434/8/3
f 5436/9/3 5429/9/3 5427/9/3
f 5437/9/3 5433/9/3 5432/9/3
f 5438/9/3 5433/9/3 5437/9/3
f 5438/9/3 5437/9/3 5436/9/3
f 5439/9/3 5427/9/3 5390/9/3
f 5439/9/3 5436/9/3 5427/9/3
f 5439/9/3 5438/9/3 5436/9/3
f 5440/9/3 5438/9/3 5439/9/3
f 5441/9/3 5438/9/3 5440/9/3
f 5442/12/3 5419/12/3 5410/12/3
f 5445/9/3 5416/9/3 5422/9/3
f 5446/12/3 5442/12/3 5410/12/3
f 5447/7/3 5443/7/3 5442/7/3
f 5447/12/3 5442/12/3 5446/12/3
f 5448/7/3 5443/7/3 5447/7/3
f 5450/9/3 5445/9/3 5444/9/3
f 5451/9/3 5416/9/3 5445/9/3
f 5451/9/3 5445/9/3 5450/9/3
f 5452/9/3 5416/9/3 5451/9/3
f 5453/7/3 5449/7/3 5448/7/3
f 5453/7/3 5448/7/3 5447/7/3
f 5454/9/3 5450/9/3 5449/9/3
f 5454/7/3 5449/7/3 5453/7/3
f 5454/9/3 5451/9/3 5450/9/3
f 5455/9/3 5451/9/3 5454/9/3
f 5458/9/3 5457/9/3 5456/9/3
f 5459/9/3 5457/9/3 5458/9/3
f 5462/8/3 5461/8/3 5460/8/3
f 5463/8/3 5461/8/3 5462/8/3
f 5467/8/3 5465/8/3 5464/8/3
f 5468/8/3 5465/8/3 5467/8/3
f 5470/8/3 5467/8/3 5466/8/3
f 5470/8/3 5469/8/3 5468/8/3
f 5470/8/3 5468/8/3 5467/8/3
f 5471/8/3 5469/8/3 5470/8/3
f 5472/8/3 5469/8/3 5471/8/3
f 5473/8/3 5469/8/3 5472/8/3
f 5474/8/3 5472/8/3 5471/8/3
f 5475/8/3 5472/8/3 5474/8/3
f 5478/9/3 5477/9/3 5476/9/3
f 5479/9/3 5477/9/3 5478/9/3
f 5480/8/4 5481/8/4 5482/8/4
f 5482/8/4 5481/8/4 5483/8/4
f 5484/8/4 5485/8/4 5486/8/4
f 5486/8/4 5485/8/4 5487/8/4
f 5488/8/4 5489/8/4 5490/8/4
f 5490/8/4 5489/8/4 5491/8/4
f 5492/11/4 5493/11/4 5494/11/4
f 5494/11/4 5493/11/4 5495/11/4
f 5496/9/4 5497/9/4 5498/9/4
f 5498/9/4 5497/9/4 5499/9/4
f 5500/8/4 5501/8/4 5503/8/4
f 5501/7/4 5502/7/4 5503/7/4
f 5503/7/4 5502/7/4 5504/7/4
f 5500/8/4 5503/8/4 5505/8/4
f 5503/8/4 5504/8/4 5505/8/4
f 5505/8/4 5504/8/4 5506/8/4
f 5507/8/4 5508/8/4 5509/8/4
f 5509/8/4 5508/8/4 5510/8/4
f 5511/12/4 5512/12/4 5513/12/4
f 5513/12/4 5512/12/4 5514/12/4
f 5515/8/4 5516/8/4 5517/8/4
f 5517/8/4 5516/8/4 5518/8/4
f 5519/7/4 5520/7/4 5521/7/4
f 5521/7/4 5520/7/4 5522/7/4
f 5522/7/4 5520/7/4 5523/7/4
f 5523/7/4 5520/7/4 5524/7/4
f 5524/7/4 5525/7/4 5526/7/4
f 5526/7/4 5525/7/4 5527/7/4
f 5526/8/4 5527/8/4 5528/8/4
f 5527/7/4 5525/7/4 5529/7/4
f 5528/8/4 5527/8/4 5529/8/4
f 5529/7/4 5525/7/4 5530/7/4
f 5531/8/4 5532/8/4 5534/8/4
f 5532/7/4 5533/7/4 5535/7/4
f 5534/8/4 5532/8/4 5535/8/4
f 5534/7/4 5535/7/4 5538/7/4
f 5535/7/4 5533/7/4 5539/7/4
f 5538/7/4 5535/7/4 5539/7/4
f 5536/7/4 5537/7/4 5540/7/4
f 5537/7/4 5538/7/4 5540/7/4
f 5540/7/4 5538/7/4 5541/7/4
f 5541/7/4 5538/7/4 5542/7/4
f 5543/9/4 5544/9/4 5546/9/4
f 5544/7/4 5545/7/4 5546/7/4
f 5546/7/4 5545/7/4 5547/7/4
f 5543/9/4 5546/9/4 5549/9/4
f 5546/8/4 5547/8/4 5550/8/4
f 5549/9/4 5546/9/4 5550/9/4
f 5550/8/4 5547/8/4 5551/8/4
f 5551/8/4 5547/8/4 5552/8/4
f 5548/9/4 5549/9/4 5554/9/4
f 5552/7/4 5553/7/4 5555/7/4
f 5555/7/4 5553/7/4 5556/7/4
f 5548/9/4 5554/9/4 5557/9/4
f 5555/8/4 5556/8/4 5558/8/4
f 5556/7/4 5553/7/4 5559/7/4
f 5558/8/4 5556/8/4 5559/8/4
f 5559/7/4 5553/7/4 5560/7/4
f 5548/9/4 5557/9/4 5562/9/4
f 5560/7/4 5561/7/4 5565/7/4
f 5565/7/4 5561/7/4 5566/7/4
f 5548/9/4 5562/9/4 5567/9/4
f 5563/8/4 5564/8/4 5568/8/4
f 5564/7/4 5565/7/4 5569/7/4
f 5568/8/4 5564/8/4 5569/8/4
f 5548/9/4 5567/9/4 5570/9/4
f 5570/9/4 5567/9/4 5571/9/4
f 5568/7/4 5569/7/4 5574/7/4
f 5569/7/4 5565/7/4 5575/7/4
f 5574/7/4 5569/7/4 5575/7/4
f 5573/8/4 5574/8/4 5576/8/4
f 5572/8/4 5573/8/4 5576/8/4
f 5571/9/4 5572/9/4 5576/9/4
f 5576/8/4 5574/8/4 5577/8/4
f 5571/9/4 5576/9/4 5578/9/4
f 5576/7/4 5577/7/4 5579/7/4
f 5578/9/4 5576/9/4 5579/9/4
f 5579/7/4 5577/7/4 5580/7/4
f 5581/9/4 5582/9/4 5584/9/4
f 5582/7/4 5583/7/4 5584/7/4
f 5584/7/4 5583/7/4 5585/7/4
f 5584/8/4 5585/8/4 5586/8/4
f 5585/7/4 5583/7/4 5586/7/4
f 5586/7/4 5583/7/4 5587/7/4
f 5581/9/4 5584/9/4 5589/9/4
f 5584/8/4 5586/8/4 5589/8/4
f 5586/8/4 5587/8/4 5589/8/4
f 5589/8/4 5587/8/4 5590/8/4
f 5590/8/4 5587/8/4 5591/8/4
f 5591/8/4 5587/8/4 5592/8/4
f 5592/8/4 5587/8/4 5593/8/4
f 5581/9/4 5589/9/4 5594/9/4
f 5589/9/4 5590/9/4 5594/9/4
f 5594/9/4 5590/9/4 5595/9/4
f 5593/8/4 5587/8/4 5596/8/4
f 5596/8/4 5587/8/4 5597/8/4
f 5597/8/4 5587/8/4 5598/8/4
f 5581/9/4 5594/9/4 5599/9/4
f 5599/9/4 5594/9/4 5600/9/4
f 5598/8/4 5587/8/4 5603/8/4
f 5601/9/4 5602/9/4 5604/9/4
f 5603/8/4 5587/8/4 5607/8/4
f 5604/9/4 5605/9/4 5608/9/4
f 5601/9/4 5604/9/4 5608/9/4
f 5608/9/4 5605/9/4 5609/9/4
f 5606/8/4 5607/8/4 5612/8/4
f 5610/8/4 5611/8/4 5613/8/4
f 5611/8/4 5612/8/4 5613/8/4
f 5612/8/4 5607/8/4 5613/8/4
f 5607/8/4 5587/8/4 5613/8/4
f 5609/8/4 5610/8/4 5613/8/4
f 5608/8/4 5609/8/4 5613/8/4
f 5587/7/4 5588/7/4 5614/7/4
f 5613/8/4 5587/8/4 5614/8/4
f 5614/7/4 5588/7/4 5615/7/4
f 5608/8/4 5613/8/4 5616/8/4
f 5601/9/4 5608/9/4 5616/9/4
f 5613/7/4 5614/7/4 5617/7/4
f 5616/8/4 5613/8/4 5617/8/4
f 5601/9/4 5616/9/4 5618/9/4
f 5616/7/4 5617/7/4 5619/7/4
f 5618/9/4 5616/9/4 5619/9/4
f 5617/7/4 5614/7/4 5620/7/4
f 5619/7/4 5617/7/4 5620/7/4
f 5621/7/4 5622/7/4 5623/7/4
f 5623/7/4 5622/7/4 5624/7/4
f 5624/7/4 5625/7/4 5626/7/4
f 5626/7/4 5625/7/4 5627/7/4
f 5626/8/4 5627/8/4 5628/8/4
f 5628/8/4 5627/8/4 5629/8/4
f 5628/7/4 5629/7/4 5631/7/4
f 5631/7/4 5629/7/4 5632/7/4
f 5630/7/4 5631/7/4 5633/7/4
f 5633/7/4 5631/7/4 5634/7/4
f 5635/9/4 5636/9/4 5638/9/4
f 5638/9/4 5636/9/4 5639/9/4
f 5637/9/4 5638/9/4 5640/9/4
f 5640/9/4 5638/9/4 5641/9/4
f 5642/9/4 5643/9/4 5644/9/4
f 5644/9/4 5643/9/4 5645/9/4
f 5645/9/4 5646/9/4 5647/9/4
f 5647/9/4 5646/9/4 5648/9/4
f 5649/7/4 5650/7/4 5651/7/4
f 5651/7/4 5650/7/4 5652/7/4
f 5652/7/4 5653/7/4 5654/7/4
f 5654/7/4 5653/7/4 5655/7/4
f 5654/8/4 5655/8/4 5656/8/4
f 5656/8/4 5655/8/4 5657/8/4
f 5656/7/4 5657/7/4 5659/7/4
f 5659/7/4 5657/7/4 5660/7/4
f 5658/7/4 5659/7/4 5661/7/4
f 5661/7/4 5659/7/4 5662/7/4
f 5663/9/4 5664/9/4 5666/9/4
f 5666/9/4 5664/9/4 5667/9/4
f 5665/9/4 5666/9/4 5668/9/4
f 5668/9/4 5666/9/4 5669/9/4
f 5670/9/4 5671/9/4 5672/9/4
f 5672/9/4 5671/9/4 5673/9/4
f 5673/9/4 5674/9/4 5675/9/4
f 5675/9/4 5674/9/4 5676/9/4
f 5677/7/4 5678/7/4 5679/7/4
f 5679/7/4 5678/7/4 5680/7/4
f 5680/7/4 5681/7/4 5682/7/4
f 5682/7/4 5681/7/4 5683/7/4
f 5682/8/4 5683/8/4 5684/8/4
f 5684/8/4 5683/8/4 5685/8/4
f 5684/7/4 5685/7/4 5687/7/4
f 5687/7/4 5685/7/4 5688/7/4
f 5686/7/4 5687/7/4 5689/7/4
f 5689/7/4 5687/7/4 5690/7/4
f 5691/9/4 5692/9/4 5696/9/4
f 5696/9/4 5692/9/4 5697/9/4
f 5693/7/4 5694/7/4 5698/7/4
f 5698/7/4 5694/7/4 5699/7/4
f 5699/7/4 5700/7/4 5701/7/4
f 5701/7/4 5700/7/4 5702/7/4
f 5695/9/4 5696/9/4 5703/9/4
f 5703/9/4 5696/9/4 5704/9/4
f 5701/8/4 5702/8/4 5707/8/4
f 5707/8/4 5702/8/4 5708/8/4
f 5705/9/4 5706/9/4 5709/9/4
f 5709/9/4 5706/9/4 5710/9/4
f 5707/7/4 5708/7/4 5713/7/4
f 5713/7/4 5708/7/4 5714/7/4
f 5710/9/4 5711/9/4 5715/9/4
f 5715/9/4 5711/9/4 5716/9/4
f 5712/7/4 5713/7/4 5717/7/4
f 5717/7/4 5713/7/4 5718/7/4
f 5719/9/4 5720/9/4 5724/9/4
f 5724/9/4 5720/9/4 5725/9/4
f 5721/7/4 5722/7/4 5726/7/4
f 5726/7/4 5722/7/4 5727/7/4
f 5727/7/4 5728/7/4 5729/7/4
f 5729/7/4 5728/7/4 5730/7/4
f 5723/9/4 5724/9/4 5731/9/4
f 5731/9/4 5724/9/4 5732/9/4
f 5729/8/4 5730/8/4 5735/8/4
f 5735/8/4 5730/8/4 5736/8/4
f 5733/9/4 5734/9/4 5737/9/4
f 5737/9/4 5734/9/4 5738/9/4
f 5735/7/4 5736/7/4 5741/7/4
f 5741/7/4 5736/7/4 5742/7/4
f 5738/9/4 5739/9/4 5743/9/4
f 5743/9/4 5739/9/4 5744/9/4
f 5740/7/4 5741/7/4 5745/7/4
f 5745/7/4 5741/7/4 5746/7/4
f 5747/7/4 5748/7/4 5749/7/4
f 5749/7/4 5748/7/4 5750/7/4
f 5750/7/4 5751/7/4 5752/7/4
f 5752/7/4 5751/7/4 5753/7/4
f 5752/8/4 5753/8/4 5754/8/4
f 5754/8/4 5753/8/4 5755/8/4
f 5754/7/4 5755/7/4 5757/7/4
f 5757/7/4 5755/7/4 5758/7/4
f 5756/7/4 5757/7/4 5759/7/4
f 5759/7/4 5757/7/4 5760/7/4
f 5761/9/4 5762/9/4 5764/9/4
f 5764/9/4 5762/9/4 5765/9/4
f 5763/9/4 5764/9/4 5766/9/4
f 5766/9/4 5764/9/4 5767/9/4
f 5768/9/4 5769/9/4 5770/9/4
f 5770/9/4 5769/9/4 5771/9/4
f 5771/9/4 5772/9/4 5773/9/4
f 5773/9/4 5772/9/4 5774/9/4
f 5775/7/4 5776/7/4 5777/7/4
f 5777/7/4 5776/7/4 5778/7/4
f 5778/7/4 5779/7/4 5780/7/4
f 5780/7/4 5779/7/4 5781/7/4
f 5780/8/4 5781/8/4 5782/8/4
f 5782/8/4 5781/8/4 5783/8/4
f 5782/7/4 5783/7/4 5785/7/4
f 5785/7/4 5783/7/4 5786/7/4
f 5784/7/4 5785/7/4 5787/7/4
f 5787/7/4 5785/7/4 5788/7/4
f 5789/9/4 5790/9/4 5792/9/4
f 5792/9/4 5790/9/4 5793/9/4
f 5791/9/4 5792/9/4 5794/9/4
f 5794/9/4 5792/9/4 5795/9/4
f 5796/9/4 5797/9/4 5798/9/4
f 5798/9/4 5797/9/4 5799/9/4
f 5799/9/4 5800/9/4 5801/9/4
f 5801/9/4 5800/9/4 5802/9/4
f 5803/7/4 5804/7/4 5805/7/4
f 5805/7/4 5804/7/4 5806/7/4
f 5806/7/4 5807/7/4 5808/7/4
f 5808/7/4 5807/7/4 5809/7/4
f 5808/8/4 5809/8/4 5810/8/4
f 5810/8/4 5809/8/4 5811/8/4
f 5810/7/4 5811/7/4 5813/7/4
f 5813/7/4 5811/7/4 5814/7/4
f 5812/7/4 5813/7/4 5815/7/4
f 5815/7/4 5813/7/4 5816/7/4
f 5817/9/4 5818/9/4 5822/9/4
f 5822/9/4 5818/9/4 5823/9/4
f 5819/7/4 5820/7/4 5824/7/4
f 5824/7/4 5820/7/4 5825/7/4
f 5825/7/4 5826/7/4 5827/7/4
f 5827/7/4 5826/7/4 5828/7/4
f 5821/9/4 5822/9/4 5829/9/4
f 5829/9/4 5822/9/4 5830/9/4
f 5827/8/4 5828/8/4 5833/8/4
f 5833/8/4 5828/8/4 5834/8/4
f 5831/9/4 5832/9/4 5835/9/4
f 5835/9/4 5832/9/4 5836/9/4
f 5833/7/4 5834/7/4 5839/7/4
f 5839/7/4 5834/7/4 5840/7/4
f 5836/9/4 5837/9/4 5841/9/4
f 5841/9/4 5837/9/4 5842/9/4
f 5838/7/4 5839/7/4 5843/7/4
f 5843/7/4 5839/7/4 5844/7/4
f 5845/9/4 5846/9/4 5850/9/4
f 5850/9/4 5846/9/4 5851/9/4
f 5847/7/4 5848/7/4 5852/7/4
f 5852/7/4 5848/7/4 5853/7/4
f 5853/7/4 5854/7/4 5855/7/4
f 5855/7/4 5854/7/4 5856/7/4
f 5849/9/4 5850/9/4 5857/9/4
f 5857/9/4 5850/9/4 5858/9/4
f 5855/8/4 5856/8/4 5861/8/4
f 5861/8/4 5856/8/4 5862/8/4
f 5859/9/4 5860/9/4 5863/9/4
f 5863/9/4 5860/9/4 5864/9/4
f 5861/7/4 5862/7/4 5867/7/4
f 5867/7/4 5862/7/4 5868/7/4
f 5864/9/4 5865/9/4 5869/9/4
f 5869/9/4 5865/9/4 5870/9/4
f 5866/7/4 5867/7/4 5871/7/4
f 5871/7/4 5867/7/4 5872/7/4
f 5873/7/4 5874/7/4 5875/7/4
f 5875/7/4 5874/7/4 5876/7/4
f 5877/7/4 5878/7/4 5879/7/4
f 5879/7/4 5878/7/4 5880/7/4
f 5881/7/4 5882/7/4 5883/7/4
f 5883/7/4 5882/7/4 5884/7/4
f 5883/8/4 5884/8/4 5885/8/4
f 5885/8/4 5884/8/4 5886/8/4
f 5885/7/4 5886/7/4 5887/7/4
f 5887/7/4 5886/7/4 5888/7/4
f 5889/9/4 5890/9/4 5892/9/4
f 5892/9/4 5890/9/4 5893/9/4
f 5891/9/4 5892/9/4 5894/9/4
f 5894/9/4 5892/9/4 5895/9/4
f 5896/9/4 5897/9/4 5898/9/4
f 5898/9/4 5897/9/4 5899/9/4
f 5899/9/4 5900/9/4 5901/9/4
f 5901/9/4 5900/9/4 5902/9/4
f 5903/7/4 5904/7/4 5905/7/4
f 5905/7/4 5904/7/4 5906/7/4
f 5906/7/4 5907/7/4 5908/7/4
f 5908/7/4 5907/7/4 5909/7/4
f 5908/8/4 5909/8/4 5910/8/4
f 5910/8/4 5909/8/4 5911/8/4
f 5910/7/4 5911/7/4 5913/7/4
f 5913/7/4 5911/7/4 5914/7/4
f 5912/7/4 5913/7/4 5915/7/4
f 5915/7/4 5913/7/4 5916/7/4
f 5917/9/4 5918/9/4 5920/9/4
f 5920/9/4 5918/9/4 5921/9/4
f 5919/9/4 5920/9/4 5922/9/4
f 5922/9/4 5920/9/4 5923/9/4
f 5924/9/4 5925/9/4 5926/9/4
f 5926/9/4 5925/9/4 5927/9/4
f 5927/9/4 5928/9/4 5929/9/4
f 5929/9/4 5928/9/4 5930/9/4
f 5931/7/4 5932/7/4 5933/7/4
f 5933/7/4 5932/7/4 5934/7/4
f 5934/7/4 5935/7/4 5936/7/4
f 5936/7/4 5935/7/4 5937/7/4
f 5936/8/4 5937/8/4 5938/8/4
f 5938/8/4 5937/8/4 5939/8/4
f 5938/7/4 5939/7/4 5941/7/4
f 5941/7/4 5939/7/4 5942/7/4
f 5940/7/4 5941/7/4 5943/7/4
f 5943/7/4 5941/7/4 5944/7/4
f 5945/9/4 5946/9/4 5950/9/4
f 5950/9/4 5946/9/4 5951/9/4
f 5947/7/4 5948/7/4 5952/7/4
f 5952/7/4 5948/7/4 5953/7/4
f 5953/7/4 5954/7/4 5955/7/4
f 5955/7/4 5954/7/4 5956/7/4
f 5949/9/4 5950/9/4 5957/9/4
f 5957/9/4 5950/9/4 5958/9/4
f 5955/8/4 5956/8/4 5961/8/4
f 5961/8/4 5956/8/4 5962/8/4
f 5959/9/4 5960/9/4 5963/9/4
f 5963/9/4 5960/9/4 5964/9/4
f 5961/7/4 5962/7/4 5967/7/4
f 5967/7/4 5962/7/4 5968/7/4
f 5964/9/4 5965/9/4 5969/9/4
f 5969/9/4 5965/9/4 5970/9/4
f 5966/7/4 5967/7/4 5971/7/4
f 5971/7/4 5967/7/4 5972/7/4
f 5973/7/4 5974/7/4 5975/7/4
f 5975/7/4 5974/7/4 5976/7/4
f 5976/7/4 5977/7/4 5978/7/4
f 5978/7/4 5977/7/4 5979/7/4
f 5978/8/4 5979/8/4 5980/8/4
f 5980/8/4 5979/8/4 5981/8/4
f 5980/7/4 5981/7/4 5983/7/4
f 5983/7/4 5981/7/4 5984/7/4
f 5982/7/4 5983/7/4 5985/7/4
f 5985/7/4 5983/7/4 5986/7/4
f 5987/9/4 5988/9/4 5990/9/4
f 5990/9/4 5988/9/4 5991/9/4
f 5989/9/4 5990/9/4 5992/9/4
f 5992/9/4 5990/9/4 5993/9/4
f 5994/9/4 5995/9/4 5996/9/4
f 5996/9/4 5995/9/4 5997/9/4
f 5997/9/4 5998/9/4 5999/9/4
f 5999/9/4 5998/9/4 6000/9/4
f 6001/7/4 6002/7/4 6003/7/4
f 6003/7/4 6002/7/4 6004/7/4
f 6004/7/4 6005/7/4 6006/7/4
f 6006/7/4 6005/7/4 6007/7/4
f 6006/8/4 6007/8/4 6008/8/4
f 6008/8/4 6007/8/4 6009/8/4
f 6008/7/4 6009/7/4 6011/7/4
f 6011/7/4 6009/7/4 6012/7/4
f 6010/7/4 6011/7/4 6013/7/4
f 6013/7/4 6011/7/4 6014/7/4
f 6015/9/4 6016/9/4 6018/9/4
f 6018/9/4 6016/9/4 6019/9/4
f 6017/9/4 6018/9/4 6020/9/4
f 6020/9/4 6018/9/4 6021/9/4
f 6022/9/4 6023/9/4 6024/9/4
f 6024/9/4 6023/9/4 6025/9/4
f 6025/9/4 6026/9/4 6027/9/4
f 6027/9/4 6026/9/4 6028/9/4
f 6029/9/4 6030/9/4 6031/9/4
f 6031/9/4 6030/9/4 6032/9/4
f 6033/9/4 6034/9/4 6035/9/4
f 6035/9/4 6034/9/4 6036/9/4
f 6037/7/4 6038/7/4 6039/7/4
f 6039/7/4 6038/7/4 6040/7/4
f 6040/7/4 6041/7/4 6042/7/4
f 6042/7/4 6041/7/4 6043/7/4
f 6044/9/4 6045/9/4 6046/9/4
f 6046/9/4 6045/9/4 6047/9/4
f 6042/8/4 6043/8/4 6048/8/4
f 6048/8/4 6043/8/4 6049/8/4
f 6048/7/4 6049/7/4 6051/7/4
f 6051/7/4 6049/7/4 6052/7/4
f 6050/7/4 6051/7/4 6053/7/4
f 6053/7/4 6051/7/4 6054/7/4
f 6055/9/4 6056/9/4 6058/9/4
f 6058/9/4 6056/9/4 6059/9/4
f 6057/9/4 6058/9/4 6060/9/4
f 6060/9/4 6058/9/4 6061/9/4
f 6061/9/4 6062/9/4 6063/9/4
f 6063/9/4 6062/9/4 6064/9/4
f 6065/7/4 6066/7/4 6067/7/4
f 6067/7/4 6066/7/4 6068/7/4
f 6068/7/4 6069/7/4 6070/7/4
f 6070/7/4 6069/7/4 6071/7/4
f 6070/8/4 6071/8/4 6072/8/4
f 6072/8/4 6071/8/4 6073/8/4
f 6072/7/4 6073/7/4 6075/7/4
f 6075/7/4 6073/7/4 6076/7/4
f 6074/7/4 6075/7/4 6077/7/4
f 6077/7/4 6075/7/4 6078/7/4
f 6079/9/4 6080/9/4 6082/9/4
f 6082/9/4 6080/9/4 6083/9/4
f 6081/9/4 6082/9/4 6084/9/4
f 6084/9/4 6082/9/4 6085/9/4
f 6085/9/4 6086/9/4 6087/9/4
f 6087/9/4 6086/9/4 6088/9/4
f 6089/7/4 6090/7/4 6091/7/4
f 6091/7/4 6090/7/4 6092/7/4
f 6092/7/4 6093/7/4 6094/7/4
f 6094/7/4 6093/7/4 6095/7/4
f 6094/8/4 6095/8/4 6096/8/4
f 6096/8/4 6095/8/4 6097/8/4
f 6096/7/4 6097/7/4 6099/7/4
f 6099/7/4 6097/7/4 6100/7/4
f 6098/7/4 6099/7/4 6101/7/4
f 6101/7/4 6099/7/4 6102/7/4
f 6103/9/4 6104/9/4 6105/9/4
f 6105/9/4 6104/9/4 6106/9/4
f 6107/7/4 6108/7/4 6110/7/4
f 6110/7/4 6108/7/4 6111/7/4
f 6109/9/4 6110/9/4 6113/9/4
f 6113/9/4 6110/9/4 6114/9/4
f 6115/9/4 6116/9/4 6117/9/4
f 6117/9/4 6116/9/4 6118/9/4
f 6111/7/4 6112/7/4 6119/7/4
f 6119/7/4 6112/7/4 6120/7/4
f 6118/7/4 6119/7/4 6121/7/4
f 6121/7/4 6119/7/4 6122/7/4
f 6123/7/4 6124/7/4 6125/7/4
f 6125/7/4 6124/7/4 6126/7/4
f 6126/7/4 6124/7/4 6127/7/4
f 6125/9/4 6126/9/4 6128/9/4
f 6126/8/4 6127/8/4 6129/8/4
f 6128/9/4 6126/9/4 6129/9/4
f 6127/7/4 6124/7/4 6130/7/4
f 6129/8/4 6127/8/4 6130/8/4
f 6128/7/4 6129/7/4 6131/7/4
f 6129/7/4 6130/7/4 6131/7/4
f 6130/7/4 6124/7/4 6132/7/4
f 6131/7/4 6130/7/4 6132/7/4
f 6138/12/5 6134/12/5 6133/12/5
f 6139/12/5 6134/12/5 6138/12/5
f 6140/12/5 6136/12/5 6135/12/5
f 6141/12/5 6136/12/5 6140/12/5
f 6143/8/5 6138/8/5 6137/8/5
f 6144/11/5 6139/11/5 6138/11/5
f 6144/8/5 6138/8/5 6143/8/5
f 6145/8/5 6140/8/5 6139/8/5
f 6145/11/5 6139/11/5 6144/11/5
f 6146/11/5 6141/11/5 6140/11/5
f 6146/8/5 6140/8/5 6145/8/5
f 6147/8/5 6142/8/5 6141/8/5
f 6147/11/5 6141/11/5 6146/11/5
f 6148/8/5 6142/8/5 6147/8/5
f 6149/8/5 6143/8/5 6137/8/5
f 6149/11/5 6146/11/5 6145/11/5
f 6149/11/5 6148/11/5 6147/11/5
f 6149/11/5 6147/11/5 6146/11/5
f 6149/11/5 6145/11/5 6144/11/5
f 6149/11/5 6144/11/5 6143/11/5
f 6150/11/5 6148/11/5 6149/11/5
f 6151/11/5 6148/11/5 6150/11/5
f 6152/8/5 6142/8/5 6148/8/5
f 6152/11/5 6148/11/5 6151/11/5
f 6153/8/5 6142/8/5 6152/8/5
f 6157/8/5 6149/8/5 6137/8/5
f 6158/9/5 6150/9/5 6149/9/5
f 6158/8/5 6149/8/5 6157/8/5
f 6159/9/5 6150/9/5 6158/9/5
f 6160/9/5 6152/9/5 6151/9/5
f 6161/8/5 6153/8/5 6152/8/5
f 6161/9/5 6152/9/5 6160/9/5
f 6162/9/5 6154/9/5 6153/9/5
f 6162/8/5 6153/8/5 6161/8/5
f 6163/11/5 6155/11/5 6154/11/5
f 6163/9/5 6154/9/5 6162/9/5
f 6164/9/5 6156/9/5 6155/9/5
f 6164/11/5 6155/11/5 6163/11/5
f 6165/9/5 6156/9/5 6164/9/5
f 6167/11/5 6159/11/5 6158/11/5
f 6167/11/5 6160/11/5 6159/11/5
f 6167/11/5 6161/11/5 6160/11/5
f 6167/9/5 6158/9/5 6157/9/5
f 6168/9/5 6163/9/5 6162/9/5
f 6168/11/5 6161/11/5 6167/11/5
f 6168/9/5 6162/9/5 6161/9/5
f 6168/9/5 6166/9/5 6165/9/5
f 6168/9/5 6164/9/5 6163/9/5
f 6168/9/5 6165/9/5 6164/9/5
f 6169/9/5 6167/9/5 6157/9/5
f 6169/9/5 6168/9/5 6167/9/5
f 6170/9/5 6166/9/5 6168/9/5
f 6170/9/5 6168/9/5 6169/9/5
f 6173/9/5 6172/9/5 6171/9/5
f 6174/9/5 6172/9/5 6173/9/5
f 6179/9/5 6176/9/5 6175/9/5
f 6180/9/5 6176/9/5 6179/9/5
f 6181/9/5 6178/9/5 6177/9/5
f 6182/9/5 6178/9/5 6181/9/5
f 6183/7/5 6180/7/5 6179/7/5
f 6183/9/5 6179/9/5 6175/9/5
f 6184/7/5 6180/7/5 6183/7/5
f 6185/7/5 6182/7/5 6181/7/5
f 6186/9/5 6178/9/5 6182/9/5
f 6186/7/5 6182/7/5 6185/7/5
f 6187/9/5 6184/9/5 6183/9/5
f 6187/9/5 6183/9/5 6175/9/5
f 6188/9/5 6184/9/5 6187/9/5
f 6193/9/5 6186/9/5 6185/9/5
f 6194/9/5 6178/9/5 6186/9/5
f 6194/9/5 6186/9/5 6193/9/5
f 6195/9/5 6189/9/5 6188/9/5
f 6195/7/5 6190/7/5 6189/7/5
f 6196/9/5 6191/9/5 6190/9/5
f 6196/7/5 6190/7/5 6195/7/5
f 6197/7/5 6192/7/5 6191/7/5
f 6197/9/5 6191/9/5 6196/9/5
f 6198/9/5 6193/9/5 6192/9/5
f 6198/7/5 6192/7/5 6197/7/5
f 6199/9/5 6197/9/5 6196/9/5
f 6199/9/5 6196/9/5 6195/9/5
f 6199/9/5 6198/9/5 6197/9/5
f 6199/9/5 6195/9/5 6188/9/5
f 6200/9/5 6198/9/5 6199/9/5
f 6201/9/5 6198/9/5 6200/9/5
f 6202/9/5 6198/9/5 6201/9/5
f 6203/9/5 6198/9/5 6202/9/5
f 6204/9/5 6193/9/5 6198/9/5
f 6204/9/5 6198/9/5 6203/9/5
f 6205/9/5 6201/9/5 6200/9/5
f 6206/9/5 6201/9/5 6205/9/5
f 6207/9/5 6203/9/5 6202/9/5
f 6208/9/5 6203/9/5 6207/9/5
f 6211/9/5 6210/9/5 6209/9/5
f 6214/9/5 6210/9/5 6211/9/5
f 6215/9/5 6210/9/5 6214/9/5
f 6218/7/5 6213/7/5 6212/7/5
f 6219/7/5 6213/7/5 6218/7/5
f 6220/8/5 6216/8/5 6215/8/5
f 6221/7/5 6217/7/5 6216/7/5
f 6221/8/5 6216/8/5 6220/8/5
f 6222/7/5 6217/7/5 6221/7/5
f 6223/8/5 6219/8/5 6218/8/5
f 6224/8/5 6219/8/5 6223/8/5
f 6225/9/5 6221/9/5 6220/9/5
f 6225/9/5 6222/9/5 6221/9/5
f 6226/9/5 6222/9/5 6225/9/5
f 6231/9/5 6228/9/5 6227/9/5
f 6232/9/5 6228/9/5 6231/9/5
f 6233/9/5 6230/9/5 6229/9/5
f 6234/9/5 6230/9/5 6233/9/5
f 6255/9/5 6236/9/5 6235/9/5
f 6256/9/5 6236/9/5 6255/9/5
f 6257/9/5 6238/9/5 6237/9/5
f 6258/9/5 6238/9/5 6257/9/5
f 6259/9/5 6240/9/5 6239/9/5
f 6260/9/5 6240/9/5 6259/9/5
f 6261/9/5 6242/9/5 6241/9/5
f 6262/9/5 6242/9/5 6261/9/5
f 6263/9/5 6244/9/5 6243/9/5
f 6264/9/5 6244/9/5 6263/9/5
f 6265/9/5 6246/9/5 6245/9/5
f 6266/9/5 6246/9/5 6265/9/5
f 6267/9/5 6248/9/5 6247/9/5
f 6268/9/5 6248/9/5 6267/9/5
f 6269/9/5 6250/9/5 6249/9/5
f 6270/9/5 6250/9/5 6269/9/5
f 6271/9/5 6252/9/5 6251/9/5
f 6272/9/5 6252/9/5 6271/9/5
f 6273/12/5 6254/12/5 6253/12/5
f 6274/12/5 6254/12/5 6273/12/5
f 6285/10/5 6276/10/5 6275/10/5
f 6286/10/5 6276/10/5 6285/10/5
f 6287/9/5 6282/9/5 6281/9/5
f 6288/9/5 6282/9/5 6287/9/5
f 6289/9/5 6284/9/5 6283/9/5
f 6290/9/5 6284/9/5 6289/9/5
f 6291/9/5 6278/9/5 6277/9/5
f 6292/9/5 6278/9/5 6291/9/5
f 6293/9/5 6280/9/5 6279/9/5
f 6294/9/5 6280/9/5 6293/9/5
f 6302/4/5 6296/4/5 6295/4/5
f 6303/4/5 6296/4/5 6302/4/5
f 6306/6/5 6298/6/5 6297/6/5
f 6307/6/5 6298/6/5 6306/6/5
f 6310/5/5 6300/5/5 6299/5/5
f 6311/5/5 6300/5/5 6310/5/5
f 6314/6/5 6308/6/5 6307/6/5
f 6314/6/5 6306/6/5 6305/6/5
f 6314/6/5 6307/6/5 6306/6/5
f 6315/6/5 6308/6/5 6314/6/5
f 6318/5/5 6312/5/5 6311/5/5
f 6318/5/5 6311/5/5 6310/5/5
f 6318/5/5 6310/5/5 6309/5/5
f 6319/5/5 6312/5/5 6318/5/5
f 6321/4/5 6304/4/5 6303/4/5
f 6321/4/5 6302/4/5 6301/4/5
f 6321/4/5 6303/4/5 6302/4/5
f 6322/4/5 6304/4/5 6321/4/5
f 6323/6/5 6316/6/5 6315/6/5
f 6323/6/5 6315/6/5 6314/6/5
f 6323/6/5 6314/6/5 6313/6/5
f 6324/6/5 6316/6/5 6323/6/5
f 6325/5/5 6320/5/5 6319/5/5
f 6325/5/5 6319/5/5 6318/5/5
f 6325/5/5 6318/5/5 6317/5/5
f 6326/5/5 6320/5/5 6325/5/5
f 6331/9/5 6328/9/5 6327/9/5
f 6332/9/5 6328/9/5 6331/9/5
f 6335/9/5 6330/9/5 6329/9/5
f 6336/9/5 6330/9/5 6335/9/5
f 6337/9/5 6333/9/5 6332/9/5
f 6338/9/5 6333/9/5 6337/9/5
f 6339/9/5 6335/9/5 6334/9/5
f 6340/9/5 6335/9/5 6339/9/5
f 6347/4/5 6342/4/5 6341/4/5
f 6348/4/5 6342/4/5 6347/4/5
f 6349/6/5 6344/6/5 6343/6/5
f 6350/6/5 6344/6/5 6349/6/5
f 6351/5/5 6346/5/5 6345/5/5
f 6352/5/5 6346/5/5 6351/5/5
f 6361/6/5 6354/6/5 6353/6/5
f 6362/6/5 6354/6/5 6361/6/5
f 6363/6/5 6356/6/5 6355/6/5
f 6364/6/5 6356/6/5 6363/6/5
f 6365/5/5 6358/5/5 6357/5/5
f 6366/5/5 6358/5/5 6365/5/5
f 6367/5/5 6360/5/5 6359/5/5
f 6368/5/5 6360/5/5 6367/5/5
f 6382/4/5 6370/4/5 6369/4/5
f 6383/4/5 6372/4/5 6371/4/5
f 6386/6/5 6374/6/5 6373/6/5
f 6387/6/5 6376/6/5 6375/6/5
f 6390/5/5 6378/5/5 6377/5/5
f 6391/5/5 6380/5/5 6379/5/5
f 6393/4/5 6382/4/5 6381/4/5
f 6394/4/5 6370/4/5 6382/4/5
f 6394/4/5 6382/4/5 6393/4/5
f 6395/4/5 6384/4/5 6383/4/5
f 6395/4/5 6383/4/5 6371/4/5
f 6396/4/5 6384/4/5 6395/4/5
f 6397/6/5 6386/6/5 6385/6/5
f 6398/6/5 6374/6/5 6386/6/5
f 6398/6/5 6386/6/5 6397/6/5
f 6399/6/5 6388/6/5 6387/6/5
f 6399/6/5 6387/6/5 6375/6/5
f 6400/6/5 6388/6/5 6399/6/5
f 6401/5/5 6390/5/5 6389/5/5
f 6402/5/5 6378/5/5 6390/5/5
f 6402/5/5 6390/5/5 6401/5/5
f 6403/5/5 6392/5/5 6391/5/5
f 6403/5/5 6391/5/5 6379/5/5
f 6404/5/5 6392/5/5 6403/5/5
f 6407/12/5 6406/12/5 6405/12/5
f 6408/12/5 6406/12/5 6407/12/5
f 6413/9/5 6410/9/5 6409/9/5
f 6414/9/5 6410/9/5 6413/9/5
f 6417/9/5 6412/9/5 6411/9/5
f 6418/9/5 6412/9/5 6417/9/5
f 6419/9/5 6415/9/5 6414/9/5
f 6420/9/5 6415/9/5 6419/9/5
f 6421/9/5 6417/9/5 6416/9/5
f 6422/9/5 6417/9/5 6421/9/5
f 6427/9/5 6424/9/5 6423/9/5
f 6428/9/5 6424/9/5 6427/9/5
f 6431/9/5 6426/9/5 6425/9/5
f 6432/9/5 6426/9/5 6431/9/5
f 6433/9/5 6429/9/5 6428/9/5
f 6434/9/5 6429/9/5 6433/9/5
f 6435/9/5 6431/9/5 6430/9/5
f 6436/9/5 6431/9/5 6435/9/5
f 6440/12/5 6438/12/5 6437/12/5
f 6441/12/5 6440/12/5 6439/12/5
f 6442/12/5 6438/12/5 6440/12/5
f 6442/12/5 6440/12/5 6441/12/5
f 6449/4/5 6444/4/5 6443/4/5
f 6450/4/5 6444/4/5 6449/4/5
f 6451/6/5 6446/6/5 6445/6/5
f 6452/6/5 6446/6/5 6451/6/5
f 6453/5/5 6448/5/5 6447/5/5
f 6454/5/5 6448/5/5 6453/5/5
f 6459/9/5 6456/9/5 6455/9/5
f 6460/9/5 6456/9/5 6459/9/5
f 6463/9/5 6458/9/5 6457/9/5
f 6464/9/5 6458/9/5 6463/9/5
f 6465/9/5 6461/9/5 6460/9/5
f 6466/9/5 6461/9/5 6465/9/5
f 6467/9/5 6463/9/5 6462/9/5
f 6468/9/5 6463/9/5 6467/9/5
f 6473/9/5 6470/9/5 6469/9/5
f 6474/9/5 6470/9/5 6473/9/5
f 6477/9/5 6472/9/5 6471/9/5
f 6478/9/5 6472/9/5 6477/9/5
f 6479/9/5 6475/9/5 6474/9/5
f 6480/9/5 6475/9/5 6479/9/5
f 6481/9/5 6477/9/5 6476/9/5
f 6482/9/5 6477/9/5 6481/9/5
f 6519/10/5 6484/10/5 6483/10/5
f 6520/10/5 6484/10/5 6519/10/5
f 6521/10/5 6486/10/5 6485/10/5
f 6522/10/5 6486/10/5 6521/10/5
f 6523/10/5 6488/10/5 6487/10/5
f 6524/10/5 6488/10/5 6523/10/5
f 6525/10/5 6490/10/5 6489/10/5
f 6526/10/5 6490/10/5 6525/10/5
f 6527/10/5 6492/10/5 6491/10/5
f 6528/10/5 6492/10/5 6527/10/5
f 6529/10/5 6494/10/5 6493/10/5
f 6530/10/5 6494/10/5 6529/10/5
f 6531/10/5 6496/10/5 6495/10/5
f 6532/10/5 6496/10/5 6531/10/5
f 6533/10/5 6498/10/5 6497/10/5
f 6534/10/5 6498/10/5 6533/10/5
f 6535/10/5 6500/10/5 6499/10/5
f 6536/10/5 6500/10/5 6535/10/5
f 6537/10/5 6502/10/5 6501/10/5
f 6538/10/5 6502/10/5 6537/10/5
f 6539/10/5 6504/10/5 6503/10/5
f 6540/10/5 6504/10/5 6539/10/5
f 6541/10/5 6506/10/5 6505/10/5
f 6542/10/5 6506/10/5 6541/10/5
f 6543/10/5 6508/10/5 6507/10/5
f 6544/10/5 6508/10/5 6543/10/5
f 6545/10/5 6510/10/5 6509/10/5
f 6546/10/5 6510/10/5 6545/10/5
f 6547/10/5 6512/10/5 6511/10/5
f 6548/10/5 6512/10/5 6547/10/5
f 6549/10/5 6514/10/5 6513/10/5
f 6550/10/5 6514/10/5 6549/10/5
f 6551/10/5 6516/10/5 6515/10/5
f 6552/10/5 6516/10/5 6551/10/5
f 6553/10/5 6518/10/5 6517/10/5
f 6554/10/5 6518/10/5 6553/10/5
f 6573/10/5 6556/10/5 6555/10/5
f 6574/10/5 6556/10/5 6573/10/5
f 6575/10/5 6558/10/5 6557/10/5
f 6576/10/5 6558/10/5 6575/10/5
f 6577/10/5 6560/10/5 6559/10/5
f 6578/10/5 6560/10/5 6577/10/5
f 6579/10/5 6562/10/5 6561/10/5
f 6580/10/5 6562/10/5 6579/10/5
f 6581/10/5 6564/10/5 6563/10/5
f 6582/10/5 6564/10/5 6581/10/5
f 6583/10/5 6566/10/5 6565/10/5
f 6584/10/5 6566/10/5 6583/10/5
f 6585/10/5 6568/10/5 6567/10/5
f 6586/10/5 6568/10/5 6585/10/5
f 6587/10/5 6570/10/5 6569/10/5
f 6588/10/5 6570/10/5 6587/10/5
f 6589/10/5 6572/10/5 6571/10/5
f 6590/10/5 6572/10/5 6589/10/5
f 6595/9/5 6592/9/5 6591/9/5
f 6596/9/5 6592/9/5 6595/9/5
f 6599/9/5 6594/9/5 6593/9/5
f 6600/9/5 6594/9/5 6599/9/5
f 6601/9/5 6597/9/5 6596/9/5
f 6602/9/5 6597/9/5 6601/9/5
f 6603/9/5 6599/9/5 6598/9/5
f 6604/9/5 6599/9/5 6603/9/5
f 6613/10/5 6606/10/5 6605/10/5
f 6614/10/5 6606/10/5 6613/10/5
f 6615/10/5 6608/10/5 6607/10/5
f 6616/10/5 6608/10/5 6615/10/5
f 6617/10/5 6610/10/5 6609/10/5
f 6618/10/5 6610/10/5 6617/10/5
f 6619/10/5 6612/10/5 6611/10/5
f 6620/10/5 6612/10/5 6619/10/5
f 6632/10/5 6622/10/5 6621/10/5
f 6633/10/5 6622/10/5 6632/10/5
f 6634/10/5 6624/10/5 6623/10/5
f 6635/10/5 6624/10/5 6634/10/5
f 6638/7/5 6626/7/5 6625/7/5
f 6639/9/5 6627/9/5 6626/9/5
f 6639/7/5 6626/7/5 6638/7/5
f 6640/9/5 6627/9/5 6639/9/5
f 6641/9/5 6629/9/5 6628/9/5
f 6642/9/5 6629/9/5 6641/9/5
f 6643/9/5 6631/9/5 6630/9/5
f 6644/9/5 6631/9/5 6643/9/5
f 6645/8/5 6640/8/5 6639/8/5
f 6645/8/5 6639/8/5 6638/8/5
f 6646/8/5 6640/8/5 6645/8/5
f 6647/8/5 6642/8/5 6641/8/5
f 6648/8/5 6642/8/5 6647/8/5
f 6649/8/5 6644/8/5 6643/8/5
f 6650/8/5 6637/8/5 6636/8/5
f 6651/8/5 6637/8/5 6650/8/5
f 6652/8/5 6646/8/5 6645/8/5
f 6653/8/5 6646/8/5 6652/8/5
f 6654/12/5 6647/12/5 6646/12/5
f 6654/8/5 6646/8/5 6653/8/5
f 6655/8/5 6648/8/5 6647/8/5
f 6655/12/5 6647/12/5 6654/12/5
f 6656/12/5 6649/12/5 6648/12/5
f 6656/8/5 6648/8/5 6655/8/5
f 6657/8/5 6644/8/5 6649/8/5
f 6657/12/5 6649/12/5 6656/12/5
f 6658/8/5 6644/8/5 6657/8/5
f 6663/9/5 6660/9/5 6659/9/5
f 6664/9/5 6660/9/5 6663/9/5
f 6667/9/5 6662/9/5 6661/9/5
f 6668/9/5 6662/9/5 6667/9/5
f 6669/9/5 6665/9/5 6664/9/5
f 6670/9/5 6665/9/5 6669/9/5
f 6671/9/5 6667/9/5 6666/9/5
f 6672/9/5 6667/9/5 6671/9/5
f 6699/10/5 6674/10/5 6673/10/5
f 6700/10/5 6674/10/5 6699/10/5
f 6701/10/5 6676/10/5 6675/10/5
f 6702/10/5 6676/10/5 6701/10/5
f 6703/10/5 6678/10/5 6677/10/5
f 6704/10/5 6678/10/5 6703/10/5
f 6705/10/5 6680/10/5 6679/10/5
f 6706/10/5 6680/10/5 6705/10/5
f 6707/10/5 6682/10/5 6681/10/5
f 6708/10/5 6682/10/5 6707/10/5
f 6709/10/5 6684/10/5 6683/10/5
f 6710/10/5 6684/10/5 6709/10/5
f 6711/10/5 6686/10/5 6685/10/5
f 6712/10/5 6686/10/5 6711/10/5
f 6713/10/5 6688/10/5 6687/10/5
f 6714/10/5 6688/10/5 6713/10/5
f 6715/10/5 6690/10/5 6689/10/5
f 6716/10/5 6690/10/5 6715/10/5
f 6717/10/5 6692/10/5 6691/10/5
f 6718/10/5 6692/10/5 6717/10/5
f 6719/10/5 6694/10/5 6693/10/5
f 6720/10/5 6694/10/5 6719/10/5
f 6721/10/5 6696/10/5 6695/10/5
f 6722/10/5 6696/10/5 6721/10/5
f 6723/10/5 6698/10/5 6697/10/5
f 6724/10/5 6698/10/5 6723/10/5
f 6737/10/5 6726/10/5 6725/10/5
f 6738/10/5 6726/10/5 6737/10/5
f 6739/10/5 6728/10/5 6727/10/5
f 6740/10/5 6728/10/5 6739/10/5
f 6741/10/5 6730/10/5 6729/10/5
f 6742/10/5 6730/10/5 6741/10/5
f 6743/10/5 6732/10/5 6731/10/5
f 6744/10/5 6732/10/5 6743/10/5
f 6745/7/5 6734/7/5 6733/7/5
f 6746/7/5 6734/7/5 6745/7/5
f 6747/7/5 6736/7/5 6735/7/5
f 6748/7/5 6736/7/5 6747/7/5
f 6749/8/5 6746/8/5 6745/8/5
f 6750/8/5 6746/8/5 6749/8/5
f 6751/8/5 6748/8/5 6747/8/5
f 6752/8/5 6748/8/5 6751/8/5
f 6757/9/5 6754/9/5 6753/9/5
f 6758/9/5 6754/9/5 6757/9/5
f 6761/9/5 6756/9/5 6755/9/5
f 6762/9/5 6756/9/5 6761/9/5
f 6763/9/5 6759/9/5 6758/9/5
f 6764/9/5 6759/9/5 6763/9/5
f 6765/9/5 6761/9/5 6760/9/5
f 6766/9/5 6761/9/5 6765/9/5
f 6771/9/5 6768/9/5 6767/9/5
f 6772/9/5 6768/9/5 6771/9/5
f 6775/9/5 6770/9/5 6769/9/5
f 6776/9/5 6770/9/5 6775/9/5
f 6777/9/5 6773/9/5 6772/9/5
f 6778/9/5 6773/9/5 6777/9/5
f 6779/9/5 6775/9/5 6774/9/5
f 6780/9/5 6775/9/5 6779/9/5
f 6783/8/5 6782/8/5 6781/8/5
f 6784/8/5 6782/8/5 6783/8/5
f 6789/9/5 6786/9/5 6785/9/5
f 6790/9/5 6786/9/5 6789/9/5
f 6793/9/5 6788/9/5 6787/9/5
f 6794/9/5 6788/9/5 6793/9/5
f 6795/9/5 6791/9/5 6790/9/5
f 6796/9/5 6791/9/5 6795/9/5
f 6797/9/5 6793/9/5 6792/9/5
f 6798/9/5 6793/9/5 6797/9/5
f 6803/9/5 6800/9/5 6799/9/5
f 6804/9/5 6800/9/5 6803/9/5
f 6807/9/5 6802/9/5 6801/9/5
f 6808/9/5 6802/9/5 6807/9/5
f 6809/9/5 6805/9/5 6804/9/5
f 6810/9/5 6805/9/5 6809/9/5
f 6811/9/5 6807/9/5 6806/9/5
f 6812/9/5 6807/9/5 6811/9/5
f 6815/9/5 6814/9/5 6813/9/5
f 6816/9/5 6814/9/5 6815/9/5
f 6818/9/5 6815/9/5 6813/9/5
f 6819/9/5 6815/9/5 6818/9/5
f 6822/9/5 6818/9/5 6817/9/5
f 6823/9/5 6818/9/5 6822/9/5
f 6824/9/5 6821/9/5 6820/9/5
f 6825/9/5 6821/9/5 6824/9/5
f 6828/8/5 6827/8/5 6826/8/5
f 6829/8/5 6827/8/5 6828/8/5
f 6834/9/5 6831/9/5 6830/9/5
f 6835/9/5 6831/9/5 6834/9/5
f 6838/9/5 6833/9/5 6832/9/5
f 6839/9/5 6833/9/5 6838/9/5
f 6840/9/5 6836/9/5 6835/9/5
f 6841/9/5 6836/9/5 6840/9/5
f 6842/9/5 6838/9/5 6837/9/5
f 6843/9/5 6838/9/5 6842/9/5
f 6868/2/5 6845/2/5 6844/2/5
f 6869/2/5 6845/2/5 6868/2/5
f 6870/6/5 6847/6/5 6846/6/5
f 6871/6/5 6847/6/5 6870/6/5
f 6872/6/5 6849/6/5 6848/6/5
f 6873/6/5 6849/6/5 6872/6/5
f 6874/6/5 6851/6/5 6850/6/5
f 6875/6/5 6851/6/5 6874/6/5
f 6876/6/5 6853/6/5 6852/6/5
f 6877/6/5 6853/6/5 6876/6/5
f 6878/6/5 6855/6/5 6854/6/5
f 6879/6/5 6855/6/5 6878/6/5
f 6880/6/5 6857/6/5 6856/6/5
f 6881/6/5 6857/6/5 6880/6/5
f 6882/6/5 6859/6/5 6858/6/5
f 6883/6/5 6859/6/5 6882/6/5
f 6884/6/5 6861/6/5 6860/6/5
f 6885/6/5 6861/6/5 6884/6/5
f 6886/6/5 6863/6/5 6862/6/5
f 6887/6/5 6863/6/5 6886/6/5
f 6888/6/5 6865/6/5 6864/6/5
f 6889/6/5 6865/6/5 6888/6/5
f 6890/6/5 6867/6/5 6866/6/5
f 6891/6/5 6867/6/5 6890/6/5
f 6896/9/5 6893/9/5 6892/9/5
f 6897/9/5 6893/9/5 6896/9/5
f 6900/9/5 6895/9/5 6894/9/5
f 6901/9/5 6895/9/5 6900/9/5
f 6902/9/5 6898/9/5 6897/9/5
f 6905/9/5 6900/9/5 6899/9/5
f 6906/9/5 6903/9/5 6902/9/5
f 6907/9/5 6905/9/5 6904/9/5
f 6908/9/5 6906/9/5 6902/9/5
f 6908/9/5 6907/9/5 6906/9/5
f 6908/9/5 6902/9/5 6897/9/5
f 6909/9/5 6905/9/5 6907/9/5
f 6909/9/5 6907/9/5 6908/9/5
f 6909/9/5 6900/9/5 6905/9/5
f 6928/1/5 6911/1/5 6910/1/5
f 6929/1/5 6911/1/5 6928/1/5
f 6930/2/5 6913/2/5 6912/2/5
f 6931/2/5 6913/2/5 6930/2/5
f 6932/6/5 6915/6/5 6914/6/5
f 6933/6/5 6915/6/5 6932/6/5
f 6934/6/5 6917/6/5 6916/6/5
f 6935/6/5 6917/6/5 6934/6/5
f 6936/6/5 6919/6/5 6918/6/5
f 6937/6/5 6919/6/5 6936/6/5
f 6938/6/5 6921/6/5 6920/6/5
f 6939/6/5 6921/6/5 6938/6/5
f 6940/6/5 6923/6/5 6922/6/5
f 6941/6/5 6923/6/5 6940/6/5
f 6942/6/5 6925/6/5 6924/6/5
f 6943/6/5 6925/6/5 6942/6/5
f 6944/6/5 6927/6/5 6926/6/5
f 6945/6/5 6927/6/5 6944/6/5
f 6964/6/5 6947/6/5 6946/6/5
f 6965/6/5 6947/6/5 6964/6/5
f 6966/1/5 6949/1/5 6948/1/5
f 6967/1/5 6949/1/5 6966/1/5
f 6968/6/5 6951/6/5 6950/6/5
f 6969/6/5 6951/6/5 6968/6/5
f 6970/6/5 6953/6/5 6952/6/5
f 6971/6/5 6953/6/5 6970/6/5
f 6972/6/5 6955/6/5 6954/6/5
f 6973/6/5 6955/6/5 6972/6/5
f 6974/6/5 6957/6/5 6956/6/5
f 6975/6/5 6957/6/5 6974/6/5
f 6976/6/5 6959/6/5 6958/6/5
f 6977/6/5 6959/6/5 6976/6/5
f 6978/6/5 6961/6/5 6960/6/5
f 6979/6/5 6961/6/5 6978/6/5
f 6980/6/5 6963/6/5 6962/6/5
f 6981/6/5 6963/6/5 6980/6/5
f 6986/9/5 6983/9/5 6982/9/5
f 6987/9/5 6983/9/5 6986/9/5
f 6988/9/5 6985/9/5 6984/9/5
f 6989/9/5 6985/9/5 6988/9/5
f 6990/9/5 6988/9/5 6987/9/5
f 6991/9/5 6988/9/5 6990/9/5
f 7002/6/5 6993/6/5 6992/6/5
f 7003/6/5 6993/6/5 7002/6/5
f 7004/6/5 6995/6/5 6994/6/5
f 7005/6/5 6995/6/5 7004/6/5
f 7006/6/5 6997/6/5 6996/6/5
f 7007/6/5 6997/6/5 7006/6/5
f 7008/6/5 6999/6/5 6998/6/5
f 7009/6/5 6999/6/5 7008/6/5
f 7010/6/5 7001/6/5 7000/6/5
f 7011/6/5 7001/6/5 7010/6/5
f 7020/6/5 7013/6/5 7012/6/5
f 7021/6/5 7013/6/5 7020/6/5
f 7022/6/5 7015/6/5 7014/6/5
f 7023/6/5 7015/6/5 7022/6/5
f 7024/6/5 7017/6/5 7016/6/5
f 7025/6/5 7017/6/5 7024/6/5
f 7026/6/5 7019/6/5 7018/6/5
f 7027/6/5 7019/6/5 7026/6/5
f 7032/9/5 7029/9/5 7028/9/5
f 7033/9/5 7029/9/5 7032/9/5
f 7034/9/5 7031/9/5 7030/9/5
f 7035/9/5 7031/9/5 7034/9/5
f 7036/9/5 7034/9/5 7033/9/5
f 7037/9/5 7034/9/5 7036/9/5
f 7038/9/5 7036/9/5 7033/9/5
f 7039/9/5 7036/9/5 7038/9/5
f 7040/9/5 7034/9/5 7037/9/5
f 7041/9/5 7034/9/5 7040/9/5
f 7056/1/5 7043/1/5 7042/1/5
f 7057/1/5 7043/1/5 7056/1/5
f 7058/6/5 7045/6/5 7044/6/5
f 7059/6/5 7045/6/5 7058/6/5
f 7060/6/5 7047/6/5 7046/6/5
f 7061/6/5 7047/6/5 7060/6/5
f 7062/6/5 7049/6/5 7048/6/5
f 7063/6/5 7049/6/5 7062/6/5
f 7064/6/5 7051/6/5 7050/6/5
f 7065/6/5 7051/6/5 7064/6/5
f 7066/6/5 7053/6/5 7052/6/5
f 7067/6/5 7053/6/5 7066/6/5
f 7068/6/5 7055/6/5 7054/6/5
f 7069/6/5 7055/6/5 7068/6/5
f 7088/2/5 7071/2/5 7070/2/5
f 7089/2/5 7071/2/5 7088/2/5
f 7090/6/5 7073/6/5 7072/6/5
f 7091/6/5 7073/6/5 7090/6/5
f 7092/6/5 7075/6/5 7074/6/5
f 7093/6/5 7075/6/5 7092/6/5
f 7094/6/5 7077/6/5 7076/6/5
f 7095/6/5 7077/6/5 7094/6/5
f 7096/6/5 7079/6/5 7078/6/5
f 7097/6/5 7079/6/5 7096/6/5
f 7098/6/5 7081/6/5 7080/6/5
f 7099/6/5 7081/6/5 7098/6/5
f 7100/6/5 7083/6/5 7082/6/5
f 7101/6/5 7083/6/5 7100/6/5
f 7102/6/5 7085/6/5 7084/6/5
f 7103/6/5 7085/6/5 7102/6/5
f 7104/6/5 7087/6/5 7086/6/5
f 7105/6/5 7087/6/5 7104/6/5
f 7110/9/5 7107/9/5 7106/9/5
f 7111/9/5 7107/9/5 7110/9/5
f 7114/9/5 7109/9/5 7108/9/5
f 7115/9/5 7109/9/5 7114/9/5
f 7116/7/5 7111/7/5 7110/7/5
f 7117/7/5 7111/7/5 7116/7/5
f 7118/9/5 7113/9/5 7112/9/5
f 7119/9/5 7113/9/5 7118/9/5
f 7120/7/5 7115/7/5 7114/7/5
f 7121/7/5 7115/7/5 7120/7/5
f 7122/7/5 7118/7/5 7117/7/5
f 7123/9/5 7119/9/5 7118/9/5
f 7123/7/5 7118/7/5 7122/7/5
f 7124/7/5 7120/7/5 7119/7/5
f 7124/9/5 7119/9/5 7123/9/5
f 7125/7/5 7120/7/5 7124/7/5
f 7129/7/5 7127/7/5 7126/7/5
f 7130/8/5 7128/8/5 7127/8/5
f 7130/7/5 7127/7/5 7129/7/5
f 7133/8/5 7130/8/5 7129/8/5
f 7134/8/5 7128/8/5 7130/8/5
f 7134/8/5 7130/8/5 7133/8/5
f 7136/7/5 7132/7/5 7131/7/5
f 7137/8/5 7133/8/5 7132/8/5
f 7137/7/5 7132/7/5 7136/7/5
f 7138/8/5 7133/8/5 7137/8/5
f 7139/8/5 7135/8/5 7134/8/5
f 7140/8/5 7135/8/5 7139/8/5
f 7145/8/5 7142/8/5 7141/8/5
f 7146/8/5 7142/8/5 7145/8/5
f 7147/8/5 7144/8/5 7143/8/5
f 7148/8/5 7144/8/5 7147/8/5
f 7157/8/5 7150/8/5 7149/8/5
f 7158/8/5 7150/8/5 7157/8/5
f 7159/8/5 7152/8/5 7151/8/5
f 7160/8/5 7152/8/5 7159/8/5
f 7161/8/5 7154/8/5 7153/8/5
f 7162/8/5 7154/8/5 7161/8/5
f 7163/8/5 7156/8/5 7155/8/5
f 7164/8/5 7156/8/5 7163/8/5
f 7173/8/5 7166/8/5 7165/8/5
f 7174/8/5 7166/8/5 7173/8/5
f 7175/8/5 7168/8/5 7167/8/5
f 7176/8/5 7168/8/5 7175/8/5
f 7177/8/5 7170/8/5 7169/8/5
f 7178/8/5 7170/8/5 7177/8/5
f 7179/8/5 7172/8/5 7171/8/5
f 7180/8/5 7172/8/5 7179/8/5
f 7189/8/5 7182/8/5 7181/8/5
f 7190/8/5 7182/8/5 7189/8/5
f 7191/8/5 7184/8/5 7183/8/5
f 7192/8/5 7184/8/5 7191/8/5
f 7193/8/5 7186/8/5 7185/8/5
f 7194/8/5 7186/8/5 7193/8/5
f 7195/8/5 7188/8/5 7187/8/5
f 7196/8/5 7188/8/5 7195/8/5
f 7205/8/5 7198/8/5 7197/8/5
f 7206/8/5 7198/8/5 7205/8/5
f 7207/8/5 7200/8/5 7199/8/5
f 7208/8/5 7200/8/5 7207/8/5
f 7209/8/5 7202/8/5 7201/8/5
f 7210/8/5 7202/8/5 7209/8/5
f 7211/8/5 7204/8/5 7203/8/5
f 7212/8/5 7204/8/5 7211/8/5
f 7221/8/5 7214/8/5 7213/8/5
f 7222/8/5 7214/8/5 7221/8/5
f 7223/8/5 7216/8/5 7215/8/5
f 7224/8/5 7216/8/5 7223/8/5
f 7225/8/5 7218/8/5 7217/8/5
f 7226/8/5 7218/8/5 7225/8/5
f 7227/8/5 7220/8/5 7219/8/5
f 7228/8/5 7220/8/5 7227/8/5
f 7237/8/5 7230/8/5 7229/8/5
f 7238/8/5 7230/8/5 7237/8/5
f 7239/8/5 7232/8/5 7231/8/5
f 7240/8/5 7232/8/5 7239/8/5
f 7241/8/5 7234/8/5 7233/8/5
f 7242/8/5 7234/8/5 7241/8/5
f 7243/8/5 7236/8/5 7235/8/5
f 7244/8/5 7236/8/5 7243/8/5
f 7253/8/5 7246/8/5 7245/8/5
f 7254/8/5 7246/8/5 7253/8/5
f 7255/8/5 7248/8/5 7247/8/5
f 7256/8/5 7248/8/5 7255/8/5
f 7257/8/5 7250/8/5 7249/8/5
f 7258/8/5 7250/8/5 7257/8/5
f 7259/8/5 7252/8/5 7251/8/5
f 7260/8/5 7252/8/5 7259/8/5
f 7265/8/5 7262/8/5 7261/8/5
f 7266/8/5 7262/8/5 7265/8/5
f 7267/8/5 7264/8/5 7263/8/5
f 7268/8/5 7264/8/5 7267/8/5
f 7277/8/5 7270/8/5 7269/8/5
f 7278/8/5 7270/8/5 7277/8/5
f 7279/8/5 7272/8/5 7271/8/5
f 7280/8/5 7272/8/5 7279/8/5
f 7281/8/5 7274/8/5 7273/8/5
f 7282/8/5 7274/8/5 7281/8/5
f 7283/8/5 7276/8/5 7275/8/5
f 7284/8/5 7276/8/5 7283/8/5
f 7293/8/5 7286/8/5 7285/8/5
f 7294/8/5 7286/8/5 7293/8/5
f 7295/8/5 7288/8/5 7287/8/5
f 7296/8/5 7288/8/5 7295/8/5
f 7297/8/5 7290/8/5 7289/8/5
f 7298/8/5 7290/8/5 7297/8/5
f 7299/8/5 7292/8/5 7291/8/5
f 7300/8/5 7292/8/5 7299/8/5
f 7309/8/5 7302/8/5 7301/8/5
f 7310/8/5 7302/8/5 7309/8/5
f 7311/8/5 7304/8/5 7303/8/5
f 7312/8/5 7304/8/5 7311/8/5
f 7313/8/5 7306/8/5 7305/8/5
f 7314/8/5 7306/8/5 7313/8/5
f 7315/8/5 7308/8/5 7307/8/5
f 7316/8/5 7308/8/5 7315/8/5
f 7325/8/5 7318/8/5 7317/8/5
f 7326/8/5 7318/8/5 7325/8/5
f 7327/8/5 7320/8/5 7319/8/5
f 7328/8/5 7320/8/5 7327/8/5
f 7329/8/5 7322/8/5 7321/8/5
f 7330/8/5 7322/8/5 7329/8/5
f 7331/8/5 7324/8/5 7323/8/5
f 7332/8/5 7324/8/5 7331/8/5
f 7341/8/5 7334/8/5 7333/8/5
f 7342/8/5 7334/8/5 7341/8/5
f 7343/8/5 7336/8/5 7335/8/5
f 7344/8/5 7336/8/5 7343/8/5
f 7345/8/5 7338/8/5 7337/8/5
f 7346/8/5 7338/8/5 7345/8/5
f 7347/8/5 7340/8/5 7339/8/5
f 7348/8/5 7340/8/5 7347/8/5
f 7357/8/5 7350/8/5 7349/8/5
f 7358/8/5 7350/8/5 7357/8/5
f 7359/8/5 7352/8/5 7351/8/5
f 7360/8/5 7352/8/5 7359/8/5
f 7361/8/5 7354/8/5 7353/8/5
f 7362/8/5 7354/8/5 7361/8/5
f 7363/8/5 7356/8/5 7355/8/5
f 7364/8/5 7356/8/5 7363/8/5
f 7369/8/5 7366/8/5 7365/8/5
f 7370/8/5 7366/8/5 7369/8/5
f 7371/8/5 7368/8/5 7367/8/5
f 7372/8/5 7368/8/5 7371/8/5
f 7381/8/5 7374/8/5 7373/8/5
f 7382/8/5 7374/8/5 7381/8/5
f 7383/8/5 7376/8/5 7375/8/5
f 7384/8/5 7376/8/5 7383/8/5
f 7385/8/5 7378/8/5 7377/8/5
f 7386/8/5 7378/8/5 7385/8/5
f 7387/8/5 7380/8/5 7379/8/5
f 7388/8/5 7380/8/5 7387/8/5
f 7397/8/5 7390/8/5 7389/8/5
f 7398/8/5 7390/8/5 7397/8/5
f 7399/8/5 7392/8/5 7391/8/5
f 7400/8/5 7392/8/5 7399/8/5
f 7401/8/5 7394/8/5 7393/8/5
f 7402/8/5 7394/8/5 7401/8/5
f 7403/8/5 7396/8/5 7395/8/5
f 7404/8/5 7396/8/5 7403/8/5
f 7413/8/5 7406/8/5 7405/8/5
f 7414/8/5 7406/8/5 7413/8/5
f 7415/8/5 7408/8/5 7407/8/5
f 7416/8/5 7408/8/5 7415/8/5
f 7417/8/5 7410/8/5 7409/8/5
f 7418/8/5 7410/8/5 7417/8/5
f 7419/8/5 7412/8/5 7411/8/5
f 7420/8/5 7412/8/5 7419/8/5
f 7423/8/5 7422/8/5 7421/8/5
f 7424/8/5 7422/8/5 7423/8/5
f 7433/8/5 7426/8/5 7425/8/5
f 7434/8/5 7426/8/5 7433/8/5
f 7435/8/5 7428/8/5 7427/8/5
f 7436/8/5 7428/8/5 7435/8/5
f 7437/8/5 7430/8/5 7429/8/5
f 7438/8/5 7430/8/5 7437/8/5
f 7439/8/5 7432/8/5 7431/8/5
f 7440/8/5 7432/8/5 7439/8/5
f 7449/8/5 7442/8/5 7441/8/5
f 7450/8/5 7442/8/5 7449/8/5
f 7451/8/5 7444/8/5 7443/8/5
f 7452/8/5 7444/8/5 7451/8/5
f 7453/8/5 7446/8/5 7445/8/5
f 7454/8/5 7446/8/5 7453/8/5
f 7455/8/5 7448/8/5 7447/8/5
f 7456/8/5 7448/8/5 7455/8/5
f 7461/8/5 7458/8/5 7457/8/5
f 7462/8/5 7458/8/5 7461/8/5
f 7463/8/5 7460/8/5 7459/8/5
f 7464/8/5 7460/8/5 7463/8/5
f 7473/8/5 7466/8/5 7465/8/5
f 7474/8/5 7466/8/5 7473/8/5
f 7475/8/5 7468/8/5 7467/8/5
f 7476/8/5 7468/8/5 7475/8/5
f 7477/8/5 7470/8/5 7469/8/5
f 7478/8/5 7470/8/5 7477/8/5
f 7479/8/5 7472/8/5 7471/8/5
f 7480/8/5 7472/8/5 7479/8/5
f 7489/8/5 7482/8/5 7481/8/5
f 7490/8/5 7482/8/5 7489/8/5
f 7491/8/5 7484/8/5 7483/8/5
f 7492/8/5 7484/8/5 7491/8/5
f 7493/8/5 7486/8/5 7485/8/5
f 7494/8/5 7486/8/5 7493/8/5
f 7495/8/5 7488/8/5 7487/8/5
f 7496/8/5 7488/8/5 7495/8/5
f 7509/8/5 7498/8/5 7497/8/5
f 7510/8/5 7498/8/5 7509/8/5
f 7511/8/5 7500/8/5 7499/8/5
f 7512/8/5 7500/8/5 7511/8/5
f 7513/8/5 7502/8/5 7501/8/5
f 7514/8/5 7502/8/5 7513/8/5
f 7515/8/5 7504/8/5 7503/8/5
f 7516/8/5 7504/8/5 7515/8/5
f 7517/8/5 7506/8/5 7505/8/5
f 7518/8/5 7506/8/5 7517/8/5
f 7519/8/5 7508/8/5 7507/8/5
f 7520/8/5 7508/8/5 7519/8/5
f 7533/8/5 7522/8/5 7521/8/5
f 7534/8/5 7522/8/5 7533/8/5
f 7535/8/5 7524/8/5 7523/8/5
f 7536/8/5 7524/8/5 7535/8/5
f 7537/8/5 7526/8/5 7525/8/5
f 7538/8/5 7526/8/5 7537/8/5
f 7539/8/5 7528/8/5 7527/8/5
f 7540/8/5 7528/8/5 7539/8/5
f 7541/8/5 7530/8/5 7529/8/5
f 7542/8/5 7530/8/5 7541/8/5
f 7543/8/5 7532/8/5 7531/8/5
f 7544/8/5 7532/8/5 7543/8/5
f 7557/8/5 7546/8/5 7545/8/5
f 7558/8/5 7546/8/5 7557/8/5
f 7559/8/5 7548/8/5 7547/8/5
f 7560/8/5 7548/8/5 7559/8/5
f 7561/8/5 7550/8/5 7549/8/5
f 7562/8/5 7550/8/5 7561/8/5
f 7563/8/5 7552/8/5 7551/8/5
f 7564/8/5 7552/8/5 7563/8/5
f 7565/8/5 7554/8/5 7553/8/5
f 7566/8/5 7554/8/5 7565/8/5
f 7567/8/5 7556/8/5 7555/8/5
f 7568/8/5 7556/8/5 7567/8/5
f 7577/8/5 7570/8/5 7569/8/5
f 7578/8/5 7570/8/5 7577/8/5
f 7579/8/5 7572/8/5 7571/8/5
f 7580/8/5 7572/8/5 7579/8/5
f 7581/8/5 7574/8/5 7573/8/5
f 7582/8/5 7574/8/5 7581/8/5
f 7583/8/5 7576/8/5 7575/8/5
f 7584/8/5 7576/8/5 7583/8/5
f 7593/8/5 7586/8/5 7585/8/5
f 7594/8/5 7586/8/5 7593/8/5
f 7595/8/5 7588/8/5 7587/8/5
f 7596/8/5 7588/8/5 7595/8/5
f 7597/8/5 7590/8/5 7589/8/5
f 7598/8/5 7590/8/5 7597/8/5
f 7599/8/5 7592/8/5 7591/8/5
f 7600/8/5 7592/8/5 7599/8/5
f 7605/9/5 7602/9/5 7601/9/5
f 7606/9/5 7604/9/5 7603/9/5
f 7607/9/5 7602/9/5 7605/9/5
f 7608/9/5 7602/9/5 7607/9/5
f 7609/9/5 7606/9/5 7603/9/5
f 7610/9/5 7606/9/5 7609/9/5
f 7611/8/5 7608/8/5 7607/8/5
f 7612/8/5 7608/8/5 7611/8/5
f 7613/8/5 7610/8/5 7609/8/5
f 7614/8/5 7610/8/5 7613/8/5
f 7619/9/5 7616/9/5 7615/9/5
f 7620/9/5 7616/9/5 7619/9/5
f 7623/9/5 7618/9/5 7617/9/5
f 7624/9/5 7618/9/5 7623/9/5
f 7625/9/5 7622/9/5 7621/9/5
f 7626/9/5 7622/9/5 7625/9/5
f 7627/8/5 7626/8/5 7625/8/5
f 7628/8/5 7626/8/5 7627/8/5
f 7631/9/5 7630/9/5 7629/9/5
f 7632/9/5 7630/9/5 7631/9/5
f 7633/9/5 7630/9/5 7632/9/5
f 7634/9/5 7630/9/5 7633/9/5
f 7635/9/5 7633/9/5 7632/9/5
f 7636/9/5 7633/9/5 7635/9/5
f 7639/9/5 7638/9/5 7637/9/5
f 7640/9/5 7638/9/5 7639/9/5
f 7641/12/6 7642/12/6 7645/12/6
f 7645/12/6 7642/12/6 7646/12/6
f 7643/12/6 7644/12/6 7647/12/6
f 7647/12/6 7644/12/6 7648/12/6
f 7645/11/6 7646/11/6 7650/11/6
f 7650/11/6 7646/11/6 7651/11/6
f 7647/11/6 7648/11/6 7652/11/6
f 7652/11/6 7648/11/6 7653/11/6
f 7652/11/6 7653/11/6 7655/11/6
f 7653/11/6 7654/11/6 7655/11/6
f 7651/11/6 7652/11/6 7655/11/6
f 7650/11/6 7651/11/6 7655/11/6
f 7649/11/6 7650/11/6 7655/11/6
f 7655/11/6 7654/11/6 7656/11/6
f 7656/11/6 7654/11/6 7657/11/6
f 7657/11/6 7654/11/6 7658/11/6
f 7655/9/6 7656/9/6 7660/9/6
f 7660/9/6 7656/9/6 7661/9/6
f 7657/9/6 7658/9/6 7662/9/6
f 7662/9/6 7658/9/6 7663/9/6
f 7659/9/6 7660/9/6 7665/9/6
f 7660/11/6 7661/11/6 7666/11/6
f 7665/9/6 7660/9/6 7666/9/6
f 7662/11/6 7663/11/6 7666/11/6
f 7661/11/6 7662/11/6 7666/11/6
f 7663/9/6 7664/9/6 7667/9/6
f 7666/11/6 7663/11/6 7667/11/6
f 7667/9/6 7664/9/6 7668/9/6
f 7669/7/6 7670/7/6 7675/7/6
f 7675/7/6 7670/7/6 7676/7/6
f 7671/7/6 7672/7/6 7677/7/6
f 7677/7/6 7672/7/6 7678/7/6
f 7673/7/6 7674/7/6 7679/7/6
f 7679/7/6 7674/7/6 7680/7/6
f 7675/8/6 7676/8/6 7681/8/6
f 7681/8/6 7676/8/6 7682/8/6
f 7677/8/6 7678/8/6 7683/8/6
f 7683/8/6 7678/8/6 7684/8/6
f 7679/8/6 7680/8/6 7685/8/6
f 7685/8/6 7680/8/6 7686/8/6
f 7680/7/6 7674/7/6 7687/7/6
f 7686/8/6 7680/8/6 7688/8/6
f 7680/7/6 7687/7/6 7688/7/6
f 7688/7/6 7687/7/6 7689/7/6
f 7669/7/6 7675/7/6 7690/7/6
f 7675/8/6 7681/8/6 7691/8/6
f 7690/7/6 7675/7/6 7691/7/6
f 7691/8/6 7681/8/6 7692/8/6
f 7686/8/6 7688/8/6 7693/8/6
f 7688/8/6 7689/8/6 7693/8/6
f 7693/8/6 7689/8/6 7694/8/6
f 7695/10/6 7696/10/6 7699/10/6
f 7699/10/6 7696/10/6 7700/10/6
f 7697/10/6 7698/10/6 7701/10/6
f 7701/10/6 7698/10/6 7702/10/6
f 7703/10/6 7704/10/6 7729/10/6
f 7729/10/6 7704/10/6 7730/10/6
f 7705/10/6 7706/10/6 7731/10/6
f 7731/10/6 7706/10/6 7732/10/6
f 7711/9/6 7712/9/6 7739/9/6
f 7739/9/6 7712/9/6 7740/9/6
f 7713/9/6 7714/9/6 7741/9/6
f 7741/9/6 7714/9/6 7742/9/6
f 7715/9/6 7716/9/6 7743/9/6
f 7743/9/6 7716/9/6 7744/9/6
f 7717/9/6 7718/9/6 7745/9/6
f 7745/9/6 7718/9/6 7746/9/6
f 7719/9/6 7720/9/6 7747/9/6
f 7747/9/6 7720/9/6 7748/9/6
f 7721/9/6 7722/9/6 7749/9/6
f 7749/9/6 7722/9/6 7750/9/6
f 7723/9/6 7724/9/6 7751/9/6
f 7751/9/6 7724/9/6 7752/9/6
f 7725/9/6 7726/9/6 7753/9/6
f 7753/9/6 7726/9/6 7754/9/6
f 7727/9/6 7728/9/6 7755/9/6
f 7755/9/6 7728/9/6 7756/9/6
f 7707/9/6 7708/9/6 7757/9/6
f 7757/9/6 7708/9/6 7758/9/6
f 7709/9/6 7710/9/6 7759/9/6
f 7759/9/6 7710/9/6 7760/9/6
f 7733/4/6 7734/4/6 7761/4/6
f 7761/4/6 7734/4/6 7762/4/6
f 7735/6/6 7736/6/6 7763/6/6
f 7763/6/6 7736/6/6 7764/6/6
f 7737/5/6 7738/5/6 7765/5/6
f 7765/5/6 7738/5/6 7766/5/6
f 7767/10/6 7768/10/6 7769/10/6
f 7769/10/6 7768/10/6 7770/10/6
f 7771/12/6 7772/12/6 7774/12/6
f 7773/12/6 7774/12/6 7775/12/6
f 7774/12/6 7772/12/6 7776/12/6
f 7775/12/6 7774/12/6 7776/12/6
f 7777/12/6 7778/12/6 7779/12/6
f 7779/12/6 7778/12/6 7780/12/6
f 7781/8/6 7782/8/6 7783/8/6
f 7783/8/6 7782/8/6 7784/8/6
f 7785/4/6 7786/4/6 7798/4/6
f 7787/4/6 7788/4/6 7799/4/6
f 7799/4/6 7788/4/6 7800/4/6
f 7789/6/6 7790/6/6 7802/6/6
f 7791/6/6 7792/6/6 7803/6/6
f 7793/5/6 7794/5/6 7806/5/6
f 7795/5/6 7796/5/6 7807/5/6
f 7797/4/6 7798/4/6 7809/4/6
f 7798/4/6 7786/4/6 7810/4/6
f 7809/4/6 7798/4/6 7810/4/6
f 7801/6/6 7802/6/6 7811/6/6
f 7802/6/6 7790/6/6 7812/6/6
f 7811/6/6 7802/6/6 7812/6/6
f 7803/6/6 7804/6/6 7813/6/6
f 7791/6/6 7803/6/6 7813/6/6
f 7813/6/6 7804/6/6 7814/6/6
f 7805/5/6 7806/5/6 7815/5/6
f 7806/5/6 7794/5/6 7816/5/6
f 7815/5/6 7806/5/6 7816/5/6
f 7807/5/6 7808/5/6 7817/5/6
f 7795/5/6 7807/5/6 7817/5/6
f 7817/5/6 7808/5/6 7818/5/6
f 7819/12/6 7820/12/6 7821/12/6
f 7821/12/6 7820/12/6 7822/12/6
f 7823/4/6 7824/4/6 7829/4/6
f 7829/4/6 7824/4/6 7830/4/6
f 7825/6/6 7826/6/6 7831/6/6
f 7831/6/6 7826/6/6 7832/6/6
f 7827/5/6 7828/5/6 7833/5/6
f 7833/5/6 7828/5/6 7834/5/6
f 7835/6/6 7836/6/6 7843/6/6
f 7843/6/6 7836/6/6 7844/6/6
f 7837/6/6 7838/6/6 7845/6/6
f 7845/6/6 7838/6/6 7846/6/6
f 7839/5/6 7840/5/6 7847/5/6
f 7847/5/6 7840/5/6 7848/5/6
f 7841/5/6 7842/5/6 7849/5/6
f 7849/5/6 7842/5/6 7850/5/6
f 7851/4/6 7852/4/6 7858/4/6
f 7853/6/6 7854/6/6 7860/6/6
f 7860/6/6 7854/6/6 7861/6/6
f 7855/5/6 7856/5/6 7864/5/6
f 7864/5/6 7856/5/6 7865/5/6
f 7861/6/6 7862/6/6 7868/6/6
f 7859/6/6 7860/6/6 7868/6/6
f 7860/6/6 7861/6/6 7868/6/6
f 7868/6/6 7862/6/6 7869/6/6
f 7865/5/6 7866/5/6 7872/5/6
f 7864/5/6 7865/5/6 7872/5/6
f 7863/5/6 7864/5/6 7872/5/6
f 7872/5/6 7866/5/6 7873/5/6
f 7857/4/6 7858/4/6 7875/4/6
f 7858/4/6 7852/4/6 7876/4/6
f 7875/4/6 7858/4/6 7876/4/6
f 7869/6/6 7870/6/6 7877/6/6
f 7868/6/6 7869/6/6 7877/6/6
f 7867/6/6 7868/6/6 7877/6/6
f 7877/6/6 7870/6/6 7878/6/6
f 7873/5/6 7874/5/6 7879/5/6
f 7872/5/6 7873/5/6 7879/5/6
f 7871/5/6 7872/5/6 7879/5/6
f 7879/5/6 7874/5/6 7880/5/6
f 7881/10/6 7882/10/6 7897/10/6
f 7897/10/6 7882/10/6 7898/10/6
f 7883/10/6 7884/10/6 7899/10/6
f 7899/10/6 7884/10/6 7900/10/6
f 7885/10/6 7886/10/6 7901/10/6
f 7901/10/6 7886/10/6 7902/10/6
f 7887/10/6 7888/10/6 7903/10/6
f 7903/10/6 7888/10/6 7904/10/6
f 7889/10/6 7890/10/6 7905/10/6
f 7905/10/6 7890/10/6 7906/10/6
f 7891/10/6 7892/10/6 7907/10/6
f 7907/10/6 7892/10/6 7908/10/6
f 7893/10/6 7894/10/6 7909/10/6
f 7909/10/6 7894/10/6 7910/10/6
f 7895/10/6 7896/10/6 7911/10/6
f 7911/10/6 7896/10/6 7912/10/6
f 7913/10/6 7914/10/6 7941/10/6
f 7941/10/6 7914/10/6 7942/10/6
f 7915/10/6 7916/10/6 7943/10/6
f 7943/10/6 7916/10/6 7944/10/6
f 7917/10/6 7918/10/6 7945/10/6
f 7945/10/6 7918/10/6 7946/10/6
f 7919/10/6 7920/10/6 7947/10/6
f 7947/10/6 7920/10/6 7948/10/6
f 7921/10/6 7922/10/6 7949/10/6
f 7949/10/6 7922/10/6 7950/10/6
f 7923/10/6 7924/10/6 7951/10/6
f 7951/10/6 7924/10/6 7952/10/6
f 7925/10/6 7926/10/6 7953/10/6
f 7953/10/6 7926/10/6 7954/10/6
f 7927/10/6 7928/10/6 7955/10/6
f 7955/10/6 7928/10/6 7956/10/6
f 7929/10/6 7930/10/6 7957/10/6
f 7957/10/6 7930/10/6 7958/10/6
f 7931/10/6 7932/10/6 7959/10/6
f 7959/10/6 7932/10/6 7960/10/6
f 7933/10/6 7934/10/6 7961/10/6
f 7961/10/6 7934/10/6 7962/10/6
f 7935/10/6 7936/10/6 7963/10/6
f 7963/10/6 7936/10/6 7964/10/6
f 7937/10/6 7938/10/6 7965/10/6
f 7965/10/6 7938/10/6 7966/10/6
f 7939/10/6 7940/10/6 7967/10/6
f 7967/10/6 7940/10/6 7968/10/6
f 7969/10/6 7970/10/6 7977/10/6
f 7977/10/6 7970/10/6 7978/10/6
f 7971/10/6 7972/10/6 7979/10/6
f 7979/10/6 7972/10/6 7980/10/6
f 7973/10/6 7974/10/6 7981/10/6
f 7981/10/6 7974/10/6 7982/10/6
f 7975/10/6 7976/10/6 7983/10/6
f 7983/10/6 7976/10/6 7984/10/6
f 7985/10/6 7986/10/6 7991/10/6
f 7991/10/6 7986/10/6 7992/10/6
f 7987/10/6 7988/10/6 7993/10/6
f 7993/10/6 7988/10/6 7994/10/6
f 7989/10/6 7990/10/6 7995/10/6
f 7995/10/6 7990/10/6 7996/10/6
f 7997/10/6 7998/10/6 8021/10/6
f 8021/10/6 7998/10/6 8022/10/6
f 7999/10/6 8000/10/6 8023/10/6
f 8023/10/6 8000/10/6 8024/10/6
f 8001/10/6 8002/10/6 8025/10/6
f 8025/10/6 8002/10/6 8026/10/6
f 8003/10/6 8004/10/6 8027/10/6
f 8027/10/6 8004/10/6 8028/10/6
f 8005/10/6 8006/10/6 8029/10/6
f 8029/10/6 8006/10/6 8030/10/6
f 8007/10/6 8008/10/6 8031/10/6
f 8031/10/6 8008/10/6 8032/10/6
f 8009/10/6 8010/10/6 8033/10/6
f 8033/10/6 8010/10/6 8034/10/6
f 8011/10/6 8012/10/6 8035/10/6
f 8035/10/6 8012/10/6 8036/10/6
f 8013/10/6 8014/10/6 8037/10/6
f 8037/10/6 8014/10/6 8038/10/6
f 8015/10/6 8016/10/6 8039/10/6
f 8039/10/6 8016/10/6 8040/10/6
f 8017/10/6 8018/10/6 8041/10/6
f 8041/10/6 8018/10/6 8042/10/6
f 8019/10/6 8020/10/6 8043/10/6
f 8043/10/6 8020/10/6 8044/10/6
f 8045/10/6 8046/10/6 8065/10/6
f 8065/10/6 8046/10/6 8066/10/6
f 8047/10/6 8048/10/6 8067/10/6
f 8067/10/6 8048/10/6 8068/10/6
f 8049/10/6 8050/10/6 8069/10/6
f 8069/10/6 8050/10/6 8070/10/6
f 8051/10/6 8052/10/6 8071/10/6
f 8071/10/6 8052/10/6 8072/10/6
f 8053/10/6 8054/10/6 8073/10/6
f 8073/10/6 8054/10/6 8074/10/6
f 8055/10/6 8056/10/6 8075/10/6
f 8075/10/6 8056/10/6 8076/10/6
f 8057/10/6 8058/10/6 8077/10/6
f 8077/10/6 8058/10/6 8078/10/6
f 8059/10/6 8060/10/6 8079/10/6
f 8079/10/6 8060/10/6 8080/10/6
f 8061/10/6 8062/10/6 8081/10/6
f 8081/10/6 8062/10/6 8082/10/6
f 8063/10/6 8064/10/6 8083/10/6
f 8083/10/6 8064/10/6 8084/10/6
f 8085/7/6 8086/7/6 8089/7/6
f 8086/12/6 8087/12/6 8090/12/6
f 8089/7/6 8086/7/6 8090/7/6
f 8087/7/6 8088/7/6 8091/7/6
f 8090/12/6 8087/12/6 8091/12/6
f 8091/7/6 8088/7/6 8092/7/6
f 8093/12/6 8094/12/6 8095/12/6
f 8095/12/6 8094/12/6 8096/12/6
f 8095/8/6 8096/8/6 8098/8/6
f 8098/8/6 8096/8/6 8099/8/6
f 8097/12/6 8098/12/6 8101/12/6
f 8101/12/6 8098/12/6 8102/12/6
f 8099/12/6 8100/12/6 8103/12/6
f 8103/12/6 8100/12/6 8104/12/6
f 8105/2/6 8106/2/6 8123/2/6
f 8123/2/6 8106/2/6 8124/2/6
f 8107/6/6 8108/6/6 8125/6/6
f 8125/6/6 8108/6/6 8126/6/6
f 8109/6/6 8110/6/6 8127/6/6
f 8127/6/6 8110/6/6 8128/6/6
f 8111/6/6 8112/6/6 8129/6/6
f 8129/6/6 8112/6/6 8130/6/6
f 8113/6/6 8114/6/6 8131/6/6
f 8131/6/6 8114/6/6 8132/6/6
f 8115/6/6 8116/6/6 8133/6/6
f 8133/6/6 8116/6/6 8134/6/6
f 8117/6/6 8118/6/6 8135/6/6
f 8135/6/6 8118/6/6 8136/6/6
f 8119/6/6 8120/6/6 8137/6/6
f 8137/6/6 8120/6/6 8138/6/6
f 8121/6/6 8122/6/6 8139/6/6
f 8139/6/6 8122/6/6 8140/6/6
f 8141/1/6 8142/1/6 8153/1/6
f 8153/1/6 8142/1/6 8154/1/6
f 8143/6/6 8144/6/6 8155/6/6
f 8155/6/6 8144/6/6 8156/6/6
f 8145/6/6 8146/6/6 8157/6/6
f 8157/6/6 8146/6/6 8158/6/6
f 8147/6/6 8148/6/6 8159/6/6
f 8159/6/6 8148/6/6 8160/6/6
f 8149/6/6 8150/6/6 8161/6/6
f 8161/6/6 8150/6/6 8162/6/6
f 8151/6/6 8152/6/6 8163/6/6
f 8163/6/6 8152/6/6 8164/6/6
f 8165/6/6 8166/6/6 8181/6/6
f 8181/6/6 8166/6/6 8182/6/6
f 8167/6/6 8168/6/6 8183/6/6
f 8183/6/6 8168/6/6 8184/6/6
f 8169/6/6 8170/6/6 8185/6/6
f 8185/6/6 8170/6/6 8186/6/6
f 8171/6/6 8172/6/6 8187/6/6
f 8187/6/6 8172/6/6 8188/6/6
f 8173/6/6 8174/6/6 8189/6/6
f 8189/6/6 8174/6/6 8190/6/6
f 8175/6/6 8176/6/6 8191/6/6
f 8191/6/6 8176/6/6 8192/6/6
f 8177/6/6 8178/6/6 8193/6/6
f 8193/6/6 8178/6/6 8194/6/6
f 8179/6/6 8180/6/6 8195/6/6
f 8195/6/6 8180/6/6 8196/6/6
f 8197/6/6 8198/6/6 8203/6/6
f 8203/6/6 8198/6/6 8204/6/6
f 8199/6/6 8200/6/6 8205/6/6
f 8205/6/6 8200/6/6 8206/6/6
f 8201/6/6 8202/6/6 8207/6/6
f 8207/6/6 8202/6/6 8208/6/6
f 8209/6/6 8210/6/6 8227/6/6
f 8227/6/6 8210/6/6 8228/6/6
f 8211/1/6 8212/1/6 8229/1/6
f 8229/1/6 8212/1/6 8230/1/6
f 8213/6/6 8214/6/6 8231/6/6
f 8231/6/6 8214/6/6 8232/6/6
f 8215/6/6 8216/6/6 8233/6/6
f 8233/6/6 8216/6/6 8234/6/6
f 8217/6/6 8218/6/6 8235/6/6
f 8235/6/6 8218/6/6 8236/6/6
f 8219/6/6 8220/6/6 8237/6/6
f 8237/6/6 8220/6/6 8238/6/6
f 8221/6/6 8222/6/6 8239/6/6
f 8239/6/6 8222/6/6 8240/6/6
f 8223/6/6 8224/6/6 8241/6/6
f 8241/6/6 8224/6/6 8242/6/6
f 8225/6/6 8226/6/6 8243/6/6
f 8243/6/6 8226/6/6 8244/6/6
f 8245/1/6 8246/1/6 8263/1/6
f 8263/1/6 8246/1/6 8264/1/6
f 8247/2/6 8248/2/6 8265/2/6
f 8265/2/6 8248/2/6 8266/2/6
f 8249/6/6 8250/6/6 8267/6/6
f 8267/6/6 8250/6/6 8268/6/6
f 8251/6/6 8252/6/6 8269/6/6
f 8269/6/6 8252/6/6 8270/6/6
f 8253/6/6 8254/6/6 8271/6/6
f 8271/6/6 8254/6/6 8272/6/6
f 8255/6/6 8256/6/6 8273/6/6
f 8273/6/6 8256/6/6 8274/6/6
f 8257/6/6 8258/6/6 8275/6/6
f 8275/6/6 8258/6/6 8276/6/6
f 8259/6/6 8260/6/6 8277/6/6
f 8277/6/6 8260/6/6 8278/6/6
f 8261/6/6 8262/6/6 8279/6/6
f 8279/6/6 8262/6/6 8280/6/6
f 8281/2/6 8282/2/6 8303/2/6
f 8303/2/6 8282/2/6 8304/2/6
f 8283/6/6 8284/6/6 8305/6/6
f 8305/6/6 8284/6/6 8306/6/6
f 8285/6/6 8286/6/6 8307/6/6
f 8307/6/6 8286/6/6 8308/6/6
f 8287/6/6 8288/6/6 8309/6/6
f 8309/6/6 8288/6/6 8310/6/6
f 8289/6/6 8290/6/6 8311/6/6
f 8311/6/6 8290/6/6 8312/6/6
f 8291/6/6 8292/6/6 8313/6/6
f 8313/6/6 8292/6/6 8314/6/6
f 8293/6/6 8294/6/6 8315/6/6
f 8315/6/6 8294/6/6 8316/6/6
f 8295/6/6 8296/6/6 8317/6/6
f 8317/6/6 8296/6/6 8318/6/6
f 8297/6/6 8298/6/6 8319/6/6
f 8319/6/6 8298/6/6 8320/6/6
f 8299/6/6 8300/6/6 8321/6/6
f 8321/6/6 8300/6/6 8322/6/6
f 8301/6/6 8302/6/6 8323/6/6
f 8323/6/6 8302/6/6 8324/6/6
f 8325/12/6 8326/12/6 8327/12/6
f 8327/12/6 8326/12/6 8328/12/6
f 8327/8/6 8328/8/6 8330/8/6
f 8330/8/6 8328/8/6 8331/8/6
f 8329/12/6 8330/12/6 8333/12/6
f 8333/12/6 8330/12/6 8334/12/6
f 8331/12/6 8332/12/6 8335/12/6
f 8335/12/6 8332/12/6 8336/12/6
f 8337/8/6 8338/8/6 8341/8/6
f 8341/8/6 8338/8/6 8342/8/6
f 8339/8/6 8340/8/6 8343/8/6
f 8343/8/6 8340/8/6 8344/8/6
f 8345/8/6 8346/8/6 8349/8/6
f 8346/12/6 8347/12/6 8350/12/6
f 8349/8/6 8346/8/6 8350/8/6
f 8350/12/6 8347/12/6 8351/12/6
f 8351/12/6 8347/12/6 8352/12/6
f 8347/8/6 8348/8/6 8353/8/6
f 8352/12/6 8347/12/6 8353/12/6
f 8353/8/6 8348/8/6 8354/8/6
f 8349/7/6 8350/7/6 8355/7/6
f 8350/7/6 8351/7/6 8355/7/6
f 8351/12/6 8352/12/6 8356/12/6
f 8355/7/6 8351/7/6 8356/7/6
f 8353/7/6 8354/7/6 8357/7/6
f 8356/12/6 8352/12/6 8357/12/6
f 8352/7/6 8353/7/6 8357/7/6
f 8357/7/6 8354/7/6 8358/7/6
f 8356/12/6 8357/12/6 8359/12/6
f 8359/12/6 8357/12/6 8360/12/6
f 8361/12/6 8362/12/6 8363/12/6
f 8363/12/6 8362/12/6 8364/12/6
f 8365/8/6 8366/8/6 8373/8/6
f 8373/8/6 8366/8/6 8374/8/6
f 8367/8/6 8368/8/6 8375/8/6
f 8375/8/6 8368/8/6 8376/8/6
f 8369/8/6 8370/8/6 8377/8/6
f 8377/8/6 8370/8/6 8378/8/6
f 8371/8/6 8372/8/6 8379/8/6
f 8379/8/6 8372/8/6 8380/8/6
f 8381/7/6 8382/7/6 8385/7/6
f 8385/7/6 8382/7/6 8386/7/6
f 8383/7/6 8384/7/6 8389/7/6
f 8389/7/6 8384/7/6 8390/7/6
f 8387/12/6 8388/12/6 8391/12/6
f 8391/12/6 8388/12/6 8392/12/6
f 8387/12/6 8391/12/6 8393/12/6
f 8391/7/6 8392/7/6 8394/7/6
f 8393/12/6 8391/12/6 8394/12/6
f 8392/12/6 8388/12/6 8395/12/6
f 8394/7/6 8392/7/6 8395/7/6
f 8395/12/6 8388/12/6 8396/12/6
f 8393/8/6 8394/8/6 8397/8/6
f 8394/8/6 8395/8/6 8397/8/6
f 8395/8/6 8396/8/6 8397/8/6
f 8397/8/6 8396/8/6 8398/8/6
f 8399/7/6 8400/7/6 8403/7/6
f 8403/7/6 8400/7/6 8404/7/6
f 8401/7/6 8402/7/6 8405/7/6
f 8405/7/6 8402/7/6 8406/7/6
f 8403/8/6 8404/8/6 8407/8/6
f 8407/8/6 8404/8/6 8408/8/6
f 8405/8/6 8406/8/6 8409/8/6
f 8409/8/6 8406/8/6 8410/8/6
f 8411/8/6 8412/8/6 8419/8/6
f 8419/8/6 8412/8/6 8420/8/6
f 8413/8/6 8414/8/6 8421/8/6
f 8421/8/6 8414/8/6 8422/8/6
f 8415/8/6 8416/8/6 8423/8/6
f 8423/8/6 8416/8/6 8424/8/6
f 8417/8/6 8418/8/6 8425/8/6
f 8425/8/6 8418/8/6 8426/8/6
f 8427/8/6 8428/8/6 8435/8/6
f 8435/8/6 8428/8/6 8436/8/6
f 8429/8/6 8430/8/6 8437/8/6
f 8437/8/6 8430/8/6 8438/8/6
f 8431/8/6 8432/8/6 8439/8/6
f 8439/8/6 8432/8/6 8440/8/6
f 8433/8/6 8434/8/6 8441/8/6
f 8441/8/6 8434/8/6 8442/8/6
f 8443/8/6 8444/8/6 8451/8/6
f 8451/8/6 8444/8/6 8452/8/6
f 8445/8/6 8446/8/6 8453/8/6
f 8453/8/6 8446/8/6 8454/8/6
f 8447/8/6 8448/8/6 8455/8/6
f 8455/8/6 8448/8/6 8456/8/6
f 8449/8/6 8450/8/6 8457/8/6
f 8457/8/6 8450/8/6 8458/8/6
f 8459/8/6 8460/8/6 8467/8/6
f 8467/8/6 8460/8/6 8468/8/6
f 8461/8/6 8462/8/6 8469/8/6
f 8469/8/6 8462/8/6 8470/8/6
f 8463/8/6 8464/8/6 8471/8/6
f 8471/8/6 8464/8/6 8472/8/6
f 8465/8/6 8466/8/6 8473/8/6
f 8473/8/6 8466/8/6 8474/8/6
f 8475/8/6 8476/8/6 8483/8/6
f 8483/8/6 8476/8/6 8484/8/6
f 8477/8/6 8478/8/6 8485/8/6
f 8485/8/6 8478/8/6 8486/8/6
f 8479/8/6 8480/8/6 8487/8/6
f 8487/8/6 8480/8/6 8488/8/6
f 8481/8/6 8482/8/6 8489/8/6
f 8489/8/6 8482/8/6 8490/8/6
f 8491/8/6 8492/8/6 8499/8/6
f 8499/8/6 8492/8/6 8500/8/6
f 8493/8/6 8494/8/6 8501/8/6
f 8501/8/6 8494/8/6 8502/8/6
f 8495/8/6 8496/8/6 8503/8/6
f 8503/8/6 8496/8/6 8504/8/6
f 8497/8/6 8498/8/6 8505/8/6
f 8505/8/6 8498/8/6 8506/8/6
f 8507/8/6 8508/8/6 8511/8/6
f 8511/8/6 8508/8/6 8512/8/6
f 8509/8/6 8510/8/6 8513/8/6
f 8513/8/6 8510/8/6 8514/8/6
f 8515/8/6 8516/8/6 8523/8/6
f 8523/8/6 8516/8/6 8524/8/6
f 8517/8/6 8518/8/6 8525/8/6
f 8525/8/6 8518/8/6 8526/8/6
f 8519/8/6 8520/8/6 8527/8/6
f 8527/8/6 8520/8/6 8528/8/6
f 8521/8/6 8522/8/6 8529/8/6
f 8529/8/6 8522/8/6 8530/8/6
f 8531/8/6 8532/8/6 8539/8/6
f 8539/8/6 8532/8/6 8540/8/6
f 8533/8/6 8534/8/6 8541/8/6
f 8541/8/6 8534/8/6 8542/8/6
f 8535/8/6 8536/8/6 8543/8/6
f 8543/8/6 8536/8/6 8544/8/6
f 8537/8/6 8538/8/6 8545/8/6
f 8545/8/6 8538/8/6 8546/8/6
f 8547/8/6 8548/8/6 8555/8/6
f 8555/8/6 8548/8/6 8556/8/6
f 8549/8/6 8550/8/6 8557/8/6
f 8557/8/6 8550/8/6 8558/8/6
f 8551/8/6 8552/8/6 8559/8/6
f 8559/8/6 8552/8/6 8560/8/6
f 8553/8/6 8554/8/6 8561/8/6
f 8561/8/6 8554/8/6 8562/8/6
f 8563/8/6 8564/8/6 8571/8/6
f 8571/8/6 8564/8/6 8572/8/6
f 8565/8/6 8566/8/6 8573/8/6
f 8573/8/6 8566/8/6 8574/8/6
f 8567/8/6 8568/8/6 8575/8/6
f 8575/8/6 8568/8/6 8576/8/6
f 8569/8/6 8570/8/6 8577/8/6
f 8577/8/6 8570/8/6 8578/8/6
f 8579/8/6 8580/8/6 8587/8/6
f 8587/8/6 8580/8/6 8588/8/6
f 8581/8/6 8582/8/6 8589/8/6
f 8589/8/6 8582/8/6 8590/8/6
f 8583/8/6 8584/8/6 8591/8/6
f 8591/8/6 8584/8/6 8592/8/6
f 8585/8/6 8586/8/6 8593/8/6
f 8593/8/6 8586/8/6 8594/8/6
f 8595/8/6 8596/8/6 8603/8/6
f 8603/8/6 8596/8/6 8604/8/6
f 8597/8/6 8598/8/6 8605/8/6
f 8605/8/6 8598/8/6 8606/8/6
f 8599/8/6 8600/8/6 8607/8/6
f 8607/8/6 8600/8/6 8608/8/6
f 8601/8/6 8602/8/6 8609/8/6
f 8609/8/6 8602/8/6 8610/8/6
f 8611/8/6 8612/8/6 8615/8/6
f 8615/8/6 8612/8/6 8616/8/6
f 8613/8/6 8614/8/6 8617/8/6
f 8617/8/6 8614/8/6 8618/8/6
f 8619/8/6 8620/8/6 8627/8/6
f 8627/8/6 8620/8/6 8628/8/6
f 8621/8/6 8622/8/6 8629/8/6
f 8629/8/6 8622/8/6 8630/8/6
f 8623/8/6 8624/8/6 8631/8/6
f 8631/8/6 8624/8/6 8632/8/6
f 8625/8/6 8626/8/6 8633/8/6
f 8633/8/6 8626/8/6 8634/8/6
f 8635/8/6 8636/8/6 8643/8/6
f 8643/8/6 8636/8/6 8644/8/6
f 8637/8/6 8638/8/6 8645/8/6
f 8645/8/6 8638/8/6 8646/8/6
f 8639/8/6 8640/8/6 8647/8/6
f 8647/8/6 8640/8/6 8648/8/6
f 8641/8/6 8642/8/6 8649/8/6
f 8649/8/6 8642/8/6 8650/8/6
f 8651/8/6 8652/8/6 8659/8/6
f 8659/8/6 8652/8/6 8660/8/6
f 8653/8/6 8654/8/6 8661/8/6
f 8661/8/6 8654/8/6 8662/8/6
f 8655/8/6 8656/8/6 8663/8/6
f 8663/8/6 8656/8/6 8664/8/6
f 8657/8/6 8658/8/6 8665/8/6
f 8665/8/6 8658/8/6 8666/8/6
f 8667/8/6 8668/8/6 8669/8/6
f 8669/8/6 8668/8/6 8670/8/6
f 8671/8/6 8672/8/6 8679/8/6
f 8679/8/6 8672/8/6 8680/8/6
f 8673/8/6 8674/8/6 8681/8/6
f 8681/8/6 8674/8/6 8682/8/6
f 8675/8/6 8676/8/6 8683/8/6
f 8683/8/6 8676/8/6 8684/8/6
f 8677/8/6 8678/8/6 8685/8/6
f 8685/8/6 8678/8/6 8686/8/6
f 8687/7/6 8688/7/6 8691/7/6
f 8691/7/6 8688/7/6 8692/7/6
f 8689/7/6 8690/7/6 8693/7/6
f 8693/7/6 8690/7/6 8694/7/6
f 8692/7/6 8693/7/6 8695/7/6
f 8695/7/6 8693/7/6 8696/7/6
f 8697/8/6 8698/8/6 8705/8/6
f 8705/8/6 8698/8/6 8706/8/6
f 8699/8/6 8700/8/6 8707/8/6
f 8707/8/6 8700/8/6 8708/8/6
f 8701/8/6 8702/8/6 8709/8/6
f 8709/8/6 8702/8/6 8710/8/6
f 8703/8/6 8704/8/6 8711/8/6
f 8711/8/6 8704/8/6 8712/8/6
f 8713/7/6 8714/7/6 8717/7/6
f 8717/7/6 8714/7/6 8718/7/6
f 8715/7/6 8716/7/6 8721/7/6
f 8721/7/6 8716/7/6 8722/7/6
f 8719/8/6 8720/8/6 8723/8/6
f 8718/7/6 8719/7/6 8723/7/6
f 8720/7/6 8721/7/6 8724/7/6
f 8723/8/6 8720/8/6 8724/8/6
f 8718/7/6 8723/7/6 8725/7/6
f 8723/7/6 8724/7/6 8725/7/6
f 8724/7/6 8721/7/6 8726/7/6
f 8725/7/6 8724/7/6 8726/7/6
f 8727/7/6 8728/7/6 8731/7/6
f 8731/7/6 8728/7/6 8732/7/6
f 8729/7/6 8730/7/6 8735/7/6
f 8735/7/6 8730/7/6 8736/7/6
f 8732/7/6 8733/7/6 8737/7/6
f 8733/8/6 8734/8/6 8738/8/6
f 8737/7/6 8733/7/6 8738/7/6
f 8734/7/6 8735/7/6 8739/7/6
f 8738/8/6 8734/8/6 8739/8/6
f 8739/7/6 8735/7/6 8740/7/6
f 8741/8/6 8742/8/6 8745/8/6
f 8745/8/6 8742/8/6 8746/8/6
f 8743/8/6 8744/8/6 8747/8/6
f 8747/8/6 8744/8/6 8748/8/6
f 8749/7/6 8750/7/6 8753/7/6
f 8753/7/6 8750/7/6 8754/7/6
f 8751/7/6 8752/7/6 8757/7/6
f 8757/7/6 8752/7/6 8758/7/6
f 8754/7/6 8755/7/6 8759/7/6
f 8755/8/6 8756/8/6 8760/8/6
f 8759/7/6 8755/7/6 8760/7/6
f 8756/7/6 8757/7/6 8761/7/6
f 8760/8/6 8756/8/6 8761/8/6
f 8761/7/6 8757/7/6 8762/7/6
f 8763/7/6 8764/7/6 8767/7/6
f 8767/7/6 8764/7/6 8768/7/6
f 8765/7/6 8766/7/6 8771/7/6
f 8771/7/6 8766/7/6 8772/7/6
f 8768/7/6 8769/7/6 8773/7/6
f 8769/8/6 8770/8/6 8774/8/6
f 8773/7/6 8769/7/6 8774/7/6
f 8770/7/6 8771/7/6 8775/7/6
f 8774/8/6 8770/8/6 8775/8/6
f 8775/7/6 8771/7/6 8776/7/6
f 8777/8/6 8778/8/6 8785/8/6
f 8785/8/6 8778/8/6 8786/8/6
f 8779/8/6 8780/8/6 8787/8/6
f 8787/8/6 8780/8/6 8788/8/6
f 8781/8/6 8782/8/6 8789/8/6
f 8789/8/6 8782/8/6 8790/8/6
f 8783/8/6 8784/8/6 8791/8/6
f 8791/8/6 8784/8/6 8792/8/6
f 8793/7/6 8794/7/6 8797/7/6
f 8797/7/6 8794/7/6 8798/7/6
f 8795/7/6 8796/7/6 8801/7/6
f 8801/7/6 8796/7/6 8802/7/6
f 8798/7/6 8799/7/6 8803/7/6
f 8799/8/6 8800/8/6 8804/8/6
f 8803/7/6 8799/7/6 8804/7/6
f 8800/7/6 8801/7/6 8805/7/6
f 8804/8/6 8800/8/6 8805/8/6
f 8805/7/6 8801/7/6 8806/7/6
f 8807/7/6 8808/7/6 8811/7/6
f 8811/7/6 8808/7/6 8812/7/6
f 8809/7/6 8810/7/6 8815/7/6
f 8815/7/6 8810/7/6 8816/7/6
f 8812/7/6 8813/7/6 8817/7/6
f 8813/8/6 8814/8/6 8818/8/6
f 8817/7/6 8813/7/6 8818/7/6
f 8814/7/6 8815/7/6 8819/7/6
f 8818/8/6 8814/8/6 8819/8/6
f 8819/7/6 8815/7/6 8820/7/6
f 8821/8/6 8822/8/6 8829/8/6
f 8829/8/6 8822/8/6 8830/8/6
f 8823/8/6 8824/8/6 8831/8/6
f 8831/8/6 8824/8/6 8832/8/6
f 8825/8/6 8826/8/6 8833/8/6
f 8833/8/6 8826/8/6 8834/8/6
f 8827/8/6 8828/8/6 8835/8/6
f 8835/8/6 8828/8/6 8836/8/6
f 8837/7/6 8838/7/6 8841/7/6
f 8841/7/6 8838/7/6 8842/7/6
f 8839/7/6 8840/7/6 8845/7/6
f 8845/7/6 8840/7/6 8846/7/6
f 8842/7/6 8843/7/6 8847/7/6
f 8843/8/6 8844/8/6 8848/8/6
f 8847/7/6 8843/7/6 8848/7/6
f 8844/7/6 8845/7/6 8849/7/6
f 8848/8/6 8844/8/6 8849/8/6
f 8849/7/6 8845/7/6 8850/7/6
f 8851/7/6 8852/7/6 8855/7/6
f 8855/7/6 8852/7/6 8856/7/6
f 8853/7/6 8854/7/6 8859/7/6
f 8859/7/6 8854/7/6 8860/7/6
f 8856/7/6 8857/7/6 8861/7/6
f 8857/8/6 8858/8/6 8862/8/6
f 8861/7/6 8857/7/6 8862/7/6
f 8858/7/6 8859/7/6 8863/7/6
f 8862/8/6 8858/8/6 8863/8/6
f 8863/7/6 8859/7/6 8864/7/6
f 8865/8/6 8866/8/6 8877/8/6
f 8877/8/6 8866/8/6 8878/8/6
f 8867/8/6 8868/8/6 8879/8/6
f 8879/8/6 8868/8/6 8880/8/6
f 8869/8/6 8870/8/6 8881/8/6
f 8881/8/6 8870/8/6 8882/8/6
f 8871/8/6 8872/8/6 8883/8/6
f 8883/8/6 8872/8/6 8884/8/6
f 8873/8/6 8874/8/6 8885/8/6
f 8885/8/6 8874/8/6 8886/8/6
f 8875/8/6 8876/8/6 8887/8/6
f 8887/8/6 8876/8/6 8888/8/6
f 8889/7/6 8890/7/6 8893/7/6
f 8893/7/6 8890/7/6 8894/7/6
f 8891/7/6 8892/7/6 8895/7/6
f 8895/7/6 8892/7/6 8896/7/6
f 8897/7/6 8898/7/6 8901/7/6
f 8898/8/6 8899/8/6 8902/8/6
f 8901/7/6 8898/7/6 8902/7/6
f 8899/7/6 8900/7/6 8903/7/6
f 8902/8/6 8899/8/6 8903/8/6
f 8903/7/6 8900/7/6 8904/7/6
f 8905/7/6 8906/7/6 8909/7/6
f 8909/7/6 8906/7/6 8910/7/6
f 8907/7/6 8908/7/6 8913/7/6
f 8913/7/6 8908/7/6 8914/7/6
f 8910/7/6 8911/7/6 8915/7/6
f 8911/8/6 8912/8/6 8916/8/6
f 8915/7/6 8911/7/6 8916/7/6
f 8912/7/6 8913/7/6 8917/7/6
f 8916/8/6 8912/8/6 8917/8/6
f 8917/7/6 8913/7/6 8918/7/6
f 8919/8/6 8920/8/6 8931/8/6
f 8931/8/6 8920/8/6 8932/8/6
f 8921/8/6 8922/8/6 8933/8/6
f 8933/8/6 8922/8/6 8934/8/6
f 8923/8/6 8924/8/6 8935/8/6
f 8935/8/6 8924/8/6 8936/8/6
f 8925/8/6 8926/8/6 8937/8/6
f 8937/8/6 8926/8/6 8938/8/6
f 8927/8/6 8928/8/6 8939/8/6
f 8939/8/6 8928/8/6 8940/8/6
f 8929/8/6 8930/8/6 8941/8/6
f 8941/8/6 8930/8/6 8942/8/6
f 8943/7/6 8944/7/6 8947/7/6
f 8947/7/6 8944/7/6 8948/7/6
f 8945/7/6 8946/7/6 8951/7/6
f 8951/7/6 8946/7/6 8952/7/6
f 8948/7/6 8949/7/6 8953/7/6
f 8949/8/6 8950/8/6 8954/8/6
f 8953/7/6 8949/7/6 8954/7/6
f 8950/7/6 8951/7/6 8955/7/6
f 8954/8/6 8950/8/6 8955/8/6
f 8955/7/6 8951/7/6 8956/7/6
f 8957/7/6 8958/7/6 8961/7/6
f 8961/7/6 8958/7/6 8962/7/6
f 8959/7/6 8960/7/6 8965/7/6
f 8965/7/6 8960/7/6 8966/7/6
f 8962/7/6 8963/7/6 8967/7/6
f 8963/8/6 8964/8/6 8968/8/6
f 8967/7/6 8963/7/6 8968/7/6
f 8964/7/6 8965/7/6 8969/7/6
f 8968/8/6 8964/8/6 8969/8/6
f 8969/7/6 8965/7/6 8970/7/6
f 8971/8/6 8972/8/6 8983/8/6
f 8983/8/6 8972/8/6 8984/8/6
f 8973/8/6 8974/8/6 8985/8/6
f 8985/8/6 8974/8/6 8986/8/6
f 8975/8/6 8976/8/6 8987/8/6
f 8987/8/6 8976/8/6 8988/8/6
f 8977/8/6 8978/8/6 8989/8/6
f 8989/8/6 8978/8/6 8990/8/6
f 8979/8/6 8980/8/6 8991/8/6
f 8991/8/6 8980/8/6 8992/8/6
f 8981/8/6 8982/8/6 8993/8/6
f 8993/8/6 8982/8/6 8994/8/6
f 8995/7/6 8996/7/6 8999/7/6
f 8999/7/6 8996/7/6 9000/7/6
f 8997/7/6 8998/7/6 9003/7/6
f 9003/7/6 8998/7/6 9004/7/6
f 9000/7/6 9001/7/6 9005/7/6
f 9001/8/6 9002/8/6 9006/8/6
f 9005/7/6 9001/7/6 9006/7/6
f 9002/7/6 9003/7/6 9007/7/6
f 9006/8/6 9002/8/6 9007/8/6
f 9007/7/6 9003/7/6 9008/7/6
f 9009/7/6 9010/7/6 9013/7/6
f 9013/7/6 9010/7/6 9014/7/6
f 9011/7/6 9012/7/6 9017/7/6
f 9017/7/6 9012/7/6 9018/7/6
f 9014/7/6 9015/7/6 9019/7/6
f 9015/8/6 9016/8/6 9020/8/6
f 9019/7/6 9015/7/6 9020/7/6
f 9016/7/6 9017/7/6 9021/7/6
f 9020/8/6 9016/8/6 9021/8/6
f 9021/7/6 9017/7/6 9022/7/6
f 9023/8/6 9024/8/6 9031/8/6
f 9031/8/6 9024/8/6 9032/8/6
f 9025/8/6 9026/8/6 9033/8/6
f 9033/8/6 9026/8/6 9034/8/6
f 9027/8/6 9028/8/6 9035/8/6
f 9035/8/6 9028/8/6 9036/8/6
f 9029/8/6 9030/8/6 9037/8/6
f 9037/8/6 9030/8/6 9038/8/6
f 9039/7/6 9040/7/6 9043/7/6
f 9043/7/6 9040/7/6 9044/7/6
f 9041/7/6 9042/7/6 9047/7/6
f 9047/7/6 9042/7/6 9048/7/6
f 9044/7/6 9045/7/6 9049/7/6
f 9045/8/6 9046/8/6 9050/8/6
f 9049/7/6 9045/7/6 9050/7/6
f 9046/7/6 9047/7/6 9051/7/6
f 9050/8/6 9046/8/6 9051/8/6
f 9051/7/6 9047/7/6 9052/7/6
f 9053/7/6 9054/7/6 9057/7/6
f 9057/7/6 9054/7/6 9058/7/6
f 9055/7/6 9056/7/6 9061/7/6
f 9061/7/6 9056/7/6 9062/7/6
f 9058/7/6 9059/7/6 9063/7/6
f 9059/8/6 9060/8/6 9064/8/6
f 9063/7/6 9059/7/6 9064/7/6
f 9060/7/6 9061/7/6 9065/7/6
f 9064/8/6 9060/8/6 9065/8/6
f 9065/7/6 9061/7/6 9066/7/6
f 9067/8/6 9068/8/6 9075/8/6
f 9075/8/6 9068/8/6 9076/8/6
f 9069/8/6 9070/8/6 9077/8/6
f 9077/8/6 9070/8/6 9078/8/6
f 9071/8/6 9072/8/6 9079/8/6
f 9079/8/6 9072/8/6 9080/8/6
f 9073/8/6 9074/8/6 9081/8/6
f 9081/8/6 9074/8/6 9082/8/6
f 9083/7/6 9084/7/6 9087/7/6
f 9087/7/6 9084/7/6 9088/7/6
f 9085/7/6 9086/7/6 9091/7/6
f 9091/7/6 9086/7/6 9092/7/6
f 9088/7/6 9089/7/6 9093/7/6
f 9089/8/6 9090/8/6 9094/8/6
f 9093/7/6 9089/7/6 9094/7/6
f 9090/7/6 9091/7/6 9095/7/6
f 9094/8/6 9090/8/6 9095/8/6
f 9095/7/6 9091/7/6 9096/7/6
f 9097/7/6 9098/7/6 9101/7/6
f 9101/7/6 9098/7/6 9102/7/6
f 9099/7/6 9100/7/6 9105/7/6
f 9105/7/6 9100/7/6 9106/7/6
f 9102/7/6 9103/7/6 9107/7/6
f 9103/8/6 9104/8/6 9108/8/6
f 9107/7/6 9103/7/6 9108/7/6
f 9104/7/6 9105/7/6 9109/7/6
f 9108/8/6 9104/8/6 9109/8/6
f 9109/7/6 9105/7/6 9110/7/6
f 9111/12/6 9112/12/6 9115/12/6
f 9115/12/6 9112/12/6 9116/12/6
f 9116/12/6 9112/12/6 9117/12/6
f 9117/12/6 9112/12/6 9118/12/6
f 9113/8/6 9114/8/6 9119/8/6
f 9119/8/6 9114/8/6 9120/8/6
f 9115/8/6 9116/8/6 9121/8/6
f 9116/7/6 9117/7/6 9122/7/6
f 9121/8/6 9116/8/6 9122/8/6
f 9117/8/6 9118/8/6 9123/8/6
f 9122/7/6 9117/7/6 9123/7/6
f 9123/8/6 9118/8/6 9124/8/6
f 9113/8/6 9119/8/6 9125/8/6
f 9119/7/6 9120/7/6 9126/7/6
f 9125/8/6 9119/8/6 9126/8/6
f 9120/8/6 9114/8/6 9127/8/6
f 9126/7/6 9120/7/6 9127/7/6
f 9127/8/6 9114/8/6 9128/8/6
f 9129/7/6 9130/7/6 9133/7/6
f 9133/7/6 9130/7/6 9134/7/6
f 9131/7/6 9132/7/6 9137/7/6
f 9137/7/6 9132/7/6 9138/7/6
f 9134/7/6 9135/7/6 9139/7/6
f 9135/8/6 9136/8/6 9140/8/6
f 9139/7/6 9135/7/6 9140/7/6
f 9136/7/6 9137/7/6 9141/7/6
f 9140/8/6 9136/8/6 9141/8/6
f 9141/7/6 9137/7/6 9142/7/6
f 9143/7/6 9144/7/6 9147/7/6
f 9144/8/6 9145/8/6 9148/8/6
f 9147/7/6 9144/7/6 9148/7/6
f 9145/7/6 9146/7/6 9149/7/6
f 9148/8/6 9145/8/6 9149/8/6
f 9149/7/6 9146/7/6 9150/7/6
f 9151/8/6 9152/8/6 9157/8/6
f 9152/7/6 9153/7/6 9158/7/6
f 9157/8/6 9152/8/6 9158/8/6
f 9158/7/6 9153/7/6 9159/7/6
f 9154/7/6 9155/7/6 9160/7/6
f 9155/8/6 9156/8/6 9161/8/6
f 9160/7/6 9155/7/6 9161/7/6
f 9161/8/6 9156/8/6 9162/8/6
f 9157/7/6 9158/7/6 9163/7/6
f 9158/8/6 9159/8/6 9164/8/6
f 9163/7/6 9158/7/6 9164/7/6
f 9164/8/6 9159/8/6 9165/8/6
f 9160/8/6 9161/8/6 9170/8/6
f 9161/7/6 9162/7/6 9171/7/6
f 9170/8/6 9161/8/6 9171/8/6
f 9171/7/6 9162/7/6 9172/7/6
f 9165/7/6 9166/7/6 9173/7/6
f 9166/7/6 9167/7/6 9173/7/6
f 9168/7/6 9169/7/6 9174/7/6
f 9169/7/6 9170/7/6 9174/7/6
f 9165/7/6 9173/7/6 9175/7/6
f 9175/7/6 9173/7/6 9176/7/6
f 9174/7/6 9170/7/6 9177/7/6
f 9177/7/6 9170/7/6 9178/7/6
f 9179/7/6 9180/7/6 9183/7/6
f 9181/7/6 9182/7/6 9184/7/6
f 9179/7/6 9183/7/6 9185/7/6
f 9185/7/6 9183/7/6 9186/7/6
f 9184/7/6 9182/7/6 9191/7/6
f 9191/7/6 9182/7/6 9192/7/6
f 9186/7/6 9187/7/6 9193/7/6
f 9187/7/6 9188/7/6 9193/7/6
f 9189/7/6 9190/7/6 9194/7/6
f 9190/7/6 9191/7/6 9194/7/6
f 9186/7/6 9193/7/6 9195/7/6
f 9195/7/6 9193/7/6 9196/7/6
f 9194/7/6 9191/7/6 9197/7/6
f 9197/7/6 9191/7/6 9198/7/6
f 9196/7/6 9197/7/6 9199/7/6
f 9199/7/6 9197/7/6 9200/7/6
f 9201/12/6 9202/12/6 9203/12/6
f 9203/12/6 9202/12/6 9204/12/6
f 9203/7/6 9204/7/6 9205/7/6
f 9205/7/6 9204/7/6 9206/7/6
f 9203/7/6 9205/7/6 9207/7/6
f 9205/8/6 9206/8/6 9208/8/6
f 9207/7/6 9205/7/6 9208/7/6
f 9206/7/6 9204/7/6 9209/7/6
f 9208/8/6 9206/8/6 9209/8/6
f 9209/7/6 9204/7/6 9210/7/6
f 9208/7/6 9209/7/6 9211/7/6
f 9211/7/6 9209/7/6 9212/7/6
