# MagicaVoxel @ Ephtracy

# group
o pc-monitor

# material
mtllib bedroom-desk-view-television-12-pc-monitor.mtl
usemtl palette

# normals
vn -1 0 0
vn 1 0 0
vn 0 0 1
vn 0 0 -1
vn 0 -1 0
vn 0 1 0

# texcoords
vt 0.783203 0.5
vt 0.787109 0.5
vt 0.791016 0.5
vt 0.794922 0.5
vt 0.888672 0.5
vt 0.892578 0.5
vt 0.900391 0.5
vt 0.919922 0.5
vt 0.943359 0.5
vt 0.951172 0.5
vt 0.958984 0.5

# verts
v 9.3 0.1 7
v 9.3 0.1 -10.3
v 9.3 0.2 9.5
v 9.3 0.2 7.2
v 9.3 0.8 9.5
v 9.3 0.8 8.8
v 9.3 1 9.7
v 9.3 1 8.8
v 9.3 2.2 9.7
v 9.3 2.2 9
v 9.3 2.4 9.7
v 9.3 2.4 9
v 9.3 3.6 9.7
v 9.3 3.6 9
v 9.3 3.8 9.7
v 9.3 3.8 9
v 9.3 5 9.7
v 9.3 5 9
v 9.3 5.2 9.7
v 9.3 5.2 9.6
v 9.3 5.2 9
v 9.3 5.6 9.7
v 9.3 5.6 9.6
v 9.3 5.7 9.7
v 9.3 5.7 7.2
v 9.3 5.7 7
v 9.3 5.7 -10.3
v 9.4 0.1 9.5
v 9.4 0.1 7.2
v 9.4 0.1 -10.3
v 9.4 0.1 -10.4
v 9.4 0.2 9.6
v 9.4 0.2 9.5
v 9.4 0.2 7.2
v 9.4 0.8 9.6
v 9.4 0.8 9.5
v 9.4 0.8 9.4
v 9.4 0.8 8.8
v 9.4 1 9.8
v 9.4 1 9.7
v 9.4 1 9.4
v 9.4 1 8.8
v 9.4 2.2 9.8
v 9.4 2.2 9.7
v 9.4 2.2 9
v 9.4 2.4 9.8
v 9.4 2.4 9.7
v 9.4 2.4 9
v 9.4 3.6 9.8
v 9.4 3.6 9.7
v 9.4 3.6 9
v 9.4 3.8 9.8
v 9.4 3.8 9.7
v 9.4 3.8 9
v 9.4 5 9.8
v 9.4 5 9.7
v 9.4 5 9
v 9.4 5.2 9.8
v 9.4 5.2 9.7
v 9.4 5.2 9.6
v 9.4 5.2 9
v 9.4 5.6 9.8
v 9.4 5.6 9.7
v 9.4 5.7 9.8
v 9.4 5.7 9.7
v 9.4 5.7 7.2
v 9.4 5.7 7
v 9.4 5.7 -10.3
v 9.4 5.7 -10.4
v 9.4 5.8 9.7
v 9.4 5.8 7.2
v 9.4 5.8 7
v 9.4 5.8 -10.3
v 9.5 0 9.5
v 9.5 0 -10.4
v 9.5 0.1 9.6
v 9.5 0.1 9.5
v 9.5 0.1 7.2
v 9.5 0.1 7
v 9.5 0.1 -10.4
v 9.5 0.2 9.6
v 9.5 0.2 9.5
v 9.5 0.2 7.2
v 9.5 0.2 7
v 9.5 1 9.9
v 9.5 1 9.8
v 9.5 2.2 9.9
v 9.5 2.2 9.8
v 9.5 2.2 9.7
v 9.5 2.4 10
v 9.5 2.4 9.8
v 9.5 2.4 9.7
v 9.5 2.4 9.6
v 9.5 2.4 9.5
v 9.5 2.5 9.6
v 9.5 2.5 9.5
v 9.5 3.5 9.6
v 9.5 3.5 9.5
v 9.5 3.6 10
v 9.5 3.6 9.8
v 9.5 3.6 9.7
v 9.5 3.6 9.6
v 9.5 3.6 9.5
v 9.5 3.8 10
v 9.5 3.8 9.8
v 9.5 3.8 9.7
v 9.5 3.8 9.6
v 9.5 3.8 9.5
v 9.5 3.9 9.6
v 9.5 3.9 9.5
v 9.5 5 10
v 9.5 5 9.8
v 9.5 5 9.7
v 9.5 5.2 9.9
v 9.5 5.2 9.8
v 9.5 5.2 9.7
v 9.5 5.2 9.6
v 9.5 5.2 9.5
v 9.5 5.3 9.6
v 9.5 5.3 9.5
v 9.5 5.4 9.9
v 9.5 5.4 9.8
v 9.5 5.6 9.9
v 9.5 5.6 9.8
v 9.5 5.7 9.9
v 9.5 5.7 9.8
v 9.5 5.7 9.7
v 9.5 5.7 7.2
v 9.5 5.7 7
v 9.5 5.8 9.8
v 9.5 5.8 9.7
v 9.6 1 10
v 9.6 1 9.9
v 9.6 2.2 10
v 9.6 2.2 9.9
v 9.6 5.2 10
v 9.6 5.2 9.9
v 9.6 5.4 10
v 9.6 5.4 9.9
v 9.6 5.6 10
v 9.6 5.6 9.9
v 9.6 5.7 10
v 9.6 5.7 9.9
v 9.6 5.7 9.8
v 9.6 5.8 9.9
v 9.6 5.8 9.8
v 9.9 0 9.5
v 9.9 0 -10.4
v 9.9 0.1 9.6
v 9.9 0.1 9.5
v 9.9 0.8 9.6
v 9.9 0.8 9.4
v 9.9 0.8 -10.2
v 9.9 0.8 -10.4
v 10.1 1 10.1
v 10.1 1 10
v 10.1 2.2 10.1
v 10.1 2.2 10
v 10.1 2.2 9.8
v 10.1 2.4 10.1
v 10.1 2.4 10
v 10.1 2.4 9.8
v 10.1 3.6 10.1
v 10.1 3.6 10
v 10.1 3.6 9.8
v 10.1 3.8 10.1
v 10.1 3.8 10
v 10.1 3.8 9.8
v 10.1 5 10.1
v 10.1 5 10
v 10.1 5 9.8
v 10.1 5.2 10.1
v 10.1 5.2 10
v 10.1 5.2 9.8
v 10.1 5.4 10.1
v 10.1 5.4 10
v 10.1 5.6 10.1
v 10.1 5.6 10
v 10.1 5.7 10.1
v 10.1 5.7 10
v 10.1 5.7 9.9
v 10.1 5.8 10
v 10.1 5.8 9.9
v 10.2 1 10.2
v 10.2 1 10.1
v 10.2 2.2 10.2
v 10.2 2.2 10.1
v 10.2 2.4 10.2
v 10.2 2.4 10.1
v 10.2 3.6 10.2
v 10.2 3.6 10.1
v 10.2 3.8 10.2
v 10.2 3.8 10.1
v 10.2 5 10.2
v 10.2 5 10.1
v 10.2 5.2 10.2
v 10.2 5.2 10.1
v 10.2 5.4 10.2
v 10.2 5.4 10.1
v 10.2 5.6 10.2
v 10.2 5.6 10.1
v 10.2 5.7 10.2
v 10.2 5.7 10.1
v 10.2 5.7 10
v 10.2 5.8 10.1
v 10.2 5.8 10
v 10.6 4.5 10.3
v 10.6 4.5 10.2
v 10.6 4.7 10.3
v 10.6 4.7 10.2
v 10.7 0 9.5
v 10.7 0 -10.4
v 10.7 0.1 9.6
v 10.7 0.1 9.5
v 10.7 0.8 9.6
v 10.7 0.8 9.4
v 10.7 0.8 -10.2
v 10.7 0.8 -10.4
v 10.7 2.1 9.6
v 10.7 2.1 9.5
v 10.7 2.2 9.6
v 10.7 2.2 9.5
v 10.7 2.4 9.6
v 10.7 2.4 9.5
v 10.7 2.5 9.6
v 10.7 2.5 9.5
v 10.7 3.5 9.6
v 10.7 3.5 9.5
v 10.7 3.6 10
v 10.7 3.6 9.9
v 10.7 3.6 9.6
v 10.7 3.6 9.5
v 10.7 3.8 10
v 10.7 3.8 9.9
v 11 2.1 9.6
v 11 2.1 9.5
v 11 2.2 9.6
v 11 2.2 9.5
v 11 2.4 9.6
v 11 2.4 9.5
v 11 2.5 9.6
v 11 2.5 9.5
v 11 3.5 9.6
v 11 3.5 9.5
v 11 3.6 9.6
v 11 3.6 9.5
v 11 3.8 9.6
v 11 3.8 9.5
v 11 3.9 9.6
v 11 3.9 9.5
v 11 4.9 9.6
v 11 4.9 9.5
v 11 5 9.6
v 11 5 9.5
v 11.3 1 10.3
v 11.3 1 10.2
v 11.3 2.2 10.3
v 11.3 2.2 10.2
v 11.3 2.2 10
v 11.3 2.4 10.3
v 11.3 2.4 10.2
v 11.3 2.4 10
v 11.3 3.6 10.3
v 11.3 3.6 10.2
v 11.3 3.6 10
v 11.3 3.8 10.3
v 11.3 3.8 10.2
v 11.3 3.8 10
v 11.3 5 10.3
v 11.3 5 10.2
v 11.3 5 10
v 11.3 5.2 10.3
v 11.3 5.2 10.2
v 11.3 5.2 10
v 11.3 5.4 10.3
v 11.3 5.4 10.2
v 11.3 5.6 10.3
v 11.3 5.6 10.2
v 11.3 5.7 10.3
v 11.3 5.7 10.2
v 11.3 5.7 10.1
v 11.3 5.8 10.2
v 11.3 5.8 10.1
v 11.4 5.2 10.4
v 11.4 5.2 10.3
v 11.4 5.4 10.4
v 11.4 5.4 10.3
v 11.4 5.6 10.4
v 11.4 5.6 10.3
v 11.4 5.7 10.4
v 11.4 5.7 10.3
v 11.4 5.7 10.2
v 11.4 5.8 10.3
v 11.4 5.8 10.2
v 11.5 0 9.5
v 11.5 0 -10.4
v 11.5 0.1 9.6
v 11.5 0.1 9.5
v 11.5 0.8 9.6
v 11.5 0.8 9.4
v 11.5 0.8 -10.2
v 11.5 0.8 -10.4
v 11.6 4.5 10.4
v 11.6 4.5 10.3
v 11.6 4.7 10.4
v 11.6 4.7 10.3
v 11.9 3.6 10.2
v 11.9 3.6 10.1
v 11.9 3.8 10.2
v 11.9 3.8 10.1
v 12.3 0 9.5
v 12.3 0 -10.4
v 12.3 0.1 9.6
v 12.3 0.1 9.5
v 12.3 0.8 9.6
v 12.3 0.8 9.4
v 12.3 0.8 -10.2
v 12.3 0.8 -10.4
v 13.1 0 9.5
v 13.1 0 -10.4
v 13.1 0.1 9.6
v 13.1 0.1 9.5
v 13.1 0.8 9.6
v 13.1 0.8 9.4
v 13.1 0.8 -10.2
v 13.1 0.8 -10.4
v 13.1 3.6 10.2
v 13.1 3.6 10.1
v 13.1 3.8 10.2
v 13.1 3.8 10.1
v 13.1 7.8 3.6
v 13.1 7.8 -6.2
v 13.1 8.2 3.6
v 13.1 8.2 -6.2
v 13.3 5.8 -0.199999
v 13.3 5.8 -2.2
v 13.3 6.2 -0.199999
v 13.3 6.2 -2.2
v 13.5 5.8 0.6
v 13.5 5.8 -0.199999
v 13.5 5.8 -2.2
v 13.5 5.8 -3
v 13.5 6.2 -0.199999
v 13.5 6.2 -2.2
v 13.5 6.4 0.6
v 13.5 6.4 -3
v 13.5 7.6 3.6
v 13.5 7.6 -6.2
v 13.5 7.8 3.6
v 13.5 7.8 -6.2
v 13.7 5.8 1.2
v 13.7 5.8 0.6
v 13.7 5.8 -3
v 13.7 5.8 -3.6
v 13.7 6.4 1.2
v 13.7 6.4 0.6
v 13.7 6.4 -0.199999
v 13.7 6.4 -2.2
v 13.7 6.4 -3
v 13.7 6.4 -3.6
v 13.7 6.6 -0.199999
v 13.7 6.6 -2.2
v 13.7 7.2 3.2
v 13.7 7.2 2.8
v 13.7 7.2 -5
v 13.7 7.2 -5.4
v 13.7 7.4 3.4
v 13.7 7.4 3.2
v 13.7 7.4 2.8
v 13.7 7.4 2.6
v 13.7 7.4 -4.8
v 13.7 7.4 -5
v 13.7 7.4 -5.4
v 13.7 7.4 -5.6
v 13.7 7.6 3.4
v 13.7 7.6 2.6
v 13.7 7.6 -4.8
v 13.7 7.6 -5.6
v 13.9 0 9.5
v 13.9 0 -10.4
v 13.9 0.1 9.6
v 13.9 0.1 9.5
v 13.9 0.8 9.6
v 13.9 0.8 9.4
v 13.9 0.8 -10.2
v 13.9 0.8 -10.4
v 13.9 5.8 1.6
v 13.9 5.8 1.2
v 13.9 5.8 -3.6
v 13.9 5.8 -4
v 13.9 6.4 1.6
v 13.9 6.4 1.2
v 13.9 6.4 0.6
v 13.9 6.4 -0.199999
v 13.9 6.4 -2.2
v 13.9 6.4 -3
v 13.9 6.4 -3.6
v 13.9 6.4 -4
v 13.9 6.6 0.6
v 13.9 6.6 -0.199999
v 13.9 6.6 -2.2
v 13.9 6.6 -3
v 13.9 7 3.2
v 13.9 7 2.8
v 13.9 7 -5
v 13.9 7 -5.4
v 13.9 7.2 3.4
v 13.9 7.2 3.2
v 13.9 7.2 2.8
v 13.9 7.2 2.6
v 13.9 7.2 -4.8
v 13.9 7.2 -5
v 13.9 7.2 -5.4
v 13.9 7.2 -5.6
v 13.9 7.4 3.4
v 13.9 7.4 3.2
v 13.9 7.4 2.8
v 13.9 7.4 2.6
v 13.9 7.4 -4.8
v 13.9 7.4 -5
v 13.9 7.4 -5.4
v 13.9 7.4 -5.6
v 14.1 5.8 2
v 14.1 5.8 1.6
v 14.1 5.8 -4
v 14.1 5.8 -4.4
v 14.1 6.4 2
v 14.1 6.4 1.6
v 14.1 6.4 1.2
v 14.1 6.4 0.6
v 14.1 6.4 -3
v 14.1 6.4 -3.6
v 14.1 6.4 -4
v 14.1 6.4 -4.4
v 14.1 6.6 1.2
v 14.1 6.6 0.6
v 14.1 6.6 -3
v 14.1 6.6 -3.6
v 14.3 5.8 2.2
v 14.3 5.8 2
v 14.3 5.8 -4.4
v 14.3 5.8 -4.6
v 14.3 6.4 2.2
v 14.3 6.4 2
v 14.3 6.4 1.6
v 14.3 6.4 1.2
v 14.3 6.4 -3.6
v 14.3 6.4 -4
v 14.3 6.4 -4.4
v 14.3 6.4 -4.6
v 14.3 6.6 1.6
v 14.3 6.6 1.2
v 14.3 6.6 -0.199999
v 14.3 6.6 -2.2
v 14.3 6.6 -3.6
v 14.3 6.6 -4
v 14.3 6.8 -0.199999
v 14.3 6.8 -2.2
v 14.5 5.8 2.6
v 14.5 5.8 2.2
v 14.5 5.8 -4.6
v 14.5 5.8 -5
v 14.5 6.4 2.6
v 14.5 6.4 2.2
v 14.5 6.4 2
v 14.5 6.4 1.6
v 14.5 6.4 -4
v 14.5 6.4 -4.4
v 14.5 6.4 -4.6
v 14.5 6.4 -5
v 14.5 6.6 2
v 14.5 6.6 1.6
v 14.5 6.6 0.6
v 14.5 6.6 -0.199999
v 14.5 6.6 -2.2
v 14.5 6.6 -3
v 14.5 6.6 -4
v 14.5 6.6 -4.4
v 14.5 6.8 0.6
v 14.5 6.8 -0.199999
v 14.5 6.8 -2.2
v 14.5 6.8 -3
v 14.7 0 9.5
v 14.7 0 -10.4
v 14.7 0.1 9.6
v 14.7 0.1 9.5
v 14.7 0.8 9.6
v 14.7 0.8 9.4
v 14.7 0.8 -10.2
v 14.7 0.8 -10.4
v 14.7 5.8 2.8
v 14.7 5.8 2.6
v 14.7 5.8 -5
v 14.7 5.8 -5.2
v 14.7 6.4 2.8
v 14.7 6.4 2.6
v 14.7 6.4 2.4
v 14.7 6.4 2
v 14.7 6.4 -4.4
v 14.7 6.4 -4.6
v 14.7 6.4 -5
v 14.7 6.4 -5.2
v 14.7 6.6 2.4
v 14.7 6.6 2
v 14.7 6.6 1
v 14.7 6.6 0.6
v 14.7 6.6 -3
v 14.7 6.6 -3.4
v 14.7 6.6 -4.4
v 14.7 6.6 -4.6
v 14.7 6.8 1
v 14.7 6.8 0.6
v 14.7 6.8 -3
v 14.7 6.8 -3.4
v 14.9 5.8 3
v 14.9 5.8 2.8
v 14.9 5.8 -5.2
v 14.9 5.8 -5.4
v 14.9 6.4 3
v 14.9 6.4 2.8
v 14.9 6.4 2.6
v 14.9 6.4 2.4
v 14.9 6.4 -4.6
v 14.9 6.4 -5
v 14.9 6.4 -5.2
v 14.9 6.4 -5.4
v 14.9 6.6 2.6
v 14.9 6.6 2.4
v 14.9 6.6 1.4
v 14.9 6.6 1
v 14.9 6.6 -3.4
v 14.9 6.6 -3.8
v 14.9 6.6 -4.6
v 14.9 6.6 -5
v 14.9 6.8 1.4
v 14.9 6.8 1
v 14.9 6.8 -3.4
v 14.9 6.8 -3.8
v 15.1 5.8 3.2
v 15.1 5.8 3
v 15.1 5.8 -5.4
v 15.1 5.8 -5.6
v 15.1 6.4 3.2
v 15.1 6.4 3
v 15.1 6.4 2.8
v 15.1 6.4 2.6
v 15.1 6.4 -5
v 15.1 6.4 -5.2
v 15.1 6.4 -5.4
v 15.1 6.4 -5.6
v 15.1 6.6 2.8
v 15.1 6.6 2.6
v 15.1 6.6 1.6
v 15.1 6.6 1.4
v 15.1 6.6 -3.8
v 15.1 6.6 -4
v 15.1 6.6 -5
v 15.1 6.6 -5.2
v 15.1 6.8 1.6
v 15.1 6.8 1.4
v 15.1 6.8 -3.8
v 15.1 6.8 -4
v 15.3 5.8 3.4
v 15.3 5.8 3.2
v 15.3 5.8 -5.6
v 15.3 5.8 -5.8
v 15.3 6.4 3.4
v 15.3 6.4 3.2
v 15.3 6.4 3
v 15.3 6.4 2.8
v 15.3 6.4 -5.2
v 15.3 6.4 -5.4
v 15.3 6.4 -5.6
v 15.3 6.4 -5.8
v 15.3 6.6 3
v 15.3 6.6 2.8
v 15.3 6.6 2
v 15.3 6.6 1.6
v 15.3 6.6 -4
v 15.3 6.6 -4.4
v 15.3 6.6 -5.2
v 15.3 6.6 -5.4
v 15.3 6.8 2
v 15.3 6.8 1.6
v 15.3 6.8 -4
v 15.3 6.8 -4.4
v 15.5 0 9.5
v 15.5 0 -10.4
v 15.5 0.1 9.6
v 15.5 0.1 9.5
v 15.5 0.8 9.6
v 15.5 0.8 9.4
v 15.5 0.8 -10.2
v 15.5 0.8 -10.4
v 15.5 3.8 9.6
v 15.5 3.8 9.5
v 15.5 3.9 9.6
v 15.5 3.9 9.5
v 15.5 4.9 9.6
v 15.5 4.9 9.5
v 15.5 5 9.6
v 15.5 5 9.5
v 15.5 5.8 3.6
v 15.5 5.8 3.4
v 15.5 5.8 -5.8
v 15.5 5.8 -6
v 15.5 6.4 3.6
v 15.5 6.4 3.4
v 15.5 6.4 3.2
v 15.5 6.4 3
v 15.5 6.4 -5.4
v 15.5 6.4 -5.6
v 15.5 6.4 -5.8
v 15.5 6.4 -6
v 15.5 6.6 3.2
v 15.5 6.6 3
v 15.5 6.6 2.2
v 15.5 6.6 2
v 15.5 6.6 -4.4
v 15.5 6.6 -4.6
v 15.5 6.6 -5.4
v 15.5 6.6 -5.6
v 15.5 6.8 2.2
v 15.5 6.8 2
v 15.5 6.8 -4.4
v 15.5 6.8 -4.6
v 15.7 1 9.5
v 15.7 1 9.4
v 15.7 2.2 9.5
v 15.7 2.2 9.4
v 15.7 2.4 9.5
v 15.7 2.4 9.4
v 15.7 3.4 9.5
v 15.7 3.4 9.4
v 15.7 3.6 9.5
v 15.7 3.6 9.4
v 15.7 3.8 9.5
v 15.7 3.8 9.4
v 15.7 5 9.5
v 15.7 5 9.4
v 15.7 6.4 3.4
v 15.7 6.4 3.2
v 15.7 6.4 -5.6
v 15.7 6.4 -5.8
v 15.7 6.6 3.4
v 15.7 6.6 3.2
v 15.7 6.6 2.4
v 15.7 6.6 2.2
v 15.7 6.6 -4.6
v 15.7 6.6 -4.8
v 15.7 6.6 -5.6
v 15.7 6.6 -5.8
v 15.7 6.8 2.4
v 15.7 6.8 2.2
v 15.7 6.8 -0.4
v 15.7 6.8 -2.2
v 15.7 6.8 -4.6
v 15.7 6.8 -4.8
v 15.7 7 -0.4
v 15.7 7 -2.2
v 15.7 7.4 -0.4
v 15.7 7.4 -2.2
v 15.7 7.6 -0.4
v 15.7 7.6 -2.2
v 15.9 5.8 3.8
v 15.9 5.8 3.6
v 15.9 5.8 -6
v 15.9 5.8 -6.2
v 15.9 6.4 3.8
v 15.9 6.4 3.6
v 15.9 6.4 -6
v 15.9 6.4 -6.2
v 15.9 6.6 2.6
v 15.9 6.6 2.4
v 15.9 6.6 -4.8
v 15.9 6.6 -5
v 15.9 6.8 2.6
v 15.9 6.8 2.4
v 15.9 6.8 0.200001
v 15.9 6.8 -0.4
v 15.9 6.8 -2.2
v 15.9 6.8 -2.8
v 15.9 6.8 -4.8
v 15.9 6.8 -5
v 15.9 7 0.200001
v 15.9 7 -0.4
v 15.9 7 -2.2
v 15.9 7 -2.8
v 15.9 7.4 0.200001
v 15.9 7.4 -0.4
v 15.9 7.4 -2.2
v 15.9 7.4 -2.8
v 15.9 7.6 0.200001
v 15.9 7.6 -0.4
v 15.9 7.6 -2.2
v 15.9 7.6 -2.8
v 16.1 5.8 4
v 16.1 5.8 3.8
v 16.1 5.8 -6.2
v 16.1 5.8 -6.4
v 16.1 6.4 4
v 16.1 6.4 3.8
v 16.1 6.4 3.6
v 16.1 6.4 3.4
v 16.1 6.4 -5.8
v 16.1 6.4 -6
v 16.1 6.4 -6.2
v 16.1 6.4 -6.4
v 16.1 6.6 3.6
v 16.1 6.6 3.4
v 16.1 6.6 2.8
v 16.1 6.6 2.6
v 16.1 6.6 -5
v 16.1 6.6 -5.2
v 16.1 6.6 -5.8
v 16.1 6.6 -6
v 16.1 6.8 2.8
v 16.1 6.8 2.6
v 16.1 6.8 0.6
v 16.1 6.8 0.200001
v 16.1 6.8 -2.8
v 16.1 6.8 -3.2
v 16.1 6.8 -5
v 16.1 6.8 -5.2
v 16.1 7 0.6
v 16.1 7 0.200001
v 16.1 7 -0.4
v 16.1 7 -2.2
v 16.1 7 -2.8
v 16.1 7 -3.2
v 16.1 7.4 0.6
v 16.1 7.4 0.200001
v 16.1 7.4 -0.4
v 16.1 7.4 -2.2
v 16.1 7.4 -2.8
v 16.1 7.4 -3.2
v 16.1 7.6 0.6
v 16.1 7.6 0.200001
v 16.1 7.6 -2.8
v 16.1 7.6 -3.2
v 16.3 0 9.5
v 16.3 0 -10.4
v 16.3 0.1 9.6
v 16.3 0.1 9.5
v 16.3 0.8 9.6
v 16.3 0.8 9.4
v 16.3 0.8 -10.2
v 16.3 0.8 -10.4
v 16.3 6.4 3.8
v 16.3 6.4 3.6
v 16.3 6.6 3.8
v 16.3 6.6 3.6
v 16.3 6.8 0.800001
v 16.3 6.8 0.6
v 16.3 6.8 -3.2
v 16.3 6.8 -3.4
v 16.3 7 0.800001
v 16.3 7 0.6
v 16.3 7 0.200001
v 16.3 7 -2.8
v 16.3 7 -3.2
v 16.3 7 -3.4
v 16.3 7.4 0.800001
v 16.3 7.4 0.6
v 16.3 7.4 0.200001
v 16.3 7.4 -2.8
v 16.3 7.4 -3.2
v 16.3 7.4 -3.4
v 16.3 7.6 0.800001
v 16.3 7.6 0.6
v 16.3 7.6 -3.2
v 16.3 7.6 -3.4
v 16.5 5 9.6
v 16.5 5 9.5
v 16.5 5.2 9.6
v 16.5 5.2 9.5
v 16.5 5.8 4.2
v 16.5 5.8 4
v 16.5 5.8 -6.4
v 16.5 5.8 -6.6
v 16.5 6.4 4.2
v 16.5 6.4 4
v 16.5 6.4 -6
v 16.5 6.4 -6.2
v 16.5 6.4 -6.4
v 16.5 6.4 -6.6
v 16.5 6.6 3
v 16.5 6.6 2.8
v 16.5 6.6 -5.2
v 16.5 6.6 -5.4
v 16.5 6.6 -6
v 16.5 6.6 -6.2
v 16.5 6.8 3
v 16.5 6.8 2.8
v 16.5 6.8 1
v 16.5 6.8 0.800001
v 16.5 6.8 -3.4
v 16.5 6.8 -3.6
v 16.5 6.8 -5.2
v 16.5 6.8 -5.4
v 16.5 7 1
v 16.5 7 0.800001
v 16.5 7 0.6
v 16.5 7 -3.2
v 16.5 7 -3.4
v 16.5 7 -3.6
v 16.5 7.4 1
v 16.5 7.4 0.800001
v 16.5 7.4 0.6
v 16.5 7.4 -3.2
v 16.5 7.4 -3.4
v 16.5 7.4 -3.6
v 16.5 7.6 1
v 16.5 7.6 0.800001
v 16.5 7.6 -3.4
v 16.5 7.6 -3.6
v 16.7 6.4 4
v 16.7 6.4 3.8
v 16.7 6.6 4
v 16.7 6.6 3.8
v 16.7 6.6 3.2
v 16.7 6.6 3
v 16.7 6.6 -5.4
v 16.7 6.6 -5.6
v 16.7 6.8 3.2
v 16.7 6.8 3
v 16.7 6.8 1.2
v 16.7 6.8 1
v 16.7 6.8 -3.6
v 16.7 6.8 -3.8
v 16.7 6.8 -5.4
v 16.7 6.8 -5.6
v 16.7 7 1.2
v 16.7 7 1
v 16.7 7 0.800001
v 16.7 7 -3.4
v 16.7 7 -3.6
v 16.7 7 -3.8
v 16.7 7.4 1.2
v 16.7 7.4 1
v 16.7 7.4 0.800001
v 16.7 7.4 -3.4
v 16.7 7.4 -3.6
v 16.7 7.4 -3.8
v 16.7 7.6 1.2
v 16.7 7.6 1
v 16.7 7.6 -3.6
v 16.7 7.6 -3.8
v 16.9 5.8 4.4
v 16.9 5.8 4.2
v 16.9 5.8 -6.6
v 16.9 5.8 -6.8
v 16.9 6.4 4.4
v 16.9 6.4 4.2
v 16.9 6.4 -6.2
v 16.9 6.4 -6.4
v 16.9 6.4 -6.6
v 16.9 6.4 -6.8
v 16.9 6.6 -6.2
v 16.9 6.6 -6.4
v 16.9 6.8 1.4
v 16.9 6.8 1.2
v 16.9 6.8 -3.8
v 16.9 6.8 -4
v 16.9 7 1.4
v 16.9 7 1.2
v 16.9 7 1
v 16.9 7 -3.6
v 16.9 7 -3.8
v 16.9 7 -4
v 16.9 7.4 3.6
v 16.9 7.4 1.2
v 16.9 7.4 1
v 16.9 7.4 -3.6
v 16.9 7.4 -3.8
v 16.9 7.4 -4.4
v 16.9 7.6 3.6
v 16.9 7.6 1.2
v 16.9 7.6 -3.8
v 16.9 7.6 -4.4
v 17.1 0 9.5
v 17.1 0 -10.4
v 17.1 0.1 9.6
v 17.1 0.1 9.5
v 17.1 0.8 9.6
v 17.1 0.8 9.4
v 17.1 0.8 -10.2
v 17.1 0.8 -10.4
v 17.1 6.4 4.2
v 17.1 6.4 4
v 17.1 6.6 4.2
v 17.1 6.6 4
v 17.1 6.6 3.4
v 17.1 6.6 3.2
v 17.1 6.6 -5.6
v 17.1 6.6 -5.8
v 17.1 6.8 3.4
v 17.1 6.8 3.2
v 17.1 6.8 1.6
v 17.1 6.8 1.4
v 17.1 6.8 -4
v 17.1 6.8 -4.2
v 17.1 6.8 -5.6
v 17.1 6.8 -5.8
v 17.1 7 1.6
v 17.1 7 1.4
v 17.1 7 1.2
v 17.1 7 -3.8
v 17.1 7 -4
v 17.1 7 -4.2
v 17.1 7.4 1.4
v 17.1 7.4 1.2
v 17.1 7.4 -3.8
v 17.1 7.4 -4
v 17.1 7.4 -4.4
v 17.1 7.4 -6.2
v 17.1 7.6 -4.4
v 17.1 7.6 -6.2
v 17.3 6.8 1.8
v 17.3 6.8 1.6
v 17.3 6.8 -4.2
v 17.3 6.8 -4.4
v 17.3 7 1.8
v 17.3 7 1.6
v 17.3 7 1.4
v 17.3 7 -4
v 17.3 7 -4.2
v 17.3 7 -4.4
v 17.3 7.4 1.6
v 17.3 7.4 1.4
v 17.3 7.4 -4
v 17.3 7.4 -4.2
v 17.5 1.3 9.7
v 17.5 1.3 9.4
v 17.5 4.7 9.7
v 17.5 4.7 9.4
v 17.5 5.8 4.6
v 17.5 5.8 4.4
v 17.5 5.8 -6.8
v 17.5 5.8 -7
v 17.5 6.4 4.6
v 17.5 6.4 4.4
v 17.5 6.4 -6.4
v 17.5 6.4 -6.6
v 17.5 6.4 -6.8
v 17.5 6.4 -7
v 17.5 6.6 3.6
v 17.5 6.6 3.4
v 17.5 6.6 -5.8
v 17.5 6.6 -6
v 17.5 6.6 -6.4
v 17.5 6.6 -6.6
v 17.5 6.8 3.6
v 17.5 6.8 3.4
v 17.5 6.8 -5.8
v 17.5 6.8 -6
v 17.7 1.5 9.7
v 17.7 1.5 9.6
v 17.7 4.5 9.7
v 17.7 4.5 9.6
v 17.7 6.4 4.4
v 17.7 6.4 4.2
v 17.7 6.6 4.4
v 17.7 6.6 4.2
v 17.7 6.8 2
v 17.7 6.8 1.8
v 17.7 6.8 -4.4
v 17.7 6.8 -4.6
v 17.7 7 2
v 17.7 7 1.8
v 17.7 7 1.6
v 17.7 7 -4.2
v 17.7 7 -4.4
v 17.7 7 -4.6
v 17.7 7.4 1.8
v 17.7 7.4 1.6
v 17.7 7.4 -4.2
v 17.7 7.4 -4.4
v 17.9 0 9.5
v 17.9 0 -10.4
v 17.9 0.1 9.6
v 17.9 0.1 9.5
v 17.9 0.8 9.6
v 17.9 0.8 9.4
v 17.9 0.8 -10.2
v 17.9 0.8 -10.4
v 17.9 1.6 9.7
v 17.9 1.6 9.6
v 17.9 4.4 9.7
v 17.9 4.4 9.6
v 18.3 1.7 9.7
v 18.3 1.7 9.6
v 18.3 2.2 9.7
v 18.3 2.2 9.6
v 18.3 2.6 9.7
v 18.3 2.6 9.6
v 18.3 4.3 9.7
v 18.3 4.3 9.6
v 18.3 5.8 4.8
v 18.3 5.8 4.6
v 18.3 5.8 -7
v 18.3 5.8 -7.2
v 18.3 6.2 4.8
v 18.3 6.2 4.6
v 18.3 6.2 -7
v 18.3 6.2 -7.2
v 18.3 6.4 -6.6
v 18.3 6.4 -6.8
v 18.3 6.6 3.8
v 18.3 6.6 3.6
v 18.3 6.6 -6
v 18.3 6.6 -6.2
v 18.3 6.6 -6.6
v 18.3 6.6 -6.8
v 18.3 6.8 3.8
v 18.3 6.8 3.6
v 18.3 6.8 2.2
v 18.3 6.8 2
v 18.3 6.8 -4.6
v 18.3 6.8 -4.8
v 18.3 6.8 -6
v 18.3 6.8 -6.2
v 18.3 7 2.2
v 18.3 7 2
v 18.3 7 1.8
v 18.3 7 -4.4
v 18.3 7 -4.6
v 18.3 7 -4.8
v 18.3 7.4 2
v 18.3 7.4 1.8
v 18.3 7.4 -4.4
v 18.3 7.4 -4.6
v 18.5 1.4 9.7
v 18.5 1.4 9.6
v 18.5 2.2 9.5
v 18.5 2.2 9.4
v 18.5 2.4 9.5
v 18.5 2.4 9.4
v 18.5 3.6 9.5
v 18.5 3.6 9.4
v 18.5 3.8 9.5
v 18.5 3.8 9.4
v 18.5 4.6 9.7
v 18.5 4.6 9.6
v 18.7 0 9.5
v 18.7 0 -10.4
v 18.7 0.1 9.6
v 18.7 0.1 9.5
v 18.7 0.8 9.6
v 18.7 0.8 9.4
v 18.7 0.8 -10.2
v 18.7 0.8 -10.4
v 18.7 1.2 9.6
v 18.7 1.2 9.4
v 18.7 2.2 9.6
v 18.7 2.2 9.4
v 18.7 2.4 9.6
v 18.7 2.4 9.4
v 18.7 3.6 9.6
v 18.7 3.6 9.4
v 18.7 3.8 9.6
v 18.7 3.8 9.4
v 18.7 4.8 9.6
v 18.7 4.8 9.4
v 19.5 0 9.5
v 19.5 0 -10.4
v 19.5 0.1 9.6
v 19.5 0.1 9.5
v 19.5 0.8 9.6
v 19.5 0.8 9.4
v 19.5 0.8 -10.2
v 19.5 0.8 -10.4
v 20.3 0 9.5
v 20.3 0 -10.4
v 20.3 0.1 9.6
v 20.3 0.1 9.5
v 20.3 0.8 9.6
v 20.3 0.8 9.4
v 20.3 0.8 -10.2
v 20.3 0.8 -10.4
v 21.1 0 9.5
v 21.1 0 -10.4
v 21.1 0.1 9.6
v 21.1 0.1 9.5
v 21.1 0.8 9.6
v 21.1 0.8 9.4
v 21.1 0.8 -10.2
v 21.1 0.8 -10.4
v 21.9 0 9.5
v 21.9 0 -10.4
v 21.9 0.1 9.6
v 21.9 0.1 9.5
v 21.9 0.8 9.6
v 21.9 0.8 9.4
v 21.9 0.8 -10.2
v 21.9 0.8 -10.4
v 22.7 0 9.5
v 22.7 0 -10.4
v 22.7 0.1 9.6
v 22.7 0.1 9.5
v 22.7 0.8 9.6
v 22.7 0.8 9.4
v 22.7 0.8 -10.2
v 22.7 0.8 -10.4
v 23.1 1 9.6
v 23.1 1 9.4
v 23.1 2.2 9.6
v 23.1 2.2 9.4
v 23.1 2.4 9.6
v 23.1 2.4 9.4
v 23.1 3.6 9.6
v 23.1 3.6 9.4
v 23.1 3.8 9.6
v 23.1 3.8 9.4
v 23.1 5 9.6
v 23.1 5 9.4
v 23.3 4.5 9.6
v 23.3 4.5 9.5
v 23.3 4.7 9.6
v 23.3 4.7 9.5
v 23.5 0 9.5
v 23.5 0 -10.4
v 23.5 0.1 9.6
v 23.5 0.1 9.5
v 23.5 0.8 9.6
v 23.5 0.8 9.4
v 23.5 0.8 -10.2
v 23.5 0.8 -10.4
v 23.5 4 9.7
v 23.5 4 9.6
v 23.5 4.3 9.7
v 23.5 4.3 9.6
v 23.7 4.1 9.8
v 23.7 4.1 9.7
v 23.7 4.2 9.8
v 23.7 4.2 9.7
v 24.1 7.2 3.2
v 24.1 7.2 2.8
v 24.1 7.2 -5
v 24.1 7.2 -5.4
v 24.1 7.4 3.4
v 24.1 7.4 3.2
v 24.1 7.4 2.8
v 24.1 7.4 2.6
v 24.1 7.4 -4.8
v 24.1 7.4 -5
v 24.1 7.4 -5.4
v 24.1 7.4 -5.6
v 24.1 7.6 3.4
v 24.1 7.6 2.6
v 24.1 7.6 -4.8
v 24.1 7.6 -5.6
v 24.3 0 9.5
v 24.3 0 -10.4
v 24.3 0.1 9.6
v 24.3 0.1 9.5
v 24.3 0.8 9.6
v 24.3 0.8 9.4
v 24.3 0.8 -10.2
v 24.3 0.8 -10.4
v 24.3 7 3.2
v 24.3 7 2.8
v 24.3 7 -5
v 24.3 7 -5.4
v 24.3 7.2 3.4
v 24.3 7.2 3.2
v 24.3 7.2 2.8
v 24.3 7.2 2.6
v 24.3 7.2 -4.8
v 24.3 7.2 -5
v 24.3 7.2 -5.4
v 24.3 7.2 -5.6
v 24.3 7.4 3.4
v 24.3 7.4 3.2
v 24.3 7.4 2.8
v 24.3 7.4 2.6
v 24.3 7.4 -4.8
v 24.3 7.4 -5
v 24.3 7.4 -5.4
v 24.3 7.4 -5.6
v 25.1 0 9.5
v 25.1 0 -10.4
v 25.1 0.1 9.6
v 25.1 0.1 9.5
v 25.1 0.8 9.6
v 25.1 0.8 9.4
v 25.1 0.8 -10.2
v 25.1 0.8 -10.4
v 25.9 0 9.5
v 25.9 0 -10.4
v 25.9 0.1 9.6
v 25.9 0.1 9.5
v 25.9 0.8 9.6
v 25.9 0.8 9.4
v 25.9 0.8 -10.2
v 25.9 0.8 -10.4
v 26.6 4 9.6
v 26.6 4 9.5
v 26.6 4.2 9.6
v 26.6 4.2 9.5
v 26.7 0 9.5
v 26.7 0 -10.4
v 26.7 0.1 9.6
v 26.7 0.1 9.5
v 26.7 0.8 9.6
v 26.7 0.8 9.4
v 26.7 0.8 -10.2
v 26.7 0.8 -10.4
v 27.3 3.9 9.6
v 27.3 3.9 9.5
v 27.3 4.3 9.6
v 27.3 4.3 9.5
v 27.5 0 9.5
v 27.5 0 -10.4
v 27.5 0.1 9.6
v 27.5 0.1 9.5
v 27.5 0.8 9.6
v 27.5 0.8 9.4
v 27.5 0.8 -10.2
v 27.5 0.8 -10.4
v 27.6 4.4 9.6
v 27.6 4.4 9.5
v 27.6 4.8 9.6
v 27.6 4.8 9.5
v 27.9 1 9.6
v 27.9 1 9.4
v 27.9 2.2 9.6
v 27.9 2.2 9.4
v 27.9 2.4 9.6
v 27.9 2.4 9.4
v 27.9 3.6 9.6
v 27.9 3.6 9.4
v 27.9 3.8 9.6
v 27.9 3.8 9.4
v 27.9 5 9.6
v 27.9 5 9.4
v 28.3 0 9.5
v 28.3 0 -10.4
v 28.3 0.1 9.6
v 28.3 0.1 9.5
v 28.3 0.8 9.6
v 28.3 0.8 9.4
v 28.3 0.8 -10.2
v 28.3 0.8 -10.4
v 28.3 4.3 9.7
v 28.3 4.3 9.6
v 28.3 4.8 9.7
v 28.3 4.8 9.6
v 28.5 4 9.7
v 28.5 4 9.6
v 28.5 4.2 9.7
v 28.5 4.2 9.6
v 28.5 4.5 9.7
v 28.5 4.5 9.6
v 28.5 4.6 9.7
v 28.5 4.6 9.6
v 28.8 0 9.5
v 28.8 0 -10.4
v 28.8 0.1 9.6
v 28.8 0.1 9.5
v 28.8 0.2 7.2
v 28.8 0.2 7
v 28.8 0.8 9.6
v 28.8 0.8 9.4
v 28.8 0.8 7.2
v 28.8 0.8 7
v 28.8 0.8 -10.2
v 28.8 0.8 -10.4
v 28.8 4.4 9.7
v 28.8 4.4 9.6
v 28.8 4.7 9.7
v 28.8 4.7 9.6
v 9.4 2.4 9.6
v 9.4 2.4 9.5
v 9.4 2.5 9.6
v 9.4 2.5 9.5
v 9.4 3.5 9.6
v 9.4 3.5 9.5
v 9.4 3.6 9.6
v 9.4 3.6 9.5
v 9.4 3.8 9.6
v 9.4 3.8 9.5
v 9.4 3.9 9.6
v 9.4 3.9 9.5
v 9.4 5.2 9.6
v 9.4 5.2 9.5
v 9.4 5.3 9.6
v 9.4 5.3 9.5
v 9.8 0 9.5
v 9.8 0 -10.4
v 9.8 0.1 9.6
v 9.8 0.1 9.5
v 9.8 0.2 7.2
v 9.8 0.2 7
v 9.8 0.8 9.6
v 9.8 0.8 9.4
v 9.8 0.8 7.2
v 9.8 0.8 7
v 9.8 0.8 -10.2
v 9.8 0.8 -10.4
v 9.9 5 9.6
v 9.9 5 9.4
v 9.9 5.2 9.6
v 9.9 5.2 9.4
v 10.3 0 9.5
v 10.3 0 -10.4
v 10.3 0.1 9.6
v 10.3 0.1 9.5
v 10.3 0.8 9.6
v 10.3 0.8 9.4
v 10.3 0.8 -10.2
v 10.3 0.8 -10.4
v 10.3 3.6 10
v 10.3 3.6 9.9
v 10.3 3.8 10
v 10.3 3.8 9.9
v 10.6 2.1 9.6
v 10.6 2.1 9.5
v 10.6 2.2 9.6
v 10.6 2.2 9.5
v 10.6 2.4 9.6
v 10.6 2.4 9.5
v 10.6 2.5 9.6
v 10.6 2.5 9.5
v 10.6 3.5 9.6
v 10.6 3.5 9.5
v 10.6 3.6 9.6
v 10.6 3.6 9.5
v 10.8 4.5 10.3
v 10.8 4.5 10.2
v 10.8 4.7 10.3
v 10.8 4.7 10.2
v 10.9 2.1 9.6
v 10.9 2.1 9.5
v 10.9 2.2 9.6
v 10.9 2.2 9.5
v 10.9 2.4 9.6
v 10.9 2.4 9.5
v 10.9 2.5 9.6
v 10.9 2.5 9.5
v 10.9 3.5 9.6
v 10.9 3.5 9.5
v 10.9 3.6 9.6
v 10.9 3.6 9.5
v 10.9 3.8 9.6
v 10.9 3.8 9.5
v 10.9 3.9 9.6
v 10.9 3.9 9.5
v 10.9 4.9 9.6
v 10.9 4.9 9.5
v 10.9 5 9.6
v 10.9 5 9.5
v 11.1 0 9.5
v 11.1 0 -10.4
v 11.1 0.1 9.6
v 11.1 0.1 9.5
v 11.1 0.8 9.6
v 11.1 0.8 9.4
v 11.1 0.8 -10.2
v 11.1 0.8 -10.4
v 11.5 3.6 10.2
v 11.5 3.6 10.1
v 11.5 3.8 10.2
v 11.5 3.8 10.1
v 11.8 4.5 10.4
v 11.8 4.5 10.3
v 11.8 4.7 10.4
v 11.8 4.7 10.3
v 11.9 0 9.5
v 11.9 0 -10.4
v 11.9 0.1 9.6
v 11.9 0.1 9.5
v 11.9 0.8 9.6
v 11.9 0.8 9.4
v 11.9 0.8 -10.2
v 11.9 0.8 -10.4
v 12.7 0 9.5
v 12.7 0 -10.4
v 12.7 0.1 9.6
v 12.7 0.1 9.5
v 12.7 0.8 9.6
v 12.7 0.8 9.4
v 12.7 0.8 -10.2
v 12.7 0.8 -10.4
v 12.7 3.6 10.2
v 12.7 3.6 10.1
v 12.7 3.8 10.2
v 12.7 3.8 10.1
v 13.5 0 9.5
v 13.5 0 -10.4
v 13.5 0.1 9.6
v 13.5 0.1 9.5
v 13.5 0.8 9.6
v 13.5 0.8 9.4
v 13.5 0.8 -10.2
v 13.5 0.8 -10.4
v 14.3 0 9.5
v 14.3 0 -10.4
v 14.3 0.1 9.6
v 14.3 0.1 9.5
v 14.3 0.8 9.6
v 14.3 0.8 9.4
v 14.3 0.8 -10.2
v 14.3 0.8 -10.4
v 14.3 7 3.2
v 14.3 7 2.8
v 14.3 7 -5
v 14.3 7 -5.4
v 14.3 7.2 3.4
v 14.3 7.2 3.2
v 14.3 7.2 2.8
v 14.3 7.2 2.6
v 14.3 7.2 -4.8
v 14.3 7.2 -5
v 14.3 7.2 -5.4
v 14.3 7.2 -5.6
v 14.3 7.4 3.4
v 14.3 7.4 3.2
v 14.3 7.4 2.8
v 14.3 7.4 2.6
v 14.3 7.4 -4.8
v 14.3 7.4 -5
v 14.3 7.4 -5.4
v 14.3 7.4 -5.6
v 14.5 7.2 3.2
v 14.5 7.2 2.8
v 14.5 7.2 -5
v 14.5 7.2 -5.4
v 14.5 7.4 3.4
v 14.5 7.4 3.2
v 14.5 7.4 2.8
v 14.5 7.4 2.6
v 14.5 7.4 -4.8
v 14.5 7.4 -5
v 14.5 7.4 -5.4
v 14.5 7.4 -5.6
v 14.5 7.6 3.4
v 14.5 7.6 2.6
v 14.5 7.6 -4.8
v 14.5 7.6 -5.6
v 14.6 5.6 10.4
v 14.6 5.6 10.3
v 14.6 5.7 10.4
v 14.6 5.7 10.3
v 14.6 5.7 10.2
v 14.6 5.8 10.3
v 14.6 5.8 10.2
v 14.7 5.6 10.3
v 14.7 5.6 10.2
v 14.7 5.7 10.3
v 14.7 5.7 10.2
v 14.7 5.7 10.1
v 14.7 5.8 10.2
v 14.7 5.8 10.1
v 14.8 5.2 10.4
v 14.8 5.2 10.3
v 14.8 5.4 10.4
v 14.8 5.4 10.3
v 14.8 5.6 10.4
v 14.8 5.6 10.3
v 14.9 1 10.3
v 14.9 1 10.2
v 14.9 2.2 10.3
v 14.9 2.2 10.2
v 14.9 2.2 10
v 14.9 2.4 10.3
v 14.9 2.4 10.2
v 14.9 2.4 10
v 14.9 3.6 10.3
v 14.9 3.6 10.2
v 14.9 3.6 10
v 14.9 3.8 10.3
v 14.9 3.8 10.2
v 14.9 3.8 10
v 14.9 5 10.3
v 14.9 5 10.2
v 14.9 5 10
v 14.9 5.2 10.3
v 14.9 5.2 10.2
v 14.9 5.2 10
v 14.9 5.4 10.3
v 14.9 5.4 10.2
v 14.9 5.6 10.3
v 14.9 5.6 10.2
v 15.1 0 9.5
v 15.1 0 -10.4
v 15.1 0.1 9.6
v 15.1 0.1 9.5
v 15.1 0.8 9.6
v 15.1 0.8 9.4
v 15.1 0.8 -10.2
v 15.1 0.8 -10.4
v 15.4 3.8 9.6
v 15.4 3.8 9.5
v 15.4 3.9 9.6
v 15.4 3.9 9.5
v 15.4 4.9 9.6
v 15.4 4.9 9.5
v 15.4 5 9.6
v 15.4 5 9.5
v 15.5 1 9.5
v 15.5 1 9.4
v 15.5 2.2 9.5
v 15.5 2.2 9.4
v 15.5 2.4 9.5
v 15.5 2.4 9.4
v 15.5 3.4 9.5
v 15.5 3.4 9.4
v 15.5 3.6 9.5
v 15.5 3.6 9.4
v 15.5 3.8 9.5
v 15.5 3.8 9.4
v 15.5 5 9.5
v 15.5 5 9.4
v 15.9 0 9.5
v 15.9 0 -10.4
v 15.9 0.1 9.6
v 15.9 0.1 9.5
v 15.9 0.8 9.6
v 15.9 0.8 9.4
v 15.9 0.8 -10.2
v 15.9 0.8 -10.4
v 16 1 10.2
v 16 1 10.1
v 16 2.2 10.2
v 16 2.2 10.1
v 16 2.4 10.2
v 16 2.4 10.1
v 16 3.6 10.2
v 16 3.6 10.1
v 16 3.8 10.2
v 16 3.8 10.1
v 16 5 10.2
v 16 5 10.1
v 16 5.2 10.2
v 16 5.2 10.1
v 16 5.4 10.2
v 16 5.4 10.1
v 16 5.6 10.2
v 16 5.6 10.1
v 16 5.7 10.2
v 16 5.7 10.1
v 16.1 1 10.1
v 16.1 1 10
v 16.1 2.2 10.1
v 16.1 2.2 10
v 16.1 2.2 9.8
v 16.1 2.4 10.1
v 16.1 2.4 10
v 16.1 2.4 9.8
v 16.1 3.6 10.1
v 16.1 3.6 10
v 16.1 3.6 9.8
v 16.1 3.8 10.1
v 16.1 3.8 10
v 16.1 3.8 9.8
v 16.1 5 10.1
v 16.1 5 10
v 16.1 5 9.8
v 16.1 5.2 10.1
v 16.1 5.2 10
v 16.1 5.2 9.8
v 16.1 5.4 10.1
v 16.1 5.4 10
v 16.1 5.6 10.1
v 16.1 5.6 10
v 16.1 5.7 10
v 16.1 5.7 9.9
v 16.1 5.8 10.1
v 16.1 5.8 9.9
v 16.6 1 10
v 16.6 1 9.9
v 16.6 2.2 10
v 16.6 2.2 9.9
v 16.6 2.4 10
v 16.6 2.4 9.9
v 16.6 3.6 10
v 16.6 3.6 9.9
v 16.6 3.8 10
v 16.6 3.8 9.9
v 16.6 5 10
v 16.6 5 9.9
v 16.6 5.2 10
v 16.6 5.2 9.9
v 16.6 5.4 10
v 16.6 5.4 9.9
v 16.6 5.6 10
v 16.6 5.6 9.9
v 16.6 5.7 10
v 16.6 5.7 9.9
v 16.7 0 9.5
v 16.7 0 -10.4
v 16.7 0.1 9.6
v 16.7 0.1 9.5
v 16.7 0.8 9.6
v 16.7 0.8 9.4
v 16.7 0.8 -10.2
v 16.7 0.8 -10.4
v 16.7 1 9.9
v 16.7 1 9.8
v 16.7 2.2 9.9
v 16.7 2.2 9.8
v 16.7 2.2 9.6
v 16.7 2.4 9.9
v 16.7 2.4 9.8
v 16.7 2.4 9.6
v 16.7 3.6 9.9
v 16.7 3.6 9.8
v 16.7 3.6 9.6
v 16.7 3.8 9.9
v 16.7 3.8 9.8
v 16.7 3.8 9.6
v 16.7 5 9.9
v 16.7 5 9.8
v 16.7 5 9.6
v 16.7 5.2 9.9
v 16.7 5.2 9.8
v 16.7 5.2 9.6
v 16.7 5.4 9.9
v 16.7 5.4 9.8
v 16.7 5.6 9.9
v 16.7 5.6 9.8
v 16.7 5.7 9.8
v 16.7 5.7 9.7
v 16.7 5.8 9.9
v 16.7 5.8 9.7
v 16.8 1 9.8
v 16.8 1 9.7
v 16.8 2.2 9.8
v 16.8 2.2 9.7
v 16.8 2.4 9.8
v 16.8 2.4 9.7
v 16.8 3.6 9.8
v 16.8 3.6 9.7
v 16.8 3.8 9.8
v 16.8 3.8 9.7
v 16.8 5 9.8
v 16.8 5 9.7
v 16.8 5.2 9.8
v 16.8 5.2 9.7
v 16.8 5.4 9.8
v 16.8 5.4 9.7
v 16.8 5.6 9.8
v 16.8 5.6 9.7
v 16.8 5.7 9.8
v 16.8 5.7 9.7
v 16.9 1 9.7
v 16.9 1 9.6
v 16.9 2.2 9.7
v 16.9 2.2 9.6
v 16.9 2.2 9.5
v 16.9 2.4 9.7
v 16.9 2.4 9.6
v 16.9 2.4 9.5
v 16.9 3.6 9.7
v 16.9 3.6 9.6
v 16.9 3.6 9.5
v 16.9 3.8 9.7
v 16.9 3.8 9.6
v 16.9 3.8 9.5
v 16.9 5 9.7
v 16.9 5 9.6
v 16.9 5 9.5
v 16.9 5.2 9.7
v 16.9 5.2 9.6
v 16.9 5.2 9.5
v 16.9 5.4 9.7
v 16.9 5.4 9.6
v 16.9 5.6 9.7
v 16.9 5.6 9.6
v 16.9 5.7 9.6
v 16.9 5.7 9.5
v 16.9 5.8 9.7
v 16.9 5.8 9.5
v 17.4 1.2 9.6
v 17.4 1.2 9.4
v 17.4 2.2 9.6
v 17.4 2.2 9.4
v 17.4 2.4 9.6
v 17.4 2.4 9.4
v 17.4 3.6 9.6
v 17.4 3.6 9.4
v 17.4 3.8 9.6
v 17.4 3.8 9.4
v 17.4 4.8 9.6
v 17.4 4.8 9.4
v 17.5 0 9.5
v 17.5 0 -10.4
v 17.5 0.1 9.6
v 17.5 0.1 9.5
v 17.5 0.8 9.6
v 17.5 0.8 9.4
v 17.5 0.8 -10.2
v 17.5 0.8 -10.4
v 17.6 1.4 9.7
v 17.6 1.4 9.6
v 17.6 2.2 9.5
v 17.6 2.2 9.4
v 17.6 2.4 9.5
v 17.6 2.4 9.4
v 17.6 3.6 9.5
v 17.6 3.6 9.4
v 17.6 3.8 9.5
v 17.6 3.8 9.4
v 17.6 4.6 9.7
v 17.6 4.6 9.6
v 17.8 1.6 9.7
v 17.8 1.6 9.6
v 17.8 4.4 9.7
v 17.8 4.4 9.6
v 18.1 1.7 9.7
v 18.1 1.7 9.6
v 18.1 2.2 9.7
v 18.1 2.2 9.6
v 18.1 2.6 9.7
v 18.1 2.6 9.6
v 18.1 4.3 9.7
v 18.1 4.3 9.6
v 18.3 0 9.5
v 18.3 0 -10.4
v 18.3 0.1 9.6
v 18.3 0.1 9.5
v 18.3 0.8 9.6
v 18.3 0.8 9.4
v 18.3 0.8 -10.2
v 18.3 0.8 -10.4
v 18.4 1.5 9.7
v 18.4 1.5 9.6
v 18.4 4.5 9.7
v 18.4 4.5 9.6
v 18.6 1.3 9.7
v 18.6 1.3 9.4
v 18.6 4.7 9.7
v 18.6 4.7 9.4
v 19.1 0 9.5
v 19.1 0 -10.4
v 19.1 0.1 9.6
v 19.1 0.1 9.5
v 19.1 0.8 9.6
v 19.1 0.8 9.4
v 19.1 0.8 -10.2
v 19.1 0.8 -10.4
v 19.9 0 9.5
v 19.9 0 -10.4
v 19.9 0.1 9.6
v 19.9 0.1 9.5
v 19.9 0.8 9.6
v 19.9 0.8 9.4
v 19.9 0.8 -10.2
v 19.9 0.8 -10.4
v 20.3 5.8 4.8
v 20.3 5.8 4.6
v 20.3 5.8 -7
v 20.3 5.8 -7.2
v 20.3 6.2 4.8
v 20.3 6.2 4.6
v 20.3 6.2 -7
v 20.3 6.2 -7.2
v 20.3 6.4 -6.6
v 20.3 6.4 -6.8
v 20.3 6.6 3.8
v 20.3 6.6 3.6
v 20.3 6.6 -6
v 20.3 6.6 -6.2
v 20.3 6.6 -6.6
v 20.3 6.6 -6.8
v 20.3 6.8 3.8
v 20.3 6.8 3.6
v 20.3 6.8 2.2
v 20.3 6.8 2
v 20.3 6.8 -4.6
v 20.3 6.8 -4.8
v 20.3 6.8 -6
v 20.3 6.8 -6.2
v 20.3 7 2.2
v 20.3 7 2
v 20.3 7 1.8
v 20.3 7 -4.4
v 20.3 7 -4.6
v 20.3 7 -4.8
v 20.3 7.4 2
v 20.3 7.4 1.8
v 20.3 7.4 -4.4
v 20.3 7.4 -4.6
v 20.7 0 9.5
v 20.7 0 -10.4
v 20.7 0.1 9.6
v 20.7 0.1 9.5
v 20.7 0.8 9.6
v 20.7 0.8 9.4
v 20.7 0.8 -10.2
v 20.7 0.8 -10.4
v 20.9 6.4 4.4
v 20.9 6.4 4.2
v 20.9 6.6 4.4
v 20.9 6.6 4.2
v 20.9 6.8 2
v 20.9 6.8 1.8
v 20.9 6.8 -4.4
v 20.9 6.8 -4.6
v 20.9 7 2
v 20.9 7 1.8
v 20.9 7 1.6
v 20.9 7 -4.2
v 20.9 7 -4.4
v 20.9 7 -4.6
v 20.9 7.4 1.8
v 20.9 7.4 1.6
v 20.9 7.4 -4.2
v 20.9 7.4 -4.4
v 21.1 5.8 4.6
v 21.1 5.8 4.4
v 21.1 5.8 -6.8
v 21.1 5.8 -7
v 21.1 6.4 4.6
v 21.1 6.4 4.4
v 21.1 6.4 -6.4
v 21.1 6.4 -6.6
v 21.1 6.4 -6.8
v 21.1 6.4 -7
v 21.1 6.6 3.6
v 21.1 6.6 3.4
v 21.1 6.6 -5.8
v 21.1 6.6 -6
v 21.1 6.6 -6.4
v 21.1 6.6 -6.6
v 21.1 6.8 3.6
v 21.1 6.8 3.4
v 21.1 6.8 -5.8
v 21.1 6.8 -6
v 21.3 6.8 1.8
v 21.3 6.8 1.6
v 21.3 6.8 -4.2
v 21.3 6.8 -4.4
v 21.3 7 1.8
v 21.3 7 1.6
v 21.3 7 1.4
v 21.3 7 -4
v 21.3 7 -4.2
v 21.3 7 -4.4
v 21.3 7.4 1.6
v 21.3 7.4 1.4
v 21.3 7.4 -4
v 21.3 7.4 -4.2
v 21.5 0 9.5
v 21.5 0 -10.4
v 21.5 0.1 9.6
v 21.5 0.1 9.5
v 21.5 0.8 9.6
v 21.5 0.8 9.4
v 21.5 0.8 -10.2
v 21.5 0.8 -10.4
v 21.5 6.4 4.2
v 21.5 6.4 4
v 21.5 6.6 4.2
v 21.5 6.6 4
v 21.5 6.6 3.4
v 21.5 6.6 3.2
v 21.5 6.6 -5.6
v 21.5 6.6 -5.8
v 21.5 6.8 3.4
v 21.5 6.8 3.2
v 21.5 6.8 1.6
v 21.5 6.8 1.4
v 21.5 6.8 -4
v 21.5 6.8 -4.2
v 21.5 6.8 -5.6
v 21.5 6.8 -5.8
v 21.5 7 1.6
v 21.5 7 1.4
v 21.5 7 1.2
v 21.5 7 -3.8
v 21.5 7 -4
v 21.5 7 -4.2
v 21.5 7.4 1.4
v 21.5 7.4 1.2
v 21.5 7.4 -3.8
v 21.5 7.4 -4
v 21.7 5.8 4.4
v 21.7 5.8 4.2
v 21.7 5.8 -6.6
v 21.7 5.8 -6.8
v 21.7 6.4 4.4
v 21.7 6.4 4.2
v 21.7 6.4 -6.2
v 21.7 6.4 -6.4
v 21.7 6.4 -6.6
v 21.7 6.4 -6.8
v 21.7 6.6 -6.2
v 21.7 6.6 -6.4
v 21.7 6.8 1.4
v 21.7 6.8 1.2
v 21.7 6.8 -3.8
v 21.7 6.8 -4
v 21.7 7 1.4
v 21.7 7 1.2
v 21.7 7 1
v 21.7 7 -3.6
v 21.7 7 -3.8
v 21.7 7 -4
v 21.7 7.4 3.6
v 21.7 7.4 1.2
v 21.7 7.4 1
v 21.7 7.4 -3.6
v 21.7 7.4 -3.8
v 21.7 7.4 -6.2
v 21.7 7.6 3.6
v 21.7 7.6 1.2
v 21.7 7.6 -3.8
v 21.7 7.6 -6.2
v 21.9 6.4 4
v 21.9 6.4 3.8
v 21.9 6.6 4
v 21.9 6.6 3.8
v 21.9 6.6 3.2
v 21.9 6.6 3
v 21.9 6.6 -5.4
v 21.9 6.6 -5.6
v 21.9 6.8 3.2
v 21.9 6.8 3
v 21.9 6.8 1.2
v 21.9 6.8 1
v 21.9 6.8 -3.6
v 21.9 6.8 -3.8
v 21.9 6.8 -5.4
v 21.9 6.8 -5.6
v 21.9 7 1.2
v 21.9 7 1
v 21.9 7 0.800001
v 21.9 7 -3.4
v 21.9 7 -3.6
v 21.9 7 -3.8
v 21.9 7.4 1.2
v 21.9 7.4 1
v 21.9 7.4 0.800001
v 21.9 7.4 -3.4
v 21.9 7.4 -3.6
v 21.9 7.4 -3.8
v 21.9 7.6 1.2
v 21.9 7.6 1
v 21.9 7.6 -3.6
v 21.9 7.6 -3.8
v 22.1 5.8 4.2
v 22.1 5.8 4
v 22.1 5.8 -6.4
v 22.1 5.8 -6.6
v 22.1 6.4 4.2
v 22.1 6.4 4
v 22.1 6.4 -6
v 22.1 6.4 -6.2
v 22.1 6.4 -6.4
v 22.1 6.4 -6.6
v 22.1 6.6 3
v 22.1 6.6 2.8
v 22.1 6.6 -5.2
v 22.1 6.6 -5.4
v 22.1 6.6 -6
v 22.1 6.6 -6.2
v 22.1 6.8 3
v 22.1 6.8 2.8
v 22.1 6.8 1
v 22.1 6.8 0.800001
v 22.1 6.8 -3.4
v 22.1 6.8 -3.6
v 22.1 6.8 -5.2
v 22.1 6.8 -5.4
v 22.1 7 1
v 22.1 7 0.800001
v 22.1 7 0.6
v 22.1 7 -3.2
v 22.1 7 -3.4
v 22.1 7 -3.6
v 22.1 7.4 1
v 22.1 7.4 0.800001
v 22.1 7.4 0.6
v 22.1 7.4 -3.2
v 22.1 7.4 -3.4
v 22.1 7.4 -3.6
v 22.1 7.6 1
v 22.1 7.6 0.800001
v 22.1 7.6 -3.4
v 22.1 7.6 -3.6
v 22.3 0 9.5
v 22.3 0 -10.4
v 22.3 0.1 9.6
v 22.3 0.1 9.5
v 22.3 0.8 9.6
v 22.3 0.8 9.4
v 22.3 0.8 -10.2
v 22.3 0.8 -10.4
v 22.3 6.4 3.8
v 22.3 6.4 3.6
v 22.3 6.6 3.8
v 22.3 6.6 3.6
v 22.3 6.8 0.800001
v 22.3 6.8 0.6
v 22.3 6.8 -3.2
v 22.3 6.8 -3.4
v 22.3 7 0.800001
v 22.3 7 0.6
v 22.3 7 0.200001
v 22.3 7 -2.8
v 22.3 7 -3.2
v 22.3 7 -3.4
v 22.3 7.4 0.800001
v 22.3 7.4 0.6
v 22.3 7.4 0.200001
v 22.3 7.4 -2.8
v 22.3 7.4 -3.2
v 22.3 7.4 -3.4
v 22.3 7.6 0.800001
v 22.3 7.6 0.6
v 22.3 7.6 -3.2
v 22.3 7.6 -3.4
v 22.5 5.8 4
v 22.5 5.8 3.8
v 22.5 5.8 -6.2
v 22.5 5.8 -6.4
v 22.5 6.4 4
v 22.5 6.4 3.8
v 22.5 6.4 3.6
v 22.5 6.4 3.4
v 22.5 6.4 -5.8
v 22.5 6.4 -6
v 22.5 6.4 -6.2
v 22.5 6.4 -6.4
v 22.5 6.6 3.6
v 22.5 6.6 3.4
v 22.5 6.6 2.8
v 22.5 6.6 2.6
v 22.5 6.6 -5
v 22.5 6.6 -5.2
v 22.5 6.6 -5.8
v 22.5 6.6 -6
v 22.5 6.8 2.8
v 22.5 6.8 2.6
v 22.5 6.8 0.6
v 22.5 6.8 0.200001
v 22.5 6.8 -2.8
v 22.5 6.8 -3.2
v 22.5 6.8 -5
v 22.5 6.8 -5.2
v 22.5 7 0.6
v 22.5 7 0.200001
v 22.5 7 -0.4
v 22.5 7 -2.2
v 22.5 7 -2.8
v 22.5 7 -3.2
v 22.5 7.4 0.6
v 22.5 7.4 0.200001
v 22.5 7.4 -0.4
v 22.5 7.4 -2.2
v 22.5 7.4 -2.8
v 22.5 7.4 -3.2
v 22.5 7.6 0.6
v 22.5 7.6 0.200001
v 22.5 7.6 -2.8
v 22.5 7.6 -3.2
v 22.7 5.8 3.8
v 22.7 5.8 3.6
v 22.7 5.8 -6
v 22.7 5.8 -6.2
v 22.7 6.4 3.8
v 22.7 6.4 3.6
v 22.7 6.4 -6
v 22.7 6.4 -6.2
v 22.7 6.6 2.6
v 22.7 6.6 2.4
v 22.7 6.6 -4.8
v 22.7 6.6 -5
v 22.7 6.8 2.6
v 22.7 6.8 2.4
v 22.7 6.8 0.200001
v 22.7 6.8 -0.4
v 22.7 6.8 -2.2
v 22.7 6.8 -2.8
v 22.7 6.8 -4.8
v 22.7 6.8 -5
v 22.7 7 0.200001
v 22.7 7 -0.4
v 22.7 7 -2.2
v 22.7 7 -2.8
v 22.7 7.4 0.200001
v 22.7 7.4 -0.4
v 22.7 7.4 -2.2
v 22.7 7.4 -2.8
v 22.7 7.6 0.200001
v 22.7 7.6 -0.4
v 22.7 7.6 -2.2
v 22.7 7.6 -2.8
v 22.9 1 9.6
v 22.9 1 9.4
v 22.9 2.2 9.6
v 22.9 2.2 9.4
v 22.9 2.4 9.6
v 22.9 2.4 9.4
v 22.9 3.6 9.6
v 22.9 3.6 9.4
v 22.9 3.8 9.6
v 22.9 3.8 9.4
v 22.9 5 9.6
v 22.9 5 9.4
v 22.9 6.4 3.4
v 22.9 6.4 3.2
v 22.9 6.4 -5.6
v 22.9 6.4 -5.8
v 22.9 6.6 3.4
v 22.9 6.6 3.2
v 22.9 6.6 2.4
v 22.9 6.6 2.2
v 22.9 6.6 -4.6
v 22.9 6.6 -4.8
v 22.9 6.6 -5.6
v 22.9 6.6 -5.8
v 22.9 6.8 2.4
v 22.9 6.8 2.2
v 22.9 6.8 -0.4
v 22.9 6.8 -2.2
v 22.9 6.8 -4.6
v 22.9 6.8 -4.8
v 22.9 7 -0.4
v 22.9 7 -2.2
v 22.9 7.4 -0.4
v 22.9 7.4 -2.2
v 22.9 7.6 -0.4
v 22.9 7.6 -2.2
v 23.1 0 9.5
v 23.1 0 -10.4
v 23.1 0.1 9.6
v 23.1 0.1 9.5
v 23.1 0.8 9.6
v 23.1 0.8 9.4
v 23.1 0.8 -10.2
v 23.1 0.8 -10.4
v 23.1 5.8 3.6
v 23.1 5.8 3.4
v 23.1 5.8 -5.8
v 23.1 5.8 -6
v 23.1 6.4 3.6
v 23.1 6.4 3.4
v 23.1 6.4 3.2
v 23.1 6.4 3
v 23.1 6.4 -5.4
v 23.1 6.4 -5.6
v 23.1 6.4 -5.8
v 23.1 6.4 -6
v 23.1 6.6 3.2
v 23.1 6.6 3
v 23.1 6.6 2.2
v 23.1 6.6 2
v 23.1 6.6 -4.4
v 23.1 6.6 -4.6
v 23.1 6.6 -5.4
v 23.1 6.6 -5.6
v 23.1 6.8 2.2
v 23.1 6.8 2
v 23.1 6.8 -4.4
v 23.1 6.8 -4.6
v 23.2 4.4 9.6
v 23.2 4.4 9.5
v 23.2 4.8 9.6
v 23.2 4.8 9.5
v 23.3 5.8 3.4
v 23.3 5.8 3.2
v 23.3 5.8 -5.6
v 23.3 5.8 -5.8
v 23.3 6.4 3.4
v 23.3 6.4 3.2
v 23.3 6.4 3
v 23.3 6.4 2.8
v 23.3 6.4 -5.2
v 23.3 6.4 -5.4
v 23.3 6.4 -5.6
v 23.3 6.4 -5.8
v 23.3 6.6 3
v 23.3 6.6 2.8
v 23.3 6.6 2
v 23.3 6.6 1.6
v 23.3 6.6 -4
v 23.3 6.6 -4.4
v 23.3 6.6 -5.2
v 23.3 6.6 -5.4
v 23.3 6.8 2
v 23.3 6.8 1.6
v 23.3 6.8 -4
v 23.3 6.8 -4.4
v 23.5 5.8 3.2
v 23.5 5.8 3
v 23.5 5.8 -5.4
v 23.5 5.8 -5.6
v 23.5 6.4 3.2
v 23.5 6.4 3
v 23.5 6.4 2.8
v 23.5 6.4 2.6
v 23.5 6.4 -5
v 23.5 6.4 -5.2
v 23.5 6.4 -5.4
v 23.5 6.4 -5.6
v 23.5 6.6 2.8
v 23.5 6.6 2.6
v 23.5 6.6 1.6
v 23.5 6.6 1.4
v 23.5 6.6 -3.8
v 23.5 6.6 -4
v 23.5 6.6 -5
v 23.5 6.6 -5.2
v 23.5 6.8 1.6
v 23.5 6.8 1.4
v 23.5 6.8 -3.8
v 23.5 6.8 -4
v 23.7 5.8 3
v 23.7 5.8 2.8
v 23.7 5.8 -5.2
v 23.7 5.8 -5.4
v 23.7 6.4 3
v 23.7 6.4 2.8
v 23.7 6.4 2.6
v 23.7 6.4 2.4
v 23.7 6.4 -4.6
v 23.7 6.4 -5
v 23.7 6.4 -5.2
v 23.7 6.4 -5.4
v 23.7 6.6 2.6
v 23.7 6.6 2.4
v 23.7 6.6 1.4
v 23.7 6.6 1
v 23.7 6.6 -3.4
v 23.7 6.6 -3.8
v 23.7 6.6 -4.6
v 23.7 6.6 -5
v 23.7 6.8 1.4
v 23.7 6.8 1
v 23.7 6.8 -3.4
v 23.7 6.8 -3.8
v 23.9 0 9.5
v 23.9 0 -10.4
v 23.9 0.1 9.6
v 23.9 0.1 9.5
v 23.9 0.8 9.6
v 23.9 0.8 9.4
v 23.9 0.8 -10.2
v 23.9 0.8 -10.4
v 23.9 5.8 2.8
v 23.9 5.8 2.6
v 23.9 5.8 -5
v 23.9 5.8 -5.2
v 23.9 6.4 2.8
v 23.9 6.4 2.6
v 23.9 6.4 2.4
v 23.9 6.4 2
v 23.9 6.4 -4.4
v 23.9 6.4 -4.6
v 23.9 6.4 -5
v 23.9 6.4 -5.2
v 23.9 6.6 2.4
v 23.9 6.6 2
v 23.9 6.6 1
v 23.9 6.6 0.6
v 23.9 6.6 -3
v 23.9 6.6 -3.4
v 23.9 6.6 -4.4
v 23.9 6.6 -4.6
v 23.9 6.8 1
v 23.9 6.8 0.6
v 23.9 6.8 -3
v 23.9 6.8 -3.4
v 24.1 4.1 9.8
v 24.1 4.1 9.7
v 24.1 4.2 9.8
v 24.1 4.2 9.7
v 24.1 5.8 2.6
v 24.1 5.8 2.2
v 24.1 5.8 -4.6
v 24.1 5.8 -5
v 24.1 6.4 2.6
v 24.1 6.4 2.2
v 24.1 6.4 2
v 24.1 6.4 1.6
v 24.1 6.4 -4
v 24.1 6.4 -4.4
v 24.1 6.4 -4.6
v 24.1 6.4 -5
v 24.1 6.6 2
v 24.1 6.6 1.6
v 24.1 6.6 0.6
v 24.1 6.6 -0.199999
v 24.1 6.6 -2.2
v 24.1 6.6 -3
v 24.1 6.6 -4
v 24.1 6.6 -4.4
v 24.1 6.8 0.6
v 24.1 6.8 -0.199999
v 24.1 6.8 -2.2
v 24.1 6.8 -3
v 24.3 5.8 2.2
v 24.3 5.8 2
v 24.3 5.8 -4.4
v 24.3 5.8 -4.6
v 24.3 6.4 2.2
v 24.3 6.4 2
v 24.3 6.4 1.6
v 24.3 6.4 1.2
v 24.3 6.4 -3.6
v 24.3 6.4 -4
v 24.3 6.4 -4.4
v 24.3 6.4 -4.6
v 24.3 6.6 1.6
v 24.3 6.6 1.2
v 24.3 6.6 -0.199999
v 24.3 6.6 -2.2
v 24.3 6.6 -3.6
v 24.3 6.6 -4
v 24.3 6.8 -0.199999
v 24.3 6.8 -2.2
v 24.5 5.8 2
v 24.5 5.8 1.6
v 24.5 5.8 -4
v 24.5 5.8 -4.4
v 24.5 6.4 2
v 24.5 6.4 1.6
v 24.5 6.4 1.2
v 24.5 6.4 0.6
v 24.5 6.4 -3
v 24.5 6.4 -3.6
v 24.5 6.4 -4
v 24.5 6.4 -4.4
v 24.5 6.6 1.2
v 24.5 6.6 0.6
v 24.5 6.6 -3
v 24.5 6.6 -3.6
v 24.7 0 9.5
v 24.7 0 -10.4
v 24.7 0.1 9.6
v 24.7 0.1 9.5
v 24.7 0.8 9.6
v 24.7 0.8 9.4
v 24.7 0.8 -10.2
v 24.7 0.8 -10.4
v 24.7 5.8 1.6
v 24.7 5.8 1.2
v 24.7 5.8 -3.6
v 24.7 5.8 -4
v 24.7 6.4 1.6
v 24.7 6.4 1.2
v 24.7 6.4 0.6
v 24.7 6.4 -0.199999
v 24.7 6.4 -2.2
v 24.7 6.4 -3
v 24.7 6.4 -3.6
v 24.7 6.4 -4
v 24.7 6.6 0.6
v 24.7 6.6 -0.199999
v 24.7 6.6 -2.2
v 24.7 6.6 -3
v 24.7 7 3.2
v 24.7 7 2.8
v 24.7 7 -5
v 24.7 7 -5.4
v 24.7 7.2 3.4
v 24.7 7.2 3.2
v 24.7 7.2 2.8
v 24.7 7.2 2.6
v 24.7 7.2 -4.8
v 24.7 7.2 -5
v 24.7 7.2 -5.4
v 24.7 7.2 -5.6
v 24.7 7.4 3.4
v 24.7 7.4 3.2
v 24.7 7.4 2.8
v 24.7 7.4 2.6
v 24.7 7.4 -4.8
v 24.7 7.4 -5
v 24.7 7.4 -5.4
v 24.7 7.4 -5.6
v 24.9 5.8 1.2
v 24.9 5.8 0.6
v 24.9 5.8 -3
v 24.9 5.8 -3.6
v 24.9 6.4 1.2
v 24.9 6.4 0.6
v 24.9 6.4 -0.199999
v 24.9 6.4 -2.2
v 24.9 6.4 -3
v 24.9 6.4 -3.6
v 24.9 6.6 -0.199999
v 24.9 6.6 -2.2
v 24.9 7.2 3.2
v 24.9 7.2 2.8
v 24.9 7.2 -5
v 24.9 7.2 -5.4
v 24.9 7.4 3.4
v 24.9 7.4 3.2
v 24.9 7.4 2.8
v 24.9 7.4 2.6
v 24.9 7.4 -4.8
v 24.9 7.4 -5
v 24.9 7.4 -5.4
v 24.9 7.4 -5.6
v 24.9 7.6 3.4
v 24.9 7.6 2.6
v 24.9 7.6 -4.8
v 24.9 7.6 -5.6
v 25.1 5.8 0.6
v 25.1 5.8 -0.199999
v 25.1 5.8 -2.2
v 25.1 5.8 -3
v 25.1 6.2 -0.199999
v 25.1 6.2 -2.2
v 25.1 6.4 0.6
v 25.1 6.4 -3
v 25.1 7.6 3.6
v 25.1 7.6 -6.2
v 25.1 7.8 3.6
v 25.1 7.8 -6.2
v 25.3 5.8 -0.199999
v 25.3 5.8 -2.2
v 25.3 6.2 -0.199999
v 25.3 6.2 -2.2
v 25.5 0 9.5
v 25.5 0 -10.4
v 25.5 0.1 9.6
v 25.5 0.1 9.5
v 25.5 0.8 9.6
v 25.5 0.8 9.4
v 25.5 0.8 -10.2
v 25.5 0.8 -10.4
v 25.5 7.8 3.6
v 25.5 7.8 -6.2
v 25.5 8.2 3.6
v 25.5 8.2 -6.2
v 26.2 4 9.7
v 26.2 4 9.6
v 26.2 4.3 9.7
v 26.2 4.3 9.6
v 26.3 0 9.5
v 26.3 0 -10.4
v 26.3 0.1 9.6
v 26.3 0.1 9.5
v 26.3 0.8 9.6
v 26.3 0.8 9.4
v 26.3 0.8 -10.2
v 26.3 0.8 -10.4
v 26.5 3.9 9.6
v 26.5 3.9 9.5
v 26.5 4.3 9.6
v 26.5 4.3 9.5
v 27.1 0 9.5
v 27.1 0 -10.4
v 27.1 0.1 9.6
v 27.1 0.1 9.5
v 27.1 0.8 9.6
v 27.1 0.8 9.4
v 27.1 0.8 -10.2
v 27.1 0.8 -10.4
v 27.2 4 9.6
v 27.2 4 9.5
v 27.2 4.2 9.6
v 27.2 4.2 9.5
v 27.5 4.5 9.6
v 27.5 4.5 9.5
v 27.5 4.7 9.6
v 27.5 4.7 9.5
v 27.7 1 9.6
v 27.7 1 9.4
v 27.7 2.2 9.6
v 27.7 2.2 9.4
v 27.7 2.4 9.6
v 27.7 2.4 9.4
v 27.7 3.6 9.6
v 27.7 3.6 9.4
v 27.7 3.8 9.6
v 27.7 3.8 9.4
v 27.7 5 9.6
v 27.7 5 9.4
v 27.9 0 9.5
v 27.9 0 -10.4
v 27.9 0.1 9.6
v 27.9 0.1 9.5
v 27.9 0.8 9.6
v 27.9 0.8 9.4
v 27.9 0.8 -10.2
v 27.9 0.8 -10.4
v 28.4 4.4 9.7
v 28.4 4.4 9.6
v 28.4 4.7 9.7
v 28.4 4.7 9.6
v 28.7 0 9.5
v 28.7 0 -10.4
v 28.7 0.1 9.6
v 28.7 0.1 9.5
v 28.7 0.8 9.6
v 28.7 0.8 9.4
v 28.7 0.8 -10.2
v 28.7 0.8 -10.4
v 28.7 4 9.7
v 28.7 4 9.6
v 28.7 4.2 9.7
v 28.7 4.2 9.6
v 28.7 4.5 9.7
v 28.7 4.5 9.6
v 28.7 4.6 9.7
v 28.7 4.6 9.6
v 28.9 4.3 9.7
v 28.9 4.3 9.6
v 28.9 4.8 9.7
v 28.9 4.8 9.6
v 29.1 0 9.5
v 29.1 0 -10.4
v 29.1 0.1 9.6
v 29.1 0.1 9.5
v 29.1 0.1 7.2
v 29.1 0.1 7
v 29.1 0.1 -10.4
v 29.1 0.2 9.6
v 29.1 0.2 9.5
v 29.1 0.2 7.2
v 29.1 0.2 7
v 29.1 5.7 9.5
v 29.1 5.7 9.4
v 29.1 5.7 7.2
v 29.1 5.7 7
v 29.1 5.8 9.5
v 29.1 5.8 9.4
v 29.2 0.1 9.5
v 29.2 0.1 7.2
v 29.2 0.1 -10.3
v 29.2 0.1 -10.4
v 29.2 0.2 9.6
v 29.2 0.2 9.5
v 29.2 0.2 7.2
v 29.2 0.8 9.6
v 29.2 0.8 9.5
v 29.2 0.8 9.4
v 29.2 0.8 8.8
v 29.2 0.8 8.7
v 29.2 1 9.6
v 29.2 1 9.5
v 29.2 1 9.4
v 29.2 1 8.8
v 29.2 1 8.7
v 29.2 2.2 9.6
v 29.2 2.2 9.5
v 29.2 2.2 9.4
v 29.2 2.2 8.8
v 29.2 2.4 9.6
v 29.2 2.4 9.5
v 29.2 2.4 9.4
v 29.2 2.4 8.8
v 29.2 3.6 9.6
v 29.2 3.6 9.5
v 29.2 3.6 9.4
v 29.2 3.6 8.8
v 29.2 3.8 9.6
v 29.2 3.8 9.5
v 29.2 3.8 9.4
v 29.2 3.8 8.8
v 29.2 5 9.6
v 29.2 5 9.5
v 29.2 5 9.4
v 29.2 5 8.8
v 29.2 5.2 9.6
v 29.2 5.2 9.5
v 29.2 5.2 9.4
v 29.2 5.2 8.8
v 29.2 5.4 9.6
v 29.2 5.4 9.5
v 29.2 5.6 9.6
v 29.2 5.6 9.5
v 29.2 5.7 9.6
v 29.2 5.7 9.5
v 29.2 5.7 9.4
v 29.2 5.7 7.2
v 29.2 5.7 7
v 29.2 5.7 -10.3
v 29.2 5.7 -10.4
v 29.2 5.8 9.4
v 29.2 5.8 7.2
v 29.2 5.8 7
v 29.2 5.8 -10.3
v 29.3 0.1 7
v 29.3 0.1 -10.3
v 29.3 0.2 9.5
v 29.3 0.2 7.2
v 29.3 0.8 9.5
v 29.3 0.8 8.7
v 29.3 1 9.5
v 29.3 1 8.7
v 29.3 2.2 9.5
v 29.3 2.2 8.8
v 29.3 2.4 9.5
v 29.3 2.4 8.8
v 29.3 3.6 9.5
v 29.3 3.6 8.8
v 29.3 3.8 9.5
v 29.3 3.8 8.8
v 29.3 5 9.5
v 29.3 5 8.8
v 29.3 5.2 9.5
v 29.3 5.2 8.8
v 29.3 5.4 9.5
v 29.3 5.4 9.4
v 29.3 5.6 9.5
v 29.3 5.6 9.4
v 29.3 5.7 9.5
v 29.3 5.7 7.2
v 29.3 5.7 7
v 29.3 5.7 -10.3
v 11.4 5.2 10.4
v 11.4 5.4 10.4
v 11.4 5.6 10.4
v 11.4 5.7 10.4
v 11.6 4.5 10.4
v 11.6 4.7 10.4
v 11.8 4.5 10.4
v 11.8 4.7 10.4
v 14.6 5.6 10.4
v 14.6 5.7 10.4
v 14.8 5.2 10.4
v 14.8 5.4 10.4
v 14.8 5.6 10.4
v 10.6 4.5 10.3
v 10.6 4.7 10.3
v 10.8 4.5 10.3
v 10.8 4.7 10.3
v 11.3 1 10.3
v 11.3 2.2 10.3
v 11.3 2.4 10.3
v 11.3 3.6 10.3
v 11.3 3.8 10.3
v 11.3 5 10.3
v 11.3 5.2 10.3
v 11.3 5.4 10.3
v 11.3 5.6 10.3
v 11.3 5.7 10.3
v 11.4 5.2 10.3
v 11.4 5.4 10.3
v 11.4 5.6 10.3
v 11.4 5.7 10.3
v 11.4 5.8 10.3
v 11.5 4.4 10.3
v 11.5 4.8 10.3
v 11.6 4.5 10.3
v 11.6 4.7 10.3
v 11.8 4.5 10.3
v 11.8 4.7 10.3
v 11.9 4.4 10.3
v 11.9 4.8 10.3
v 14.6 5.6 10.3
v 14.6 5.7 10.3
v 14.6 5.8 10.3
v 14.7 5.6 10.3
v 14.7 5.7 10.3
v 14.8 5.2 10.3
v 14.8 5.4 10.3
v 14.8 5.6 10.3
v 14.9 1 10.3
v 14.9 2.2 10.3
v 14.9 2.4 10.3
v 14.9 3.6 10.3
v 14.9 3.8 10.3
v 14.9 5 10.3
v 14.9 5.2 10.3
v 14.9 5.4 10.3
v 14.9 5.6 10.3
v 10.2 1 10.2
v 10.2 2.2 10.2
v 10.2 2.4 10.2
v 10.2 3.6 10.2
v 10.2 3.8 10.2
v 10.2 5 10.2
v 10.2 5.2 10.2
v 10.2 5.4 10.2
v 10.2 5.6 10.2
v 10.2 5.7 10.2
v 10.5 4.4 10.2
v 10.5 4.8 10.2
v 10.6 4.5 10.2
v 10.6 4.7 10.2
v 10.8 4.5 10.2
v 10.8 4.7 10.2
v 10.9 4.4 10.2
v 10.9 4.8 10.2
v 11.3 1 10.2
v 11.3 2.2 10.2
v 11.3 2.4 10.2
v 11.3 3.6 10.2
v 11.3 3.8 10.2
v 11.3 5 10.2
v 11.3 5.2 10.2
v 11.3 5.4 10.2
v 11.3 5.6 10.2
v 11.3 5.7 10.2
v 11.3 5.8 10.2
v 11.4 5.7 10.2
v 11.4 5.8 10.2
v 11.5 3.6 10.2
v 11.5 3.8 10.2
v 11.9 3.6 10.2
v 11.9 3.8 10.2
v 12.7 3.6 10.2
v 12.7 3.8 10.2
v 13.1 3.6 10.2
v 13.1 3.8 10.2
v 14.6 5.7 10.2
v 14.6 5.8 10.2
v 14.7 5.6 10.2
v 14.7 5.7 10.2
v 14.7 5.8 10.2
v 14.9 1 10.2
v 14.9 2.2 10.2
v 14.9 2.4 10.2
v 14.9 3.6 10.2
v 14.9 3.8 10.2
v 14.9 5 10.2
v 14.9 5.2 10.2
v 14.9 5.4 10.2
v 14.9 5.6 10.2
v 16 1 10.2
v 16 2.2 10.2
v 16 2.4 10.2
v 16 3.6 10.2
v 16 3.8 10.2
v 16 5 10.2
v 16 5.2 10.2
v 16 5.4 10.2
v 16 5.6 10.2
v 16 5.7 10.2
v 10.1 1 10.1
v 10.1 2.2 10.1
v 10.1 2.4 10.1
v 10.1 3.6 10.1
v 10.1 3.8 10.1
v 10.1 5 10.1
v 10.1 5.2 10.1
v 10.1 5.4 10.1
v 10.1 5.6 10.1
v 10.1 5.7 10.1
v 10.2 1 10.1
v 10.2 2.2 10.1
v 10.2 2.4 10.1
v 10.2 3.6 10.1
v 10.2 3.8 10.1
v 10.2 5 10.1
v 10.2 5.2 10.1
v 10.2 5.4 10.1
v 10.2 5.6 10.1
v 10.2 5.7 10.1
v 10.2 5.8 10.1
v 11.3 5.7 10.1
v 11.3 5.8 10.1
v 11.5 3.6 10.1
v 11.5 3.8 10.1
v 11.9 3.6 10.1
v 11.9 3.8 10.1
v 12.7 3.6 10.1
v 12.7 3.8 10.1
v 13.1 3.6 10.1
v 13.1 3.8 10.1
v 14.7 5.7 10.1
v 14.7 5.8 10.1
v 16 1 10.1
v 16 2.2 10.1
v 16 2.4 10.1
v 16 3.6 10.1
v 16 3.8 10.1
v 16 5 10.1
v 16 5.2 10.1
v 16 5.4 10.1
v 16 5.6 10.1
v 16 5.7 10.1
v 16.1 1 10.1
v 16.1 2.2 10.1
v 16.1 2.4 10.1
v 16.1 3.6 10.1
v 16.1 3.8 10.1
v 16.1 5 10.1
v 16.1 5.2 10.1
v 16.1 5.4 10.1
v 16.1 5.6 10.1
v 16.1 5.8 10.1
v 9.5 2.4 10
v 9.5 3.6 10
v 9.5 3.8 10
v 9.5 5 10
v 9.6 1 10
v 9.6 2.2 10
v 9.6 5.2 10
v 9.6 5.4 10
v 9.6 5.6 10
v 9.6 5.7 10
v 10.1 1 10
v 10.1 2.2 10
v 10.1 2.4 10
v 10.1 3.6 10
v 10.1 3.8 10
v 10.1 5 10
v 10.1 5.2 10
v 10.1 5.4 10
v 10.1 5.6 10
v 10.1 5.7 10
v 10.1 5.8 10
v 10.2 5.7 10
v 10.2 5.8 10
v 10.3 3.6 10
v 10.3 3.8 10
v 10.7 3.6 10
v 10.7 3.8 10
v 11.3 2.2 10
v 11.3 2.4 10
v 11.3 3.6 10
v 11.3 3.8 10
v 11.3 5 10
v 11.3 5.2 10
v 14.9 2.2 10
v 14.9 2.4 10
v 14.9 3.6 10
v 14.9 3.8 10
v 14.9 5 10
v 14.9 5.2 10
v 16.1 1 10
v 16.1 2.2 10
v 16.1 2.4 10
v 16.1 3.6 10
v 16.1 3.8 10
v 16.1 5 10
v 16.1 5.2 10
v 16.1 5.4 10
v 16.1 5.6 10
v 16.1 5.7 10
v 16.6 1 10
v 16.6 2.2 10
v 16.6 2.4 10
v 16.6 3.6 10
v 16.6 3.8 10
v 16.6 5 10
v 16.6 5.2 10
v 16.6 5.4 10
v 16.6 5.6 10
v 16.6 5.7 10
v 9.5 1 9.9
v 9.5 2.2 9.9
v 9.5 5.2 9.9
v 9.5 5.4 9.9
v 9.5 5.6 9.9
v 9.5 5.7 9.9
v 9.6 1 9.9
v 9.6 2.2 9.9
v 9.6 5.2 9.9
v 9.6 5.4 9.9
v 9.6 5.6 9.9
v 9.6 5.7 9.9
v 9.6 5.8 9.9
v 10.1 5.7 9.9
v 10.1 5.8 9.9
v 10.3 3.6 9.9
v 10.3 3.8 9.9
v 10.7 3.6 9.9
v 10.7 3.8 9.9
v 16.1 5.7 9.9
v 16.1 5.8 9.9
v 16.6 1 9.9
v 16.6 2.2 9.9
v 16.6 2.4 9.9
v 16.6 3.6 9.9
v 16.6 3.8 9.9
v 16.6 5 9.9
v 16.6 5.2 9.9
v 16.6 5.4 9.9
v 16.6 5.6 9.9
v 16.6 5.7 9.9
v 16.7 1 9.9
v 16.7 2.2 9.9
v 16.7 2.4 9.9
v 16.7 3.6 9.9
v 16.7 3.8 9.9
v 16.7 5 9.9
v 16.7 5.2 9.9
v 16.7 5.4 9.9
v 16.7 5.6 9.9
v 16.7 5.8 9.9
v 9.4 1 9.8
v 9.4 2.2 9.8
v 9.4 2.4 9.8
v 9.4 3.6 9.8
v 9.4 3.8 9.8
v 9.4 5 9.8
v 9.4 5.2 9.8
v 9.4 5.6 9.8
v 9.4 5.7 9.8
v 9.5 1 9.8
v 9.5 2.2 9.8
v 9.5 2.4 9.8
v 9.5 3.6 9.8
v 9.5 3.8 9.8
v 9.5 5 9.8
v 9.5 5.2 9.8
v 9.5 5.4 9.8
v 9.5 5.6 9.8
v 9.5 5.7 9.8
v 9.5 5.8 9.8
v 9.6 5.7 9.8
v 9.6 5.8 9.8
v 10.1 2.2 9.8
v 10.1 2.4 9.8
v 10.1 3.6 9.8
v 10.1 3.8 9.8
v 10.1 5 9.8
v 10.1 5.2 9.8
v 16.1 2.2 9.8
v 16.1 2.4 9.8
v 16.1 3.6 9.8
v 16.1 3.8 9.8
v 16.1 5 9.8
v 16.1 5.2 9.8
v 16.7 1 9.8
v 16.7 2.2 9.8
v 16.7 2.4 9.8
v 16.7 3.6 9.8
v 16.7 3.8 9.8
v 16.7 5 9.8
v 16.7 5.2 9.8
v 16.7 5.4 9.8
v 16.7 5.6 9.8
v 16.7 5.7 9.8
v 16.8 1 9.8
v 16.8 2.2 9.8
v 16.8 2.4 9.8
v 16.8 3.6 9.8
v 16.8 3.8 9.8
v 16.8 5 9.8
v 16.8 5.2 9.8
v 16.8 5.4 9.8
v 16.8 5.6 9.8
v 16.8 5.7 9.8
v 23.7 4.1 9.8
v 23.7 4.2 9.8
v 24.1 4.1 9.8
v 24.1 4.2 9.8
v 9.3 1 9.7
v 9.3 2.2 9.7
v 9.3 2.4 9.7
v 9.3 3.6 9.7
v 9.3 3.8 9.7
v 9.3 5 9.7
v 9.3 5.2 9.7
v 9.3 5.6 9.7
v 9.3 5.7 9.7
v 9.4 1 9.7
v 9.4 2.2 9.7
v 9.4 2.4 9.7
v 9.4 3.6 9.7
v 9.4 3.8 9.7
v 9.4 5 9.7
v 9.4 5.2 9.7
v 9.4 5.6 9.7
v 9.4 5.7 9.7
v 9.4 5.8 9.7
v 9.5 2.2 9.7
v 9.5 2.4 9.7
v 9.5 3.6 9.7
v 9.5 3.8 9.7
v 9.5 5 9.7
v 9.5 5.2 9.7
v 9.5 5.7 9.7
v 9.5 5.8 9.7
v 16.7 5.7 9.7
v 16.7 5.8 9.7
v 16.8 1 9.7
v 16.8 2.2 9.7
v 16.8 2.4 9.7
v 16.8 3.6 9.7
v 16.8 3.8 9.7
v 16.8 5 9.7
v 16.8 5.2 9.7
v 16.8 5.4 9.7
v 16.8 5.6 9.7
v 16.8 5.7 9.7
v 16.9 1 9.7
v 16.9 2.2 9.7
v 16.9 2.4 9.7
v 16.9 3.6 9.7
v 16.9 3.8 9.7
v 16.9 5 9.7
v 16.9 5.2 9.7
v 16.9 5.4 9.7
v 16.9 5.6 9.7
v 16.9 5.8 9.7
v 17.5 1.3 9.7
v 17.5 4.7 9.7
v 17.6 1.4 9.7
v 17.6 4.6 9.7
v 17.7 1.5 9.7
v 17.7 4.5 9.7
v 17.8 1.6 9.7
v 17.8 4.4 9.7
v 17.9 1.6 9.7
v 17.9 4.4 9.7
v 18.1 1.7 9.7
v 18.1 2.2 9.7
v 18.1 2.6 9.7
v 18.1 4.3 9.7
v 18.3 1.7 9.7
v 18.3 2.2 9.7
v 18.3 2.6 9.7
v 18.3 4.3 9.7
v 18.4 1.5 9.7
v 18.4 4.5 9.7
v 18.5 1.4 9.7
v 18.5 4.6 9.7
v 18.6 1.3 9.7
v 18.6 4.7 9.7
v 23.5 4 9.7
v 23.5 4.3 9.7
v 23.7 4.1 9.7
v 23.7 4.2 9.7
v 24.1 4.1 9.7
v 24.1 4.2 9.7
v 26.2 4 9.7
v 26.2 4.3 9.7
v 28.3 4.3 9.7
v 28.3 4.8 9.7
v 28.4 4.4 9.7
v 28.4 4.7 9.7
v 28.5 4 9.7
v 28.5 4.2 9.7
v 28.5 4.5 9.7
v 28.5 4.6 9.7
v 28.7 4 9.7
v 28.7 4.2 9.7
v 28.7 4.5 9.7
v 28.7 4.6 9.7
v 28.8 4.4 9.7
v 28.8 4.7 9.7
v 28.9 4.3 9.7
v 28.9 4.8 9.7
v 9.4 0.2 9.6
v 9.4 0.8 9.6
v 9.5 0.1 9.6
v 9.5 0.2 9.6
v 9.8 0.1 9.6
v 9.8 0.8 9.6
v 9.9 0.1 9.6
v 9.9 0.8 9.6
v 10.3 0.1 9.6
v 10.3 0.8 9.6
v 10.7 0.1 9.6
v 10.7 0.8 9.6
v 11.1 0.1 9.6
v 11.1 0.8 9.6
v 11.5 0.1 9.6
v 11.5 0.8 9.6
v 11.9 0.1 9.6
v 11.9 0.8 9.6
v 12.3 0.1 9.6
v 12.3 0.8 9.6
v 12.7 0.1 9.6
v 12.7 0.8 9.6
v 13.1 0.1 9.6
v 13.1 0.8 9.6
v 13.5 0.1 9.6
v 13.5 0.8 9.6
v 13.9 0.1 9.6
v 13.9 0.8 9.6
v 14.3 0.1 9.6
v 14.3 0.8 9.6
v 14.7 0.1 9.6
v 14.7 0.8 9.6
v 15.1 0.1 9.6
v 15.1 0.8 9.6
v 15.5 0.1 9.6
v 15.5 0.8 9.6
v 15.9 0.1 9.6
v 15.9 0.8 9.6
v 16.3 0.1 9.6
v 16.3 0.8 9.6
v 16.7 0.1 9.6
v 16.7 0.8 9.6
v 16.7 2.2 9.6
v 16.7 2.4 9.6
v 16.7 3.6 9.6
v 16.7 3.8 9.6
v 16.7 5 9.6
v 16.7 5.2 9.6
v 16.9 1 9.6
v 16.9 2.2 9.6
v 16.9 2.4 9.6
v 16.9 3.6 9.6
v 16.9 3.8 9.6
v 16.9 5 9.6
v 16.9 5.2 9.6
v 16.9 5.4 9.6
v 16.9 5.6 9.6
v 16.9 5.7 9.6
v 17.1 0.1 9.6
v 17.1 0.8 9.6
v 17.4 1.2 9.6
v 17.4 2.2 9.6
v 17.4 2.4 9.6
v 17.4 3.6 9.6
v 17.4 3.8 9.6
v 17.4 4.8 9.6
v 17.5 0.1 9.6
v 17.5 0.8 9.6
v 17.6 1.4 9.6
v 17.6 4.6 9.6
v 17.7 1.5 9.6
v 17.7 4.5 9.6
v 17.8 1.6 9.6
v 17.8 4.4 9.6
v 17.9 0.1 9.6
v 17.9 0.8 9.6
v 17.9 1.6 9.6
v 17.9 4.4 9.6
v 18.1 1.7 9.6
v 18.1 2.2 9.6
v 18.1 2.6 9.6
v 18.1 4.3 9.6
v 18.3 0.1 9.6
v 18.3 0.8 9.6
v 18.3 1.7 9.6
v 18.3 2.2 9.6
v 18.3 2.6 9.6
v 18.3 4.3 9.6
v 18.4 1.5 9.6
v 18.4 4.5 9.6
v 18.5 1.4 9.6
v 18.5 4.6 9.6
v 18.7 0.1 9.6
v 18.7 0.8 9.6
v 18.7 1.2 9.6
v 18.7 2.2 9.6
v 18.7 2.4 9.6
v 18.7 3.6 9.6
v 18.7 3.8 9.6
v 18.7 4.8 9.6
v 19.1 0.1 9.6
v 19.1 0.8 9.6
v 19.5 0.1 9.6
v 19.5 0.8 9.6
v 19.9 0.1 9.6
v 19.9 0.8 9.6
v 20.3 0.1 9.6
v 20.3 0.8 9.6
v 20.7 0.1 9.6
v 20.7 0.8 9.6
v 21.1 0.1 9.6
v 21.1 0.8 9.6
v 21.5 0.1 9.6
v 21.5 0.8 9.6
v 21.9 0.1 9.6
v 21.9 0.8 9.6
v 22.3 0.1 9.6
v 22.3 0.8 9.6
v 22.7 0.1 9.6
v 22.7 0.8 9.6
v 22.9 1 9.6
v 22.9 2.2 9.6
v 22.9 2.4 9.6
v 22.9 3.6 9.6
v 22.9 3.8 9.6
v 22.9 5 9.6
v 23.1 0.1 9.6
v 23.1 0.8 9.6
v 23.1 1 9.6
v 23.1 2.2 9.6
v 23.1 2.4 9.6
v 23.1 3.6 9.6
v 23.1 3.8 9.6
v 23.1 5 9.6
v 23.2 4.4 9.6
v 23.2 4.8 9.6
v 23.3 4.5 9.6
v 23.3 4.7 9.6
v 23.5 0.1 9.6
v 23.5 0.8 9.6
v 23.5 4 9.6
v 23.5 4.3 9.6
v 23.9 0.1 9.6
v 23.9 0.8 9.6
v 24.3 0.1 9.6
v 24.3 0.8 9.6
v 24.7 0.1 9.6
v 24.7 0.8 9.6
v 25.1 0.1 9.6
v 25.1 0.8 9.6
v 25.5 0.1 9.6
v 25.5 0.8 9.6
v 25.9 0.1 9.6
v 25.9 0.8 9.6
v 26.2 4 9.6
v 26.2 4.3 9.6
v 26.3 0.1 9.6
v 26.3 0.8 9.6
v 26.5 3.9 9.6
v 26.5 4.3 9.6
v 26.6 4 9.6
v 26.6 4.2 9.6
v 26.7 0.1 9.6
v 26.7 0.8 9.6
v 27.1 0.1 9.6
v 27.1 0.8 9.6
v 27.2 4 9.6
v 27.2 4.2 9.6
v 27.3 3.9 9.6
v 27.3 4.3 9.6
v 27.5 0.1 9.6
v 27.5 0.8 9.6
v 27.5 4.5 9.6
v 27.5 4.7 9.6
v 27.6 4.4 9.6
v 27.6 4.8 9.6
v 27.7 1 9.6
v 27.7 2.2 9.6
v 27.7 2.4 9.6
v 27.7 3.6 9.6
v 27.7 3.8 9.6
v 27.7 5 9.6
v 27.9 0.1 9.6
v 27.9 0.8 9.6
v 27.9 1 9.6
v 27.9 2.2 9.6
v 27.9 2.4 9.6
v 27.9 3.6 9.6
v 27.9 3.8 9.6
v 27.9 5 9.6
v 28.3 0.1 9.6
v 28.3 0.8 9.6
v 28.3 4.3 9.6
v 28.3 4.8 9.6
v 28.4 4.4 9.6
v 28.4 4.7 9.6
v 28.5 4 9.6
v 28.5 4.2 9.6
v 28.5 4.5 9.6
v 28.5 4.6 9.6
v 28.7 0.1 9.6
v 28.7 0.8 9.6
v 28.7 4 9.6
v 28.7 4.2 9.6
v 28.7 4.5 9.6
v 28.7 4.6 9.6
v 28.8 0.1 9.6
v 28.8 0.8 9.6
v 28.8 4.4 9.6
v 28.8 4.7 9.6
v 28.9 4.3 9.6
v 28.9 4.8 9.6
v 29.1 0.1 9.6
v 29.1 0.2 9.6
v 29.2 0.2 9.6
v 29.2 0.8 9.6
v 29.2 1 9.6
v 29.2 2.2 9.6
v 29.2 2.4 9.6
v 29.2 3.6 9.6
v 29.2 3.8 9.6
v 29.2 5 9.6
v 29.2 5.2 9.6
v 29.2 5.4 9.6
v 29.2 5.6 9.6
v 29.2 5.7 9.6
v 9.3 0.2 9.5
v 9.3 0.8 9.5
v 9.4 0.1 9.5
v 9.4 0.2 9.5
v 9.4 0.8 9.5
v 9.4 2.4 9.5
v 9.4 2.5 9.5
v 9.4 3.5 9.5
v 9.4 3.6 9.5
v 9.4 3.8 9.5
v 9.4 3.9 9.5
v 9.4 5.2 9.5
v 9.4 5.3 9.5
v 9.5 0 9.5
v 9.5 0.1 9.5
v 9.5 0.2 9.5
v 9.5 2.4 9.5
v 9.5 2.5 9.5
v 9.5 3.5 9.5
v 9.5 3.6 9.5
v 9.5 3.8 9.5
v 9.5 3.9 9.5
v 9.5 5.2 9.5
v 9.5 5.3 9.5
v 9.8 0 9.5
v 9.8 0.1 9.5
v 9.9 0 9.5
v 9.9 0.1 9.5
v 10.3 0 9.5
v 10.3 0.1 9.5
v 10.6 2.1 9.5
v 10.6 2.2 9.5
v 10.6 2.4 9.5
v 10.6 2.5 9.5
v 10.6 3.5 9.5
v 10.6 3.6 9.5
v 10.7 0 9.5
v 10.7 0.1 9.5
v 10.7 2.1 9.5
v 10.7 2.2 9.5
v 10.7 2.4 9.5
v 10.7 2.5 9.5
v 10.7 3.5 9.5
v 10.7 3.6 9.5
v 10.9 2.1 9.5
v 10.9 2.2 9.5
v 10.9 2.4 9.5
v 10.9 2.5 9.5
v 10.9 3.5 9.5
v 10.9 3.6 9.5
v 10.9 3.8 9.5
v 10.9 3.9 9.5
v 10.9 4.9 9.5
v 10.9 5 9.5
v 11 2.1 9.5
v 11 2.2 9.5
v 11 2.4 9.5
v 11 2.5 9.5
v 11 3.5 9.5
v 11 3.6 9.5
v 11 3.8 9.5
v 11 3.9 9.5
v 11 4.9 9.5
v 11 5 9.5
v 11.1 0 9.5
v 11.1 0.1 9.5
v 11.5 0 9.5
v 11.5 0.1 9.5
v 11.9 0 9.5
v 11.9 0.1 9.5
v 12.3 0 9.5
v 12.3 0.1 9.5
v 12.7 0 9.5
v 12.7 0.1 9.5
v 13.1 0 9.5
v 13.1 0.1 9.5
v 13.5 0 9.5
v 13.5 0.1 9.5
v 13.9 0 9.5
v 13.9 0.1 9.5
v 14.3 0 9.5
v 14.3 0.1 9.5
v 14.7 0 9.5
v 14.7 0.1 9.5
v 15.1 0 9.5
v 15.1 0.1 9.5
v 15.4 3.8 9.5
v 15.4 3.9 9.5
v 15.4 4.9 9.5
v 15.4 5 9.5
v 15.5 0 9.5
v 15.5 0.1 9.5
v 15.5 3.8 9.5
v 15.5 3.9 9.5
v 15.5 4.9 9.5
v 15.5 5 9.5
v 15.9 0 9.5
v 15.9 0.1 9.5
v 16.3 0 9.5
v 16.3 0.1 9.5
v 16.7 0 9.5
v 16.7 0.1 9.5
v 16.9 5.7 9.5
v 16.9 5.8 9.5
v 17.1 0 9.5
v 17.1 0.1 9.5
v 17.5 0 9.5
v 17.5 0.1 9.5
v 17.9 0 9.5
v 17.9 0.1 9.5
v 18.3 0 9.5
v 18.3 0.1 9.5
v 18.7 0 9.5
v 18.7 0.1 9.5
v 19.1 0 9.5
v 19.1 0.1 9.5
v 19.5 0 9.5
v 19.5 0.1 9.5
v 19.9 0 9.5
v 19.9 0.1 9.5
v 20.3 0 9.5
v 20.3 0.1 9.5
v 20.7 0 9.5
v 20.7 0.1 9.5
v 21.1 0 9.5
v 21.1 0.1 9.5
v 21.5 0 9.5
v 21.5 0.1 9.5
v 21.9 0 9.5
v 21.9 0.1 9.5
v 22.3 0 9.5
v 22.3 0.1 9.5
v 22.7 0 9.5
v 22.7 0.1 9.5
v 23.1 0 9.5
v 23.1 0.1 9.5
v 23.2 4.4 9.5
v 23.2 4.8 9.5
v 23.3 4.5 9.5
v 23.3 4.7 9.5
v 23.5 0 9.5
v 23.5 0.1 9.5
v 23.9 0 9.5
v 23.9 0.1 9.5
v 24.3 0 9.5
v 24.3 0.1 9.5
v 24.7 0 9.5
v 24.7 0.1 9.5
v 25.1 0 9.5
v 25.1 0.1 9.5
v 25.5 0 9.5
v 25.5 0.1 9.5
v 25.9 0 9.5
v 25.9 0.1 9.5
v 26.3 0 9.5
v 26.3 0.1 9.5
v 26.5 3.9 9.5
v 26.5 4.3 9.5
v 26.6 4 9.5
v 26.6 4.2 9.5
v 26.7 0 9.5
v 26.7 0.1 9.5
v 27.1 0 9.5
v 27.1 0.1 9.5
v 27.2 4 9.5
v 27.2 4.2 9.5
v 27.3 3.9 9.5
v 27.3 4.3 9.5
v 27.5 0 9.5
v 27.5 0.1 9.5
v 27.5 4.5 9.5
v 27.5 4.7 9.5
v 27.6 4.4 9.5
v 27.6 4.8 9.5
v 27.9 0 9.5
v 27.9 0.1 9.5
v 28.3 0 9.5
v 28.3 0.1 9.5
v 28.7 0 9.5
v 28.7 0.1 9.5
v 28.8 0 9.5
v 28.8 0.1 9.5
v 29.1 0 9.5
v 29.1 0.1 9.5
v 29.1 0.2 9.5
v 29.1 5.7 9.5
v 29.1 5.8 9.5
v 29.2 0.1 9.5
v 29.2 0.2 9.5
v 29.2 0.8 9.5
v 29.2 1 9.5
v 29.2 2.2 9.5
v 29.2 2.4 9.5
v 29.2 3.6 9.5
v 29.2 3.8 9.5
v 29.2 5 9.5
v 29.2 5.2 9.5
v 29.2 5.4 9.5
v 29.2 5.6 9.5
v 29.2 5.7 9.5
v 29.3 0.2 9.5
v 29.3 0.8 9.5
v 29.3 1 9.5
v 29.3 2.2 9.5
v 29.3 2.4 9.5
v 29.3 3.6 9.5
v 29.3 3.8 9.5
v 29.3 5 9.5
v 29.3 5.2 9.5
v 29.3 5.4 9.5
v 29.3 5.6 9.5
v 29.3 5.7 9.5
v 9.4 0.8 9.4
v 9.4 1 9.4
v 9.8 0.8 9.4
v 9.9 0.8 9.4
v 9.9 5 9.4
v 9.9 5.2 9.4
v 10.3 0.8 9.4
v 10.7 0.8 9.4
v 11.1 0.8 9.4
v 11.5 0.8 9.4
v 11.9 0.8 9.4
v 12.3 0.8 9.4
v 12.7 0.8 9.4
v 13.1 0.8 9.4
v 13.5 0.8 9.4
v 13.9 0.8 9.4
v 14.3 0.8 9.4
v 14.7 0.8 9.4
v 15.1 0.8 9.4
v 15.5 0.8 9.4
v 15.5 1 9.4
v 15.5 2.2 9.4
v 15.5 2.4 9.4
v 15.5 3.4 9.4
v 15.5 3.6 9.4
v 15.5 3.8 9.4
v 15.5 5 9.4
v 15.7 1 9.4
v 15.7 2.2 9.4
v 15.7 2.4 9.4
v 15.7 3.4 9.4
v 15.7 3.6 9.4
v 15.7 3.8 9.4
v 15.7 5 9.4
v 15.9 0.8 9.4
v 16.1 3.6 9.4
v 16.3 0.8 9.4
v 16.5 5 9.4
v 16.5 5.2 9.4
v 16.7 0.8 9.4
v 16.7 2.2 9.4
v 16.7 2.4 9.4
v 16.7 3.6 9.4
v 16.8 3.6 9.4
v 16.8 3.8 9.4
v 16.9 3.6 9.4
v 17.1 0.8 9.4
v 17.4 1.2 9.4
v 17.4 2.2 9.4
v 17.4 2.4 9.4
v 17.4 3.6 9.4
v 17.4 3.8 9.4
v 17.4 4.8 9.4
v 17.5 0.8 9.4
v 17.5 1.3 9.4
v 17.5 4.7 9.4
v 17.6 2.2 9.4
v 17.6 2.4 9.4
v 17.6 3.6 9.4
v 17.6 3.8 9.4
v 17.7 2.2 9.4
v 17.7 2.4 9.4
v 17.7 3.6 9.4
v 17.7 3.8 9.4
v 17.9 0.8 9.4
v 18 2.2 9.4
v 18 2.4 9.4
v 18 3.6 9.4
v 18 3.8 9.4
v 18.2 2.2 9.4
v 18.2 2.4 9.4
v 18.2 3.6 9.4
v 18.2 3.8 9.4
v 18.3 0.8 9.4
v 18.5 2.2 9.4
v 18.5 2.4 9.4
v 18.5 3.6 9.4
v 18.5 3.8 9.4
v 18.6 1.3 9.4
v 18.6 4.7 9.4
v 18.7 0.8 9.4
v 18.7 1.2 9.4
v 18.7 2.2 9.4
v 18.7 2.4 9.4
v 18.7 3.6 9.4
v 18.7 3.8 9.4
v 18.7 4.8 9.4
v 19.1 0.8 9.4
v 19.5 0.8 9.4
v 19.9 0.8 9.4
v 20.3 0.8 9.4
v 20.7 0.8 9.4
v 21.1 0.8 9.4
v 21.5 0.8 9.4
v 21.9 0.8 9.4
v 22.3 0.8 9.4
v 22.7 0.8 9.4
v 22.9 1 9.4
v 22.9 2.2 9.4
v 22.9 2.4 9.4
v 22.9 3.6 9.4
v 22.9 3.8 9.4
v 22.9 5 9.4
v 23.1 0.8 9.4
v 23.1 1 9.4
v 23.1 2.2 9.4
v 23.1 2.4 9.4
v 23.1 3.6 9.4
v 23.1 3.8 9.4
v 23.1 5 9.4
v 23.5 0.8 9.4
v 23.9 0.8 9.4
v 24.3 0.8 9.4
v 24.7 0.8 9.4
v 25.1 0.8 9.4
v 25.5 0.8 9.4
v 25.9 0.8 9.4
v 26.3 0.8 9.4
v 26.7 0.8 9.4
v 27.1 0.8 9.4
v 27.5 0.8 9.4
v 27.7 1 9.4
v 27.7 2.2 9.4
v 27.7 2.4 9.4
v 27.7 3.6 9.4
v 27.7 3.8 9.4
v 27.7 5 9.4
v 27.9 0.8 9.4
v 27.9 1 9.4
v 27.9 2.2 9.4
v 27.9 2.4 9.4
v 27.9 3.6 9.4
v 27.9 3.8 9.4
v 27.9 5 9.4
v 28.3 0.8 9.4
v 28.7 0.8 9.4
v 28.8 0.8 9.4
v 29.1 5.7 9.4
v 29.1 5.8 9.4
v 29.2 0.8 9.4
v 29.2 1 9.4
v 29.2 2.2 9.4
v 29.2 2.4 9.4
v 29.2 3.6 9.4
v 29.2 3.8 9.4
v 29.2 5 9.4
v 29.2 5.2 9.4
v 29.2 5.7 9.4
v 29.2 5.8 9.4
v 9.3 2.2 9
v 9.3 2.4 9
v 9.3 3.6 9
v 9.3 3.8 9
v 9.3 5 9
v 9.3 5.2 9
v 9.4 2.2 9
v 9.4 2.4 9
v 9.4 3.6 9
v 9.4 3.8 9
v 9.4 5 9
v 9.4 5.2 9
v 9.3 0.8 8.8
v 9.3 1 8.8
v 9.4 0.8 8.8
v 9.4 1 8.8
v 29.2 2.2 8.8
v 29.2 2.4 8.8
v 29.2 3.6 8.8
v 29.2 3.8 8.8
v 29.2 5 8.8
v 29.2 5.2 8.8
v 29.3 2.2 8.8
v 29.3 2.4 8.8
v 29.3 3.6 8.8
v 29.3 3.8 8.8
v 29.3 5 8.8
v 29.3 5.2 8.8
v 29.2 0.8 8.7
v 29.2 1 8.7
v 29.3 0.8 8.7
v 29.3 1 8.7
v 9.3 0.1 7
v 9.3 5.7 7
v 9.4 5.7 7
v 9.4 5.8 7
v 9.5 0.1 7
v 9.5 0.2 7
v 9.5 5.7 7
v 29.1 0.1 7
v 29.1 0.2 7
v 29.1 5.7 7
v 29.2 5.7 7
v 29.2 5.8 7
v 29.3 0.1 7
v 29.3 5.7 7
v 18.3 5.8 4.8
v 18.3 6.2 4.8
v 20.3 5.8 4.8
v 20.3 6.2 4.8
v 17.5 5.8 4.6
v 17.5 6.4 4.6
v 18.3 5.8 4.6
v 18.3 6.2 4.6
v 20.3 5.8 4.6
v 20.3 6.2 4.6
v 21.1 5.8 4.6
v 21.1 6.4 4.6
v 16.9 5.8 4.4
v 16.9 6.4 4.4
v 17.5 5.8 4.4
v 17.5 6.4 4.4
v 17.7 6.4 4.4
v 17.7 6.6 4.4
v 20.9 6.4 4.4
v 20.9 6.6 4.4
v 21.1 5.8 4.4
v 21.1 6.4 4.4
v 21.7 5.8 4.4
v 21.7 6.4 4.4
v 16.5 5.8 4.2
v 16.5 6.4 4.2
v 16.9 5.8 4.2
v 16.9 6.4 4.2
v 17.1 6.4 4.2
v 17.1 6.6 4.2
v 17.7 6.4 4.2
v 17.7 6.6 4.2
v 20.9 6.4 4.2
v 20.9 6.6 4.2
v 21.5 6.4 4.2
v 21.5 6.6 4.2
v 21.7 5.8 4.2
v 21.7 6.4 4.2
v 22.1 5.8 4.2
v 22.1 6.4 4.2
v 16.1 5.8 4
v 16.1 6.4 4
v 16.5 5.8 4
v 16.5 6.4 4
v 16.7 6.4 4
v 16.7 6.6 4
v 17.1 6.4 4
v 17.1 6.6 4
v 21.5 6.4 4
v 21.5 6.6 4
v 21.9 6.4 4
v 21.9 6.6 4
v 22.1 5.8 4
v 22.1 6.4 4
v 22.5 5.8 4
v 22.5 6.4 4
v 15.9 5.8 3.8
v 15.9 6.4 3.8
v 16.1 5.8 3.8
v 16.1 6.4 3.8
v 16.3 6.4 3.8
v 16.3 6.6 3.8
v 16.7 6.4 3.8
v 16.7 6.6 3.8
v 18.3 6.6 3.8
v 18.3 6.8 3.8
v 20.3 6.6 3.8
v 20.3 6.8 3.8
v 21.9 6.4 3.8
v 21.9 6.6 3.8
v 22.3 6.4 3.8
v 22.3 6.6 3.8
v 22.5 5.8 3.8
v 22.5 6.4 3.8
v 22.7 5.8 3.8
v 22.7 6.4 3.8
v 13.1 7.8 3.6
v 13.1 8.2 3.6
v 13.5 7.6 3.6
v 13.5 7.8 3.6
v 15.5 5.8 3.6
v 15.5 6.4 3.6
v 15.9 5.8 3.6
v 15.9 6.4 3.6
v 16.1 6.4 3.6
v 16.1 6.6 3.6
v 16.3 6.4 3.6
v 16.3 6.6 3.6
v 16.9 7.4 3.6
v 16.9 7.6 3.6
v 17.5 6.6 3.6
v 17.5 6.8 3.6
v 18.3 6.6 3.6
v 18.3 6.8 3.6
v 20.3 6.6 3.6
v 20.3 6.8 3.6
v 21.1 6.6 3.6
v 21.1 6.8 3.6
v 21.7 7.4 3.6
v 21.7 7.6 3.6
v 22.3 6.4 3.6
v 22.3 6.6 3.6
v 22.5 6.4 3.6
v 22.5 6.6 3.6
v 22.7 5.8 3.6
v 22.7 6.4 3.6
v 23.1 5.8 3.6
v 23.1 6.4 3.6
v 25.1 7.6 3.6
v 25.1 7.8 3.6
v 25.5 7.8 3.6
v 25.5 8.2 3.6
v 13.7 7.4 3.4
v 13.7 7.6 3.4
v 13.9 7.2 3.4
v 13.9 7.4 3.4
v 14.3 7.2 3.4
v 14.3 7.4 3.4
v 14.5 7.4 3.4
v 14.5 7.6 3.4
v 15.3 5.8 3.4
v 15.3 6.4 3.4
v 15.5 5.8 3.4
v 15.5 6.4 3.4
v 15.7 6.4 3.4
v 15.7 6.6 3.4
v 16.1 6.4 3.4
v 16.1 6.6 3.4
v 17.1 6.6 3.4
v 17.1 6.8 3.4
v 17.5 6.6 3.4
v 17.5 6.8 3.4
v 21.1 6.6 3.4
v 21.1 6.8 3.4
v 21.5 6.6 3.4
v 21.5 6.8 3.4
v 22.5 6.4 3.4
v 22.5 6.6 3.4
v 22.9 6.4 3.4
v 22.9 6.6 3.4
v 23.1 5.8 3.4
v 23.1 6.4 3.4
v 23.3 5.8 3.4
v 23.3 6.4 3.4
v 24.1 7.4 3.4
v 24.1 7.6 3.4
v 24.3 7.2 3.4
v 24.3 7.4 3.4
v 24.7 7.2 3.4
v 24.7 7.4 3.4
v 24.9 7.4 3.4
v 24.9 7.6 3.4
v 13.7 7.2 3.2
v 13.7 7.4 3.2
v 13.9 7 3.2
v 13.9 7.2 3.2
v 13.9 7.4 3.2
v 14.3 7 3.2
v 14.3 7.2 3.2
v 14.3 7.4 3.2
v 14.5 7.2 3.2
v 14.5 7.4 3.2
v 15.1 5.8 3.2
v 15.1 6.4 3.2
v 15.3 5.8 3.2
v 15.3 6.4 3.2
v 15.5 6.4 3.2
v 15.5 6.6 3.2
v 15.7 6.4 3.2
v 15.7 6.6 3.2
v 16.7 6.6 3.2
v 16.7 6.8 3.2
v 17.1 6.6 3.2
v 17.1 6.8 3.2
v 21.5 6.6 3.2
v 21.5 6.8 3.2
v 21.9 6.6 3.2
v 21.9 6.8 3.2
v 22.9 6.4 3.2
v 22.9 6.6 3.2
v 23.1 6.4 3.2
v 23.1 6.6 3.2
v 23.3 5.8 3.2
v 23.3 6.4 3.2
v 23.5 5.8 3.2
v 23.5 6.4 3.2
v 24.1 7.2 3.2
v 24.1 7.4 3.2
v 24.3 7 3.2
v 24.3 7.2 3.2
v 24.3 7.4 3.2
v 24.7 7 3.2
v 24.7 7.2 3.2
v 24.7 7.4 3.2
v 24.9 7.2 3.2
v 24.9 7.4 3.2
v 14.9 5.8 3
v 14.9 6.4 3
v 15.1 5.8 3
v 15.1 6.4 3
v 15.3 6.4 3
v 15.3 6.6 3
v 15.5 6.4 3
v 15.5 6.6 3
v 16.5 6.6 3
v 16.5 6.8 3
v 16.7 6.6 3
v 16.7 6.8 3
v 21.9 6.6 3
v 21.9 6.8 3
v 22.1 6.6 3
v 22.1 6.8 3
v 23.1 6.4 3
v 23.1 6.6 3
v 23.3 6.4 3
v 23.3 6.6 3
v 23.5 5.8 3
v 23.5 6.4 3
v 23.7 5.8 3
v 23.7 6.4 3
v 14.7 5.8 2.8
v 14.7 6.4 2.8
v 14.9 5.8 2.8
v 14.9 6.4 2.8
v 15.1 6.4 2.8
v 15.1 6.6 2.8
v 15.3 6.4 2.8
v 15.3 6.6 2.8
v 16.1 6.6 2.8
v 16.1 6.8 2.8
v 16.5 6.6 2.8
v 16.5 6.8 2.8
v 22.1 6.6 2.8
v 22.1 6.8 2.8
v 22.5 6.6 2.8
v 22.5 6.8 2.8
v 23.3 6.4 2.8
v 23.3 6.6 2.8
v 23.5 6.4 2.8
v 23.5 6.6 2.8
v 23.7 5.8 2.8
v 23.7 6.4 2.8
v 23.9 5.8 2.8
v 23.9 6.4 2.8
v 14.5 5.8 2.6
v 14.5 6.4 2.6
v 14.7 5.8 2.6
v 14.7 6.4 2.6
v 14.9 6.4 2.6
v 14.9 6.6 2.6
v 15.1 6.4 2.6
v 15.1 6.6 2.6
v 15.9 6.6 2.6
v 15.9 6.8 2.6
v 16.1 6.6 2.6
v 16.1 6.8 2.6
v 22.5 6.6 2.6
v 22.5 6.8 2.6
v 22.7 6.6 2.6
v 22.7 6.8 2.6
v 23.5 6.4 2.6
v 23.5 6.6 2.6
v 23.7 6.4 2.6
v 23.7 6.6 2.6
v 23.9 5.8 2.6
v 23.9 6.4 2.6
v 24.1 5.8 2.6
v 24.1 6.4 2.6
v 14.7 6.4 2.4
v 14.7 6.6 2.4
v 14.9 6.4 2.4
v 14.9 6.6 2.4
v 15.7 6.6 2.4
v 15.7 6.8 2.4
v 15.9 6.6 2.4
v 15.9 6.8 2.4
v 22.7 6.6 2.4
v 22.7 6.8 2.4
v 22.9 6.6 2.4
v 22.9 6.8 2.4
v 23.7 6.4 2.4
v 23.7 6.6 2.4
v 23.9 6.4 2.4
v 23.9 6.6 2.4
v 14.3 5.8 2.2
v 14.3 6.4 2.2
v 14.5 5.8 2.2
v 14.5 6.4 2.2
v 15.5 6.6 2.2
v 15.5 6.8 2.2
v 15.7 6.6 2.2
v 15.7 6.8 2.2
v 18.3 6.8 2.2
v 18.3 7 2.2
v 20.3 6.8 2.2
v 20.3 7 2.2
v 22.9 6.6 2.2
v 22.9 6.8 2.2
v 23.1 6.6 2.2
v 23.1 6.8 2.2
v 24.1 5.8 2.2
v 24.1 6.4 2.2
v 24.3 5.8 2.2
v 24.3 6.4 2.2
v 14.1 5.8 2
v 14.1 6.4 2
v 14.3 5.8 2
v 14.3 6.4 2
v 14.5 6.4 2
v 14.5 6.6 2
v 14.7 6.4 2
v 14.7 6.6 2
v 15.3 6.6 2
v 15.3 6.8 2
v 15.5 6.6 2
v 15.5 6.8 2
v 17.7 6.8 2
v 17.7 7 2
v 18.3 6.8 2
v 18.3 7 2
v 18.3 7.4 2
v 20.3 6.8 2
v 20.3 7 2
v 20.3 7.4 2
v 20.9 6.8 2
v 20.9 7 2
v 23.1 6.6 2
v 23.1 6.8 2
v 23.3 6.6 2
v 23.3 6.8 2
v 23.9 6.4 2
v 23.9 6.6 2
v 24.1 6.4 2
v 24.1 6.6 2
v 24.3 5.8 2
v 24.3 6.4 2
v 24.5 5.8 2
v 24.5 6.4 2
v 17.3 6.8 1.8
v 17.3 7 1.8
v 17.7 6.8 1.8
v 17.7 7 1.8
v 17.7 7.4 1.8
v 18.3 7 1.8
v 18.3 7.4 1.8
v 20.3 7 1.8
v 20.3 7.4 1.8
v 20.9 6.8 1.8
v 20.9 7 1.8
v 20.9 7.4 1.8
v 21.3 6.8 1.8
v 21.3 7 1.8
v 13.9 5.8 1.6
v 13.9 6.4 1.6
v 14.1 5.8 1.6
v 14.1 6.4 1.6
v 14.3 6.4 1.6
v 14.3 6.6 1.6
v 14.5 6.4 1.6
v 14.5 6.6 1.6
v 15.1 6.6 1.6
v 15.1 6.8 1.6
v 15.3 6.6 1.6
v 15.3 6.8 1.6
v 17.1 6.8 1.6
v 17.1 7 1.6
v 17.3 6.8 1.6
v 17.3 7 1.6
v 17.3 7.4 1.6
v 17.7 7 1.6
v 17.7 7.4 1.6
v 20.9 7 1.6
v 20.9 7.4 1.6
v 21.3 6.8 1.6
v 21.3 7 1.6
v 21.3 7.4 1.6
v 21.5 6.8 1.6
v 21.5 7 1.6
v 23.3 6.6 1.6
v 23.3 6.8 1.6
v 23.5 6.6 1.6
v 23.5 6.8 1.6
v 24.1 6.4 1.6
v 24.1 6.6 1.6
v 24.3 6.4 1.6
v 24.3 6.6 1.6
v 24.5 5.8 1.6
v 24.5 6.4 1.6
v 24.7 5.8 1.6
v 24.7 6.4 1.6
v 14.9 6.6 1.4
v 14.9 6.8 1.4
v 15.1 6.6 1.4
v 15.1 6.8 1.4
v 16.9 6.8 1.4
v 16.9 7 1.4
v 17.1 6.8 1.4
v 17.1 7 1.4
v 17.1 7.4 1.4
v 17.3 7 1.4
v 17.3 7.4 1.4
v 21.3 7 1.4
v 21.3 7.4 1.4
v 21.5 6.8 1.4
v 21.5 7 1.4
v 21.5 7.4 1.4
v 21.7 6.8 1.4
v 21.7 7 1.4
v 23.5 6.6 1.4
v 23.5 6.8 1.4
v 23.7 6.6 1.4
v 23.7 6.8 1.4
v 13.7 5.8 1.2
v 13.7 6.4 1.2
v 13.9 5.8 1.2
v 13.9 6.4 1.2
v 14.1 6.4 1.2
v 14.1 6.6 1.2
v 14.3 6.4 1.2
v 14.3 6.6 1.2
v 16.7 6.8 1.2
v 16.7 7 1.2
v 16.7 7.4 1.2
v 16.7 7.6 1.2
v 16.9 6.8 1.2
v 16.9 7 1.2
v 16.9 7.4 1.2
v 16.9 7.6 1.2
v 17.1 7 1.2
v 17.1 7.4 1.2
v 21.5 7 1.2
v 21.5 7.4 1.2
v 21.7 6.8 1.2
v 21.7 7 1.2
v 21.7 7.4 1.2
v 21.7 7.6 1.2
v 21.9 6.8 1.2
v 21.9 7 1.2
v 21.9 7.4 1.2
v 21.9 7.6 1.2
v 24.3 6.4 1.2
v 24.3 6.6 1.2
v 24.5 6.4 1.2
v 24.5 6.6 1.2
v 24.7 5.8 1.2
v 24.7 6.4 1.2
v 24.9 5.8 1.2
v 24.9 6.4 1.2
v 14.7 6.6 1
v 14.7 6.8 1
v 14.9 6.6 1
v 14.9 6.8 1
v 16.5 6.8 1
v 16.5 7 1
v 16.5 7.4 1
v 16.5 7.6 1
v 16.7 6.8 1
v 16.7 7 1
v 16.7 7.4 1
v 16.7 7.6 1
v 16.9 7 1
v 16.9 7.4 1
v 21.7 7 1
v 21.7 7.4 1
v 21.9 6.8 1
v 21.9 7 1
v 21.9 7.4 1
v 21.9 7.6 1
v 22.1 6.8 1
v 22.1 7 1
v 22.1 7.4 1
v 22.1 7.6 1
v 23.7 6.6 1
v 23.7 6.8 1
v 23.9 6.6 1
v 23.9 6.8 1
v 16.3 6.8 0.800001
v 16.3 7 0.800001
v 16.3 7.4 0.800001
v 16.3 7.6 0.800001
v 16.5 6.8 0.800001
v 16.5 7 0.800001
v 16.5 7.4 0.800001
v 16.5 7.6 0.800001
v 16.7 7 0.800001
v 16.7 7.4 0.800001
v 21.9 7 0.800001
v 21.9 7.4 0.800001
v 22.1 6.8 0.800001
v 22.1 7 0.800001
v 22.1 7.4 0.800001
v 22.1 7.6 0.800001
v 22.3 6.8 0.800001
v 22.3 7 0.800001
v 22.3 7.4 0.800001
v 22.3 7.6 0.800001
v 13.5 5.8 0.6
v 13.5 6.4 0.6
v 13.7 5.8 0.6
v 13.7 6.4 0.6
v 13.9 6.4 0.6
v 13.9 6.6 0.6
v 14.1 6.4 0.6
v 14.1 6.6 0.6
v 14.5 6.6 0.6
v 14.5 6.8 0.6
v 14.7 6.6 0.6
v 14.7 6.8 0.6
v 16.1 6.8 0.6
v 16.1 7 0.6
v 16.1 7.4 0.6
v 16.1 7.6 0.6
v 16.3 6.8 0.6
v 16.3 7 0.6
v 16.3 7.4 0.6
v 16.3 7.6 0.6
v 16.5 7 0.6
v 16.5 7.4 0.6
v 22.1 7 0.6
v 22.1 7.4 0.6
v 22.3 6.8 0.6
v 22.3 7 0.6
v 22.3 7.4 0.6
v 22.3 7.6 0.6
v 22.5 6.8 0.6
v 22.5 7 0.6
v 22.5 7.4 0.6
v 22.5 7.6 0.6
v 23.9 6.6 0.6
v 23.9 6.8 0.6
v 24.1 6.6 0.6
v 24.1 6.8 0.6
v 24.5 6.4 0.6
v 24.5 6.6 0.6
v 24.7 6.4 0.6
v 24.7 6.6 0.6
v 24.9 5.8 0.6
v 24.9 6.4 0.6
v 25.1 5.8 0.6
v 25.1 6.4 0.6
v 15.9 6.8 0.200001
v 15.9 7 0.200001
v 15.9 7.4 0.200001
v 15.9 7.6 0.200001
v 16.1 6.8 0.200001
v 16.1 7 0.200001
v 16.1 7.4 0.200001
v 16.1 7.6 0.200001
v 16.3 7 0.200001
v 16.3 7.4 0.200001
v 22.3 7 0.200001
v 22.3 7.4 0.200001
v 22.5 6.8 0.200001
v 22.5 7 0.200001
v 22.5 7.4 0.200001
v 22.5 7.6 0.200001
v 22.7 6.8 0.200001
v 22.7 7 0.200001
v 22.7 7.4 0.200001
v 22.7 7.6 0.200001
v 13.3 5.8 -0.199999
v 13.3 6.2 -0.199999
v 13.5 5.8 -0.199999
v 13.5 6.2 -0.199999
v 13.7 6.4 -0.199999
v 13.7 6.6 -0.199999
v 13.9 6.4 -0.199999
v 13.9 6.6 -0.199999
v 14.3 6.6 -0.199999
v 14.3 6.8 -0.199999
v 14.5 6.6 -0.199999
v 14.5 6.8 -0.199999
v 24.1 6.6 -0.199999
v 24.1 6.8 -0.199999
v 24.3 6.6 -0.199999
v 24.3 6.8 -0.199999
v 24.7 6.4 -0.199999
v 24.7 6.6 -0.199999
v 24.9 6.4 -0.199999
v 24.9 6.6 -0.199999
v 25.1 5.8 -0.199999
v 25.1 6.2 -0.199999
v 25.3 5.8 -0.199999
v 25.3 6.2 -0.199999
v 15.7 6.8 -0.4
v 15.7 7 -0.4
v 15.7 7.4 -0.4
v 15.7 7.6 -0.4
v 15.9 6.8 -0.4
v 15.9 7 -0.4
v 15.9 7.4 -0.4
v 15.9 7.6 -0.4
v 16.1 7 -0.4
v 16.1 7.4 -0.4
v 22.5 7 -0.4
v 22.5 7.4 -0.4
v 22.7 6.8 -0.4
v 22.7 7 -0.4
v 22.7 7.4 -0.4
v 22.7 7.6 -0.4
v 22.9 6.8 -0.4
v 22.9 7 -0.4
v 22.9 7.4 -0.4
v 22.9 7.6 -0.4
v 13.7 7.4 -4.8
v 13.7 7.6 -4.8
v 13.9 7.2 -4.8
v 13.9 7.4 -4.8
v 14.3 7.2 -4.8
v 14.3 7.4 -4.8
v 14.5 7.4 -4.8
v 14.5 7.6 -4.8
v 24.1 7.4 -4.8
v 24.1 7.6 -4.8
v 24.3 7.2 -4.8
v 24.3 7.4 -4.8
v 24.7 7.2 -4.8
v 24.7 7.4 -4.8
v 24.9 7.4 -4.8
v 24.9 7.6 -4.8
v 13.7 7.2 -5
v 13.7 7.4 -5
v 13.9 7 -5
v 13.9 7.2 -5
v 13.9 7.4 -5
v 14.3 7 -5
v 14.3 7.2 -5
v 14.3 7.4 -5
v 14.5 7.2 -5
v 14.5 7.4 -5
v 24.1 7.2 -5
v 24.1 7.4 -5
v 24.3 7 -5
v 24.3 7.2 -5
v 24.3 7.4 -5
v 24.7 7 -5
v 24.7 7.2 -5
v 24.7 7.4 -5
v 24.9 7.2 -5
v 24.9 7.4 -5
v 9.4 2.4 9.6
v 9.4 2.5 9.6
v 9.4 3.5 9.6
v 9.4 3.6 9.6
v 9.4 3.8 9.6
v 9.4 3.9 9.6
v 9.4 5.2 9.6
v 9.4 5.3 9.6
v 9.5 2.4 9.6
v 9.5 2.5 9.6
v 9.5 3.5 9.6
v 9.5 3.6 9.6
v 9.5 3.8 9.6
v 9.5 3.9 9.6
v 9.5 5.2 9.6
v 9.5 5.3 9.6
v 9.9 5 9.6
v 9.9 5.2 9.6
v 10.6 2.1 9.6
v 10.6 2.2 9.6
v 10.6 2.4 9.6
v 10.6 2.5 9.6
v 10.6 3.5 9.6
v 10.6 3.6 9.6
v 10.7 2.1 9.6
v 10.7 2.2 9.6
v 10.7 2.4 9.6
v 10.7 2.5 9.6
v 10.7 3.5 9.6
v 10.7 3.6 9.6
v 10.9 2.1 9.6
v 10.9 2.2 9.6
v 10.9 2.4 9.6
v 10.9 2.5 9.6
v 10.9 3.5 9.6
v 10.9 3.6 9.6
v 10.9 3.8 9.6
v 10.9 3.9 9.6
v 10.9 4.9 9.6
v 10.9 5 9.6
v 11 2.1 9.6
v 11 2.2 9.6
v 11 2.4 9.6
v 11 2.5 9.6
v 11 3.5 9.6
v 11 3.6 9.6
v 11 3.8 9.6
v 11 3.9 9.6
v 11 4.9 9.6
v 11 5 9.6
v 15.4 3.8 9.6
v 15.4 3.9 9.6
v 15.4 4.9 9.6
v 15.4 5 9.6
v 15.5 3.8 9.6
v 15.5 3.9 9.6
v 15.5 4.9 9.6
v 15.5 5 9.6
v 16.5 5 9.6
v 16.5 5.2 9.6
v 15.5 1 9.5
v 15.5 2.2 9.5
v 15.5 2.4 9.5
v 15.5 3.4 9.5
v 15.5 3.6 9.5
v 15.5 3.8 9.5
v 15.5 5 9.5
v 15.7 1 9.5
v 15.7 2.2 9.5
v 15.7 2.4 9.5
v 15.7 3.4 9.5
v 15.7 3.6 9.5
v 15.7 3.8 9.5
v 15.7 5 9.5
v 16.1 3.6 9.5
v 16.5 5 9.5
v 16.5 5.2 9.5
v 16.7 3.6 9.5
v 16.9 2.2 9.5
v 16.9 2.4 9.5
v 16.9 3.6 9.5
v 16.9 3.8 9.5
v 16.9 5 9.5
v 16.9 5.2 9.5
v 17.6 2.2 9.5
v 17.6 2.4 9.5
v 17.6 3.6 9.5
v 17.6 3.8 9.5
v 17.8 2.2 9.5
v 17.8 2.4 9.5
v 17.8 3.6 9.5
v 17.8 3.8 9.5
v 17.9 2.2 9.5
v 17.9 2.4 9.5
v 17.9 3.6 9.5
v 17.9 3.8 9.5
v 18.1 2.2 9.5
v 18.1 2.4 9.5
v 18.1 3.6 9.5
v 18.1 3.8 9.5
v 18.3 2.2 9.5
v 18.3 2.4 9.5
v 18.3 3.6 9.5
v 18.3 3.8 9.5
v 18.5 2.2 9.5
v 18.5 2.4 9.5
v 18.5 3.6 9.5
v 18.5 3.8 9.5
v 9.3 0.2 7.2
v 9.3 5.7 7.2
v 9.4 0.1 7.2
v 9.4 0.2 7.2
v 9.4 5.7 7.2
v 9.4 5.8 7.2
v 9.5 0.1 7.2
v 9.5 0.2 7.2
v 9.5 5.7 7.2
v 29.1 0.1 7.2
v 29.1 0.2 7.2
v 29.1 5.7 7.2
v 29.2 0.1 7.2
v 29.2 0.2 7.2
v 29.2 5.7 7.2
v 29.2 5.8 7.2
v 29.3 0.2 7.2
v 29.3 5.7 7.2
v 13.7 7.2 2.8
v 13.7 7.4 2.8
v 13.9 7 2.8
v 13.9 7.2 2.8
v 13.9 7.4 2.8
v 14.3 7 2.8
v 14.3 7.2 2.8
v 14.3 7.4 2.8
v 14.5 7.2 2.8
v 14.5 7.4 2.8
v 24.1 7.2 2.8
v 24.1 7.4 2.8
v 24.3 7 2.8
v 24.3 7.2 2.8
v 24.3 7.4 2.8
v 24.7 7 2.8
v 24.7 7.2 2.8
v 24.7 7.4 2.8
v 24.9 7.2 2.8
v 24.9 7.4 2.8
v 13.7 7.4 2.6
v 13.7 7.6 2.6
v 13.9 7.2 2.6
v 13.9 7.4 2.6
v 14.3 7.2 2.6
v 14.3 7.4 2.6
v 14.5 7.4 2.6
v 14.5 7.6 2.6
v 24.1 7.4 2.6
v 24.1 7.6 2.6
v 24.3 7.2 2.6
v 24.3 7.4 2.6
v 24.7 7.2 2.6
v 24.7 7.4 2.6
v 24.9 7.4 2.6
v 24.9 7.6 2.6
v 13.3 5.8 -2.2
v 13.3 6.2 -2.2
v 13.5 5.8 -2.2
v 13.5 6.2 -2.2
v 13.7 6.4 -2.2
v 13.7 6.6 -2.2
v 13.9 6.4 -2.2
v 13.9 6.6 -2.2
v 14.3 6.6 -2.2
v 14.3 6.8 -2.2
v 14.5 6.6 -2.2
v 14.5 6.8 -2.2
v 15.7 6.8 -2.2
v 15.7 7 -2.2
v 15.7 7.4 -2.2
v 15.7 7.6 -2.2
v 15.9 6.8 -2.2
v 15.9 7 -2.2
v 15.9 7.4 -2.2
v 15.9 7.6 -2.2
v 16.1 7 -2.2
v 16.1 7.4 -2.2
v 22.5 7 -2.2
v 22.5 7.4 -2.2
v 22.7 6.8 -2.2
v 22.7 7 -2.2
v 22.7 7.4 -2.2
v 22.7 7.6 -2.2
v 22.9 6.8 -2.2
v 22.9 7 -2.2
v 22.9 7.4 -2.2
v 22.9 7.6 -2.2
v 24.1 6.6 -2.2
v 24.1 6.8 -2.2
v 24.3 6.6 -2.2
v 24.3 6.8 -2.2
v 24.7 6.4 -2.2
v 24.7 6.6 -2.2
v 24.9 6.4 -2.2
v 24.9 6.6 -2.2
v 25.1 5.8 -2.2
v 25.1 6.2 -2.2
v 25.3 5.8 -2.2
v 25.3 6.2 -2.2
v 15.9 6.8 -2.8
v 15.9 7 -2.8
v 15.9 7.4 -2.8
v 15.9 7.6 -2.8
v 16.1 6.8 -2.8
v 16.1 7 -2.8
v 16.1 7.4 -2.8
v 16.1 7.6 -2.8
v 16.3 7 -2.8
v 16.3 7.4 -2.8
v 22.3 7 -2.8
v 22.3 7.4 -2.8
v 22.5 6.8 -2.8
v 22.5 7 -2.8
v 22.5 7.4 -2.8
v 22.5 7.6 -2.8
v 22.7 6.8 -2.8
v 22.7 7 -2.8
v 22.7 7.4 -2.8
v 22.7 7.6 -2.8
v 13.5 5.8 -3
v 13.5 6.4 -3
v 13.7 5.8 -3
v 13.7 6.4 -3
v 13.9 6.4 -3
v 13.9 6.6 -3
v 14.1 6.4 -3
v 14.1 6.6 -3
v 14.5 6.6 -3
v 14.5 6.8 -3
v 14.7 6.6 -3
v 14.7 6.8 -3
v 23.9 6.6 -3
v 23.9 6.8 -3
v 24.1 6.6 -3
v 24.1 6.8 -3
v 24.5 6.4 -3
v 24.5 6.6 -3
v 24.7 6.4 -3
v 24.7 6.6 -3
v 24.9 5.8 -3
v 24.9 6.4 -3
v 25.1 5.8 -3
v 25.1 6.4 -3
v 16.1 6.8 -3.2
v 16.1 7 -3.2
v 16.1 7.4 -3.2
v 16.1 7.6 -3.2
v 16.3 6.8 -3.2
v 16.3 7 -3.2
v 16.3 7.4 -3.2
v 16.3 7.6 -3.2
v 16.5 7 -3.2
v 16.5 7.4 -3.2
v 22.1 7 -3.2
v 22.1 7.4 -3.2
v 22.3 6.8 -3.2
v 22.3 7 -3.2
v 22.3 7.4 -3.2
v 22.3 7.6 -3.2
v 22.5 6.8 -3.2
v 22.5 7 -3.2
v 22.5 7.4 -3.2
v 22.5 7.6 -3.2
v 14.7 6.6 -3.4
v 14.7 6.8 -3.4
v 14.9 6.6 -3.4
v 14.9 6.8 -3.4
v 16.3 6.8 -3.4
v 16.3 7 -3.4
v 16.3 7.4 -3.4
v 16.3 7.6 -3.4
v 16.5 6.8 -3.4
v 16.5 7 -3.4
v 16.5 7.4 -3.4
v 16.5 7.6 -3.4
v 16.7 7 -3.4
v 16.7 7.4 -3.4
v 21.9 7 -3.4
v 21.9 7.4 -3.4
v 22.1 6.8 -3.4
v 22.1 7 -3.4
v 22.1 7.4 -3.4
v 22.1 7.6 -3.4
v 22.3 6.8 -3.4
v 22.3 7 -3.4
v 22.3 7.4 -3.4
v 22.3 7.6 -3.4
v 23.7 6.6 -3.4
v 23.7 6.8 -3.4
v 23.9 6.6 -3.4
v 23.9 6.8 -3.4
v 13.7 5.8 -3.6
v 13.7 6.4 -3.6
v 13.9 5.8 -3.6
v 13.9 6.4 -3.6
v 14.1 6.4 -3.6
v 14.1 6.6 -3.6
v 14.3 6.4 -3.6
v 14.3 6.6 -3.6
v 16.5 6.8 -3.6
v 16.5 7 -3.6
v 16.5 7.4 -3.6
v 16.5 7.6 -3.6
v 16.7 6.8 -3.6
v 16.7 7 -3.6
v 16.7 7.4 -3.6
v 16.7 7.6 -3.6
v 16.9 7 -3.6
v 16.9 7.4 -3.6
v 21.7 7 -3.6
v 21.7 7.4 -3.6
v 21.9 6.8 -3.6
v 21.9 7 -3.6
v 21.9 7.4 -3.6
v 21.9 7.6 -3.6
v 22.1 6.8 -3.6
v 22.1 7 -3.6
v 22.1 7.4 -3.6
v 22.1 7.6 -3.6
v 24.3 6.4 -3.6
v 24.3 6.6 -3.6
v 24.5 6.4 -3.6
v 24.5 6.6 -3.6
v 24.7 5.8 -3.6
v 24.7 6.4 -3.6
v 24.9 5.8 -3.6
v 24.9 6.4 -3.6
v 14.9 6.6 -3.8
v 14.9 6.8 -3.8
v 15.1 6.6 -3.8
v 15.1 6.8 -3.8
v 16.7 6.8 -3.8
v 16.7 7 -3.8
v 16.7 7.4 -3.8
v 16.7 7.6 -3.8
v 16.9 6.8 -3.8
v 16.9 7 -3.8
v 16.9 7.4 -3.8
v 16.9 7.6 -3.8
v 17.1 7 -3.8
v 17.1 7.4 -3.8
v 21.5 7 -3.8
v 21.5 7.4 -3.8
v 21.7 6.8 -3.8
v 21.7 7 -3.8
v 21.7 7.4 -3.8
v 21.7 7.6 -3.8
v 21.9 6.8 -3.8
v 21.9 7 -3.8
v 21.9 7.4 -3.8
v 21.9 7.6 -3.8
v 23.5 6.6 -3.8
v 23.5 6.8 -3.8
v 23.7 6.6 -3.8
v 23.7 6.8 -3.8
v 13.9 5.8 -4
v 13.9 6.4 -4
v 14.1 5.8 -4
v 14.1 6.4 -4
v 14.3 6.4 -4
v 14.3 6.6 -4
v 14.5 6.4 -4
v 14.5 6.6 -4
v 15.1 6.6 -4
v 15.1 6.8 -4
v 15.3 6.6 -4
v 15.3 6.8 -4
v 16.9 6.8 -4
v 16.9 7 -4
v 17.1 6.8 -4
v 17.1 7 -4
v 17.1 7.4 -4
v 17.3 7 -4
v 17.3 7.4 -4
v 21.3 7 -4
v 21.3 7.4 -4
v 21.5 6.8 -4
v 21.5 7 -4
v 21.5 7.4 -4
v 21.7 6.8 -4
v 21.7 7 -4
v 23.3 6.6 -4
v 23.3 6.8 -4
v 23.5 6.6 -4
v 23.5 6.8 -4
v 24.1 6.4 -4
v 24.1 6.6 -4
v 24.3 6.4 -4
v 24.3 6.6 -4
v 24.5 5.8 -4
v 24.5 6.4 -4
v 24.7 5.8 -4
v 24.7 6.4 -4
v 17.1 6.8 -4.2
v 17.1 7 -4.2
v 17.3 6.8 -4.2
v 17.3 7 -4.2
v 17.3 7.4 -4.2
v 17.7 7 -4.2
v 17.7 7.4 -4.2
v 20.9 7 -4.2
v 20.9 7.4 -4.2
v 21.3 6.8 -4.2
v 21.3 7 -4.2
v 21.3 7.4 -4.2
v 21.5 6.8 -4.2
v 21.5 7 -4.2
v 14.1 5.8 -4.4
v 14.1 6.4 -4.4
v 14.3 5.8 -4.4
v 14.3 6.4 -4.4
v 14.5 6.4 -4.4
v 14.5 6.6 -4.4
v 14.7 6.4 -4.4
v 14.7 6.6 -4.4
v 15.3 6.6 -4.4
v 15.3 6.8 -4.4
v 15.5 6.6 -4.4
v 15.5 6.8 -4.4
v 16.9 7.4 -4.4
v 16.9 7.6 -4.4
v 17.1 7.4 -4.4
v 17.1 7.6 -4.4
v 17.3 6.8 -4.4
v 17.3 7 -4.4
v 17.7 6.8 -4.4
v 17.7 7 -4.4
v 17.7 7.4 -4.4
v 18.3 7 -4.4
v 18.3 7.4 -4.4
v 20.3 7 -4.4
v 20.3 7.4 -4.4
v 20.9 6.8 -4.4
v 20.9 7 -4.4
v 20.9 7.4 -4.4
v 21.3 6.8 -4.4
v 21.3 7 -4.4
v 23.1 6.6 -4.4
v 23.1 6.8 -4.4
v 23.3 6.6 -4.4
v 23.3 6.8 -4.4
v 23.9 6.4 -4.4
v 23.9 6.6 -4.4
v 24.1 6.4 -4.4
v 24.1 6.6 -4.4
v 24.3 5.8 -4.4
v 24.3 6.4 -4.4
v 24.5 5.8 -4.4
v 24.5 6.4 -4.4
v 14.3 5.8 -4.6
v 14.3 6.4 -4.6
v 14.5 5.8 -4.6
v 14.5 6.4 -4.6
v 14.7 6.4 -4.6
v 14.7 6.6 -4.6
v 14.9 6.4 -4.6
v 14.9 6.6 -4.6
v 15.5 6.6 -4.6
v 15.5 6.8 -4.6
v 15.7 6.6 -4.6
v 15.7 6.8 -4.6
v 17.7 6.8 -4.6
v 17.7 7 -4.6
v 18.3 6.8 -4.6
v 18.3 7 -4.6
v 18.3 7.4 -4.6
v 20.3 6.8 -4.6
v 20.3 7 -4.6
v 20.3 7.4 -4.6
v 20.9 6.8 -4.6
v 20.9 7 -4.6
v 22.9 6.6 -4.6
v 22.9 6.8 -4.6
v 23.1 6.6 -4.6
v 23.1 6.8 -4.6
v 23.7 6.4 -4.6
v 23.7 6.6 -4.6
v 23.9 6.4 -4.6
v 23.9 6.6 -4.6
v 24.1 5.8 -4.6
v 24.1 6.4 -4.6
v 24.3 5.8 -4.6
v 24.3 6.4 -4.6
v 15.7 6.6 -4.8
v 15.7 6.8 -4.8
v 15.9 6.6 -4.8
v 15.9 6.8 -4.8
v 18.3 6.8 -4.8
v 18.3 7 -4.8
v 20.3 6.8 -4.8
v 20.3 7 -4.8
v 22.7 6.6 -4.8
v 22.7 6.8 -4.8
v 22.9 6.6 -4.8
v 22.9 6.8 -4.8
v 14.5 5.8 -5
v 14.5 6.4 -5
v 14.7 5.8 -5
v 14.7 6.4 -5
v 14.9 6.4 -5
v 14.9 6.6 -5
v 15.1 6.4 -5
v 15.1 6.6 -5
v 15.9 6.6 -5
v 15.9 6.8 -5
v 16.1 6.6 -5
v 16.1 6.8 -5
v 22.5 6.6 -5
v 22.5 6.8 -5
v 22.7 6.6 -5
v 22.7 6.8 -5
v 23.5 6.4 -5
v 23.5 6.6 -5
v 23.7 6.4 -5
v 23.7 6.6 -5
v 23.9 5.8 -5
v 23.9 6.4 -5
v 24.1 5.8 -5
v 24.1 6.4 -5
v 14.7 5.8 -5.2
v 14.7 6.4 -5.2
v 14.9 5.8 -5.2
v 14.9 6.4 -5.2
v 15.1 6.4 -5.2
v 15.1 6.6 -5.2
v 15.3 6.4 -5.2
v 15.3 6.6 -5.2
v 16.1 6.6 -5.2
v 16.1 6.8 -5.2
v 16.5 6.6 -5.2
v 16.5 6.8 -5.2
v 22.1 6.6 -5.2
v 22.1 6.8 -5.2
v 22.5 6.6 -5.2
v 22.5 6.8 -5.2
v 23.3 6.4 -5.2
v 23.3 6.6 -5.2
v 23.5 6.4 -5.2
v 23.5 6.6 -5.2
v 23.7 5.8 -5.2
v 23.7 6.4 -5.2
v 23.9 5.8 -5.2
v 23.9 6.4 -5.2
v 13.7 7.2 -5.4
v 13.7 7.4 -5.4
v 13.9 7 -5.4
v 13.9 7.2 -5.4
v 13.9 7.4 -5.4
v 14.3 7 -5.4
v 14.3 7.2 -5.4
v 14.3 7.4 -5.4
v 14.5 7.2 -5.4
v 14.5 7.4 -5.4
v 14.9 5.8 -5.4
v 14.9 6.4 -5.4
v 15.1 5.8 -5.4
v 15.1 6.4 -5.4
v 15.3 6.4 -5.4
v 15.3 6.6 -5.4
v 15.5 6.4 -5.4
v 15.5 6.6 -5.4
v 16.5 6.6 -5.4
v 16.5 6.8 -5.4
v 16.7 6.6 -5.4
v 16.7 6.8 -5.4
v 21.9 6.6 -5.4
v 21.9 6.8 -5.4
v 22.1 6.6 -5.4
v 22.1 6.8 -5.4
v 23.1 6.4 -5.4
v 23.1 6.6 -5.4
v 23.3 6.4 -5.4
v 23.3 6.6 -5.4
v 23.5 5.8 -5.4
v 23.5 6.4 -5.4
v 23.7 5.8 -5.4
v 23.7 6.4 -5.4
v 24.1 7.2 -5.4
v 24.1 7.4 -5.4
v 24.3 7 -5.4
v 24.3 7.2 -5.4
v 24.3 7.4 -5.4
v 24.7 7 -5.4
v 24.7 7.2 -5.4
v 24.7 7.4 -5.4
v 24.9 7.2 -5.4
v 24.9 7.4 -5.4
v 13.7 7.4 -5.6
v 13.7 7.6 -5.6
v 13.9 7.2 -5.6
v 13.9 7.4 -5.6
v 14.3 7.2 -5.6
v 14.3 7.4 -5.6
v 14.5 7.4 -5.6
v 14.5 7.6 -5.6
v 15.1 5.8 -5.6
v 15.1 6.4 -5.6
v 15.3 5.8 -5.6
v 15.3 6.4 -5.6
v 15.5 6.4 -5.6
v 15.5 6.6 -5.6
v 15.7 6.4 -5.6
v 15.7 6.6 -5.6
v 16.7 6.6 -5.6
v 16.7 6.8 -5.6
v 17.1 6.6 -5.6
v 17.1 6.8 -5.6
v 21.5 6.6 -5.6
v 21.5 6.8 -5.6
v 21.9 6.6 -5.6
v 21.9 6.8 -5.6
v 22.9 6.4 -5.6
v 22.9 6.6 -5.6
v 23.1 6.4 -5.6
v 23.1 6.6 -5.6
v 23.3 5.8 -5.6
v 23.3 6.4 -5.6
v 23.5 5.8 -5.6
v 23.5 6.4 -5.6
v 24.1 7.4 -5.6
v 24.1 7.6 -5.6
v 24.3 7.2 -5.6
v 24.3 7.4 -5.6
v 24.7 7.2 -5.6
v 24.7 7.4 -5.6
v 24.9 7.4 -5.6
v 24.9 7.6 -5.6
v 15.3 5.8 -5.8
v 15.3 6.4 -5.8
v 15.5 5.8 -5.8
v 15.5 6.4 -5.8
v 15.7 6.4 -5.8
v 15.7 6.6 -5.8
v 16.1 6.4 -5.8
v 16.1 6.6 -5.8
v 17.1 6.6 -5.8
v 17.1 6.8 -5.8
v 17.5 6.6 -5.8
v 17.5 6.8 -5.8
v 21.1 6.6 -5.8
v 21.1 6.8 -5.8
v 21.5 6.6 -5.8
v 21.5 6.8 -5.8
v 22.5 6.4 -5.8
v 22.5 6.6 -5.8
v 22.9 6.4 -5.8
v 22.9 6.6 -5.8
v 23.1 5.8 -5.8
v 23.1 6.4 -5.8
v 23.3 5.8 -5.8
v 23.3 6.4 -5.8
v 15.5 5.8 -6
v 15.5 6.4 -6
v 15.9 5.8 -6
v 15.9 6.4 -6
v 16.1 6.4 -6
v 16.1 6.6 -6
v 16.5 6.4 -6
v 16.5 6.6 -6
v 17.5 6.6 -6
v 17.5 6.8 -6
v 18.3 6.6 -6
v 18.3 6.8 -6
v 20.3 6.6 -6
v 20.3 6.8 -6
v 21.1 6.6 -6
v 21.1 6.8 -6
v 22.1 6.4 -6
v 22.1 6.6 -6
v 22.5 6.4 -6
v 22.5 6.6 -6
v 22.7 5.8 -6
v 22.7 6.4 -6
v 23.1 5.8 -6
v 23.1 6.4 -6
v 13.1 7.8 -6.2
v 13.1 8.2 -6.2
v 13.5 7.6 -6.2
v 13.5 7.8 -6.2
v 15.9 5.8 -6.2
v 15.9 6.4 -6.2
v 16.1 5.8 -6.2
v 16.1 6.4 -6.2
v 16.5 6.4 -6.2
v 16.5 6.6 -6.2
v 16.9 6.4 -6.2
v 16.9 6.6 -6.2
v 17.1 7.4 -6.2
v 17.1 7.6 -6.2
v 18.3 6.6 -6.2
v 18.3 6.8 -6.2
v 20.3 6.6 -6.2
v 20.3 6.8 -6.2
v 21.7 6.4 -6.2
v 21.7 6.6 -6.2
v 21.7 7.4 -6.2
v 21.7 7.6 -6.2
v 22.1 6.4 -6.2
v 22.1 6.6 -6.2
v 22.5 5.8 -6.2
v 22.5 6.4 -6.2
v 22.7 5.8 -6.2
v 22.7 6.4 -6.2
v 25.1 7.6 -6.2
v 25.1 7.8 -6.2
v 25.5 7.8 -6.2
v 25.5 8.2 -6.2
v 16.1 5.8 -6.4
v 16.1 6.4 -6.4
v 16.5 5.8 -6.4
v 16.5 6.4 -6.4
v 16.9 6.4 -6.4
v 16.9 6.6 -6.4
v 17.5 6.4 -6.4
v 17.5 6.6 -6.4
v 21.1 6.4 -6.4
v 21.1 6.6 -6.4
v 21.7 6.4 -6.4
v 21.7 6.6 -6.4
v 22.1 5.8 -6.4
v 22.1 6.4 -6.4
v 22.5 5.8 -6.4
v 22.5 6.4 -6.4
v 16.5 5.8 -6.6
v 16.5 6.4 -6.6
v 16.9 5.8 -6.6
v 16.9 6.4 -6.6
v 17.5 6.4 -6.6
v 17.5 6.6 -6.6
v 18.3 6.4 -6.6
v 18.3 6.6 -6.6
v 20.3 6.4 -6.6
v 20.3 6.6 -6.6
v 21.1 6.4 -6.6
v 21.1 6.6 -6.6
v 21.7 5.8 -6.6
v 21.7 6.4 -6.6
v 22.1 5.8 -6.6
v 22.1 6.4 -6.6
v 16.9 5.8 -6.8
v 16.9 6.4 -6.8
v 17.5 5.8 -6.8
v 17.5 6.4 -6.8
v 18.3 6.4 -6.8
v 18.3 6.6 -6.8
v 20.3 6.4 -6.8
v 20.3 6.6 -6.8
v 21.1 5.8 -6.8
v 21.1 6.4 -6.8
v 21.7 5.8 -6.8
v 21.7 6.4 -6.8
v 17.5 5.8 -7
v 17.5 6.4 -7
v 18.3 5.8 -7
v 18.3 6.2 -7
v 20.3 5.8 -7
v 20.3 6.2 -7
v 21.1 5.8 -7
v 21.1 6.4 -7
v 18.3 5.8 -7.2
v 18.3 6.2 -7.2
v 20.3 5.8 -7.2
v 20.3 6.2 -7.2
v 9.3 0.1 -10.3
v 9.3 5.7 -10.3
v 9.4 0.1 -10.3
v 9.4 5.7 -10.3
v 9.4 5.8 -10.3
v 29.2 0.1 -10.3
v 29.2 5.7 -10.3
v 29.2 5.8 -10.3
v 29.3 0.1 -10.3
v 29.3 5.7 -10.3
v 9.4 0.1 -10.4
v 9.4 5.7 -10.4
v 9.5 0 -10.4
v 9.5 0.1 -10.4
v 9.8 0 -10.4
v 9.8 0.8 -10.4
v 9.9 0 -10.4
v 9.9 0.8 -10.4
v 10.3 0 -10.4
v 10.3 0.8 -10.4
v 10.7 0 -10.4
v 10.7 0.8 -10.4
v 11.1 0 -10.4
v 11.1 0.8 -10.4
v 11.5 0 -10.4
v 11.5 0.8 -10.4
v 11.9 0 -10.4
v 11.9 0.8 -10.4
v 12.3 0 -10.4
v 12.3 0.8 -10.4
v 12.7 0 -10.4
v 12.7 0.8 -10.4
v 13.1 0 -10.4
v 13.1 0.8 -10.4
v 13.5 0 -10.4
v 13.5 0.8 -10.4
v 13.9 0 -10.4
v 13.9 0.8 -10.4
v 14.3 0 -10.4
v 14.3 0.8 -10.4
v 14.7 0 -10.4
v 14.7 0.8 -10.4
v 15.1 0 -10.4
v 15.1 0.8 -10.4
v 15.5 0 -10.4
v 15.5 0.8 -10.4
v 15.9 0 -10.4
v 15.9 0.8 -10.4
v 16.3 0 -10.4
v 16.3 0.8 -10.4
v 16.7 0 -10.4
v 16.7 0.8 -10.4
v 17.1 0 -10.4
v 17.1 0.8 -10.4
v 17.5 0 -10.4
v 17.5 0.8 -10.4
v 17.9 0 -10.4
v 17.9 0.8 -10.4
v 18.3 0 -10.4
v 18.3 0.8 -10.4
v 18.7 0 -10.4
v 18.7 0.8 -10.4
v 19.1 0 -10.4
v 19.1 0.8 -10.4
v 19.5 0 -10.4
v 19.5 0.8 -10.4
v 19.9 0 -10.4
v 19.9 0.8 -10.4
v 20.3 0 -10.4
v 20.3 0.8 -10.4
v 20.7 0 -10.4
v 20.7 0.8 -10.4
v 21.1 0 -10.4
v 21.1 0.8 -10.4
v 21.5 0 -10.4
v 21.5 0.8 -10.4
v 21.9 0 -10.4
v 21.9 0.8 -10.4
v 22.3 0 -10.4
v 22.3 0.8 -10.4
v 22.7 0 -10.4
v 22.7 0.8 -10.4
v 23.1 0 -10.4
v 23.1 0.8 -10.4
v 23.5 0 -10.4
v 23.5 0.8 -10.4
v 23.9 0 -10.4
v 23.9 0.8 -10.4
v 24.3 0 -10.4
v 24.3 0.8 -10.4
v 24.7 0 -10.4
v 24.7 0.8 -10.4
v 25.1 0 -10.4
v 25.1 0.8 -10.4
v 25.5 0 -10.4
v 25.5 0.8 -10.4
v 25.9 0 -10.4
v 25.9 0.8 -10.4
v 26.3 0 -10.4
v 26.3 0.8 -10.4
v 26.7 0 -10.4
v 26.7 0.8 -10.4
v 27.1 0 -10.4
v 27.1 0.8 -10.4
v 27.5 0 -10.4
v 27.5 0.8 -10.4
v 27.9 0 -10.4
v 27.9 0.8 -10.4
v 28.3 0 -10.4
v 28.3 0.8 -10.4
v 28.7 0 -10.4
v 28.7 0.8 -10.4
v 28.8 0 -10.4
v 28.8 0.8 -10.4
v 29.1 0 -10.4
v 29.1 0.1 -10.4
v 29.2 0.1 -10.4
v 29.2 5.7 -10.4
v 9.5 0 9.5
v 9.8 0 9.5
v 9.9 0 9.5
v 10.3 0 9.5
v 10.7 0 9.5
v 11.1 0 9.5
v 11.5 0 9.5
v 11.9 0 9.5
v 12.3 0 9.5
v 12.7 0 9.5
v 13.1 0 9.5
v 13.5 0 9.5
v 13.9 0 9.5
v 14.3 0 9.5
v 14.7 0 9.5
v 15.1 0 9.5
v 15.5 0 9.5
v 15.9 0 9.5
v 16.3 0 9.5
v 16.7 0 9.5
v 17.1 0 9.5
v 17.5 0 9.5
v 17.9 0 9.5
v 18.3 0 9.5
v 18.7 0 9.5
v 19.1 0 9.5
v 19.5 0 9.5
v 19.9 0 9.5
v 20.3 0 9.5
v 20.7 0 9.5
v 21.1 0 9.5
v 21.5 0 9.5
v 21.9 0 9.5
v 22.3 0 9.5
v 22.7 0 9.5
v 23.1 0 9.5
v 23.5 0 9.5
v 23.9 0 9.5
v 24.3 0 9.5
v 24.7 0 9.5
v 25.1 0 9.5
v 25.5 0 9.5
v 25.9 0 9.5
v 26.3 0 9.5
v 26.7 0 9.5
v 27.1 0 9.5
v 27.5 0 9.5
v 27.9 0 9.5
v 28.3 0 9.5
v 28.7 0 9.5
v 28.8 0 9.5
v 29.1 0 9.5
v 9.5 0 -10.4
v 9.8 0 -10.4
v 9.9 0 -10.4
v 10.3 0 -10.4
v 10.7 0 -10.4
v 11.1 0 -10.4
v 11.5 0 -10.4
v 11.9 0 -10.4
v 12.3 0 -10.4
v 12.7 0 -10.4
v 13.1 0 -10.4
v 13.5 0 -10.4
v 13.9 0 -10.4
v 14.3 0 -10.4
v 14.7 0 -10.4
v 15.1 0 -10.4
v 15.5 0 -10.4
v 15.9 0 -10.4
v 16.3 0 -10.4
v 16.7 0 -10.4
v 17.1 0 -10.4
v 17.5 0 -10.4
v 17.9 0 -10.4
v 18.3 0 -10.4
v 18.7 0 -10.4
v 19.1 0 -10.4
v 19.5 0 -10.4
v 19.9 0 -10.4
v 20.3 0 -10.4
v 20.7 0 -10.4
v 21.1 0 -10.4
v 21.5 0 -10.4
v 21.9 0 -10.4
v 22.3 0 -10.4
v 22.7 0 -10.4
v 23.1 0 -10.4
v 23.5 0 -10.4
v 23.9 0 -10.4
v 24.3 0 -10.4
v 24.7 0 -10.4
v 25.1 0 -10.4
v 25.5 0 -10.4
v 25.9 0 -10.4
v 26.3 0 -10.4
v 26.7 0 -10.4
v 27.1 0 -10.4
v 27.5 0 -10.4
v 27.9 0 -10.4
v 28.3 0 -10.4
v 28.7 0 -10.4
v 28.8 0 -10.4
v 29.1 0 -10.4
v 9.5 0.1 9.6
v 9.8 0.1 9.6
v 9.9 0.1 9.6
v 10.3 0.1 9.6
v 10.7 0.1 9.6
v 11.1 0.1 9.6
v 11.5 0.1 9.6
v 11.9 0.1 9.6
v 12.3 0.1 9.6
v 12.7 0.1 9.6
v 13.1 0.1 9.6
v 13.5 0.1 9.6
v 13.9 0.1 9.6
v 14.3 0.1 9.6
v 14.7 0.1 9.6
v 15.1 0.1 9.6
v 15.5 0.1 9.6
v 15.9 0.1 9.6
v 16.3 0.1 9.6
v 16.7 0.1 9.6
v 17.1 0.1 9.6
v 17.5 0.1 9.6
v 17.9 0.1 9.6
v 18.3 0.1 9.6
v 18.7 0.1 9.6
v 19.1 0.1 9.6
v 19.5 0.1 9.6
v 19.9 0.1 9.6
v 20.3 0.1 9.6
v 20.7 0.1 9.6
v 21.1 0.1 9.6
v 21.5 0.1 9.6
v 21.9 0.1 9.6
v 22.3 0.1 9.6
v 22.7 0.1 9.6
v 23.1 0.1 9.6
v 23.5 0.1 9.6
v 23.9 0.1 9.6
v 24.3 0.1 9.6
v 24.7 0.1 9.6
v 25.1 0.1 9.6
v 25.5 0.1 9.6
v 25.9 0.1 9.6
v 26.3 0.1 9.6
v 26.7 0.1 9.6
v 27.1 0.1 9.6
v 27.5 0.1 9.6
v 27.9 0.1 9.6
v 28.3 0.1 9.6
v 28.7 0.1 9.6
v 28.8 0.1 9.6
v 29.1 0.1 9.6
v 9.4 0.1 9.5
v 9.5 0.1 9.5
v 9.8 0.1 9.5
v 9.9 0.1 9.5
v 10.3 0.1 9.5
v 10.7 0.1 9.5
v 11.1 0.1 9.5
v 11.5 0.1 9.5
v 11.9 0.1 9.5
v 12.3 0.1 9.5
v 12.7 0.1 9.5
v 13.1 0.1 9.5
v 13.5 0.1 9.5
v 13.9 0.1 9.5
v 14.3 0.1 9.5
v 14.7 0.1 9.5
v 15.1 0.1 9.5
v 15.5 0.1 9.5
v 15.9 0.1 9.5
v 16.3 0.1 9.5
v 16.7 0.1 9.5
v 17.1 0.1 9.5
v 17.5 0.1 9.5
v 17.9 0.1 9.5
v 18.3 0.1 9.5
v 18.7 0.1 9.5
v 19.1 0.1 9.5
v 19.5 0.1 9.5
v 19.9 0.1 9.5
v 20.3 0.1 9.5
v 20.7 0.1 9.5
v 21.1 0.1 9.5
v 21.5 0.1 9.5
v 21.9 0.1 9.5
v 22.3 0.1 9.5
v 22.7 0.1 9.5
v 23.1 0.1 9.5
v 23.5 0.1 9.5
v 23.9 0.1 9.5
v 24.3 0.1 9.5
v 24.7 0.1 9.5
v 25.1 0.1 9.5
v 25.5 0.1 9.5
v 25.9 0.1 9.5
v 26.3 0.1 9.5
v 26.7 0.1 9.5
v 27.1 0.1 9.5
v 27.5 0.1 9.5
v 27.9 0.1 9.5
v 28.3 0.1 9.5
v 28.7 0.1 9.5
v 28.8 0.1 9.5
v 29.1 0.1 9.5
v 29.2 0.1 9.5
v 9.4 0.1 7.2
v 9.5 0.1 7.2
v 29.1 0.1 7.2
v 29.2 0.1 7.2
v 9.3 0.1 7
v 9.5 0.1 7
v 29.1 0.1 7
v 29.3 0.1 7
v 9.3 0.1 -10.3
v 9.4 0.1 -10.3
v 29.2 0.1 -10.3
v 29.3 0.1 -10.3
v 9.4 0.1 -10.4
v 9.5 0.1 -10.4
v 29.1 0.1 -10.4
v 29.2 0.1 -10.4
v 9.4 0.2 9.6
v 9.5 0.2 9.6
v 29.1 0.2 9.6
v 29.2 0.2 9.6
v 9.3 0.2 9.5
v 9.4 0.2 9.5
v 9.5 0.2 9.5
v 29.1 0.2 9.5
v 29.2 0.2 9.5
v 29.3 0.2 9.5
v 9.3 0.2 7.2
v 9.4 0.2 7.2
v 29.2 0.2 7.2
v 29.3 0.2 7.2
v 9.8 0.8 9.4
v 9.9 0.8 9.4
v 10.3 0.8 9.4
v 10.7 0.8 9.4
v 11.1 0.8 9.4
v 11.5 0.8 9.4
v 11.9 0.8 9.4
v 12.3 0.8 9.4
v 12.7 0.8 9.4
v 13.1 0.8 9.4
v 13.5 0.8 9.4
v 13.9 0.8 9.4
v 14.3 0.8 9.4
v 14.7 0.8 9.4
v 15.1 0.8 9.4
v 15.5 0.8 9.4
v 15.9 0.8 9.4
v 16.3 0.8 9.4
v 16.7 0.8 9.4
v 17.1 0.8 9.4
v 17.5 0.8 9.4
v 17.9 0.8 9.4
v 18.3 0.8 9.4
v 18.7 0.8 9.4
v 19.1 0.8 9.4
v 19.5 0.8 9.4
v 19.9 0.8 9.4
v 20.3 0.8 9.4
v 20.7 0.8 9.4
v 21.1 0.8 9.4
v 21.5 0.8 9.4
v 21.9 0.8 9.4
v 22.3 0.8 9.4
v 22.7 0.8 9.4
v 23.1 0.8 9.4
v 23.5 0.8 9.4
v 23.9 0.8 9.4
v 24.3 0.8 9.4
v 24.7 0.8 9.4
v 25.1 0.8 9.4
v 25.5 0.8 9.4
v 25.9 0.8 9.4
v 26.3 0.8 9.4
v 26.7 0.8 9.4
v 27.1 0.8 9.4
v 27.5 0.8 9.4
v 27.9 0.8 9.4
v 28.3 0.8 9.4
v 28.7 0.8 9.4
v 28.8 0.8 9.4
v 9.8 0.8 7.2
v 28.8 0.8 7.2
v 9.8 0.8 7
v 28.8 0.8 7
v 9.8 0.8 -10.2
v 9.9 0.8 -10.2
v 10.3 0.8 -10.2
v 10.7 0.8 -10.2
v 11.1 0.8 -10.2
v 11.5 0.8 -10.2
v 11.9 0.8 -10.2
v 12.3 0.8 -10.2
v 12.7 0.8 -10.2
v 13.1 0.8 -10.2
v 13.5 0.8 -10.2
v 13.9 0.8 -10.2
v 14.3 0.8 -10.2
v 14.7 0.8 -10.2
v 15.1 0.8 -10.2
v 15.5 0.8 -10.2
v 15.9 0.8 -10.2
v 16.3 0.8 -10.2
v 16.7 0.8 -10.2
v 17.1 0.8 -10.2
v 17.5 0.8 -10.2
v 17.9 0.8 -10.2
v 18.3 0.8 -10.2
v 18.7 0.8 -10.2
v 19.1 0.8 -10.2
v 19.5 0.8 -10.2
v 19.9 0.8 -10.2
v 20.3 0.8 -10.2
v 20.7 0.8 -10.2
v 21.1 0.8 -10.2
v 21.5 0.8 -10.2
v 21.9 0.8 -10.2
v 22.3 0.8 -10.2
v 22.7 0.8 -10.2
v 23.1 0.8 -10.2
v 23.5 0.8 -10.2
v 23.9 0.8 -10.2
v 24.3 0.8 -10.2
v 24.7 0.8 -10.2
v 25.1 0.8 -10.2
v 25.5 0.8 -10.2
v 25.9 0.8 -10.2
v 26.3 0.8 -10.2
v 26.7 0.8 -10.2
v 27.1 0.8 -10.2
v 27.5 0.8 -10.2
v 27.9 0.8 -10.2
v 28.3 0.8 -10.2
v 28.7 0.8 -10.2
v 28.8 0.8 -10.2
v 9.8 0.8 -10.4
v 9.9 0.8 -10.4
v 10.3 0.8 -10.4
v 10.7 0.8 -10.4
v 11.1 0.8 -10.4
v 11.5 0.8 -10.4
v 11.9 0.8 -10.4
v 12.3 0.8 -10.4
v 12.7 0.8 -10.4
v 13.1 0.8 -10.4
v 13.5 0.8 -10.4
v 13.9 0.8 -10.4
v 14.3 0.8 -10.4
v 14.7 0.8 -10.4
v 15.1 0.8 -10.4
v 15.5 0.8 -10.4
v 15.9 0.8 -10.4
v 16.3 0.8 -10.4
v 16.7 0.8 -10.4
v 17.1 0.8 -10.4
v 17.5 0.8 -10.4
v 17.9 0.8 -10.4
v 18.3 0.8 -10.4
v 18.7 0.8 -10.4
v 19.1 0.8 -10.4
v 19.5 0.8 -10.4
v 19.9 0.8 -10.4
v 20.3 0.8 -10.4
v 20.7 0.8 -10.4
v 21.1 0.8 -10.4
v 21.5 0.8 -10.4
v 21.9 0.8 -10.4
v 22.3 0.8 -10.4
v 22.7 0.8 -10.4
v 23.1 0.8 -10.4
v 23.5 0.8 -10.4
v 23.9 0.8 -10.4
v 24.3 0.8 -10.4
v 24.7 0.8 -10.4
v 25.1 0.8 -10.4
v 25.5 0.8 -10.4
v 25.9 0.8 -10.4
v 26.3 0.8 -10.4
v 26.7 0.8 -10.4
v 27.1 0.8 -10.4
v 27.5 0.8 -10.4
v 27.9 0.8 -10.4
v 28.3 0.8 -10.4
v 28.7 0.8 -10.4
v 28.8 0.8 -10.4
v 11.3 1 10.3
v 14.9 1 10.3
v 10.2 1 10.2
v 11.3 1 10.2
v 14.9 1 10.2
v 16 1 10.2
v 10.1 1 10.1
v 10.2 1 10.1
v 16 1 10.1
v 16.1 1 10.1
v 9.6 1 10
v 10.1 1 10
v 16.1 1 10
v 16.6 1 10
v 9.5 1 9.9
v 9.6 1 9.9
v 16.6 1 9.9
v 16.7 1 9.9
v 9.4 1 9.8
v 9.5 1 9.8
v 16.7 1 9.8
v 16.8 1 9.8
v 9.3 1 9.7
v 9.4 1 9.7
v 16.8 1 9.7
v 16.9 1 9.7
v 16.9 1 9.6
v 22.9 1 9.6
v 23.1 1 9.6
v 27.7 1 9.6
v 27.9 1 9.6
v 29.2 1 9.6
v 15.5 1 9.5
v 15.7 1 9.5
v 29.2 1 9.5
v 29.3 1 9.5
v 9.4 1 9.4
v 15.5 1 9.4
v 15.7 1 9.4
v 22.9 1 9.4
v 23.1 1 9.4
v 27.7 1 9.4
v 27.9 1 9.4
v 29.2 1 9.4
v 9.3 1 8.8
v 9.4 1 8.8
v 29.2 1 8.8
v 29.2 1 8.7
v 29.3 1 8.7
v 17.5 1.3 9.7
v 18.6 1.3 9.7
v 17.5 1.3 9.4
v 18.6 1.3 9.4
v 17.7 1.5 9.7
v 18.4 1.5 9.7
v 17.7 1.5 9.6
v 18.4 1.5 9.6
v 18.1 2.2 9.7
v 18.3 2.2 9.7
v 10.6 2.2 9.6
v 10.7 2.2 9.6
v 10.9 2.2 9.6
v 11 2.2 9.6
v 18.1 2.2 9.6
v 18.3 2.2 9.6
v 10.6 2.2 9.5
v 10.7 2.2 9.5
v 10.9 2.2 9.5
v 11 2.2 9.5
v 11.3 2.4 10.3
v 14.9 2.4 10.3
v 10.2 2.4 10.2
v 11.3 2.4 10.2
v 14.9 2.4 10.2
v 16 2.4 10.2
v 10.1 2.4 10.1
v 10.2 2.4 10.1
v 16 2.4 10.1
v 16.1 2.4 10.1
v 9.5 2.4 10
v 10.1 2.4 10
v 11.3 2.4 10
v 14.9 2.4 10
v 16.1 2.4 10
v 16.6 2.4 10
v 16.6 2.4 9.9
v 16.7 2.4 9.9
v 9.4 2.4 9.8
v 9.5 2.4 9.8
v 10.1 2.4 9.8
v 16.1 2.4 9.8
v 16.7 2.4 9.8
v 16.8 2.4 9.8
v 9.3 2.4 9.7
v 9.4 2.4 9.7
v 9.5 2.4 9.7
v 16.8 2.4 9.7
v 16.9 2.4 9.7
v 16.7 2.4 9.6
v 16.9 2.4 9.6
v 17.4 2.4 9.6
v 18.7 2.4 9.6
v 22.9 2.4 9.6
v 23.1 2.4 9.6
v 27.7 2.4 9.6
v 27.9 2.4 9.6
v 29.2 2.4 9.6
v 15.7 2.4 9.5
v 16.9 2.4 9.5
v 17.6 2.4 9.5
v 17.8 2.4 9.5
v 17.9 2.4 9.5
v 18.1 2.4 9.5
v 18.3 2.4 9.5
v 18.5 2.4 9.5
v 29.2 2.4 9.5
v 29.3 2.4 9.5
v 15.7 2.4 9.4
v 16.7 2.4 9.4
v 17.4 2.4 9.4
v 17.6 2.4 9.4
v 17.7 2.4 9.4
v 18 2.4 9.4
v 18.2 2.4 9.4
v 18.5 2.4 9.4
v 18.7 2.4 9.4
v 22.9 2.4 9.4
v 23.1 2.4 9.4
v 27.7 2.4 9.4
v 27.9 2.4 9.4
v 29.2 2.4 9.4
v 9.3 2.4 9
v 9.4 2.4 9
v 29.2 2.4 8.8
v 29.3 2.4 8.8
v 9.4 2.5 9.6
v 9.5 2.5 9.6
v 10.6 2.5 9.6
v 10.7 2.5 9.6
v 10.9 2.5 9.6
v 11 2.5 9.6
v 9.4 2.5 9.5
v 9.5 2.5 9.5
v 10.6 2.5 9.5
v 10.7 2.5 9.5
v 10.9 2.5 9.5
v 11 2.5 9.5
v 9.4 3.6 9.6
v 9.5 3.6 9.6
v 10.6 3.6 9.6
v 10.7 3.6 9.6
v 10.9 3.6 9.6
v 11 3.6 9.6
v 9.4 3.6 9.5
v 9.5 3.6 9.5
v 10.6 3.6 9.5
v 10.7 3.6 9.5
v 10.9 3.6 9.5
v 11 3.6 9.5
v 11.3 3.8 10.3
v 14.9 3.8 10.3
v 10.2 3.8 10.2
v 11.3 3.8 10.2
v 11.5 3.8 10.2
v 11.9 3.8 10.2
v 12.7 3.8 10.2
v 13.1 3.8 10.2
v 14.9 3.8 10.2
v 16 3.8 10.2
v 10.1 3.8 10.1
v 10.2 3.8 10.1
v 11.5 3.8 10.1
v 11.9 3.8 10.1
v 12.7 3.8 10.1
v 13.1 3.8 10.1
v 16 3.8 10.1
v 16.1 3.8 10.1
v 9.5 3.8 10
v 10.1 3.8 10
v 10.3 3.8 10
v 10.7 3.8 10
v 11.3 3.8 10
v 14.9 3.8 10
v 16.1 3.8 10
v 16.6 3.8 10
v 10.3 3.8 9.9
v 10.7 3.8 9.9
v 16.6 3.8 9.9
v 16.7 3.8 9.9
v 9.4 3.8 9.8
v 9.5 3.8 9.8
v 10.1 3.8 9.8
v 16.1 3.8 9.8
v 16.7 3.8 9.8
v 16.8 3.8 9.8
v 9.3 3.8 9.7
v 9.4 3.8 9.7
v 9.5 3.8 9.7
v 16.8 3.8 9.7
v 16.9 3.8 9.7
v 16.7 3.8 9.6
v 16.9 3.8 9.6
v 17.4 3.8 9.6
v 18.7 3.8 9.6
v 22.9 3.8 9.6
v 23.1 3.8 9.6
v 27.7 3.8 9.6
v 27.9 3.8 9.6
v 29.2 3.8 9.6
v 15.7 3.8 9.5
v 16.9 3.8 9.5
v 17.6 3.8 9.5
v 17.8 3.8 9.5
v 17.9 3.8 9.5
v 18.1 3.8 9.5
v 18.3 3.8 9.5
v 18.5 3.8 9.5
v 29.2 3.8 9.5
v 29.3 3.8 9.5
v 15.7 3.8 9.4
v 16.8 3.8 9.4
v 17.4 3.8 9.4
v 17.6 3.8 9.4
v 17.7 3.8 9.4
v 18 3.8 9.4
v 18.2 3.8 9.4
v 18.5 3.8 9.4
v 18.7 3.8 9.4
v 22.9 3.8 9.4
v 23.1 3.8 9.4
v 27.7 3.8 9.4
v 27.9 3.8 9.4
v 29.2 3.8 9.4
v 9.3 3.8 9
v 9.4 3.8 9
v 29.2 3.8 8.8
v 29.3 3.8 8.8
v 9.4 3.9 9.6
v 9.5 3.9 9.6
v 10.9 3.9 9.6
v 11 3.9 9.6
v 15.4 3.9 9.6
v 15.5 3.9 9.6
v 9.4 3.9 9.5
v 9.5 3.9 9.5
v 10.9 3.9 9.5
v 11 3.9 9.5
v 15.4 3.9 9.5
v 15.5 3.9 9.5
v 23.5 4 9.7
v 26.2 4 9.7
v 28.5 4 9.7
v 28.7 4 9.7
v 23.5 4 9.6
v 26.2 4 9.6
v 26.6 4 9.6
v 27.2 4 9.6
v 28.5 4 9.6
v 28.7 4 9.6
v 26.6 4 9.5
v 27.2 4 9.5
v 23.7 4.1 9.8
v 24.1 4.1 9.8
v 23.7 4.1 9.7
v 24.1 4.1 9.7
v 18.1 4.3 9.7
v 18.3 4.3 9.7
v 28.3 4.3 9.7
v 28.9 4.3 9.7
v 18.1 4.3 9.6
v 18.3 4.3 9.6
v 26.5 4.3 9.6
v 27.3 4.3 9.6
v 28.3 4.3 9.6
v 28.9 4.3 9.6
v 26.5 4.3 9.5
v 27.3 4.3 9.5
v 17.8 4.4 9.7
v 17.9 4.4 9.7
v 17.8 4.4 9.6
v 17.9 4.4 9.6
v 11.6 4.5 10.4
v 11.8 4.5 10.4
v 10.6 4.5 10.3
v 10.8 4.5 10.3
v 11.6 4.5 10.3
v 11.8 4.5 10.3
v 10.6 4.5 10.2
v 10.8 4.5 10.2
v 28.5 4.5 9.7
v 28.7 4.5 9.7
v 23.3 4.5 9.6
v 27.5 4.5 9.6
v 28.5 4.5 9.6
v 28.7 4.5 9.6
v 23.3 4.5 9.5
v 27.5 4.5 9.5
v 17.6 4.6 9.7
v 18.5 4.6 9.7
v 17.6 4.6 9.6
v 18.5 4.6 9.6
v 28.4 4.7 9.7
v 28.8 4.7 9.7
v 28.4 4.7 9.6
v 28.8 4.7 9.6
v 17.4 4.8 9.6
v 18.7 4.8 9.6
v 23.2 4.8 9.6
v 27.6 4.8 9.6
v 23.2 4.8 9.5
v 27.6 4.8 9.5
v 17.4 4.8 9.4
v 18.7 4.8 9.4
v 11.4 5.2 10.4
v 14.8 5.2 10.4
v 11.3 5.2 10.3
v 11.4 5.2 10.3
v 14.8 5.2 10.3
v 14.9 5.2 10.3
v 10.2 5.2 10.2
v 11.3 5.2 10.2
v 14.9 5.2 10.2
v 16 5.2 10.2
v 10.1 5.2 10.1
v 10.2 5.2 10.1
v 16 5.2 10.1
v 16.1 5.2 10.1
v 9.6 5.2 10
v 10.1 5.2 10
v 11.3 5.2 10
v 14.9 5.2 10
v 16.1 5.2 10
v 16.6 5.2 10
v 9.5 5.2 9.9
v 9.6 5.2 9.9
v 16.6 5.2 9.9
v 16.7 5.2 9.9
v 9.4 5.2 9.8
v 9.5 5.2 9.8
v 10.1 5.2 9.8
v 16.1 5.2 9.8
v 16.7 5.2 9.8
v 16.8 5.2 9.8
v 9.3 5.2 9.7
v 9.4 5.2 9.7
v 9.5 5.2 9.7
v 16.8 5.2 9.7
v 16.9 5.2 9.7
v 9.3 5.2 9.6
v 9.4 5.2 9.6
v 9.9 5.2 9.6
v 16.5 5.2 9.6
v 16.7 5.2 9.6
v 16.9 5.2 9.6
v 29.2 5.2 9.6
v 16.5 5.2 9.5
v 16.9 5.2 9.5
v 29.2 5.2 9.5
v 29.3 5.2 9.5
v 9.9 5.2 9.4
v 16.5 5.2 9.4
v 29.2 5.2 9.4
v 9.3 5.2 9
v 9.4 5.2 9
v 29.2 5.2 8.8
v 29.3 5.2 8.8
v 9.4 5.3 9.6
v 9.5 5.3 9.6
v 9.4 5.3 9.5
v 9.5 5.3 9.5
v 13.9 7 3.2
v 14.3 7 3.2
v 24.3 7 3.2
v 24.7 7 3.2
v 13.9 7 2.8
v 14.3 7 2.8
v 24.3 7 2.8
v 24.7 7 2.8
v 13.9 7 -5
v 14.3 7 -5
v 24.3 7 -5
v 24.7 7 -5
v 13.9 7 -5.4
v 14.3 7 -5.4
v 24.3 7 -5.4
v 24.7 7 -5.4
v 13.9 7.2 3.4
v 14.3 7.2 3.4
v 24.3 7.2 3.4
v 24.7 7.2 3.4
v 13.7 7.2 3.2
v 13.9 7.2 3.2
v 14.3 7.2 3.2
v 14.5 7.2 3.2
v 24.1 7.2 3.2
v 24.3 7.2 3.2
v 24.7 7.2 3.2
v 24.9 7.2 3.2
v 13.7 7.2 2.8
v 13.9 7.2 2.8
v 14.3 7.2 2.8
v 14.5 7.2 2.8
v 24.1 7.2 2.8
v 24.3 7.2 2.8
v 24.7 7.2 2.8
v 24.9 7.2 2.8
v 13.9 7.2 2.6
v 14.3 7.2 2.6
v 24.3 7.2 2.6
v 24.7 7.2 2.6
v 13.9 7.2 -4.8
v 14.3 7.2 -4.8
v 24.3 7.2 -4.8
v 24.7 7.2 -4.8
v 13.7 7.2 -5
v 13.9 7.2 -5
v 14.3 7.2 -5
v 14.5 7.2 -5
v 24.1 7.2 -5
v 24.3 7.2 -5
v 24.7 7.2 -5
v 24.9 7.2 -5
v 13.7 7.2 -5.4
v 13.9 7.2 -5.4
v 14.3 7.2 -5.4
v 14.5 7.2 -5.4
v 24.1 7.2 -5.4
v 24.3 7.2 -5.4
v 24.7 7.2 -5.4
v 24.9 7.2 -5.4
v 13.9 7.2 -5.6
v 14.3 7.2 -5.6
v 24.3 7.2 -5.6
v 24.7 7.2 -5.6
v 16.9 7.4 3.6
v 21.7 7.4 3.6
v 13.7 7.4 3.4
v 13.9 7.4 3.4
v 14.3 7.4 3.4
v 14.5 7.4 3.4
v 24.1 7.4 3.4
v 24.3 7.4 3.4
v 24.7 7.4 3.4
v 24.9 7.4 3.4
v 13.7 7.4 3.2
v 13.9 7.4 3.2
v 14.3 7.4 3.2
v 14.5 7.4 3.2
v 24.1 7.4 3.2
v 24.3 7.4 3.2
v 24.7 7.4 3.2
v 24.9 7.4 3.2
v 13.7 7.4 2.8
v 13.9 7.4 2.8
v 14.3 7.4 2.8
v 14.5 7.4 2.8
v 24.1 7.4 2.8
v 24.3 7.4 2.8
v 24.7 7.4 2.8
v 24.9 7.4 2.8
v 13.7 7.4 2.6
v 13.9 7.4 2.6
v 14.3 7.4 2.6
v 14.5 7.4 2.6
v 24.1 7.4 2.6
v 24.3 7.4 2.6
v 24.7 7.4 2.6
v 24.9 7.4 2.6
v 18.3 7.4 2
v 20.3 7.4 2
v 17.7 7.4 1.8
v 18.3 7.4 1.8
v 20.3 7.4 1.8
v 20.9 7.4 1.8
v 17.3 7.4 1.6
v 17.7 7.4 1.6
v 20.9 7.4 1.6
v 21.3 7.4 1.6
v 17.1 7.4 1.4
v 17.3 7.4 1.4
v 21.3 7.4 1.4
v 21.5 7.4 1.4
v 16.7 7.4 1.2
v 16.9 7.4 1.2
v 17.1 7.4 1.2
v 21.5 7.4 1.2
v 21.7 7.4 1.2
v 21.9 7.4 1.2
v 16.5 7.4 1
v 16.7 7.4 1
v 16.9 7.4 1
v 21.7 7.4 1
v 21.9 7.4 1
v 22.1 7.4 1
v 16.3 7.4 0.800001
v 16.5 7.4 0.800001
v 16.7 7.4 0.800001
v 21.9 7.4 0.800001
v 22.1 7.4 0.800001
v 22.3 7.4 0.800001
v 16.1 7.4 0.6
v 16.3 7.4 0.6
v 16.5 7.4 0.6
v 22.1 7.4 0.6
v 22.3 7.4 0.6
v 22.5 7.4 0.6
v 15.9 7.4 0.200001
v 16.1 7.4 0.200001
v 16.3 7.4 0.200001
v 22.3 7.4 0.200001
v 22.5 7.4 0.200001
v 22.7 7.4 0.200001
v 15.7 7.4 -0.4
v 15.9 7.4 -0.4
v 16.1 7.4 -0.4
v 22.5 7.4 -0.4
v 22.7 7.4 -0.4
v 22.9 7.4 -0.4
v 15.7 7.4 -2.2
v 15.9 7.4 -2.2
v 16.1 7.4 -2.2
v 22.5 7.4 -2.2
v 22.7 7.4 -2.2
v 22.9 7.4 -2.2
v 15.9 7.4 -2.8
v 16.1 7.4 -2.8
v 16.3 7.4 -2.8
v 22.3 7.4 -2.8
v 22.5 7.4 -2.8
v 22.7 7.4 -2.8
v 16.1 7.4 -3.2
v 16.3 7.4 -3.2
v 16.5 7.4 -3.2
v 22.1 7.4 -3.2
v 22.3 7.4 -3.2
v 22.5 7.4 -3.2
v 16.3 7.4 -3.4
v 16.5 7.4 -3.4
v 16.7 7.4 -3.4
v 21.9 7.4 -3.4
v 22.1 7.4 -3.4
v 22.3 7.4 -3.4
v 16.5 7.4 -3.6
v 16.7 7.4 -3.6
v 16.9 7.4 -3.6
v 21.7 7.4 -3.6
v 21.9 7.4 -3.6
v 22.1 7.4 -3.6
v 16.7 7.4 -3.8
v 16.9 7.4 -3.8
v 17.1 7.4 -3.8
v 21.5 7.4 -3.8
v 21.7 7.4 -3.8
v 21.9 7.4 -3.8
v 17.1 7.4 -4
v 17.3 7.4 -4
v 21.3 7.4 -4
v 21.5 7.4 -4
v 17.3 7.4 -4.2
v 17.7 7.4 -4.2
v 20.9 7.4 -4.2
v 21.3 7.4 -4.2
v 16.9 7.4 -4.4
v 17.1 7.4 -4.4
v 17.7 7.4 -4.4
v 18.3 7.4 -4.4
v 20.3 7.4 -4.4
v 20.9 7.4 -4.4
v 18.3 7.4 -4.6
v 20.3 7.4 -4.6
v 13.7 7.4 -4.8
v 13.9 7.4 -4.8
v 14.3 7.4 -4.8
v 14.5 7.4 -4.8
v 24.1 7.4 -4.8
v 24.3 7.4 -4.8
v 24.7 7.4 -4.8
v 24.9 7.4 -4.8
v 13.7 7.4 -5
v 13.9 7.4 -5
v 14.3 7.4 -5
v 14.5 7.4 -5
v 24.1 7.4 -5
v 24.3 7.4 -5
v 24.7 7.4 -5
v 24.9 7.4 -5
v 13.7 7.4 -5.4
v 13.9 7.4 -5.4
v 14.3 7.4 -5.4
v 14.5 7.4 -5.4
v 24.1 7.4 -5.4
v 24.3 7.4 -5.4
v 24.7 7.4 -5.4
v 24.9 7.4 -5.4
v 13.7 7.4 -5.6
v 13.9 7.4 -5.6
v 14.3 7.4 -5.6
v 14.5 7.4 -5.6
v 24.1 7.4 -5.6
v 24.3 7.4 -5.6
v 24.7 7.4 -5.6
v 24.9 7.4 -5.6
v 17.3 7.4 -5.8
v 21.3 7.4 -5.8
v 17.3 7.4 -6
v 21.3 7.4 -6
v 17.1 7.4 -6.2
v 21.7 7.4 -6.2
v 13.5 7.6 3.6
v 16.9 7.6 3.6
v 21.7 7.6 3.6
v 25.1 7.6 3.6
v 13.7 7.6 3.4
v 14.5 7.6 3.4
v 24.1 7.6 3.4
v 24.9 7.6 3.4
v 13.7 7.6 2.6
v 14.5 7.6 2.6
v 24.1 7.6 2.6
v 24.9 7.6 2.6
v 16.7 7.6 1.2
v 16.9 7.6 1.2
v 21.7 7.6 1.2
v 21.9 7.6 1.2
v 16.5 7.6 1
v 16.7 7.6 1
v 21.9 7.6 1
v 22.1 7.6 1
v 16.3 7.6 0.800001
v 16.5 7.6 0.800001
v 22.1 7.6 0.800001
v 22.3 7.6 0.800001
v 16.1 7.6 0.6
v 16.3 7.6 0.6
v 22.3 7.6 0.6
v 22.5 7.6 0.6
v 15.9 7.6 0.200001
v 16.1 7.6 0.200001
v 22.5 7.6 0.200001
v 22.7 7.6 0.200001
v 15.7 7.6 -0.4
v 15.9 7.6 -0.4
v 22.7 7.6 -0.4
v 22.9 7.6 -0.4
v 15.7 7.6 -2.2
v 15.9 7.6 -2.2
v 22.7 7.6 -2.2
v 22.9 7.6 -2.2
v 15.9 7.6 -2.8
v 16.1 7.6 -2.8
v 22.5 7.6 -2.8
v 22.7 7.6 -2.8
v 16.1 7.6 -3.2
v 16.3 7.6 -3.2
v 22.3 7.6 -3.2
v 22.5 7.6 -3.2
v 16.3 7.6 -3.4
v 16.5 7.6 -3.4
v 22.1 7.6 -3.4
v 22.3 7.6 -3.4
v 16.5 7.6 -3.6
v 16.7 7.6 -3.6
v 21.9 7.6 -3.6
v 22.1 7.6 -3.6
v 16.7 7.6 -3.8
v 16.9 7.6 -3.8
v 21.7 7.6 -3.8
v 21.9 7.6 -3.8
v 16.9 7.6 -4.4
v 17.1 7.6 -4.4
v 13.7 7.6 -4.8
v 14.5 7.6 -4.8
v 24.1 7.6 -4.8
v 24.9 7.6 -4.8
v 13.7 7.6 -5.6
v 14.5 7.6 -5.6
v 24.1 7.6 -5.6
v 24.9 7.6 -5.6
v 13.5 7.6 -6.2
v 17.1 7.6 -6.2
v 21.7 7.6 -6.2
v 25.1 7.6 -6.2
v 13.1 7.8 3.6
v 13.5 7.8 3.6
v 25.1 7.8 3.6
v 25.5 7.8 3.6
v 13.1 7.8 -6.2
v 13.5 7.8 -6.2
v 25.1 7.8 -6.2
v 25.5 7.8 -6.2
v 9.4 0.8 9.6
v 9.8 0.8 9.6
v 9.9 0.8 9.6
v 10.3 0.8 9.6
v 10.7 0.8 9.6
v 11.1 0.8 9.6
v 11.5 0.8 9.6
v 11.9 0.8 9.6
v 12.3 0.8 9.6
v 12.7 0.8 9.6
v 13.1 0.8 9.6
v 13.5 0.8 9.6
v 13.9 0.8 9.6
v 14.3 0.8 9.6
v 14.7 0.8 9.6
v 15.1 0.8 9.6
v 15.5 0.8 9.6
v 15.9 0.8 9.6
v 16.3 0.8 9.6
v 16.7 0.8 9.6
v 17.1 0.8 9.6
v 17.5 0.8 9.6
v 17.9 0.8 9.6
v 18.3 0.8 9.6
v 18.7 0.8 9.6
v 19.1 0.8 9.6
v 19.5 0.8 9.6
v 19.9 0.8 9.6
v 20.3 0.8 9.6
v 20.7 0.8 9.6
v 21.1 0.8 9.6
v 21.5 0.8 9.6
v 21.9 0.8 9.6
v 22.3 0.8 9.6
v 22.7 0.8 9.6
v 23.1 0.8 9.6
v 23.5 0.8 9.6
v 23.9 0.8 9.6
v 24.3 0.8 9.6
v 24.7 0.8 9.6
v 25.1 0.8 9.6
v 25.5 0.8 9.6
v 25.9 0.8 9.6
v 26.3 0.8 9.6
v 26.7 0.8 9.6
v 27.1 0.8 9.6
v 27.5 0.8 9.6
v 27.9 0.8 9.6
v 28.3 0.8 9.6
v 28.7 0.8 9.6
v 28.8 0.8 9.6
v 29.2 0.8 9.6
v 9.3 0.8 9.5
v 9.4 0.8 9.5
v 29.2 0.8 9.5
v 29.3 0.8 9.5
v 9.4 0.8 9.4
v 9.8 0.8 9.4
v 9.9 0.8 9.4
v 10.3 0.8 9.4
v 10.7 0.8 9.4
v 11.1 0.8 9.4
v 11.5 0.8 9.4
v 11.9 0.8 9.4
v 12.3 0.8 9.4
v 12.7 0.8 9.4
v 13.1 0.8 9.4
v 13.5 0.8 9.4
v 13.9 0.8 9.4
v 14.3 0.8 9.4
v 14.7 0.8 9.4
v 15.1 0.8 9.4
v 15.5 0.8 9.4
v 15.9 0.8 9.4
v 16.3 0.8 9.4
v 16.7 0.8 9.4
v 17.1 0.8 9.4
v 17.5 0.8 9.4
v 17.9 0.8 9.4
v 18.3 0.8 9.4
v 18.7 0.8 9.4
v 19.1 0.8 9.4
v 19.5 0.8 9.4
v 19.9 0.8 9.4
v 20.3 0.8 9.4
v 20.7 0.8 9.4
v 21.1 0.8 9.4
v 21.5 0.8 9.4
v 21.9 0.8 9.4
v 22.3 0.8 9.4
v 22.7 0.8 9.4
v 23.1 0.8 9.4
v 23.5 0.8 9.4
v 23.9 0.8 9.4
v 24.3 0.8 9.4
v 24.7 0.8 9.4
v 25.1 0.8 9.4
v 25.5 0.8 9.4
v 25.9 0.8 9.4
v 26.3 0.8 9.4
v 26.7 0.8 9.4
v 27.1 0.8 9.4
v 27.5 0.8 9.4
v 27.9 0.8 9.4
v 28.3 0.8 9.4
v 28.7 0.8 9.4
v 28.8 0.8 9.4
v 29.2 0.8 9.4
v 9.3 0.8 8.8
v 9.4 0.8 8.8
v 29.2 0.8 8.8
v 29.2 0.8 8.7
v 29.3 0.8 8.7
v 17.4 1.2 9.6
v 18.7 1.2 9.6
v 17.4 1.2 9.4
v 18.7 1.2 9.4
v 17.6 1.4 9.7
v 18.5 1.4 9.7
v 17.6 1.4 9.6
v 18.5 1.4 9.6
v 17.8 1.6 9.7
v 17.9 1.6 9.7
v 17.8 1.6 9.6
v 17.9 1.6 9.6
v 18.1 1.7 9.7
v 18.3 1.7 9.7
v 18.1 1.7 9.6
v 18.3 1.7 9.6
v 10.6 2.1 9.6
v 10.7 2.1 9.6
v 10.9 2.1 9.6
v 11 2.1 9.6
v 10.6 2.1 9.5
v 10.7 2.1 9.5
v 10.9 2.1 9.5
v 11 2.1 9.5
v 11.3 2.2 10.3
v 14.9 2.2 10.3
v 10.2 2.2 10.2
v 11.3 2.2 10.2
v 14.9 2.2 10.2
v 16 2.2 10.2
v 10.1 2.2 10.1
v 10.2 2.2 10.1
v 16 2.2 10.1
v 16.1 2.2 10.1
v 9.6 2.2 10
v 10.1 2.2 10
v 11.3 2.2 10
v 14.9 2.2 10
v 16.1 2.2 10
v 16.6 2.2 10
v 9.5 2.2 9.9
v 9.6 2.2 9.9
v 16.6 2.2 9.9
v 16.7 2.2 9.9
v 9.4 2.2 9.8
v 9.5 2.2 9.8
v 10.1 2.2 9.8
v 16.1 2.2 9.8
v 16.7 2.2 9.8
v 16.8 2.2 9.8
v 9.3 2.2 9.7
v 9.4 2.2 9.7
v 9.5 2.2 9.7
v 16.8 2.2 9.7
v 16.9 2.2 9.7
v 16.7 2.2 9.6
v 16.9 2.2 9.6
v 17.4 2.2 9.6
v 18.7 2.2 9.6
v 22.9 2.2 9.6
v 23.1 2.2 9.6
v 27.7 2.2 9.6
v 27.9 2.2 9.6
v 29.2 2.2 9.6
v 15.7 2.2 9.5
v 16.9 2.2 9.5
v 17.6 2.2 9.5
v 17.8 2.2 9.5
v 17.9 2.2 9.5
v 18.1 2.2 9.5
v 18.3 2.2 9.5
v 18.5 2.2 9.5
v 29.2 2.2 9.5
v 29.3 2.2 9.5
v 15.7 2.2 9.4
v 16.7 2.2 9.4
v 17.4 2.2 9.4
v 17.6 2.2 9.4
v 17.7 2.2 9.4
v 18 2.2 9.4
v 18.2 2.2 9.4
v 18.5 2.2 9.4
v 18.7 2.2 9.4
v 22.9 2.2 9.4
v 23.1 2.2 9.4
v 27.7 2.2 9.4
v 27.9 2.2 9.4
v 29.2 2.2 9.4
v 9.3 2.2 9
v 9.4 2.2 9
v 29.2 2.2 8.8
v 29.3 2.2 8.8
v 9.4 2.4 9.6
v 9.5 2.4 9.6
v 10.6 2.4 9.6
v 10.7 2.4 9.6
v 10.9 2.4 9.6
v 11 2.4 9.6
v 9.4 2.4 9.5
v 9.5 2.4 9.5
v 10.6 2.4 9.5
v 10.7 2.4 9.5
v 10.9 2.4 9.5
v 11 2.4 9.5
v 18.1 2.6 9.7
v 18.3 2.6 9.7
v 18.1 2.6 9.6
v 18.3 2.6 9.6
v 9.4 3.5 9.6
v 9.5 3.5 9.6
v 10.6 3.5 9.6
v 10.7 3.5 9.6
v 10.9 3.5 9.6
v 11 3.5 9.6
v 9.4 3.5 9.5
v 9.5 3.5 9.5
v 10.6 3.5 9.5
v 10.7 3.5 9.5
v 10.9 3.5 9.5
v 11 3.5 9.5
v 11.3 3.6 10.3
v 14.9 3.6 10.3
v 10.2 3.6 10.2
v 11.3 3.6 10.2
v 11.5 3.6 10.2
v 11.9 3.6 10.2
v 12.7 3.6 10.2
v 13.1 3.6 10.2
v 14.9 3.6 10.2
v 16 3.6 10.2
v 10.1 3.6 10.1
v 10.2 3.6 10.1
v 11.5 3.6 10.1
v 11.9 3.6 10.1
v 12.7 3.6 10.1
v 13.1 3.6 10.1
v 16 3.6 10.1
v 16.1 3.6 10.1
v 9.5 3.6 10
v 10.1 3.6 10
v 10.3 3.6 10
v 10.7 3.6 10
v 11.3 3.6 10
v 14.9 3.6 10
v 16.1 3.6 10
v 16.6 3.6 10
v 10.3 3.6 9.9
v 10.7 3.6 9.9
v 16.6 3.6 9.9
v 16.7 3.6 9.9
v 9.4 3.6 9.8
v 9.5 3.6 9.8
v 10.1 3.6 9.8
v 16.1 3.6 9.8
v 16.7 3.6 9.8
v 16.8 3.6 9.8
v 9.3 3.6 9.7
v 9.4 3.6 9.7
v 9.5 3.6 9.7
v 16.8 3.6 9.7
v 16.9 3.6 9.7
v 16.7 3.6 9.6
v 16.9 3.6 9.6
v 17.4 3.6 9.6
v 18.7 3.6 9.6
v 22.9 3.6 9.6
v 23.1 3.6 9.6
v 27.7 3.6 9.6
v 27.9 3.6 9.6
v 29.2 3.6 9.6
v 15.7 3.6 9.5
v 16.1 3.6 9.5
v 16.7 3.6 9.5
v 16.9 3.6 9.5
v 17.6 3.6 9.5
v 17.8 3.6 9.5
v 17.9 3.6 9.5
v 18.1 3.6 9.5
v 18.3 3.6 9.5
v 18.5 3.6 9.5
v 29.2 3.6 9.5
v 29.3 3.6 9.5
v 15.7 3.6 9.4
v 16.1 3.6 9.4
v 16.7 3.6 9.4
v 16.8 3.6 9.4
v 16.9 3.6 9.4
v 17.4 3.6 9.4
v 17.6 3.6 9.4
v 17.7 3.6 9.4
v 18 3.6 9.4
v 18.2 3.6 9.4
v 18.5 3.6 9.4
v 18.7 3.6 9.4
v 22.9 3.6 9.4
v 23.1 3.6 9.4
v 27.7 3.6 9.4
v 27.9 3.6 9.4
v 29.2 3.6 9.4
v 9.3 3.6 9
v 9.4 3.6 9
v 29.2 3.6 8.8
v 29.3 3.6 8.8
v 9.4 3.8 9.6
v 9.5 3.8 9.6
v 10.9 3.8 9.6
v 11 3.8 9.6
v 15.4 3.8 9.6
v 15.5 3.8 9.6
v 9.4 3.8 9.5
v 9.5 3.8 9.5
v 10.9 3.8 9.5
v 11 3.8 9.5
v 15.4 3.8 9.5
v 15.5 3.8 9.5
v 26.5 3.9 9.6
v 27.3 3.9 9.6
v 26.5 3.9 9.5
v 27.3 3.9 9.5
v 23.7 4.2 9.8
v 24.1 4.2 9.8
v 23.7 4.2 9.7
v 24.1 4.2 9.7
v 28.5 4.2 9.7
v 28.7 4.2 9.7
v 26.6 4.2 9.6
v 27.2 4.2 9.6
v 28.5 4.2 9.6
v 28.7 4.2 9.6
v 26.6 4.2 9.5
v 27.2 4.2 9.5
v 23.5 4.3 9.7
v 26.2 4.3 9.7
v 23.5 4.3 9.6
v 26.2 4.3 9.6
v 28.4 4.4 9.7
v 28.8 4.4 9.7
v 23.2 4.4 9.6
v 27.6 4.4 9.6
v 28.4 4.4 9.6
v 28.8 4.4 9.6
v 23.2 4.4 9.5
v 27.6 4.4 9.5
v 17.7 4.5 9.7
v 18.4 4.5 9.7
v 17.7 4.5 9.6
v 18.4 4.5 9.6
v 28.5 4.6 9.7
v 28.7 4.6 9.7
v 28.5 4.6 9.6
v 28.7 4.6 9.6
v 11.6 4.7 10.4
v 11.8 4.7 10.4
v 10.6 4.7 10.3
v 10.8 4.7 10.3
v 11.6 4.7 10.3
v 11.8 4.7 10.3
v 10.6 4.7 10.2
v 10.8 4.7 10.2
v 17.5 4.7 9.7
v 18.6 4.7 9.7
v 23.3 4.7 9.6
v 27.5 4.7 9.6
v 23.3 4.7 9.5
v 27.5 4.7 9.5
v 17.5 4.7 9.4
v 18.6 4.7 9.4
v 28.3 4.8 9.7
v 28.9 4.8 9.7
v 28.3 4.8 9.6
v 28.9 4.8 9.6
v 10.9 4.9 9.6
v 11 4.9 9.6
v 15.4 4.9 9.6
v 15.5 4.9 9.6
v 10.9 4.9 9.5
v 11 4.9 9.5
v 15.4 4.9 9.5
v 15.5 4.9 9.5
v 11.3 5 10.3
v 14.9 5 10.3
v 10.2 5 10.2
v 11.3 5 10.2
v 14.9 5 10.2
v 16 5 10.2
v 10.1 5 10.1
v 10.2 5 10.1
v 16 5 10.1
v 16.1 5 10.1
v 9.5 5 10
v 10.1 5 10
v 11.3 5 10
v 14.9 5 10
v 16.1 5 10
v 16.6 5 10
v 16.6 5 9.9
v 16.7 5 9.9
v 9.4 5 9.8
v 9.5 5 9.8
v 10.1 5 9.8
v 16.1 5 9.8
v 16.7 5 9.8
v 16.8 5 9.8
v 9.3 5 9.7
v 9.4 5 9.7
v 9.5 5 9.7
v 16.8 5 9.7
v 16.9 5 9.7
v 9.9 5 9.6
v 10.9 5 9.6
v 11 5 9.6
v 15.4 5 9.6
v 15.5 5 9.6
v 16.5 5 9.6
v 16.7 5 9.6
v 16.9 5 9.6
v 22.9 5 9.6
v 23.1 5 9.6
v 27.7 5 9.6
v 27.9 5 9.6
v 29.2 5 9.6
v 10.9 5 9.5
v 11 5 9.5
v 15.4 5 9.5
v 15.5 5 9.5
v 15.7 5 9.5
v 16.5 5 9.5
v 16.9 5 9.5
v 29.2 5 9.5
v 29.3 5 9.5
v 9.9 5 9.4
v 15.5 5 9.4
v 15.7 5 9.4
v 16.5 5 9.4
v 22.9 5 9.4
v 23.1 5 9.4
v 27.7 5 9.4
v 27.9 5 9.4
v 29.2 5 9.4
v 9.3 5 9
v 9.4 5 9
v 29.2 5 8.8
v 29.3 5 8.8
v 9.4 5.2 9.6
v 9.5 5.2 9.6
v 9.4 5.2 9.5
v 9.5 5.2 9.5
v 14.6 5.6 10.4
v 14.8 5.6 10.4
v 14.6 5.6 10.3
v 14.7 5.6 10.3
v 14.8 5.6 10.3
v 14.9 5.6 10.3
v 14.7 5.6 10.2
v 14.9 5.6 10.2
v 11.4 5.7 10.4
v 14.6 5.7 10.4
v 11.3 5.7 10.3
v 11.4 5.7 10.3
v 14.6 5.7 10.3
v 14.7 5.7 10.3
v 10.2 5.7 10.2
v 11.3 5.7 10.2
v 11.4 5.7 10.2
v 14.6 5.7 10.2
v 14.7 5.7 10.2
v 16 5.7 10.2
v 10.1 5.7 10.1
v 10.2 5.7 10.1
v 11.3 5.7 10.1
v 14.7 5.7 10.1
v 16 5.7 10.1
v 9.6 5.7 10
v 10.1 5.7 10
v 10.2 5.7 10
v 16.1 5.7 10
v 16.6 5.7 10
v 9.5 5.7 9.9
v 9.6 5.7 9.9
v 10.1 5.7 9.9
v 16.1 5.7 9.9
v 16.6 5.7 9.9
v 9.4 5.7 9.8
v 9.5 5.7 9.8
v 9.6 5.7 9.8
v 16.7 5.7 9.8
v 16.8 5.7 9.8
v 9.3 5.7 9.7
v 9.4 5.7 9.7
v 9.5 5.7 9.7
v 16.7 5.7 9.7
v 16.8 5.7 9.7
v 16.9 5.7 9.6
v 29.2 5.7 9.6
v 16.9 5.7 9.5
v 29.1 5.7 9.5
v 29.2 5.7 9.5
v 29.3 5.7 9.5
v 29.1 5.7 9.4
v 29.2 5.7 9.4
v 9.3 5.7 7.2
v 9.4 5.7 7.2
v 9.5 5.7 7.2
v 29.1 5.7 7.2
v 29.2 5.7 7.2
v 29.3 5.7 7.2
v 9.3 5.7 7
v 9.4 5.7 7
v 9.5 5.7 7
v 29.1 5.7 7
v 29.2 5.7 7
v 29.3 5.7 7
v 9.3 5.7 -10.3
v 9.4 5.7 -10.3
v 29.2 5.7 -10.3
v 29.3 5.7 -10.3
v 9.4 5.7 -10.4
v 29.2 5.7 -10.4
v 11.4 5.8 10.3
v 14.6 5.8 10.3
v 11.3 5.8 10.2
v 11.4 5.8 10.2
v 14.6 5.8 10.2
v 14.7 5.8 10.2
v 10.2 5.8 10.1
v 11.3 5.8 10.1
v 14.7 5.8 10.1
v 16.1 5.8 10.1
v 10.1 5.8 10
v 10.2 5.8 10
v 9.6 5.8 9.9
v 10.1 5.8 9.9
v 16.1 5.8 9.9
v 16.7 5.8 9.9
v 9.5 5.8 9.8
v 9.6 5.8 9.8
v 9.4 5.8 9.7
v 9.5 5.8 9.7
v 16.7 5.8 9.7
v 16.9 5.8 9.7
v 16.9 5.8 9.5
v 29.1 5.8 9.5
v 29.1 5.8 9.4
v 29.2 5.8 9.4
v 9.4 5.8 7.2
v 29.2 5.8 7.2
v 9.4 5.8 7
v 29.2 5.8 7
v 18.3 5.8 4.8
v 20.3 5.8 4.8
v 17.5 5.8 4.6
v 18.3 5.8 4.6
v 20.3 5.8 4.6
v 21.1 5.8 4.6
v 16.9 5.8 4.4
v 17.5 5.8 4.4
v 21.1 5.8 4.4
v 21.7 5.8 4.4
v 16.5 5.8 4.2
v 16.9 5.8 4.2
v 21.7 5.8 4.2
v 22.1 5.8 4.2
v 16.1 5.8 4
v 16.5 5.8 4
v 22.1 5.8 4
v 22.5 5.8 4
v 15.9 5.8 3.8
v 16.1 5.8 3.8
v 22.5 5.8 3.8
v 22.7 5.8 3.8
v 15.5 5.8 3.6
v 15.9 5.8 3.6
v 22.7 5.8 3.6
v 23.1 5.8 3.6
v 15.3 5.8 3.4
v 15.5 5.8 3.4
v 23.1 5.8 3.4
v 23.3 5.8 3.4
v 15.1 5.8 3.2
v 15.3 5.8 3.2
v 23.3 5.8 3.2
v 23.5 5.8 3.2
v 14.9 5.8 3
v 15.1 5.8 3
v 23.5 5.8 3
v 23.7 5.8 3
v 14.7 5.8 2.8
v 14.9 5.8 2.8
v 23.7 5.8 2.8
v 23.9 5.8 2.8
v 14.5 5.8 2.6
v 14.7 5.8 2.6
v 23.9 5.8 2.6
v 24.1 5.8 2.6
v 14.3 5.8 2.2
v 14.5 5.8 2.2
v 24.1 5.8 2.2
v 24.3 5.8 2.2
v 14.1 5.8 2
v 14.3 5.8 2
v 24.3 5.8 2
v 24.5 5.8 2
v 13.9 5.8 1.6
v 14.1 5.8 1.6
v 24.5 5.8 1.6
v 24.7 5.8 1.6
v 13.7 5.8 1.2
v 13.9 5.8 1.2
v 24.7 5.8 1.2
v 24.9 5.8 1.2
v 13.5 5.8 0.6
v 13.7 5.8 0.6
v 24.9 5.8 0.6
v 25.1 5.8 0.6
v 13.3 5.8 -0.199999
v 13.5 5.8 -0.199999
v 25.1 5.8 -0.199999
v 25.3 5.8 -0.199999
v 13.3 5.8 -2.2
v 13.5 5.8 -2.2
v 25.1 5.8 -2.2
v 25.3 5.8 -2.2
v 13.5 5.8 -3
v 13.7 5.8 -3
v 24.9 5.8 -3
v 25.1 5.8 -3
v 13.7 5.8 -3.6
v 13.9 5.8 -3.6
v 24.7 5.8 -3.6
v 24.9 5.8 -3.6
v 13.9 5.8 -4
v 14.1 5.8 -4
v 24.5 5.8 -4
v 24.7 5.8 -4
v 14.1 5.8 -4.4
v 14.3 5.8 -4.4
v 24.3 5.8 -4.4
v 24.5 5.8 -4.4
v 14.3 5.8 -4.6
v 14.5 5.8 -4.6
v 24.1 5.8 -4.6
v 24.3 5.8 -4.6
v 14.5 5.8 -5
v 14.7 5.8 -5
v 23.9 5.8 -5
v 24.1 5.8 -5
v 14.7 5.8 -5.2
v 14.9 5.8 -5.2
v 23.7 5.8 -5.2
v 23.9 5.8 -5.2
v 14.9 5.8 -5.4
v 15.1 5.8 -5.4
v 23.5 5.8 -5.4
v 23.7 5.8 -5.4
v 15.1 5.8 -5.6
v 15.3 5.8 -5.6
v 23.3 5.8 -5.6
v 23.5 5.8 -5.6
v 15.3 5.8 -5.8
v 15.5 5.8 -5.8
v 23.1 5.8 -5.8
v 23.3 5.8 -5.8
v 15.5 5.8 -6
v 15.9 5.8 -6
v 22.7 5.8 -6
v 23.1 5.8 -6
v 15.9 5.8 -6.2
v 16.1 5.8 -6.2
v 22.5 5.8 -6.2
v 22.7 5.8 -6.2
v 16.1 5.8 -6.4
v 16.5 5.8 -6.4
v 22.1 5.8 -6.4
v 22.5 5.8 -6.4
v 16.5 5.8 -6.6
v 16.9 5.8 -6.6
v 21.7 5.8 -6.6
v 22.1 5.8 -6.6
v 16.9 5.8 -6.8
v 17.5 5.8 -6.8
v 21.1 5.8 -6.8
v 21.7 5.8 -6.8
v 17.5 5.8 -7
v 18.3 5.8 -7
v 20.3 5.8 -7
v 21.1 5.8 -7
v 18.3 5.8 -7.2
v 20.3 5.8 -7.2
v 9.4 5.8 -10.3
v 29.2 5.8 -10.3
v 18.3 6.2 4.8
v 20.3 6.2 4.8
v 18.3 6.2 4.6
v 20.3 6.2 4.6
v 13.3 6.2 -0.199999
v 13.5 6.2 -0.199999
v 25.1 6.2 -0.199999
v 25.3 6.2 -0.199999
v 13.3 6.2 -2.2
v 13.5 6.2 -2.2
v 25.1 6.2 -2.2
v 25.3 6.2 -2.2
v 18.3 6.2 -7
v 20.3 6.2 -7
v 18.3 6.2 -7.2
v 20.3 6.2 -7.2
v 17.5 6.4 4.6
v 21.1 6.4 4.6
v 16.9 6.4 4.4
v 17.5 6.4 4.4
v 17.7 6.4 4.4
v 20.9 6.4 4.4
v 21.1 6.4 4.4
v 21.7 6.4 4.4
v 16.5 6.4 4.2
v 16.9 6.4 4.2
v 17.1 6.4 4.2
v 17.7 6.4 4.2
v 20.9 6.4 4.2
v 21.5 6.4 4.2
v 21.7 6.4 4.2
v 22.1 6.4 4.2
v 16.1 6.4 4
v 16.5 6.4 4
v 16.7 6.4 4
v 17.1 6.4 4
v 21.5 6.4 4
v 21.9 6.4 4
v 22.1 6.4 4
v 22.5 6.4 4
v 15.9 6.4 3.8
v 16.1 6.4 3.8
v 16.3 6.4 3.8
v 16.7 6.4 3.8
v 21.9 6.4 3.8
v 22.3 6.4 3.8
v 22.5 6.4 3.8
v 22.7 6.4 3.8
v 15.5 6.4 3.6
v 15.9 6.4 3.6
v 16.1 6.4 3.6
v 16.3 6.4 3.6
v 22.3 6.4 3.6
v 22.5 6.4 3.6
v 22.7 6.4 3.6
v 23.1 6.4 3.6
v 15.3 6.4 3.4
v 15.5 6.4 3.4
v 15.7 6.4 3.4
v 16.1 6.4 3.4
v 22.5 6.4 3.4
v 22.9 6.4 3.4
v 23.1 6.4 3.4
v 23.3 6.4 3.4
v 15.1 6.4 3.2
v 15.3 6.4 3.2
v 15.5 6.4 3.2
v 15.7 6.4 3.2
v 22.9 6.4 3.2
v 23.1 6.4 3.2
v 23.3 6.4 3.2
v 23.5 6.4 3.2
v 14.9 6.4 3
v 15.1 6.4 3
v 15.3 6.4 3
v 15.5 6.4 3
v 23.1 6.4 3
v 23.3 6.4 3
v 23.5 6.4 3
v 23.7 6.4 3
v 14.7 6.4 2.8
v 14.9 6.4 2.8
v 15.1 6.4 2.8
v 15.3 6.4 2.8
v 23.3 6.4 2.8
v 23.5 6.4 2.8
v 23.7 6.4 2.8
v 23.9 6.4 2.8
v 14.5 6.4 2.6
v 14.7 6.4 2.6
v 14.9 6.4 2.6
v 15.1 6.4 2.6
v 23.5 6.4 2.6
v 23.7 6.4 2.6
v 23.9 6.4 2.6
v 24.1 6.4 2.6
v 14.7 6.4 2.4
v 14.9 6.4 2.4
v 23.7 6.4 2.4
v 23.9 6.4 2.4
v 14.3 6.4 2.2
v 14.5 6.4 2.2
v 24.1 6.4 2.2
v 24.3 6.4 2.2
v 14.1 6.4 2
v 14.3 6.4 2
v 14.5 6.4 2
v 14.7 6.4 2
v 23.9 6.4 2
v 24.1 6.4 2
v 24.3 6.4 2
v 24.5 6.4 2
v 13.9 6.4 1.6
v 14.1 6.4 1.6
v 14.3 6.4 1.6
v 14.5 6.4 1.6
v 24.1 6.4 1.6
v 24.3 6.4 1.6
v 24.5 6.4 1.6
v 24.7 6.4 1.6
v 13.7 6.4 1.2
v 13.9 6.4 1.2
v 14.1 6.4 1.2
v 14.3 6.4 1.2
v 24.3 6.4 1.2
v 24.5 6.4 1.2
v 24.7 6.4 1.2
v 24.9 6.4 1.2
v 13.5 6.4 0.6
v 13.7 6.4 0.6
v 13.9 6.4 0.6
v 14.1 6.4 0.6
v 24.5 6.4 0.6
v 24.7 6.4 0.6
v 24.9 6.4 0.6
v 25.1 6.4 0.6
v 13.7 6.4 -0.199999
v 13.9 6.4 -0.199999
v 24.7 6.4 -0.199999
v 24.9 6.4 -0.199999
v 13.7 6.4 -2.2
v 13.9 6.4 -2.2
v 24.7 6.4 -2.2
v 24.9 6.4 -2.2
v 13.5 6.4 -3
v 13.7 6.4 -3
v 13.9 6.4 -3
v 14.1 6.4 -3
v 24.5 6.4 -3
v 24.7 6.4 -3
v 24.9 6.4 -3
v 25.1 6.4 -3
v 13.7 6.4 -3.6
v 13.9 6.4 -3.6
v 14.1 6.4 -3.6
v 14.3 6.4 -3.6
v 24.3 6.4 -3.6
v 24.5 6.4 -3.6
v 24.7 6.4 -3.6
v 24.9 6.4 -3.6
v 13.9 6.4 -4
v 14.1 6.4 -4
v 14.3 6.4 -4
v 14.5 6.4 -4
v 24.1 6.4 -4
v 24.3 6.4 -4
v 24.5 6.4 -4
v 24.7 6.4 -4
v 14.1 6.4 -4.4
v 14.3 6.4 -4.4
v 14.5 6.4 -4.4
v 14.7 6.4 -4.4
v 23.9 6.4 -4.4
v 24.1 6.4 -4.4
v 24.3 6.4 -4.4
v 24.5 6.4 -4.4
v 14.3 6.4 -4.6
v 14.5 6.4 -4.6
v 14.7 6.4 -4.6
v 14.9 6.4 -4.6
v 23.7 6.4 -4.6
v 23.9 6.4 -4.6
v 24.1 6.4 -4.6
v 24.3 6.4 -4.6
v 14.5 6.4 -5
v 14.7 6.4 -5
v 14.9 6.4 -5
v 15.1 6.4 -5
v 23.5 6.4 -5
v 23.7 6.4 -5
v 23.9 6.4 -5
v 24.1 6.4 -5
v 14.7 6.4 -5.2
v 14.9 6.4 -5.2
v 15.1 6.4 -5.2
v 15.3 6.4 -5.2
v 23.3 6.4 -5.2
v 23.5 6.4 -5.2
v 23.7 6.4 -5.2
v 23.9 6.4 -5.2
v 14.9 6.4 -5.4
v 15.1 6.4 -5.4
v 15.3 6.4 -5.4
v 15.5 6.4 -5.4
v 23.1 6.4 -5.4
v 23.3 6.4 -5.4
v 23.5 6.4 -5.4
v 23.7 6.4 -5.4
v 15.1 6.4 -5.6
v 15.3 6.4 -5.6
v 15.5 6.4 -5.6
v 15.7 6.4 -5.6
v 22.9 6.4 -5.6
v 23.1 6.4 -5.6
v 23.3 6.4 -5.6
v 23.5 6.4 -5.6
v 15.3 6.4 -5.8
v 15.5 6.4 -5.8
v 15.7 6.4 -5.8
v 16.1 6.4 -5.8
v 22.5 6.4 -5.8
v 22.9 6.4 -5.8
v 23.1 6.4 -5.8
v 23.3 6.4 -5.8
v 15.5 6.4 -6
v 15.9 6.4 -6
v 16.1 6.4 -6
v 16.5 6.4 -6
v 22.1 6.4 -6
v 22.5 6.4 -6
v 22.7 6.4 -6
v 23.1 6.4 -6
v 15.9 6.4 -6.2
v 16.1 6.4 -6.2
v 16.5 6.4 -6.2
v 16.9 6.4 -6.2
v 21.7 6.4 -6.2
v 22.1 6.4 -6.2
v 22.5 6.4 -6.2
v 22.7 6.4 -6.2
v 16.1 6.4 -6.4
v 16.5 6.4 -6.4
v 16.9 6.4 -6.4
v 17.5 6.4 -6.4
v 21.1 6.4 -6.4
v 21.7 6.4 -6.4
v 22.1 6.4 -6.4
v 22.5 6.4 -6.4
v 16.5 6.4 -6.6
v 16.9 6.4 -6.6
v 17.5 6.4 -6.6
v 18.3 6.4 -6.6
v 20.3 6.4 -6.6
v 21.1 6.4 -6.6
v 21.7 6.4 -6.6
v 22.1 6.4 -6.6
v 16.9 6.4 -6.8
v 17.5 6.4 -6.8
v 18.3 6.4 -6.8
v 20.3 6.4 -6.8
v 21.1 6.4 -6.8
v 21.7 6.4 -6.8
v 17.5 6.4 -7
v 21.1 6.4 -7
v 17.7 6.6 4.4
v 20.9 6.6 4.4
v 17.1 6.6 4.2
v 17.7 6.6 4.2
v 20.9 6.6 4.2
v 21.5 6.6 4.2
v 16.7 6.6 4
v 17.1 6.6 4
v 21.5 6.6 4
v 21.9 6.6 4
v 16.3 6.6 3.8
v 16.7 6.6 3.8
v 18.3 6.6 3.8
v 20.3 6.6 3.8
v 21.9 6.6 3.8
v 22.3 6.6 3.8
v 16.1 6.6 3.6
v 16.3 6.6 3.6
v 17.5 6.6 3.6
v 18.3 6.6 3.6
v 20.3 6.6 3.6
v 21.1 6.6 3.6
v 22.3 6.6 3.6
v 22.5 6.6 3.6
v 15.7 6.6 3.4
v 16.1 6.6 3.4
v 17.1 6.6 3.4
v 17.5 6.6 3.4
v 21.1 6.6 3.4
v 21.5 6.6 3.4
v 22.5 6.6 3.4
v 22.9 6.6 3.4
v 15.5 6.6 3.2
v 15.7 6.6 3.2
v 16.7 6.6 3.2
v 17.1 6.6 3.2
v 21.5 6.6 3.2
v 21.9 6.6 3.2
v 22.9 6.6 3.2
v 23.1 6.6 3.2
v 15.3 6.6 3
v 15.5 6.6 3
v 16.5 6.6 3
v 16.7 6.6 3
v 21.9 6.6 3
v 22.1 6.6 3
v 23.1 6.6 3
v 23.3 6.6 3
v 15.1 6.6 2.8
v 15.3 6.6 2.8
v 16.1 6.6 2.8
v 16.5 6.6 2.8
v 22.1 6.6 2.8
v 22.5 6.6 2.8
v 23.3 6.6 2.8
v 23.5 6.6 2.8
v 14.9 6.6 2.6
v 15.1 6.6 2.6
v 15.9 6.6 2.6
v 16.1 6.6 2.6
v 22.5 6.6 2.6
v 22.7 6.6 2.6
v 23.5 6.6 2.6
v 23.7 6.6 2.6
v 14.7 6.6 2.4
v 14.9 6.6 2.4
v 15.7 6.6 2.4
v 15.9 6.6 2.4
v 22.7 6.6 2.4
v 22.9 6.6 2.4
v 23.7 6.6 2.4
v 23.9 6.6 2.4
v 15.5 6.6 2.2
v 15.7 6.6 2.2
v 22.9 6.6 2.2
v 23.1 6.6 2.2
v 14.5 6.6 2
v 14.7 6.6 2
v 15.3 6.6 2
v 15.5 6.6 2
v 23.1 6.6 2
v 23.3 6.6 2
v 23.9 6.6 2
v 24.1 6.6 2
v 14.3 6.6 1.6
v 14.5 6.6 1.6
v 15.1 6.6 1.6
v 15.3 6.6 1.6
v 23.3 6.6 1.6
v 23.5 6.6 1.6
v 24.1 6.6 1.6
v 24.3 6.6 1.6
v 14.9 6.6 1.4
v 15.1 6.6 1.4
v 23.5 6.6 1.4
v 23.7 6.6 1.4
v 14.1 6.6 1.2
v 14.3 6.6 1.2
v 24.3 6.6 1.2
v 24.5 6.6 1.2
v 14.7 6.6 1
v 14.9 6.6 1
v 23.7 6.6 1
v 23.9 6.6 1
v 13.9 6.6 0.6
v 14.1 6.6 0.6
v 14.5 6.6 0.6
v 14.7 6.6 0.6
v 23.9 6.6 0.6
v 24.1 6.6 0.6
v 24.5 6.6 0.6
v 24.7 6.6 0.6
v 13.7 6.6 -0.199999
v 13.9 6.6 -0.199999
v 14.3 6.6 -0.199999
v 14.5 6.6 -0.199999
v 24.1 6.6 -0.199999
v 24.3 6.6 -0.199999
v 24.7 6.6 -0.199999
v 24.9 6.6 -0.199999
v 13.7 6.6 -2.2
v 13.9 6.6 -2.2
v 14.3 6.6 -2.2
v 14.5 6.6 -2.2
v 24.1 6.6 -2.2
v 24.3 6.6 -2.2
v 24.7 6.6 -2.2
v 24.9 6.6 -2.2
v 13.9 6.6 -3
v 14.1 6.6 -3
v 14.5 6.6 -3
v 14.7 6.6 -3
v 23.9 6.6 -3
v 24.1 6.6 -3
v 24.5 6.6 -3
v 24.7 6.6 -3
v 14.7 6.6 -3.4
v 14.9 6.6 -3.4
v 23.7 6.6 -3.4
v 23.9 6.6 -3.4
v 14.1 6.6 -3.6
v 14.3 6.6 -3.6
v 24.3 6.6 -3.6
v 24.5 6.6 -3.6
v 14.9 6.6 -3.8
v 15.1 6.6 -3.8
v 23.5 6.6 -3.8
v 23.7 6.6 -3.8
v 14.3 6.6 -4
v 14.5 6.6 -4
v 15.1 6.6 -4
v 15.3 6.6 -4
v 23.3 6.6 -4
v 23.5 6.6 -4
v 24.1 6.6 -4
v 24.3 6.6 -4
v 14.5 6.6 -4.4
v 14.7 6.6 -4.4
v 15.3 6.6 -4.4
v 15.5 6.6 -4.4
v 23.1 6.6 -4.4
v 23.3 6.6 -4.4
v 23.9 6.6 -4.4
v 24.1 6.6 -4.4
v 14.7 6.6 -4.6
v 14.9 6.6 -4.6
v 15.5 6.6 -4.6
v 15.7 6.6 -4.6
v 22.9 6.6 -4.6
v 23.1 6.6 -4.6
v 23.7 6.6 -4.6
v 23.9 6.6 -4.6
v 15.7 6.6 -4.8
v 15.9 6.6 -4.8
v 22.7 6.6 -4.8
v 22.9 6.6 -4.8
v 14.9 6.6 -5
v 15.1 6.6 -5
v 15.9 6.6 -5
v 16.1 6.6 -5
v 22.5 6.6 -5
v 22.7 6.6 -5
v 23.5 6.6 -5
v 23.7 6.6 -5
v 15.1 6.6 -5.2
v 15.3 6.6 -5.2
v 16.1 6.6 -5.2
v 16.5 6.6 -5.2
v 22.1 6.6 -5.2
v 22.5 6.6 -5.2
v 23.3 6.6 -5.2
v 23.5 6.6 -5.2
v 15.3 6.6 -5.4
v 15.5 6.6 -5.4
v 16.5 6.6 -5.4
v 16.7 6.6 -5.4
v 21.9 6.6 -5.4
v 22.1 6.6 -5.4
v 23.1 6.6 -5.4
v 23.3 6.6 -5.4
v 15.5 6.6 -5.6
v 15.7 6.6 -5.6
v 16.7 6.6 -5.6
v 17.1 6.6 -5.6
v 21.5 6.6 -5.6
v 21.9 6.6 -5.6
v 22.9 6.6 -5.6
v 23.1 6.6 -5.6
v 15.7 6.6 -5.8
v 16.1 6.6 -5.8
v 17.1 6.6 -5.8
v 17.5 6.6 -5.8
v 21.1 6.6 -5.8
v 21.5 6.6 -5.8
v 22.5 6.6 -5.8
v 22.9 6.6 -5.8
v 16.1 6.6 -6
v 16.5 6.6 -6
v 17.5 6.6 -6
v 18.3 6.6 -6
v 20.3 6.6 -6
v 21.1 6.6 -6
v 22.1 6.6 -6
v 22.5 6.6 -6
v 16.5 6.6 -6.2
v 16.9 6.6 -6.2
v 18.3 6.6 -6.2
v 20.3 6.6 -6.2
v 21.7 6.6 -6.2
v 22.1 6.6 -6.2
v 16.9 6.6 -6.4
v 17.5 6.6 -6.4
v 21.1 6.6 -6.4
v 21.7 6.6 -6.4
v 17.5 6.6 -6.6
v 18.3 6.6 -6.6
v 20.3 6.6 -6.6
v 21.1 6.6 -6.6
v 18.3 6.6 -6.8
v 20.3 6.6 -6.8
v 18.3 6.8 3.8
v 20.3 6.8 3.8
v 17.5 6.8 3.6
v 18.3 6.8 3.6
v 20.3 6.8 3.6
v 21.1 6.8 3.6
v 17.1 6.8 3.4
v 17.5 6.8 3.4
v 21.1 6.8 3.4
v 21.5 6.8 3.4
v 16.7 6.8 3.2
v 17.1 6.8 3.2
v 21.5 6.8 3.2
v 21.9 6.8 3.2
v 16.5 6.8 3
v 16.7 6.8 3
v 21.9 6.8 3
v 22.1 6.8 3
v 16.1 6.8 2.8
v 16.5 6.8 2.8
v 22.1 6.8 2.8
v 22.5 6.8 2.8
v 15.9 6.8 2.6
v 16.1 6.8 2.6
v 22.5 6.8 2.6
v 22.7 6.8 2.6
v 15.7 6.8 2.4
v 15.9 6.8 2.4
v 22.7 6.8 2.4
v 22.9 6.8 2.4
v 15.5 6.8 2.2
v 15.7 6.8 2.2
v 18.3 6.8 2.2
v 20.3 6.8 2.2
v 22.9 6.8 2.2
v 23.1 6.8 2.2
v 15.3 6.8 2
v 15.5 6.8 2
v 17.7 6.8 2
v 18.3 6.8 2
v 20.3 6.8 2
v 20.9 6.8 2
v 23.1 6.8 2
v 23.3 6.8 2
v 17.3 6.8 1.8
v 17.7 6.8 1.8
v 20.9 6.8 1.8
v 21.3 6.8 1.8
v 15.1 6.8 1.6
v 15.3 6.8 1.6
v 17.1 6.8 1.6
v 17.3 6.8 1.6
v 21.3 6.8 1.6
v 21.5 6.8 1.6
v 23.3 6.8 1.6
v 23.5 6.8 1.6
v 14.9 6.8 1.4
v 15.1 6.8 1.4
v 16.9 6.8 1.4
v 17.1 6.8 1.4
v 21.5 6.8 1.4
v 21.7 6.8 1.4
v 23.5 6.8 1.4
v 23.7 6.8 1.4
v 16.7 6.8 1.2
v 16.9 6.8 1.2
v 21.7 6.8 1.2
v 21.9 6.8 1.2
v 14.7 6.8 1
v 14.9 6.8 1
v 16.5 6.8 1
v 16.7 6.8 1
v 21.9 6.8 1
v 22.1 6.8 1
v 23.7 6.8 1
v 23.9 6.8 1
v 16.3 6.8 0.800001
v 16.5 6.8 0.800001
v 22.1 6.8 0.800001
v 22.3 6.8 0.800001
v 14.5 6.8 0.6
v 14.7 6.8 0.6
v 16.1 6.8 0.6
v 16.3 6.8 0.6
v 22.3 6.8 0.6
v 22.5 6.8 0.6
v 23.9 6.8 0.6
v 24.1 6.8 0.6
v 15.9 6.8 0.200001
v 16.1 6.8 0.200001
v 22.5 6.8 0.200001
v 22.7 6.8 0.200001
v 14.3 6.8 -0.199999
v 14.5 6.8 -0.199999
v 24.1 6.8 -0.199999
v 24.3 6.8 -0.199999
v 15.7 6.8 -0.4
v 15.9 6.8 -0.4
v 22.7 6.8 -0.4
v 22.9 6.8 -0.4
v 14.3 6.8 -2.2
v 14.5 6.8 -2.2
v 15.7 6.8 -2.2
v 15.9 6.8 -2.2
v 22.7 6.8 -2.2
v 22.9 6.8 -2.2
v 24.1 6.8 -2.2
v 24.3 6.8 -2.2
v 15.9 6.8 -2.8
v 16.1 6.8 -2.8
v 22.5 6.8 -2.8
v 22.7 6.8 -2.8
v 14.5 6.8 -3
v 14.7 6.8 -3
v 23.9 6.8 -3
v 24.1 6.8 -3
v 16.1 6.8 -3.2
v 16.3 6.8 -3.2
v 22.3 6.8 -3.2
v 22.5 6.8 -3.2
v 14.7 6.8 -3.4
v 14.9 6.8 -3.4
v 16.3 6.8 -3.4
v 16.5 6.8 -3.4
v 22.1 6.8 -3.4
v 22.3 6.8 -3.4
v 23.7 6.8 -3.4
v 23.9 6.8 -3.4
v 16.5 6.8 -3.6
v 16.7 6.8 -3.6
v 21.9 6.8 -3.6
v 22.1 6.8 -3.6
v 14.9 6.8 -3.8
v 15.1 6.8 -3.8
v 16.7 6.8 -3.8
v 16.9 6.8 -3.8
v 21.7 6.8 -3.8
v 21.9 6.8 -3.8
v 23.5 6.8 -3.8
v 23.7 6.8 -3.8
v 15.1 6.8 -4
v 15.3 6.8 -4
v 16.9 6.8 -4
v 17.1 6.8 -4
v 21.5 6.8 -4
v 21.7 6.8 -4
v 23.3 6.8 -4
v 23.5 6.8 -4
v 17.1 6.8 -4.2
v 17.3 6.8 -4.2
v 21.3 6.8 -4.2
v 21.5 6.8 -4.2
v 15.3 6.8 -4.4
v 15.5 6.8 -4.4
v 17.3 6.8 -4.4
v 17.7 6.8 -4.4
v 20.9 6.8 -4.4
v 21.3 6.8 -4.4
v 23.1 6.8 -4.4
v 23.3 6.8 -4.4
v 15.5 6.8 -4.6
v 15.7 6.8 -4.6
v 17.7 6.8 -4.6
v 18.3 6.8 -4.6
v 20.3 6.8 -4.6
v 20.9 6.8 -4.6
v 22.9 6.8 -4.6
v 23.1 6.8 -4.6
v 15.7 6.8 -4.8
v 15.9 6.8 -4.8
v 18.3 6.8 -4.8
v 20.3 6.8 -4.8
v 22.7 6.8 -4.8
v 22.9 6.8 -4.8
v 15.9 6.8 -5
v 16.1 6.8 -5
v 22.5 6.8 -5
v 22.7 6.8 -5
v 16.1 6.8 -5.2
v 16.5 6.8 -5.2
v 22.1 6.8 -5.2
v 22.5 6.8 -5.2
v 16.5 6.8 -5.4
v 16.7 6.8 -5.4
v 21.9 6.8 -5.4
v 22.1 6.8 -5.4
v 16.7 6.8 -5.6
v 17.1 6.8 -5.6
v 21.5 6.8 -5.6
v 21.9 6.8 -5.6
v 17.1 6.8 -5.8
v 17.5 6.8 -5.8
v 21.1 6.8 -5.8
v 21.5 6.8 -5.8
v 17.5 6.8 -6
v 18.3 6.8 -6
v 20.3 6.8 -6
v 21.1 6.8 -6
v 18.3 6.8 -6.2
v 20.3 6.8 -6.2
v 18.3 7 2.2
v 20.3 7 2.2
v 17.7 7 2
v 18.3 7 2
v 20.3 7 2
v 20.9 7 2
v 17.3 7 1.8
v 17.7 7 1.8
v 18.3 7 1.8
v 20.3 7 1.8
v 20.9 7 1.8
v 21.3 7 1.8
v 17.1 7 1.6
v 17.3 7 1.6
v 17.7 7 1.6
v 20.9 7 1.6
v 21.3 7 1.6
v 21.5 7 1.6
v 16.9 7 1.4
v 17.1 7 1.4
v 17.3 7 1.4
v 21.3 7 1.4
v 21.5 7 1.4
v 21.7 7 1.4
v 16.7 7 1.2
v 16.9 7 1.2
v 17.1 7 1.2
v 21.5 7 1.2
v 21.7 7 1.2
v 21.9 7 1.2
v 16.5 7 1
v 16.7 7 1
v 16.9 7 1
v 21.7 7 1
v 21.9 7 1
v 22.1 7 1
v 16.3 7 0.800001
v 16.5 7 0.800001
v 16.7 7 0.800001
v 21.9 7 0.800001
v 22.1 7 0.800001
v 22.3 7 0.800001
v 16.1 7 0.6
v 16.3 7 0.6
v 16.5 7 0.6
v 22.1 7 0.6
v 22.3 7 0.6
v 22.5 7 0.6
v 15.9 7 0.200001
v 16.1 7 0.200001
v 16.3 7 0.200001
v 22.3 7 0.200001
v 22.5 7 0.200001
v 22.7 7 0.200001
v 15.7 7 -0.4
v 15.9 7 -0.4
v 16.1 7 -0.4
v 22.5 7 -0.4
v 22.7 7 -0.4
v 22.9 7 -0.4
v 15.7 7 -2.2
v 15.9 7 -2.2
v 16.1 7 -2.2
v 22.5 7 -2.2
v 22.7 7 -2.2
v 22.9 7 -2.2
v 15.9 7 -2.8
v 16.1 7 -2.8
v 16.3 7 -2.8
v 22.3 7 -2.8
v 22.5 7 -2.8
v 22.7 7 -2.8
v 16.1 7 -3.2
v 16.3 7 -3.2
v 16.5 7 -3.2
v 22.1 7 -3.2
v 22.3 7 -3.2
v 22.5 7 -3.2
v 16.3 7 -3.4
v 16.5 7 -3.4
v 16.7 7 -3.4
v 21.9 7 -3.4
v 22.1 7 -3.4
v 22.3 7 -3.4
v 16.5 7 -3.6
v 16.7 7 -3.6
v 16.9 7 -3.6
v 21.7 7 -3.6
v 21.9 7 -3.6
v 22.1 7 -3.6
v 16.7 7 -3.8
v 16.9 7 -3.8
v 17.1 7 -3.8
v 21.5 7 -3.8
v 21.7 7 -3.8
v 21.9 7 -3.8
v 16.9 7 -4
v 17.1 7 -4
v 17.3 7 -4
v 21.3 7 -4
v 21.5 7 -4
v 21.7 7 -4
v 17.1 7 -4.2
v 17.3 7 -4.2
v 17.7 7 -4.2
v 20.9 7 -4.2
v 21.3 7 -4.2
v 21.5 7 -4.2
v 17.3 7 -4.4
v 17.7 7 -4.4
v 18.3 7 -4.4
v 20.3 7 -4.4
v 20.9 7 -4.4
v 21.3 7 -4.4
v 17.7 7 -4.6
v 18.3 7 -4.6
v 20.3 7 -4.6
v 20.9 7 -4.6
v 18.3 7 -4.8
v 20.3 7 -4.8
v 13.1 8.2 3.6
v 25.5 8.2 3.6
v 13.1 8.2 -6.2
v 25.5 8.2 -6.2

# faces
f 5/2/1 4/2/1 3/2/1
f 6/2/1 4/2/1 5/2/1
f 8/2/1 4/2/1 6/2/1
f 9/2/1 8/2/1 7/2/1
f 10/2/1 8/2/1 9/2/1
f 12/2/1 8/2/1 10/2/1
f 13/2/1 12/2/1 11/2/1
f 14/2/1 8/2/1 12/2/1
f 14/2/1 12/2/1 13/2/1
f 16/2/1 8/2/1 14/2/1
f 17/2/1 16/2/1 15/2/1
f 18/2/1 8/2/1 16/2/1
f 18/2/1 16/2/1 17/2/1
f 21/2/1 8/2/1 18/2/1
f 22/1/1 20/1/1 19/1/1
f 23/2/1 21/2/1 20/2/1
f 23/1/1 20/1/1 22/1/1
f 24/2/1 23/2/1 22/2/1
f 25/2/1 4/2/1 8/2/1
f 25/2/1 23/2/1 24/2/1
f 25/2/1 8/2/1 21/2/1
f 25/2/1 21/2/1 23/2/1
f 26/2/1 2/2/1 1/2/1
f 27/2/1 2/2/1 26/2/1
f 33/2/1 29/2/1 28/2/1
f 34/2/1 29/2/1 33/2/1
f 35/2/1 33/2/1 32/2/1
f 36/2/1 33/2/1 35/2/1
f 41/4/1 38/4/1 37/4/1
f 42/4/1 38/4/1 41/4/1
f 43/2/1 40/2/1 39/2/1
f 44/2/1 40/2/1 43/2/1
f 47/4/1 45/4/1 44/4/1
f 48/4/1 45/4/1 47/4/1
f 49/2/1 47/2/1 46/2/1
f 50/2/1 47/2/1 49/2/1
f 53/4/1 51/4/1 50/4/1
f 54/4/1 51/4/1 53/4/1
f 55/2/1 53/2/1 52/2/1
f 56/2/1 53/2/1 55/2/1
f 59/4/1 57/4/1 56/4/1
f 60/4/1 57/4/1 59/4/1
f 61/4/1 57/4/1 60/4/1
f 62/1/1 59/1/1 58/1/1
f 63/1/1 59/1/1 62/1/1
f 64/2/1 63/2/1 62/2/1
f 65/2/1 63/2/1 64/2/1
f 68/2/1 31/2/1 30/2/1
f 69/2/1 31/2/1 68/2/1
f 70/2/1 66/2/1 65/2/1
f 71/2/1 66/2/1 70/2/1
f 72/2/1 68/2/1 67/2/1
f 73/2/1 68/2/1 72/2/1
f 77/2/1 75/2/1 74/2/1
f 78/2/1 75/2/1 77/2/1
f 79/2/1 75/2/1 78/2/1
f 80/2/1 75/2/1 79/2/1
f 81/2/1 77/2/1 76/2/1
f 82/2/1 77/2/1 81/2/1
f 83/2/1 79/2/1 78/2/1
f 84/2/1 79/2/1 83/2/1
f 87/2/1 86/2/1 85/2/1
f 88/2/1 86/2/1 87/2/1
f 91/4/1 89/4/1 88/4/1
f 92/4/1 89/4/1 91/4/1
f 95/2/1 94/2/1 93/2/1
f 96/2/1 94/2/1 95/2/1
f 99/2/1 91/2/1 90/2/1
f 100/2/1 91/2/1 99/2/1
f 102/5/1 98/5/1 97/5/1
f 103/5/1 98/5/1 102/5/1
f 105/4/1 101/4/1 100/4/1
f 106/4/1 101/4/1 105/4/1
f 109/2/1 108/2/1 107/2/1
f 110/2/1 108/2/1 109/2/1
f 111/2/1 105/2/1 104/2/1
f 112/2/1 105/2/1 111/2/1
f 115/4/1 113/4/1 112/4/1
f 116/4/1 113/4/1 115/4/1
f 119/2/1 118/2/1 117/2/1
f 120/2/1 118/2/1 119/2/1
f 121/2/1 115/2/1 114/2/1
f 122/2/1 115/2/1 121/2/1
f 123/1/1 122/1/1 121/1/1
f 124/1/1 122/1/1 123/1/1
f 125/2/1 124/2/1 123/2/1
f 126/2/1 124/2/1 125/2/1
f 128/4/1 84/4/1 83/4/1
f 129/4/1 84/4/1 128/4/1
f 130/2/1 127/2/1 126/2/1
f 131/2/1 127/2/1 130/2/1
f 134/2/1 133/2/1 132/2/1
f 135/2/1 133/2/1 134/2/1
f 138/2/1 137/2/1 136/2/1
f 139/2/1 137/2/1 138/2/1
f 140/1/1 139/1/1 138/1/1
f 141/1/1 139/1/1 140/1/1
f 142/2/1 141/2/1 140/2/1
f 143/2/1 141/2/1 142/2/1
f 145/2/1 144/2/1 143/2/1
f 146/2/1 144/2/1 145/2/1
f 150/2/1 148/2/1 147/2/1
f 151/2/1 150/2/1 149/2/1
f 152/2/1 148/2/1 150/2/1
f 152/2/1 150/2/1 151/2/1
f 153/2/1 148/2/1 152/2/1
f 154/2/1 148/2/1 153/2/1
f 157/2/1 156/2/1 155/2/1
f 158/2/1 156/2/1 157/2/1
f 161/4/1 159/4/1 158/4/1
f 162/4/1 159/4/1 161/4/1
f 163/2/1 161/2/1 160/2/1
f 164/2/1 161/2/1 163/2/1
f 167/4/1 165/4/1 164/4/1
f 168/4/1 165/4/1 167/4/1
f 169/2/1 167/2/1 166/2/1
f 170/2/1 167/2/1 169/2/1
f 173/4/1 171/4/1 170/4/1
f 174/4/1 171/4/1 173/4/1
f 175/2/1 173/2/1 172/2/1
f 176/2/1 173/2/1 175/2/1
f 177/1/1 176/1/1 175/1/1
f 178/1/1 176/1/1 177/1/1
f 179/2/1 178/2/1 177/2/1
f 180/2/1 178/2/1 179/2/1
f 182/2/1 181/2/1 180/2/1
f 183/2/1 181/2/1 182/2/1
f 186/2/1 185/2/1 184/2/1
f 187/2/1 185/2/1 186/2/1
f 190/2/1 189/2/1 188/2/1
f 191/2/1 189/2/1 190/2/1
f 194/2/1 193/2/1 192/2/1
f 195/2/1 193/2/1 194/2/1
f 198/2/1 197/2/1 196/2/1
f 199/2/1 197/2/1 198/2/1
f 200/1/1 199/1/1 198/1/1
f 201/1/1 199/1/1 200/1/1
f 202/2/1 201/2/1 200/2/1
f 203/2/1 201/2/1 202/2/1
f 205/2/1 204/2/1 203/2/1
f 206/2/1 204/2/1 205/2/1
f 209/4/1 208/4/1 207/4/1
f 210/4/1 208/4/1 209/4/1
f 214/2/1 212/2/1 211/2/1
f 215/2/1 214/2/1 213/2/1
f 216/2/1 212/2/1 214/2/1
f 216/2/1 214/2/1 215/2/1
f 217/2/1 212/2/1 216/2/1
f 218/2/1 212/2/1 217/2/1
f 221/2/1 220/2/1 219/2/1
f 222/2/1 220/2/1 221/2/1
f 225/2/1 224/2/1 223/2/1
f 226/2/1 224/2/1 225/2/1
f 231/9/1 228/9/1 227/9/1
f 232/9/1 228/9/1 231/9/1
f 233/4/1 230/4/1 229/4/1
f 234/4/1 230/4/1 233/4/1
f 237/2/1 236/2/1 235/2/1
f 238/2/1 236/2/1 237/2/1
f 241/2/1 240/2/1 239/2/1
f 242/2/1 240/2/1 241/2/1
f 245/9/1 244/9/1 243/9/1
f 246/9/1 244/9/1 245/9/1
f 249/2/1 248/2/1 247/2/1
f 250/2/1 248/2/1 249/2/1
f 253/2/1 252/2/1 251/2/1
f 254/2/1 252/2/1 253/2/1
f 257/2/1 256/2/1 255/2/1
f 258/2/1 256/2/1 257/2/1
f 261/4/1 259/4/1 258/4/1
f 262/4/1 259/4/1 261/4/1
f 263/2/1 261/2/1 260/2/1
f 264/2/1 261/2/1 263/2/1
f 267/4/1 265/4/1 264/4/1
f 268/4/1 265/4/1 267/4/1
f 269/2/1 267/2/1 266/2/1
f 270/2/1 267/2/1 269/2/1
f 273/4/1 271/4/1 270/4/1
f 274/4/1 271/4/1 273/4/1
f 275/2/1 273/2/1 272/2/1
f 276/2/1 273/2/1 275/2/1
f 277/1/1 276/1/1 275/1/1
f 278/1/1 276/1/1 277/1/1
f 279/2/1 278/2/1 277/2/1
f 280/2/1 278/2/1 279/2/1
f 282/2/1 281/2/1 280/2/1
f 283/2/1 281/2/1 282/2/1
f 286/2/1 285/2/1 284/2/1
f 287/2/1 285/2/1 286/2/1
f 288/1/1 287/1/1 286/1/1
f 289/1/1 287/1/1 288/1/1
f 290/2/1 289/2/1 288/2/1
f 291/2/1 289/2/1 290/2/1
f 293/2/1 292/2/1 291/2/1
f 294/2/1 292/2/1 293/2/1
f 298/2/1 296/2/1 295/2/1
f 299/2/1 298/2/1 297/2/1
f 300/2/1 296/2/1 298/2/1
f 300/2/1 298/2/1 299/2/1
f 301/2/1 296/2/1 300/2/1
f 302/2/1 296/2/1 301/2/1
f 305/4/1 304/4/1 303/4/1
f 306/4/1 304/4/1 305/4/1
f 309/4/1 308/4/1 307/4/1
f 310/4/1 308/4/1 309/4/1
f 314/2/1 312/2/1 311/2/1
f 315/2/1 314/2/1 313/2/1
f 316/2/1 312/2/1 314/2/1
f 316/2/1 314/2/1 315/2/1
f 317/2/1 312/2/1 316/2/1
f 318/2/1 312/2/1 317/2/1
f 322/2/1 320/2/1 319/2/1
f 323/2/1 322/2/1 321/2/1
f 324/2/1 320/2/1 322/2/1
f 324/2/1 322/2/1 323/2/1
f 325/2/1 320/2/1 324/2/1
f 326/2/1 320/2/1 325/2/1
f 329/4/1 328/4/1 327/4/1
f 330/4/1 328/4/1 329/4/1
f 333/3/1 332/3/1 331/3/1
f 334/3/1 332/3/1 333/3/1
f 337/2/1 336/2/1 335/2/1
f 338/2/1 336/2/1 337/2/1
f 343/2/1 340/2/1 339/2/1
f 344/2/1 342/2/1 341/2/1
f 345/2/1 343/2/1 339/2/1
f 345/2/1 344/2/1 343/2/1
f 346/2/1 342/2/1 344/2/1
f 346/2/1 344/2/1 345/2/1
f 349/3/1 348/3/1 347/3/1
f 350/3/1 348/3/1 349/3/1
f 355/2/1 352/2/1 351/2/1
f 356/2/1 352/2/1 355/2/1
f 359/2/1 354/2/1 353/2/1
f 360/2/1 354/2/1 359/2/1
f 361/2/1 358/2/1 357/2/1
f 362/2/1 358/2/1 361/2/1
f 368/4/1 364/4/1 363/4/1
f 369/4/1 364/4/1 368/4/1
f 372/4/1 366/4/1 365/4/1
f 373/4/1 366/4/1 372/4/1
f 375/4/1 370/4/1 369/4/1
f 375/4/1 368/4/1 367/4/1
f 375/4/1 369/4/1 368/4/1
f 376/4/1 370/4/1 375/4/1
f 377/4/1 374/4/1 373/4/1
f 377/4/1 373/4/1 372/4/1
f 377/4/1 372/4/1 371/4/1
f 378/4/1 374/4/1 377/4/1
f 382/2/1 380/2/1 379/2/1
f 383/2/1 382/2/1 381/2/1
f 384/2/1 380/2/1 382/2/1
f 384/2/1 382/2/1 383/2/1
f 385/2/1 380/2/1 384/2/1
f 386/2/1 380/2/1 385/2/1
f 391/2/1 388/2/1 387/2/1
f 392/2/1 388/2/1 391/2/1
f 397/2/1 390/2/1 389/2/1
f 398/2/1 390/2/1 397/2/1
f 399/2/1 394/2/1 393/2/1
f 400/2/1 394/2/1 399/2/1
f 401/2/1 396/2/1 395/2/1
f 402/2/1 396/2/1 401/2/1
f 408/4/1 404/4/1 403/4/1
f 409/4/1 404/4/1 408/4/1
f 412/4/1 406/4/1 405/4/1
f 413/4/1 406/4/1 412/4/1
f 415/4/1 408/4/1 407/4/1
f 416/4/1 408/4/1 415/4/1
f 417/4/1 410/4/1 409/4/1
f 418/4/1 410/4/1 417/4/1
f 419/4/1 412/4/1 411/4/1
f 420/4/1 412/4/1 419/4/1
f 421/4/1 414/4/1 413/4/1
f 422/4/1 414/4/1 421/4/1
f 427/2/1 424/2/1 423/2/1
f 428/2/1 424/2/1 427/2/1
f 433/2/1 426/2/1 425/2/1
f 434/2/1 426/2/1 433/2/1
f 435/2/1 430/2/1 429/2/1
f 436/2/1 430/2/1 435/2/1
f 437/2/1 432/2/1 431/2/1
f 438/2/1 432/2/1 437/2/1
f 443/2/1 440/2/1 439/2/1
f 444/2/1 440/2/1 443/2/1
f 449/2/1 442/2/1 441/2/1
f 450/2/1 442/2/1 449/2/1
f 451/2/1 446/2/1 445/2/1
f 452/2/1 446/2/1 451/2/1
f 455/2/1 448/2/1 447/2/1
f 456/2/1 448/2/1 455/2/1
f 457/2/1 454/2/1 453/2/1
f 458/2/1 454/2/1 457/2/1
f 463/2/1 460/2/1 459/2/1
f 464/2/1 460/2/1 463/2/1
f 469/2/1 462/2/1 461/2/1
f 470/2/1 462/2/1 469/2/1
f 471/2/1 466/2/1 465/2/1
f 472/2/1 466/2/1 471/2/1
f 477/2/1 468/2/1 467/2/1
f 478/2/1 468/2/1 477/2/1
f 479/2/1 474/2/1 473/2/1
f 480/2/1 474/2/1 479/2/1
f 481/2/1 476/2/1 475/2/1
f 482/2/1 476/2/1 481/2/1
f 486/2/1 484/2/1 483/2/1
f 487/2/1 486/2/1 485/2/1
f 488/2/1 484/2/1 486/2/1
f 488/2/1 486/2/1 487/2/1
f 489/2/1 484/2/1 488/2/1
f 490/2/1 484/2/1 489/2/1
f 495/2/1 492/2/1 491/2/1
f 496/2/1 492/2/1 495/2/1
f 501/2/1 494/2/1 493/2/1
f 502/2/1 494/2/1 501/2/1
f 503/2/1 498/2/1 497/2/1
f 504/2/1 498/2/1 503/2/1
f 509/2/1 500/2/1 499/2/1
f 510/2/1 500/2/1 509/2/1
f 511/2/1 506/2/1 505/2/1
f 512/2/1 506/2/1 511/2/1
f 513/2/1 508/2/1 507/2/1
f 514/2/1 508/2/1 513/2/1
f 519/2/1 516/2/1 515/2/1
f 520/2/1 516/2/1 519/2/1
f 525/2/1 518/2/1 517/2/1
f 526/2/1 518/2/1 525/2/1
f 527/2/1 522/2/1 521/2/1
f 528/2/1 522/2/1 527/2/1
f 533/2/1 524/2/1 523/2/1
f 534/2/1 524/2/1 533/2/1
f 535/2/1 530/2/1 529/2/1
f 536/2/1 530/2/1 535/2/1
f 537/2/1 532/2/1 531/2/1
f 538/2/1 532/2/1 537/2/1
f 543/2/1 540/2/1 539/2/1
f 544/2/1 540/2/1 543/2/1
f 549/2/1 542/2/1 541/2/1
f 550/2/1 542/2/1 549/2/1
f 551/2/1 546/2/1 545/2/1
f 552/2/1 546/2/1 551/2/1
f 557/2/1 548/2/1 547/2/1
f 558/2/1 548/2/1 557/2/1
f 559/2/1 554/2/1 553/2/1
f 560/2/1 554/2/1 559/2/1
f 561/2/1 556/2/1 555/2/1
f 562/2/1 556/2/1 561/2/1
f 567/2/1 564/2/1 563/2/1
f 568/2/1 564/2/1 567/2/1
f 573/2/1 566/2/1 565/2/1
f 574/2/1 566/2/1 573/2/1
f 575/2/1 570/2/1 569/2/1
f 576/2/1 570/2/1 575/2/1
f 581/2/1 572/2/1 571/2/1
f 582/2/1 572/2/1 581/2/1
f 583/2/1 578/2/1 577/2/1
f 584/2/1 578/2/1 583/2/1
f 585/2/1 580/2/1 579/2/1
f 586/2/1 580/2/1 585/2/1
f 590/2/1 588/2/1 587/2/1
f 591/2/1 590/2/1 589/2/1
f 592/2/1 588/2/1 590/2/1
f 592/2/1 590/2/1 591/2/1
f 593/2/1 588/2/1 592/2/1
f 594/2/1 588/2/1 593/2/1
f 597/2/1 596/2/1 595/2/1
f 598/2/1 596/2/1 597/2/1
f 601/2/1 600/2/1 599/2/1
f 602/2/1 600/2/1 601/2/1
f 607/2/1 604/2/1 603/2/1
f 608/2/1 604/2/1 607/2/1
f 613/2/1 606/2/1 605/2/1
f 614/2/1 606/2/1 613/2/1
f 615/2/1 610/2/1 609/2/1
f 616/2/1 610/2/1 615/2/1
f 621/2/1 612/2/1 611/2/1
f 622/2/1 612/2/1 621/2/1
f 623/2/1 618/2/1 617/2/1
f 624/2/1 618/2/1 623/2/1
f 625/2/1 620/2/1 619/2/1
f 626/2/1 620/2/1 625/2/1
f 629/2/1 628/2/1 627/2/1
f 630/2/1 628/2/1 629/2/1
f 633/2/1 632/2/1 631/2/1
f 634/2/1 632/2/1 633/2/1
f 635/6/1 634/6/1 633/6/1
f 636/6/1 634/6/1 635/6/1
f 639/2/1 638/2/1 637/2/1
f 640/2/1 638/2/1 639/2/1
f 645/2/1 642/2/1 641/2/1
f 646/2/1 642/2/1 645/2/1
f 651/2/1 644/2/1 643/2/1
f 652/2/1 644/2/1 651/2/1
f 653/2/1 648/2/1 647/2/1
f 654/2/1 648/2/1 653/2/1
f 657/2/1 650/2/1 649/2/1
f 658/2/1 650/2/1 657/2/1
f 659/2/1 656/2/1 655/2/1
f 660/2/1 656/2/1 659/2/1
f 663/2/1 662/2/1 661/2/1
f 664/2/1 662/2/1 663/2/1
f 669/2/1 666/2/1 665/2/1
f 670/2/1 666/2/1 669/2/1
f 671/2/1 668/2/1 667/2/1
f 672/2/1 668/2/1 671/2/1
f 677/2/1 674/2/1 673/2/1
f 678/2/1 674/2/1 677/2/1
f 683/2/1 676/2/1 675/2/1
f 684/2/1 676/2/1 683/2/1
f 685/2/1 680/2/1 679/2/1
f 686/2/1 680/2/1 685/2/1
f 687/2/1 682/2/1 681/2/1
f 688/2/1 682/2/1 687/2/1
f 690/2/1 687/2/1 686/2/1
f 691/2/1 687/2/1 690/2/1
f 693/2/1 690/2/1 689/2/1
f 694/2/1 690/2/1 693/2/1
f 695/2/1 692/2/1 691/2/1
f 696/2/1 692/2/1 695/2/1
f 701/2/1 698/2/1 697/2/1
f 702/2/1 698/2/1 701/2/1
f 707/2/1 700/2/1 699/2/1
f 708/2/1 700/2/1 707/2/1
f 709/2/1 704/2/1 703/2/1
f 710/2/1 704/2/1 709/2/1
f 715/2/1 706/2/1 705/2/1
f 716/2/1 706/2/1 715/2/1
f 717/2/1 712/2/1 711/2/1
f 718/2/1 712/2/1 717/2/1
f 723/2/1 714/2/1 713/2/1
f 724/2/1 714/2/1 723/2/1
f 725/2/1 720/2/1 719/2/1
f 726/2/1 720/2/1 725/2/1
f 729/2/1 722/2/1 721/2/1
f 730/2/1 722/2/1 729/2/1
f 732/2/1 727/2/1 726/2/1
f 733/2/1 727/2/1 732/2/1
f 734/2/1 729/2/1 728/2/1
f 735/2/1 729/2/1 734/2/1
f 737/2/1 732/2/1 731/2/1
f 738/2/1 732/2/1 737/2/1
f 739/2/1 736/2/1 735/2/1
f 740/2/1 736/2/1 739/2/1
f 744/2/1 742/2/1 741/2/1
f 745/2/1 744/2/1 743/2/1
f 746/2/1 742/2/1 744/2/1
f 746/2/1 744/2/1 745/2/1
f 747/2/1 742/2/1 746/2/1
f 748/2/1 742/2/1 747/2/1
f 751/2/1 750/2/1 749/2/1
f 752/2/1 750/2/1 751/2/1
f 757/2/1 754/2/1 753/2/1
f 758/2/1 754/2/1 757/2/1
f 761/2/1 756/2/1 755/2/1
f 762/2/1 756/2/1 761/2/1
f 764/2/1 759/2/1 758/2/1
f 765/2/1 759/2/1 764/2/1
f 766/2/1 761/2/1 760/2/1
f 767/2/1 761/2/1 766/2/1
f 769/2/1 764/2/1 763/2/1
f 770/2/1 764/2/1 769/2/1
f 771/2/1 768/2/1 767/2/1
f 772/2/1 768/2/1 771/2/1
f 775/4/1 774/4/1 773/4/1
f 776/4/1 774/4/1 775/4/1
f 781/2/1 778/2/1 777/2/1
f 782/2/1 778/2/1 781/2/1
f 785/2/1 780/2/1 779/2/1
f 786/2/1 780/2/1 785/2/1
f 791/2/1 784/2/1 783/2/1
f 792/2/1 784/2/1 791/2/1
f 793/2/1 788/2/1 787/2/1
f 794/2/1 788/2/1 793/2/1
f 799/2/1 790/2/1 789/2/1
f 800/2/1 790/2/1 799/2/1
f 801/2/1 796/2/1 795/2/1
f 802/2/1 796/2/1 801/2/1
f 805/2/1 798/2/1 797/2/1
f 806/2/1 798/2/1 805/2/1
f 808/2/1 803/2/1 802/2/1
f 809/2/1 803/2/1 808/2/1
f 810/2/1 805/2/1 804/2/1
f 811/2/1 805/2/1 810/2/1
f 813/2/1 808/2/1 807/2/1
f 814/2/1 808/2/1 813/2/1
f 815/2/1 812/2/1 811/2/1
f 816/2/1 812/2/1 815/2/1
f 819/2/1 818/2/1 817/2/1
f 820/2/1 818/2/1 819/2/1
f 825/2/1 822/2/1 821/2/1
f 826/2/1 822/2/1 825/2/1
f 831/2/1 824/2/1 823/2/1
f 832/2/1 824/2/1 831/2/1
f 833/2/1 828/2/1 827/2/1
f 834/2/1 828/2/1 833/2/1
f 837/2/1 830/2/1 829/2/1
f 838/2/1 830/2/1 837/2/1
f 840/2/1 835/2/1 834/2/1
f 841/2/1 835/2/1 840/2/1
f 842/2/1 837/2/1 836/2/1
f 843/2/1 837/2/1 842/2/1
f 845/2/1 840/2/1 839/2/1
f 846/2/1 840/2/1 845/2/1
f 847/2/1 844/2/1 843/2/1
f 848/2/1 844/2/1 847/2/1
f 853/2/1 850/2/1 849/2/1
f 854/2/1 850/2/1 853/2/1
f 857/2/1 852/2/1 851/2/1
f 858/2/1 852/2/1 857/2/1
f 859/2/1 856/2/1 855/2/1
f 860/2/1 856/2/1 859/2/1
f 865/2/1 862/2/1 861/2/1
f 866/2/1 862/2/1 865/2/1
f 869/2/1 864/2/1 863/2/1
f 870/2/1 864/2/1 869/2/1
f 872/2/1 867/2/1 866/2/1
f 873/2/1 867/2/1 872/2/1
f 874/2/1 869/2/1 868/2/1
f 875/2/1 869/2/1 874/2/1
f 877/3/1 872/3/1 871/3/1
f 878/3/1 872/3/1 877/3/1
f 879/3/1 876/3/1 875/3/1
f 880/3/1 876/3/1 879/3/1
f 884/2/1 882/2/1 881/2/1
f 885/2/1 884/2/1 883/2/1
f 886/2/1 882/2/1 884/2/1
f 886/2/1 884/2/1 885/2/1
f 887/2/1 882/2/1 886/2/1
f 888/2/1 882/2/1 887/2/1
f 891/2/1 890/2/1 889/2/1
f 892/2/1 890/2/1 891/2/1
f 897/2/1 894/2/1 893/2/1
f 898/2/1 894/2/1 897/2/1
f 903/2/1 896/2/1 895/2/1
f 904/2/1 896/2/1 903/2/1
f 905/2/1 900/2/1 899/2/1
f 906/2/1 900/2/1 905/2/1
f 909/2/1 902/2/1 901/2/1
f 910/2/1 902/2/1 909/2/1
f 911/2/1 907/2/1 906/2/1
f 912/2/1 907/2/1 911/2/1
f 913/2/1 909/2/1 908/2/1
f 914/2/1 909/2/1 913/2/1
f 917/3/1 916/3/1 915/3/1
f 918/3/1 916/3/1 917/3/1
f 923/2/1 920/2/1 919/2/1
f 924/2/1 920/2/1 923/2/1
f 927/2/1 922/2/1 921/2/1
f 928/2/1 922/2/1 927/2/1
f 929/2/1 925/2/1 924/2/1
f 930/2/1 925/2/1 929/2/1
f 931/2/1 927/2/1 926/2/1
f 932/2/1 927/2/1 931/2/1
f 935/2/1 934/2/1 933/2/1
f 936/2/1 934/2/1 935/2/1
f 941/2/1 938/2/1 937/2/1
f 942/2/1 938/2/1 941/2/1
f 945/2/1 940/2/1 939/2/1
f 946/2/1 940/2/1 945/2/1
f 951/2/1 944/2/1 943/2/1
f 952/2/1 944/2/1 951/2/1
f 953/2/1 948/2/1 947/2/1
f 954/2/1 948/2/1 953/2/1
f 955/2/1 950/2/1 949/2/1
f 956/2/1 950/2/1 955/2/1
f 959/2/1 958/2/1 957/2/1
f 960/2/1 958/2/1 959/2/1
f 963/2/1 962/2/1 961/2/1
f 964/2/1 962/2/1 963/2/1
f 969/2/1 966/2/1 965/2/1
f 970/2/1 966/2/1 969/2/1
f 973/2/1 968/2/1 967/2/1
f 974/2/1 968/2/1 973/2/1
f 975/2/1 971/2/1 970/2/1
f 976/2/1 971/2/1 975/2/1
f 977/2/1 973/2/1 972/2/1
f 978/2/1 973/2/1 977/2/1
f 982/2/1 980/2/1 979/2/1
f 983/2/1 982/2/1 981/2/1
f 984/2/1 980/2/1 982/2/1
f 984/2/1 982/2/1 983/2/1
f 985/2/1 980/2/1 984/2/1
f 986/2/1 980/2/1 985/2/1
f 989/2/1 988/2/1 987/2/1
f 990/2/1 988/2/1 989/2/1
f 993/2/1 992/2/1 991/2/1
f 994/2/1 992/2/1 993/2/1
f 997/2/1 996/2/1 995/2/1
f 998/2/1 996/2/1 997/2/1
f 1003/2/1 1000/2/1 999/2/1
f 1004/2/1 1000/2/1 1003/2/1
f 1005/2/1 1002/2/1 1001/2/1
f 1006/2/1 1002/2/1 1005/2/1
f 1013/2/1 1008/2/1 1007/2/1
f 1014/2/1 1008/2/1 1013/2/1
f 1015/2/1 1010/2/1 1009/2/1
f 1016/2/1 1010/2/1 1015/2/1
f 1021/2/1 1012/2/1 1011/2/1
f 1022/2/1 1012/2/1 1021/2/1
f 1023/2/1 1018/2/1 1017/2/1
f 1024/2/1 1018/2/1 1023/2/1
f 1027/2/1 1020/2/1 1019/2/1
f 1028/2/1 1020/2/1 1027/2/1
f 1029/2/1 1025/2/1 1024/2/1
f 1030/2/1 1025/2/1 1029/2/1
f 1031/2/1 1027/2/1 1026/2/1
f 1032/2/1 1027/2/1 1031/2/1
f 1037/2/1 1036/2/1 1035/2/1
f 1038/2/1 1036/2/1 1037/2/1
f 1041/2/1 1040/2/1 1039/2/1
f 1042/2/1 1040/2/1 1041/2/1
f 1043/2/1 1034/2/1 1033/2/1
f 1044/2/1 1034/2/1 1043/2/1
f 1048/2/1 1046/2/1 1045/2/1
f 1049/2/1 1048/2/1 1047/2/1
f 1050/2/1 1046/2/1 1048/2/1
f 1050/2/1 1048/2/1 1049/2/1
f 1051/2/1 1046/2/1 1050/2/1
f 1052/2/1 1046/2/1 1051/2/1
f 1055/2/1 1054/2/1 1053/2/1
f 1056/2/1 1054/2/1 1055/2/1
f 1059/2/1 1058/2/1 1057/2/1
f 1060/2/1 1058/2/1 1059/2/1
f 1063/2/1 1062/2/1 1061/2/1
f 1064/2/1 1062/2/1 1063/2/1
f 1068/2/1 1066/2/1 1065/2/1
f 1069/2/1 1068/2/1 1067/2/1
f 1070/2/1 1066/2/1 1068/2/1
f 1070/2/1 1068/2/1 1069/2/1
f 1071/2/1 1066/2/1 1070/2/1
f 1072/2/1 1066/2/1 1071/2/1
f 1076/2/1 1074/2/1 1073/2/1
f 1077/2/1 1076/2/1 1075/2/1
f 1078/2/1 1074/2/1 1076/2/1
f 1078/2/1 1076/2/1 1077/2/1
f 1079/2/1 1074/2/1 1078/2/1
f 1080/2/1 1074/2/1 1079/2/1
f 1084/2/1 1082/2/1 1081/2/1
f 1085/2/1 1084/2/1 1083/2/1
f 1086/2/1 1082/2/1 1084/2/1
f 1086/2/1 1084/2/1 1085/2/1
f 1087/2/1 1082/2/1 1086/2/1
f 1088/2/1 1082/2/1 1087/2/1
f 1092/2/1 1090/2/1 1089/2/1
f 1093/2/1 1092/2/1 1091/2/1
f 1094/2/1 1090/2/1 1092/2/1
f 1094/2/1 1092/2/1 1093/2/1
f 1095/2/1 1090/2/1 1094/2/1
f 1096/2/1 1090/2/1 1095/2/1
f 1100/2/1 1098/2/1 1097/2/1
f 1101/2/1 1100/2/1 1099/2/1
f 1102/2/1 1098/2/1 1100/2/1
f 1102/2/1 1100/2/1 1101/2/1
f 1103/2/1 1098/2/1 1102/2/1
f 1104/2/1 1098/2/1 1103/2/1
f 1107/2/1 1106/2/1 1105/2/1
f 1108/2/1 1106/2/1 1107/2/1
f 1111/2/1 1110/2/1 1109/2/1
f 1112/2/1 1110/2/1 1111/2/1
f 1115/2/1 1114/2/1 1113/2/1
f 1116/2/1 1114/2/1 1115/2/1
f 1119/2/1 1118/2/1 1117/2/1
f 1120/2/1 1118/2/1 1119/2/1
f 1124/2/1 1122/2/1 1121/2/1
f 1125/2/1 1124/2/1 1123/2/1
f 1126/2/1 1122/2/1 1124/2/1
f 1126/2/1 1124/2/1 1125/2/1
f 1127/2/1 1122/2/1 1126/2/1
f 1128/2/1 1122/2/1 1127/2/1
f 1131/2/1 1130/2/1 1129/2/1
f 1132/2/1 1130/2/1 1131/2/1
f 1135/4/1 1134/4/1 1133/4/1
f 1136/4/1 1134/4/1 1135/4/1
f 1142/4/1 1138/4/1 1137/4/1
f 1143/4/1 1138/4/1 1142/4/1
f 1146/4/1 1140/4/1 1139/4/1
f 1147/4/1 1140/4/1 1146/4/1
f 1149/4/1 1144/4/1 1143/4/1
f 1149/4/1 1142/4/1 1141/4/1
f 1149/4/1 1143/4/1 1142/4/1
f 1150/4/1 1144/4/1 1149/4/1
f 1151/4/1 1148/4/1 1147/4/1
f 1151/4/1 1147/4/1 1146/4/1
f 1151/4/1 1146/4/1 1145/4/1
f 1152/4/1 1148/4/1 1151/4/1
f 1156/2/1 1154/2/1 1153/2/1
f 1157/2/1 1156/2/1 1155/2/1
f 1158/2/1 1154/2/1 1156/2/1
f 1158/2/1 1156/2/1 1157/2/1
f 1159/2/1 1154/2/1 1158/2/1
f 1160/2/1 1154/2/1 1159/2/1
f 1166/4/1 1162/4/1 1161/4/1
f 1167/4/1 1162/4/1 1166/4/1
f 1170/4/1 1164/4/1 1163/4/1
f 1171/4/1 1164/4/1 1170/4/1
f 1173/4/1 1166/4/1 1165/4/1
f 1174/4/1 1166/4/1 1173/4/1
f 1175/4/1 1168/4/1 1167/4/1
f 1176/4/1 1168/4/1 1175/4/1
f 1177/4/1 1170/4/1 1169/4/1
f 1178/4/1 1170/4/1 1177/4/1
f 1179/4/1 1172/4/1 1171/4/1
f 1180/4/1 1172/4/1 1179/4/1
f 1184/2/1 1182/2/1 1181/2/1
f 1185/2/1 1184/2/1 1183/2/1
f 1186/2/1 1182/2/1 1184/2/1
f 1186/2/1 1184/2/1 1185/2/1
f 1187/2/1 1182/2/1 1186/2/1
f 1188/2/1 1182/2/1 1187/2/1
f 1192/2/1 1190/2/1 1189/2/1
f 1193/2/1 1192/2/1 1191/2/1
f 1194/2/1 1190/2/1 1192/2/1
f 1194/2/1 1192/2/1 1193/2/1
f 1195/2/1 1190/2/1 1194/2/1
f 1196/2/1 1190/2/1 1195/2/1
f 1199/4/1 1198/4/1 1197/4/1
f 1200/4/1 1198/4/1 1199/4/1
f 1204/2/1 1202/2/1 1201/2/1
f 1205/2/1 1204/2/1 1203/2/1
f 1206/2/1 1202/2/1 1204/2/1
f 1206/2/1 1204/2/1 1205/2/1
f 1207/2/1 1202/2/1 1206/2/1
f 1208/2/1 1202/2/1 1207/2/1
f 1211/2/1 1210/2/1 1209/2/1
f 1212/2/1 1210/2/1 1211/2/1
f 1216/2/1 1214/2/1 1213/2/1
f 1217/2/1 1216/2/1 1215/2/1
f 1218/2/1 1214/2/1 1216/2/1
f 1218/2/1 1216/2/1 1217/2/1
f 1219/2/1 1214/2/1 1218/2/1
f 1220/2/1 1214/2/1 1219/2/1
f 1223/2/1 1222/2/1 1221/2/1
f 1224/2/1 1222/2/1 1223/2/1
f 1227/2/1 1226/2/1 1225/2/1
f 1228/2/1 1226/2/1 1227/2/1
f 1231/2/1 1230/2/1 1229/2/1
f 1232/2/1 1230/2/1 1231/2/1
f 1235/2/1 1234/2/1 1233/2/1
f 1236/2/1 1234/2/1 1235/2/1
f 1240/2/1 1238/2/1 1237/2/1
f 1241/2/1 1240/2/1 1239/2/1
f 1242/2/1 1238/2/1 1240/2/1
f 1242/2/1 1240/2/1 1241/2/1
f 1243/2/1 1238/2/1 1242/2/1
f 1244/2/1 1238/2/1 1243/2/1
f 1247/4/1 1246/4/1 1245/4/1
f 1248/4/1 1246/4/1 1247/4/1
f 1251/4/1 1250/4/1 1249/4/1
f 1252/4/1 1250/4/1 1251/4/1
f 1255/4/1 1254/4/1 1253/4/1
f 1256/4/1 1254/4/1 1255/4/1
f 1260/2/1 1258/2/1 1257/2/1
f 1261/2/1 1258/2/1 1260/2/1
f 1261/2/1 1260/2/1 1259/2/1
f 1262/2/1 1258/2/1 1261/2/1
f 1263/2/1 1261/2/1 1259/2/1
f 1264/2/1 1261/2/1 1263/2/1
f 1265/4/1 1262/4/1 1261/4/1
f 1265/2/1 1261/2/1 1264/2/1
f 1266/2/1 1258/2/1 1262/2/1
f 1266/4/1 1262/4/1 1265/4/1
f 1267/2/1 1258/2/1 1266/2/1
f 1268/2/1 1258/2/1 1267/2/1
f 1271/4/1 1270/4/1 1269/4/1
f 1272/4/1 1270/4/1 1271/4/1
f 1273/2/2 1274/2/2 1275/2/2
f 1275/2/2 1274/2/2 1276/2/2
f 1277/2/2 1278/2/2 1279/2/2
f 1279/2/2 1278/2/2 1280/2/2
f 1281/2/2 1282/2/2 1283/2/2
f 1283/2/2 1282/2/2 1284/2/2
f 1285/2/2 1286/2/2 1287/2/2
f 1287/2/2 1286/2/2 1288/2/2
f 1289/2/2 1290/2/2 1292/2/2
f 1292/2/2 1290/2/2 1293/2/2
f 1291/2/2 1292/2/2 1293/2/2
f 1293/2/2 1290/2/2 1294/2/2
f 1291/2/2 1293/2/2 1295/2/2
f 1295/2/2 1293/2/2 1296/2/2
f 1293/4/2 1294/4/2 1297/4/2
f 1296/2/2 1293/2/2 1297/2/2
f 1294/2/2 1290/2/2 1298/2/2
f 1297/4/2 1294/4/2 1298/4/2
f 1298/2/2 1290/2/2 1299/2/2
f 1299/2/2 1290/2/2 1300/2/2
f 1301/2/2 1302/2/2 1303/2/2
f 1303/2/2 1302/2/2 1304/2/2
f 1305/2/2 1306/2/2 1308/2/2
f 1307/2/2 1308/2/2 1309/2/2
f 1308/2/2 1306/2/2 1310/2/2
f 1309/2/2 1308/2/2 1310/2/2
f 1310/2/2 1306/2/2 1311/2/2
f 1311/2/2 1306/2/2 1312/2/2
f 1313/4/2 1314/4/2 1315/4/2
f 1315/4/2 1314/4/2 1316/4/2
f 1317/2/2 1318/2/2 1319/2/2
f 1319/2/2 1318/2/2 1320/2/2
f 1321/2/2 1322/2/2 1323/2/2
f 1323/2/2 1322/2/2 1324/2/2
f 1325/9/2 1326/9/2 1327/9/2
f 1327/9/2 1326/9/2 1328/9/2
f 1329/4/2 1330/4/2 1331/4/2
f 1331/4/2 1330/4/2 1332/4/2
f 1333/2/2 1334/2/2 1335/2/2
f 1335/2/2 1334/2/2 1336/2/2
f 1337/2/2 1338/2/2 1339/2/2
f 1339/2/2 1338/2/2 1340/2/2
f 1341/9/2 1342/9/2 1343/9/2
f 1343/9/2 1342/9/2 1344/9/2
f 1345/2/2 1346/2/2 1347/2/2
f 1347/2/2 1346/2/2 1348/2/2
f 1349/2/2 1350/2/2 1351/2/2
f 1351/2/2 1350/2/2 1352/2/2
f 1353/2/2 1354/2/2 1356/2/2
f 1355/2/2 1356/2/2 1357/2/2
f 1356/2/2 1354/2/2 1358/2/2
f 1357/2/2 1356/2/2 1358/2/2
f 1358/2/2 1354/2/2 1359/2/2
f 1359/2/2 1354/2/2 1360/2/2
f 1361/4/2 1362/4/2 1363/4/2
f 1363/4/2 1362/4/2 1364/4/2
f 1365/4/2 1366/4/2 1367/4/2
f 1367/4/2 1366/4/2 1368/4/2
f 1369/2/2 1370/2/2 1372/2/2
f 1371/2/2 1372/2/2 1373/2/2
f 1372/2/2 1370/2/2 1374/2/2
f 1373/2/2 1372/2/2 1374/2/2
f 1374/2/2 1370/2/2 1375/2/2
f 1375/2/2 1370/2/2 1376/2/2
f 1377/2/2 1378/2/2 1380/2/2
f 1379/2/2 1380/2/2 1381/2/2
f 1380/2/2 1378/2/2 1382/2/2
f 1381/2/2 1380/2/2 1382/2/2
f 1382/2/2 1378/2/2 1383/2/2
f 1383/2/2 1378/2/2 1384/2/2
f 1385/4/2 1386/4/2 1387/4/2
f 1387/4/2 1386/4/2 1388/4/2
f 1389/2/2 1390/2/2 1392/2/2
f 1391/2/2 1392/2/2 1393/2/2
f 1392/2/2 1390/2/2 1394/2/2
f 1393/2/2 1392/2/2 1394/2/2
f 1394/2/2 1390/2/2 1395/2/2
f 1395/2/2 1390/2/2 1396/2/2
f 1397/2/2 1398/2/2 1400/2/2
f 1399/2/2 1400/2/2 1401/2/2
f 1400/2/2 1398/2/2 1402/2/2
f 1401/2/2 1400/2/2 1402/2/2
f 1402/2/2 1398/2/2 1403/2/2
f 1403/2/2 1398/2/2 1404/2/2
f 1405/4/2 1406/4/2 1410/4/2
f 1410/4/2 1406/4/2 1411/4/2
f 1407/4/2 1408/4/2 1414/4/2
f 1414/4/2 1408/4/2 1415/4/2
f 1409/4/2 1410/4/2 1417/4/2
f 1417/4/2 1410/4/2 1418/4/2
f 1411/4/2 1412/4/2 1419/4/2
f 1419/4/2 1412/4/2 1420/4/2
f 1413/4/2 1414/4/2 1421/4/2
f 1421/4/2 1414/4/2 1422/4/2
f 1415/4/2 1416/4/2 1423/4/2
f 1423/4/2 1416/4/2 1424/4/2
f 1425/4/2 1426/4/2 1430/4/2
f 1430/4/2 1426/4/2 1431/4/2
f 1427/4/2 1428/4/2 1434/4/2
f 1434/4/2 1428/4/2 1435/4/2
f 1431/4/2 1432/4/2 1437/4/2
f 1429/4/2 1430/4/2 1437/4/2
f 1430/4/2 1431/4/2 1437/4/2
f 1437/4/2 1432/4/2 1438/4/2
f 1435/4/2 1436/4/2 1439/4/2
f 1434/4/2 1435/4/2 1439/4/2
f 1433/4/2 1434/4/2 1439/4/2
f 1439/4/2 1436/4/2 1440/4/2
f 1441/2/2 1442/2/2 1443/2/2
f 1443/2/2 1442/2/2 1444/2/2
f 1444/2/2 1445/2/2 1446/2/2
f 1446/2/2 1445/2/2 1447/2/2
f 1448/2/2 1449/2/2 1450/2/2
f 1450/2/2 1449/2/2 1451/2/2
f 1451/2/2 1452/2/2 1453/2/2
f 1453/2/2 1452/2/2 1454/2/2
f 1455/2/2 1456/2/2 1457/2/2
f 1457/2/2 1456/2/2 1458/2/2
f 1457/1/2 1458/1/2 1459/1/2
f 1459/1/2 1458/1/2 1460/1/2
f 1461/2/2 1462/2/2 1463/2/2
f 1463/2/2 1462/2/2 1464/2/2
f 1464/4/2 1465/4/2 1467/4/2
f 1467/4/2 1465/4/2 1468/4/2
f 1466/2/2 1467/2/2 1469/2/2
f 1469/2/2 1467/2/2 1470/2/2
f 1470/4/2 1471/4/2 1473/4/2
f 1473/4/2 1471/4/2 1474/4/2
f 1472/2/2 1473/2/2 1475/2/2
f 1475/2/2 1473/2/2 1476/2/2
f 1476/4/2 1477/4/2 1479/4/2
f 1479/4/2 1477/4/2 1480/4/2
f 1478/2/2 1479/2/2 1481/2/2
f 1481/2/2 1479/2/2 1482/2/2
f 1481/1/2 1482/1/2 1483/1/2
f 1483/1/2 1482/1/2 1484/1/2
f 1485/2/2 1486/2/2 1488/2/2
f 1487/2/2 1488/2/2 1489/2/2
f 1488/2/2 1486/2/2 1490/2/2
f 1489/2/2 1488/2/2 1490/2/2
f 1490/2/2 1486/2/2 1491/2/2
f 1491/2/2 1486/2/2 1492/2/2
f 1493/2/2 1494/2/2 1495/2/2
f 1495/2/2 1494/2/2 1496/2/2
f 1497/2/2 1498/2/2 1499/2/2
f 1499/2/2 1498/2/2 1500/2/2
f 1501/2/2 1502/2/2 1503/2/2
f 1503/2/2 1502/2/2 1504/2/2
f 1503/4/2 1504/4/2 1505/4/2
f 1505/4/2 1504/4/2 1506/4/2
f 1505/2/2 1506/2/2 1507/2/2
f 1507/2/2 1506/2/2 1508/2/2
f 1507/6/2 1508/6/2 1509/6/2
f 1509/6/2 1508/6/2 1510/6/2
f 1509/4/2 1510/4/2 1511/4/2
f 1511/4/2 1510/4/2 1512/4/2
f 1511/2/2 1512/2/2 1513/2/2
f 1513/2/2 1512/2/2 1514/2/2
f 1515/2/2 1516/2/2 1518/2/2
f 1517/2/2 1518/2/2 1519/2/2
f 1518/2/2 1516/2/2 1520/2/2
f 1519/2/2 1518/2/2 1520/2/2
f 1520/2/2 1516/2/2 1521/2/2
f 1521/2/2 1516/2/2 1522/2/2
f 1523/2/2 1524/2/2 1525/2/2
f 1525/2/2 1524/2/2 1526/2/2
f 1527/2/2 1528/2/2 1529/2/2
f 1529/2/2 1528/2/2 1530/2/2
f 1531/2/2 1532/2/2 1533/2/2
f 1533/2/2 1532/2/2 1534/2/2
f 1535/2/2 1536/2/2 1537/2/2
f 1537/2/2 1536/2/2 1538/2/2
f 1537/1/2 1538/1/2 1539/1/2
f 1539/1/2 1538/1/2 1540/1/2
f 1539/2/2 1540/2/2 1541/2/2
f 1541/2/2 1540/2/2 1542/2/2
f 1543/2/2 1544/2/2 1545/2/2
f 1545/2/2 1544/2/2 1546/2/2
f 1546/4/2 1547/4/2 1549/4/2
f 1549/4/2 1547/4/2 1550/4/2
f 1548/2/2 1549/2/2 1551/2/2
f 1551/2/2 1549/2/2 1552/2/2
f 1552/4/2 1553/4/2 1555/4/2
f 1555/4/2 1553/4/2 1556/4/2
f 1554/2/2 1555/2/2 1557/2/2
f 1557/2/2 1555/2/2 1558/2/2
f 1558/4/2 1559/4/2 1561/4/2
f 1561/4/2 1559/4/2 1562/4/2
f 1560/2/2 1561/2/2 1563/2/2
f 1563/2/2 1561/2/2 1564/2/2
f 1563/1/2 1564/1/2 1565/1/2
f 1565/1/2 1564/1/2 1566/1/2
f 1565/2/2 1566/2/2 1567/2/2
f 1565/2/2 1567/2/2 1569/2/2
f 1567/2/2 1568/2/2 1569/2/2
f 1569/2/2 1568/2/2 1570/2/2
f 1571/2/2 1572/2/2 1573/2/2
f 1573/2/2 1572/2/2 1574/2/2
f 1575/2/2 1576/2/2 1577/2/2
f 1577/2/2 1576/2/2 1578/2/2
f 1579/2/2 1580/2/2 1581/2/2
f 1581/2/2 1580/2/2 1582/2/2
f 1583/2/2 1584/2/2 1585/2/2
f 1585/2/2 1584/2/2 1586/2/2
f 1585/1/2 1586/1/2 1587/1/2
f 1587/1/2 1586/1/2 1588/1/2
f 1587/2/2 1588/2/2 1589/2/2
f 1589/2/2 1588/2/2 1590/2/2
f 1591/2/2 1592/2/2 1594/2/2
f 1593/2/2 1594/2/2 1595/2/2
f 1594/2/2 1592/2/2 1596/2/2
f 1595/2/2 1594/2/2 1596/2/2
f 1596/2/2 1592/2/2 1597/2/2
f 1597/2/2 1592/2/2 1598/2/2
f 1599/2/2 1600/2/2 1601/2/2
f 1601/2/2 1600/2/2 1602/2/2
f 1602/4/2 1603/4/2 1605/4/2
f 1605/4/2 1603/4/2 1606/4/2
f 1604/2/2 1605/2/2 1607/2/2
f 1607/2/2 1605/2/2 1608/2/2
f 1608/4/2 1609/4/2 1611/4/2
f 1611/4/2 1609/4/2 1612/4/2
f 1610/2/2 1611/2/2 1613/2/2
f 1613/2/2 1611/2/2 1614/2/2
f 1614/4/2 1615/4/2 1617/4/2
f 1617/4/2 1615/4/2 1618/4/2
f 1616/2/2 1617/2/2 1619/2/2
f 1619/2/2 1617/2/2 1620/2/2
f 1619/1/2 1620/1/2 1621/1/2
f 1621/1/2 1620/1/2 1622/1/2
f 1621/2/2 1622/2/2 1623/2/2
f 1621/2/2 1623/2/2 1625/2/2
f 1623/2/2 1624/2/2 1625/2/2
f 1625/2/2 1624/2/2 1626/2/2
f 1627/2/2 1628/2/2 1629/2/2
f 1629/2/2 1628/2/2 1630/2/2
f 1631/2/2 1632/2/2 1633/2/2
f 1633/2/2 1632/2/2 1634/2/2
f 1635/2/2 1636/2/2 1637/2/2
f 1637/2/2 1636/2/2 1638/2/2
f 1639/2/2 1640/2/2 1641/2/2
f 1641/2/2 1640/2/2 1642/2/2
f 1641/1/2 1642/1/2 1643/1/2
f 1643/1/2 1642/1/2 1644/1/2
f 1643/2/2 1644/2/2 1645/2/2
f 1645/2/2 1644/2/2 1646/2/2
f 1647/2/2 1648/2/2 1649/2/2
f 1649/2/2 1648/2/2 1650/2/2
f 1650/4/2 1651/4/2 1653/4/2
f 1653/4/2 1651/4/2 1654/4/2
f 1652/2/2 1653/2/2 1655/2/2
f 1655/2/2 1653/2/2 1656/2/2
f 1656/4/2 1657/4/2 1659/4/2
f 1659/4/2 1657/4/2 1660/4/2
f 1658/2/2 1659/2/2 1661/2/2
f 1661/2/2 1659/2/2 1662/2/2
f 1662/4/2 1663/4/2 1665/4/2
f 1665/4/2 1663/4/2 1666/4/2
f 1664/2/2 1665/2/2 1667/2/2
f 1667/2/2 1665/2/2 1668/2/2
f 1667/1/2 1668/1/2 1669/1/2
f 1669/1/2 1668/1/2 1670/1/2
f 1669/2/2 1670/2/2 1671/2/2
f 1669/2/2 1671/2/2 1673/2/2
f 1671/2/2 1672/2/2 1673/2/2
f 1673/2/2 1672/2/2 1674/2/2
f 1675/2/2 1676/2/2 1677/2/2
f 1677/2/2 1676/2/2 1678/2/2
f 1679/2/2 1680/2/2 1681/2/2
f 1681/2/2 1680/2/2 1682/2/2
f 1683/2/2 1684/2/2 1685/2/2
f 1685/2/2 1684/2/2 1686/2/2
f 1687/2/2 1688/2/2 1690/2/2
f 1689/2/2 1690/2/2 1691/2/2
f 1690/2/2 1688/2/2 1692/2/2
f 1691/2/2 1690/2/2 1692/2/2
f 1692/2/2 1688/2/2 1693/2/2
f 1693/2/2 1688/2/2 1694/2/2
f 1697/2/2 1698/2/2 1699/2/2
f 1699/2/2 1698/2/2 1700/2/2
f 1701/2/2 1702/2/2 1703/2/2
f 1703/2/2 1702/2/2 1704/2/2
f 1695/2/2 1696/2/2 1705/2/2
f 1705/2/2 1696/2/2 1706/2/2
f 1707/2/2 1708/2/2 1709/2/2
f 1709/2/2 1708/2/2 1710/2/2
f 1711/2/2 1712/2/2 1713/2/2
f 1713/2/2 1712/2/2 1714/2/2
f 1715/2/2 1716/2/2 1717/2/2
f 1717/2/2 1716/2/2 1718/2/2
f 1719/2/2 1720/2/2 1722/2/2
f 1721/2/2 1722/2/2 1723/2/2
f 1722/2/2 1720/2/2 1724/2/2
f 1723/2/2 1722/2/2 1724/2/2
f 1724/2/2 1720/2/2 1725/2/2
f 1725/2/2 1720/2/2 1726/2/2
f 1727/2/2 1728/2/2 1729/2/2
f 1729/2/2 1728/2/2 1730/2/2
f 1731/2/2 1732/2/2 1733/2/2
f 1733/2/2 1732/2/2 1734/2/2
f 1735/2/2 1736/2/2 1738/2/2
f 1737/2/2 1738/2/2 1739/2/2
f 1738/2/2 1736/2/2 1740/2/2
f 1739/2/2 1738/2/2 1740/2/2
f 1740/2/2 1736/2/2 1741/2/2
f 1741/2/2 1736/2/2 1742/2/2
f 1743/2/2 1744/2/2 1746/2/2
f 1745/2/2 1746/2/2 1747/2/2
f 1746/2/2 1744/2/2 1748/2/2
f 1747/2/2 1746/2/2 1748/2/2
f 1748/2/2 1744/2/2 1749/2/2
f 1749/2/2 1744/2/2 1750/2/2
f 1751/2/2 1752/2/2 1755/2/2
f 1755/2/2 1752/2/2 1756/2/2
f 1753/2/2 1754/2/2 1757/2/2
f 1757/2/2 1754/2/2 1758/2/2
f 1759/2/2 1760/2/2 1765/2/2
f 1765/2/2 1760/2/2 1766/2/2
f 1761/2/2 1762/2/2 1767/2/2
f 1767/2/2 1762/2/2 1768/2/2
f 1763/2/2 1764/2/2 1773/2/2
f 1773/2/2 1764/2/2 1774/2/2
f 1769/2/2 1770/2/2 1775/2/2
f 1775/2/2 1770/2/2 1776/2/2
f 1771/2/2 1772/2/2 1779/2/2
f 1779/2/2 1772/2/2 1780/2/2
f 1776/2/2 1777/2/2 1781/2/2
f 1781/2/2 1777/2/2 1782/2/2
f 1778/2/2 1779/2/2 1783/2/2
f 1783/2/2 1779/2/2 1784/2/2
f 1785/2/2 1786/2/2 1788/2/2
f 1787/2/2 1788/2/2 1789/2/2
f 1788/2/2 1786/2/2 1790/2/2
f 1789/2/2 1788/2/2 1790/2/2
f 1790/2/2 1786/2/2 1791/2/2
f 1791/2/2 1786/2/2 1792/2/2
f 1793/2/2 1794/2/2 1795/2/2
f 1795/2/2 1794/2/2 1796/2/2
f 1797/2/2 1798/2/2 1801/2/2
f 1801/2/2 1798/2/2 1802/2/2
f 1799/2/2 1800/2/2 1805/2/2
f 1805/2/2 1800/2/2 1806/2/2
f 1802/2/2 1803/2/2 1807/2/2
f 1807/2/2 1803/2/2 1808/2/2
f 1804/2/2 1805/2/2 1809/2/2
f 1809/2/2 1805/2/2 1810/2/2
f 1811/2/2 1812/2/2 1815/2/2
f 1815/2/2 1812/2/2 1816/2/2
f 1813/2/2 1814/2/2 1819/2/2
f 1819/2/2 1814/2/2 1820/2/2
f 1817/2/2 1818/2/2 1825/2/2
f 1825/2/2 1818/2/2 1826/2/2
f 1821/2/2 1822/2/2 1827/2/2
f 1827/2/2 1822/2/2 1828/2/2
f 1823/2/2 1824/2/2 1829/2/2
f 1829/2/2 1824/2/2 1830/2/2
f 1831/2/2 1832/2/2 1835/2/2
f 1835/2/2 1832/2/2 1836/2/2
f 1833/2/2 1834/2/2 1839/2/2
f 1839/2/2 1834/2/2 1840/2/2
f 1836/2/2 1837/2/2 1841/2/2
f 1841/2/2 1837/2/2 1842/2/2
f 1838/2/2 1839/2/2 1843/2/2
f 1843/2/2 1839/2/2 1844/2/2
f 1845/2/2 1846/2/2 1848/2/2
f 1847/2/2 1848/2/2 1849/2/2
f 1848/2/2 1846/2/2 1850/2/2
f 1849/2/2 1848/2/2 1850/2/2
f 1850/2/2 1846/2/2 1851/2/2
f 1851/2/2 1846/2/2 1852/2/2
f 1853/2/2 1854/2/2 1855/2/2
f 1855/2/2 1854/2/2 1856/2/2
f 1857/2/2 1858/2/2 1861/2/2
f 1861/2/2 1858/2/2 1862/2/2
f 1859/2/2 1860/2/2 1867/2/2
f 1867/2/2 1860/2/2 1868/2/2
f 1863/2/2 1864/2/2 1869/2/2
f 1869/2/2 1864/2/2 1870/2/2
f 1865/2/2 1866/2/2 1873/2/2
f 1873/2/2 1866/2/2 1874/2/2
f 1870/2/2 1871/2/2 1875/2/2
f 1875/2/2 1871/2/2 1876/2/2
f 1872/2/2 1873/2/2 1877/2/2
f 1877/2/2 1873/2/2 1878/2/2
f 1879/2/2 1880/2/2 1883/2/2
f 1883/2/2 1880/2/2 1884/2/2
f 1881/2/2 1882/2/2 1887/2/2
f 1887/2/2 1882/2/2 1888/2/2
f 1885/2/2 1886/2/2 1889/2/2
f 1889/2/2 1886/2/2 1890/2/2
f 1891/2/2 1892/2/2 1895/2/2
f 1895/2/2 1892/2/2 1896/2/2
f 1893/2/2 1894/2/2 1899/2/2
f 1899/2/2 1894/2/2 1900/2/2
f 1896/2/2 1897/2/2 1902/2/2
f 1902/2/2 1897/2/2 1903/2/2
f 1898/2/2 1899/2/2 1904/2/2
f 1904/2/2 1899/2/2 1905/2/2
f 1901/3/2 1902/3/2 1907/3/2
f 1907/3/2 1902/3/2 1908/3/2
f 1905/3/2 1906/3/2 1909/3/2
f 1909/3/2 1906/3/2 1910/3/2
f 1911/2/2 1912/2/2 1913/2/2
f 1913/2/2 1912/2/2 1914/2/2
f 1915/2/2 1916/2/2 1919/2/2
f 1919/2/2 1916/2/2 1920/2/2
f 1917/2/2 1918/2/2 1925/2/2
f 1925/2/2 1918/2/2 1926/2/2
f 1921/2/2 1922/2/2 1927/2/2
f 1927/2/2 1922/2/2 1928/2/2
f 1923/2/2 1924/2/2 1931/2/2
f 1931/2/2 1924/2/2 1932/2/2
f 1928/2/2 1929/2/2 1934/2/2
f 1934/2/2 1929/2/2 1935/2/2
f 1930/2/2 1931/2/2 1936/2/2
f 1936/2/2 1931/2/2 1937/2/2
f 1933/2/2 1934/2/2 1939/2/2
f 1939/2/2 1934/2/2 1940/2/2
f 1937/2/2 1938/2/2 1941/2/2
f 1941/2/2 1938/2/2 1942/2/2
f 1943/2/2 1944/2/2 1947/2/2
f 1947/2/2 1944/2/2 1948/2/2
f 1945/2/2 1946/2/2 1951/2/2
f 1951/2/2 1946/2/2 1952/2/2
f 1949/2/2 1950/2/2 1957/2/2
f 1957/2/2 1950/2/2 1958/2/2
f 1953/2/2 1954/2/2 1959/2/2
f 1959/2/2 1954/2/2 1960/2/2
f 1955/2/2 1956/2/2 1965/2/2
f 1965/2/2 1956/2/2 1966/2/2
f 1961/2/2 1962/2/2 1967/2/2
f 1967/2/2 1962/2/2 1968/2/2
f 1963/2/2 1964/2/2 1971/2/2
f 1971/2/2 1964/2/2 1972/2/2
f 1968/2/2 1969/2/2 1974/2/2
f 1974/2/2 1969/2/2 1975/2/2
f 1970/2/2 1971/2/2 1976/2/2
f 1976/2/2 1971/2/2 1977/2/2
f 1973/2/2 1974/2/2 1979/2/2
f 1979/2/2 1974/2/2 1980/2/2
f 1977/2/2 1978/2/2 1981/2/2
f 1981/2/2 1978/2/2 1982/2/2
f 1983/2/2 1984/2/2 1986/2/2
f 1985/2/2 1986/2/2 1987/2/2
f 1986/2/2 1984/2/2 1988/2/2
f 1987/2/2 1986/2/2 1988/2/2
f 1988/2/2 1984/2/2 1989/2/2
f 1989/2/2 1984/2/2 1990/2/2
f 1991/2/2 1992/2/2 1993/2/2
f 1993/2/2 1992/2/2 1994/2/2
f 1995/2/2 1996/2/2 1999/2/2
f 1999/2/2 1996/2/2 2000/2/2
f 1997/2/2 1998/2/2 2003/2/2
f 2003/2/2 1998/2/2 2004/2/2
f 2000/2/2 2001/2/2 2006/2/2
f 2006/2/2 2001/2/2 2007/2/2
f 2002/2/2 2003/2/2 2008/2/2
f 2008/2/2 2003/2/2 2009/2/2
f 2005/2/2 2006/2/2 2011/2/2
f 2011/2/2 2006/2/2 2012/2/2
f 2009/2/2 2010/2/2 2013/2/2
f 2013/2/2 2010/2/2 2014/2/2
f 2015/2/2 2016/2/2 2019/2/2
f 2019/2/2 2016/2/2 2020/2/2
f 2017/2/2 2018/2/2 2025/2/2
f 2025/2/2 2018/2/2 2026/2/2
f 2021/2/2 2022/2/2 2027/2/2
f 2027/2/2 2022/2/2 2028/2/2
f 2023/2/2 2024/2/2 2033/2/2
f 2033/2/2 2024/2/2 2034/2/2
f 2029/2/2 2030/2/2 2035/2/2
f 2035/2/2 2030/2/2 2036/2/2
f 2031/2/2 2032/2/2 2041/2/2
f 2041/2/2 2032/2/2 2042/2/2
f 2037/2/2 2038/2/2 2043/2/2
f 2043/2/2 2038/2/2 2044/2/2
f 2039/2/2 2040/2/2 2047/2/2
f 2047/2/2 2040/2/2 2048/2/2
f 2044/2/2 2045/2/2 2050/2/2
f 2050/2/2 2045/2/2 2051/2/2
f 2046/2/2 2047/2/2 2052/2/2
f 2052/2/2 2047/2/2 2053/2/2
f 2049/2/2 2050/2/2 2055/2/2
f 2055/2/2 2050/2/2 2056/2/2
f 2053/2/2 2054/2/2 2057/2/2
f 2057/2/2 2054/2/2 2058/2/2
f 2059/2/2 2060/2/2 2063/2/2
f 2063/2/2 2060/2/2 2064/2/2
f 2061/2/2 2062/2/2 2065/2/2
f 2065/2/2 2062/2/2 2066/2/2
f 2067/2/2 2068/2/2 2071/2/2
f 2071/2/2 2068/2/2 2072/2/2
f 2069/2/2 2070/2/2 2077/2/2
f 2077/2/2 2070/2/2 2078/2/2
f 2073/2/2 2074/2/2 2079/2/2
f 2079/2/2 2074/2/2 2080/2/2
f 2075/2/2 2076/2/2 2081/2/2
f 2081/2/2 2076/2/2 2082/2/2
f 2080/2/2 2081/2/2 2084/2/2
f 2084/2/2 2081/2/2 2085/2/2
f 2083/2/2 2084/2/2 2087/2/2
f 2087/2/2 2084/2/2 2088/2/2
f 2085/2/2 2086/2/2 2089/2/2
f 2089/2/2 2086/2/2 2090/2/2
f 2091/2/2 2092/2/2 2093/2/2
f 2093/2/2 2092/2/2 2094/2/2
f 2095/2/2 2096/2/2 2097/2/2
f 2097/2/2 2096/2/2 2098/2/2
f 2099/2/2 2100/2/2 2101/2/2
f 2101/2/2 2100/2/2 2102/2/2
f 2103/2/2 2104/2/2 2107/2/2
f 2107/2/2 2104/2/2 2108/2/2
f 2105/2/2 2106/2/2 2113/2/2
f 2113/2/2 2106/2/2 2114/2/2
f 2109/2/2 2110/2/2 2115/2/2
f 2115/2/2 2110/2/2 2116/2/2
f 2111/2/2 2112/2/2 2119/2/2
f 2119/2/2 2112/2/2 2120/2/2
f 2117/2/2 2118/2/2 2121/2/2
f 2121/2/2 2118/2/2 2122/2/2
f 2123/2/2 2124/2/2 2125/2/2
f 2125/2/2 2124/2/2 2126/2/2
f 2127/2/2 2128/2/2 2130/2/2
f 2129/2/2 2130/2/2 2131/2/2
f 2130/2/2 2128/2/2 2132/2/2
f 2131/2/2 2130/2/2 2132/2/2
f 2132/2/2 2128/2/2 2133/2/2
f 2133/2/2 2128/2/2 2134/2/2
f 2135/2/2 2136/2/2 2139/2/2
f 2139/2/2 2136/2/2 2140/2/2
f 2137/2/2 2138/2/2 2145/2/2
f 2145/2/2 2138/2/2 2146/2/2
f 2141/2/2 2142/2/2 2147/2/2
f 2147/2/2 2142/2/2 2148/2/2
f 2143/2/2 2144/2/2 2153/2/2
f 2153/2/2 2144/2/2 2154/2/2
f 2149/2/2 2150/2/2 2155/2/2
f 2155/2/2 2150/2/2 2156/2/2
f 2151/2/2 2152/2/2 2157/2/2
f 2157/2/2 2152/2/2 2158/2/2
f 2159/2/2 2160/2/2 2161/2/2
f 2161/2/2 2160/2/2 2162/2/2
f 2163/2/2 2164/2/2 2167/2/2
f 2167/2/2 2164/2/2 2168/2/2
f 2165/2/2 2166/2/2 2173/2/2
f 2173/2/2 2166/2/2 2174/2/2
f 2169/2/2 2170/2/2 2175/2/2
f 2175/2/2 2170/2/2 2176/2/2
f 2171/2/2 2172/2/2 2181/2/2
f 2181/2/2 2172/2/2 2182/2/2
f 2177/2/2 2178/2/2 2183/2/2
f 2183/2/2 2178/2/2 2184/2/2
f 2179/2/2 2180/2/2 2185/2/2
f 2185/2/2 2180/2/2 2186/2/2
f 2187/2/2 2188/2/2 2191/2/2
f 2191/2/2 2188/2/2 2192/2/2
f 2189/2/2 2190/2/2 2197/2/2
f 2197/2/2 2190/2/2 2198/2/2
f 2193/2/2 2194/2/2 2199/2/2
f 2199/2/2 2194/2/2 2200/2/2
f 2195/2/2 2196/2/2 2205/2/2
f 2205/2/2 2196/2/2 2206/2/2
f 2201/2/2 2202/2/2 2207/2/2
f 2207/2/2 2202/2/2 2208/2/2
f 2203/2/2 2204/2/2 2209/2/2
f 2209/2/2 2204/2/2 2210/2/2
f 2211/2/2 2212/2/2 2215/2/2
f 2215/2/2 2212/2/2 2216/2/2
f 2213/2/2 2214/2/2 2221/2/2
f 2221/2/2 2214/2/2 2222/2/2
f 2217/2/2 2218/2/2 2223/2/2
f 2223/2/2 2218/2/2 2224/2/2
f 2219/2/2 2220/2/2 2229/2/2
f 2229/2/2 2220/2/2 2230/2/2
f 2225/2/2 2226/2/2 2231/2/2
f 2231/2/2 2226/2/2 2232/2/2
f 2227/2/2 2228/2/2 2233/2/2
f 2233/2/2 2228/2/2 2234/2/2
f 2235/2/2 2236/2/2 2238/2/2
f 2237/2/2 2238/2/2 2239/2/2
f 2238/2/2 2236/2/2 2240/2/2
f 2239/2/2 2238/2/2 2240/2/2
f 2240/2/2 2236/2/2 2241/2/2
f 2241/2/2 2236/2/2 2242/2/2
f 2243/2/2 2244/2/2 2247/2/2
f 2247/2/2 2244/2/2 2248/2/2
f 2245/2/2 2246/2/2 2253/2/2
f 2253/2/2 2246/2/2 2254/2/2
f 2249/2/2 2250/2/2 2255/2/2
f 2255/2/2 2250/2/2 2256/2/2
f 2251/2/2 2252/2/2 2261/2/2
f 2261/2/2 2252/2/2 2262/2/2
f 2257/2/2 2258/2/2 2263/2/2
f 2263/2/2 2258/2/2 2264/2/2
f 2259/2/2 2260/2/2 2265/2/2
f 2265/2/2 2260/2/2 2266/2/2
f 2267/4/2 2268/4/2 2269/4/2
f 2269/4/2 2268/4/2 2270/4/2
f 2271/2/2 2272/2/2 2275/2/2
f 2275/2/2 2272/2/2 2276/2/2
f 2273/2/2 2274/2/2 2281/2/2
f 2281/2/2 2274/2/2 2282/2/2
f 2277/2/2 2278/2/2 2283/2/2
f 2283/2/2 2278/2/2 2284/2/2
f 2279/2/2 2280/2/2 2289/2/2
f 2289/2/2 2280/2/2 2290/2/2
f 2285/2/2 2286/2/2 2291/2/2
f 2291/2/2 2286/2/2 2292/2/2
f 2287/2/2 2288/2/2 2293/2/2
f 2293/2/2 2288/2/2 2294/2/2
f 2295/2/2 2296/2/2 2299/2/2
f 2299/2/2 2296/2/2 2300/2/2
f 2297/2/2 2298/2/2 2305/2/2
f 2305/2/2 2298/2/2 2306/2/2
f 2301/2/2 2302/2/2 2307/2/2
f 2307/2/2 2302/2/2 2308/2/2
f 2303/2/2 2304/2/2 2311/2/2
f 2311/2/2 2304/2/2 2312/2/2
f 2309/2/2 2310/2/2 2313/2/2
f 2313/2/2 2310/2/2 2314/2/2
f 2315/2/2 2316/2/2 2319/2/2
f 2319/2/2 2316/2/2 2320/2/2
f 2317/2/2 2318/2/2 2325/2/2
f 2325/2/2 2318/2/2 2326/2/2
f 2321/2/2 2322/2/2 2327/2/2
f 2327/2/2 2322/2/2 2328/2/2
f 2323/2/2 2324/2/2 2329/2/2
f 2329/2/2 2324/2/2 2330/2/2
f 2331/2/2 2332/2/2 2334/2/2
f 2333/2/2 2334/2/2 2335/2/2
f 2334/2/2 2332/2/2 2336/2/2
f 2335/2/2 2334/2/2 2336/2/2
f 2336/2/2 2332/2/2 2337/2/2
f 2337/2/2 2332/2/2 2338/2/2
f 2339/2/2 2340/2/2 2343/2/2
f 2343/2/2 2340/2/2 2344/2/2
f 2341/2/2 2342/2/2 2349/2/2
f 2349/2/2 2342/2/2 2350/2/2
f 2345/2/2 2346/2/2 2351/2/2
f 2351/2/2 2346/2/2 2352/2/2
f 2347/2/2 2348/2/2 2353/2/2
f 2353/2/2 2348/2/2 2354/2/2
f 2355/4/2 2356/4/2 2360/4/2
f 2360/4/2 2356/4/2 2361/4/2
f 2357/4/2 2358/4/2 2364/4/2
f 2364/4/2 2358/4/2 2365/4/2
f 2359/4/2 2360/4/2 2367/4/2
f 2367/4/2 2360/4/2 2368/4/2
f 2361/4/2 2362/4/2 2369/4/2
f 2369/4/2 2362/4/2 2370/4/2
f 2363/4/2 2364/4/2 2371/4/2
f 2371/4/2 2364/4/2 2372/4/2
f 2365/4/2 2366/4/2 2373/4/2
f 2373/4/2 2366/4/2 2374/4/2
f 2375/2/2 2376/2/2 2379/2/2
f 2379/2/2 2376/2/2 2380/2/2
f 2377/2/2 2378/2/2 2383/2/2
f 2383/2/2 2378/2/2 2384/2/2
f 2381/2/2 2382/2/2 2385/2/2
f 2385/2/2 2382/2/2 2386/2/2
f 2387/4/2 2388/4/2 2392/4/2
f 2392/4/2 2388/4/2 2393/4/2
f 2389/4/2 2390/4/2 2396/4/2
f 2396/4/2 2390/4/2 2397/4/2
f 2393/4/2 2394/4/2 2399/4/2
f 2391/4/2 2392/4/2 2399/4/2
f 2392/4/2 2393/4/2 2399/4/2
f 2399/4/2 2394/4/2 2400/4/2
f 2397/4/2 2398/4/2 2401/4/2
f 2396/4/2 2397/4/2 2401/4/2
f 2395/4/2 2396/4/2 2401/4/2
f 2401/4/2 2398/4/2 2402/4/2
f 2403/2/2 2404/2/2 2407/2/2
f 2405/2/2 2406/2/2 2408/2/2
f 2403/2/2 2407/2/2 2409/2/2
f 2407/2/2 2408/2/2 2409/2/2
f 2408/2/2 2406/2/2 2410/2/2
f 2409/2/2 2408/2/2 2410/2/2
f 2411/3/2 2412/3/2 2413/3/2
f 2413/3/2 2412/3/2 2414/3/2
f 2415/2/2 2416/2/2 2417/2/2
f 2417/2/2 2416/2/2 2418/2/2
f 2419/2/2 2420/2/2 2422/2/2
f 2421/2/2 2422/2/2 2423/2/2
f 2422/2/2 2420/2/2 2424/2/2
f 2423/2/2 2422/2/2 2424/2/2
f 2424/2/2 2420/2/2 2425/2/2
f 2425/2/2 2420/2/2 2426/2/2
f 2427/3/2 2428/3/2 2429/3/2
f 2429/3/2 2428/3/2 2430/3/2
f 2431/2/2 2432/2/2 2433/2/2
f 2433/2/2 2432/2/2 2434/2/2
f 2435/2/2 2436/2/2 2438/2/2
f 2437/2/2 2438/2/2 2439/2/2
f 2438/2/2 2436/2/2 2440/2/2
f 2439/2/2 2438/2/2 2440/2/2
f 2440/2/2 2436/2/2 2441/2/2
f 2441/2/2 2436/2/2 2442/2/2
f 2443/2/2 2444/2/2 2445/2/2
f 2445/2/2 2444/2/2 2446/2/2
f 2447/2/2 2448/2/2 2450/2/2
f 2449/2/2 2450/2/2 2451/2/2
f 2450/2/2 2448/2/2 2452/2/2
f 2451/2/2 2450/2/2 2452/2/2
f 2452/2/2 2448/2/2 2453/2/2
f 2453/2/2 2448/2/2 2454/2/2
f 2455/4/2 2456/4/2 2457/4/2
f 2457/4/2 2456/4/2 2458/4/2
f 2459/2/2 2460/2/2 2461/2/2
f 2461/2/2 2460/2/2 2462/2/2
f 2463/2/2 2464/2/2 2465/2/2
f 2465/2/2 2464/2/2 2466/2/2
f 2467/2/2 2468/2/2 2469/2/2
f 2469/2/2 2468/2/2 2470/2/2
f 2471/2/2 2472/2/2 2473/2/2
f 2473/2/2 2472/2/2 2474/2/2
f 2475/2/2 2476/2/2 2478/2/2
f 2477/2/2 2478/2/2 2479/2/2
f 2478/2/2 2476/2/2 2480/2/2
f 2479/2/2 2478/2/2 2480/2/2
f 2480/2/2 2476/2/2 2481/2/2
f 2481/2/2 2476/2/2 2482/2/2
f 2483/4/2 2484/4/2 2485/4/2
f 2485/4/2 2484/4/2 2486/4/2
f 2487/2/2 2488/2/2 2490/2/2
f 2489/2/2 2490/2/2 2491/2/2
f 2490/2/2 2488/2/2 2492/2/2
f 2491/2/2 2490/2/2 2492/2/2
f 2492/2/2 2488/2/2 2493/2/2
f 2493/2/2 2488/2/2 2494/2/2
f 2495/4/2 2496/4/2 2497/4/2
f 2497/4/2 2496/4/2 2498/4/2
f 2499/4/2 2500/4/2 2501/4/2
f 2501/4/2 2500/4/2 2502/4/2
f 2503/4/2 2504/4/2 2505/4/2
f 2505/4/2 2504/4/2 2506/4/2
f 2507/2/2 2508/2/2 2510/2/2
f 2510/2/2 2508/2/2 2511/2/2
f 2511/2/2 2508/2/2 2512/2/2
f 2512/2/2 2508/2/2 2513/2/2
f 2509/2/2 2510/2/2 2514/2/2
f 2514/2/2 2510/2/2 2515/2/2
f 2511/2/2 2512/2/2 2516/2/2
f 2516/2/2 2512/2/2 2517/2/2
f 2516/4/2 2517/4/2 2520/4/2
f 2520/4/2 2517/4/2 2521/4/2
f 2518/2/2 2519/2/2 2522/2/2
f 2522/2/2 2519/2/2 2523/2/2
f 2524/2/2 2525/2/2 2529/2/2
f 2529/2/2 2525/2/2 2530/2/2
f 2528/2/2 2529/2/2 2531/2/2
f 2531/2/2 2529/2/2 2532/2/2
f 2533/4/2 2534/4/2 2538/4/2
f 2534/2/2 2535/2/2 2539/2/2
f 2538/4/2 2534/4/2 2539/4/2
f 2539/2/2 2535/2/2 2540/2/2
f 2536/2/2 2537/2/2 2541/2/2
f 2541/2/2 2537/2/2 2542/2/2
f 2543/4/2 2544/4/2 2547/4/2
f 2547/4/2 2544/4/2 2548/4/2
f 2545/2/2 2546/2/2 2549/2/2
f 2549/2/2 2546/2/2 2550/2/2
f 2551/4/2 2552/4/2 2555/4/2
f 2555/4/2 2552/4/2 2556/4/2
f 2553/2/2 2554/2/2 2557/2/2
f 2557/2/2 2554/2/2 2558/2/2
f 2559/4/2 2560/4/2 2563/4/2
f 2563/4/2 2560/4/2 2564/4/2
f 2561/2/2 2562/2/2 2565/2/2
f 2565/2/2 2562/2/2 2566/2/2
f 2565/1/2 2566/1/2 2567/1/2
f 2567/1/2 2566/1/2 2568/1/2
f 2567/2/2 2568/2/2 2569/2/2
f 2569/2/2 2568/2/2 2570/2/2
f 2526/2/2 2527/2/2 2574/2/2
f 2574/2/2 2527/2/2 2575/2/2
f 2571/2/2 2572/2/2 2576/2/2
f 2576/2/2 2572/2/2 2577/2/2
f 2573/2/2 2574/2/2 2578/2/2
f 2578/2/2 2574/2/2 2579/2/2
f 2582/2/2 2583/2/2 2584/2/2
f 2584/2/2 2583/2/2 2585/2/2
f 2585/2/2 2583/2/2 2587/2/2
f 2586/2/2 2587/2/2 2588/2/2
f 2588/2/2 2587/2/2 2589/2/2
f 2589/2/2 2587/2/2 2591/2/2
f 2590/2/2 2591/2/2 2592/2/2
f 2591/2/2 2587/2/2 2593/2/2
f 2592/2/2 2591/2/2 2593/2/2
f 2593/2/2 2587/2/2 2595/2/2
f 2594/2/2 2595/2/2 2596/2/2
f 2595/2/2 2587/2/2 2597/2/2
f 2596/2/2 2595/2/2 2597/2/2
f 2597/2/2 2587/2/2 2599/2/2
f 2598/2/2 2599/2/2 2600/2/2
f 2600/2/2 2599/2/2 2601/2/2
f 2600/1/2 2601/1/2 2602/1/2
f 2601/2/2 2599/2/2 2603/2/2
f 2602/1/2 2601/1/2 2603/1/2
f 2602/2/2 2603/2/2 2604/2/2
f 2587/2/2 2583/2/2 2605/2/2
f 2604/2/2 2603/2/2 2605/2/2
f 2599/2/2 2587/2/2 2605/2/2
f 2603/2/2 2599/2/2 2605/2/2
f 2580/2/2 2581/2/2 2606/2/2
f 2606/2/2 2581/2/2 2607/2/2
f 2614/4/3 2613/4/3 2612/4/3
f 2615/4/3 2613/4/3 2614/4/3
f 2616/1/3 2610/1/3 2609/1/3
f 2616/2/3 2611/2/3 2610/2/3
f 2617/2/3 2611/2/3 2616/2/3
f 2618/2/3 2609/2/3 2608/2/3
f 2619/1/3 2616/1/3 2609/1/3
f 2619/2/3 2609/2/3 2618/2/3
f 2620/1/3 2616/1/3 2619/1/3
f 2623/4/3 2622/4/3 2621/4/3
f 2624/4/3 2622/4/3 2623/4/3
f 2635/2/3 2632/2/3 2631/2/3
f 2636/1/3 2633/1/3 2632/1/3
f 2636/2/3 2632/2/3 2635/2/3
f 2637/2/3 2634/2/3 2633/2/3
f 2637/1/3 2633/1/3 2636/1/3
f 2638/2/3 2634/2/3 2637/2/3
f 2640/2/3 2630/2/3 2629/2/3
f 2641/2/3 2630/2/3 2640/2/3
f 2642/4/3 2641/4/3 2640/4/3
f 2643/4/3 2641/4/3 2642/4/3
f 2644/4/3 2642/4/3 2640/4/3
f 2645/4/3 2641/4/3 2643/4/3
f 2646/2/3 2640/2/3 2629/2/3
f 2646/4/3 2645/4/3 2644/4/3
f 2646/4/3 2644/4/3 2640/4/3
f 2647/4/3 2641/4/3 2645/4/3
f 2647/4/3 2645/4/3 2646/4/3
f 2647/2/3 2630/2/3 2641/2/3
f 2649/2/3 2639/2/3 2638/2/3
f 2650/2/3 2639/2/3 2649/2/3
f 2651/2/3 2649/2/3 2648/2/3
f 2652/2/3 2649/2/3 2651/2/3
f 2656/2/3 2626/2/3 2625/2/3
f 2657/2/3 2626/2/3 2656/2/3
f 2658/2/3 2628/2/3 2627/2/3
f 2659/2/3 2628/2/3 2658/2/3
f 2660/2/3 2646/2/3 2629/2/3
f 2660/2/3 2647/2/3 2646/2/3
f 2661/2/3 2630/2/3 2647/2/3
f 2661/2/3 2647/2/3 2660/2/3
f 2662/2/3 2654/2/3 2653/2/3
f 2663/1/3 2655/1/3 2654/1/3
f 2663/2/3 2654/2/3 2662/2/3
f 2664/1/3 2655/1/3 2663/1/3
f 2675/2/3 2670/2/3 2669/2/3
f 2676/2/3 2670/2/3 2675/2/3
f 2677/4/3 2676/4/3 2675/4/3
f 2678/4/3 2676/4/3 2677/4/3
f 2679/4/3 2677/4/3 2675/4/3
f 2680/4/3 2676/4/3 2678/4/3
f 2681/2/3 2675/2/3 2669/2/3
f 2681/4/3 2680/4/3 2679/4/3
f 2681/4/3 2679/4/3 2675/4/3
f 2682/4/3 2676/4/3 2680/4/3
f 2682/4/3 2680/4/3 2681/4/3
f 2682/2/3 2670/2/3 2676/2/3
f 2683/2/3 2666/2/3 2665/2/3
f 2684/2/3 2666/2/3 2683/2/3
f 2685/2/3 2668/2/3 2667/2/3
f 2686/2/3 2668/2/3 2685/2/3
f 2687/2/3 2681/2/3 2669/2/3
f 2687/2/3 2682/2/3 2681/2/3
f 2688/2/3 2670/2/3 2682/2/3
f 2688/2/3 2682/2/3 2687/2/3
f 2689/2/3 2672/2/3 2671/2/3
f 2690/1/3 2673/1/3 2672/1/3
f 2690/2/3 2672/2/3 2689/2/3
f 2691/2/3 2674/2/3 2673/2/3
f 2691/1/3 2673/1/3 2690/1/3
f 2692/2/3 2674/2/3 2691/2/3
f 2694/2/3 2693/2/3 2692/2/3
f 2695/2/3 2693/2/3 2694/2/3
f 2696/4/3 2687/4/3 2686/4/3
f 2697/4/3 2687/4/3 2696/4/3
f 2700/4/3 2699/4/3 2698/4/3
f 2701/4/3 2699/4/3 2700/4/3
f 2707/2/3 2705/2/3 2704/2/3
f 2708/2/3 2705/2/3 2707/2/3
f 2710/4/3 2685/4/3 2684/4/3
f 2711/4/3 2685/4/3 2710/4/3
f 2712/4/3 2703/4/3 2702/4/3
f 2713/4/3 2703/4/3 2712/4/3
f 2714/4/3 2689/4/3 2688/4/3
f 2715/4/3 2689/4/3 2714/4/3
f 2717/2/3 2707/2/3 2706/2/3
f 2718/2/3 2710/2/3 2709/2/3
f 2719/2/3 2710/2/3 2718/2/3
f 2720/2/3 2712/2/3 2711/2/3
f 2721/2/3 2712/2/3 2720/2/3
f 2722/2/3 2714/2/3 2713/2/3
f 2723/2/3 2714/2/3 2722/2/3
f 2724/2/3 2716/2/3 2715/2/3
f 2725/1/3 2717/1/3 2716/1/3
f 2725/2/3 2716/2/3 2724/2/3
f 2726/2/3 2707/2/3 2717/2/3
f 2726/1/3 2717/1/3 2725/1/3
f 2727/2/3 2707/2/3 2726/2/3
f 2738/2/3 2729/2/3 2728/2/3
f 2739/2/3 2729/2/3 2738/2/3
f 2740/2/3 2731/2/3 2730/2/3
f 2741/2/3 2731/2/3 2740/2/3
f 2742/2/3 2733/2/3 2732/2/3
f 2743/2/3 2733/2/3 2742/2/3
f 2744/2/3 2735/2/3 2734/2/3
f 2745/1/3 2736/1/3 2735/1/3
f 2745/2/3 2735/2/3 2744/2/3
f 2746/2/3 2737/2/3 2736/2/3
f 2746/1/3 2736/1/3 2745/1/3
f 2747/2/3 2737/2/3 2746/2/3
f 2749/2/3 2748/2/3 2747/2/3
f 2750/2/3 2748/2/3 2749/2/3
f 2753/8/3 2752/8/3 2751/8/3
f 2754/8/3 2752/8/3 2753/8/3
f 2757/8/3 2756/8/3 2755/8/3
f 2758/8/3 2756/8/3 2757/8/3
f 2770/2/3 2760/2/3 2759/2/3
f 2771/2/3 2762/2/3 2761/2/3
f 2772/2/3 2762/2/3 2771/2/3
f 2773/2/3 2764/2/3 2763/2/3
f 2774/2/3 2764/2/3 2773/2/3
f 2775/2/3 2766/2/3 2765/2/3
f 2776/2/3 2766/2/3 2775/2/3
f 2777/2/3 2768/2/3 2767/2/3
f 2778/1/3 2769/1/3 2768/1/3
f 2778/2/3 2768/2/3 2777/2/3
f 2779/2/3 2770/2/3 2769/2/3
f 2779/1/3 2769/1/3 2778/1/3
f 2780/2/3 2760/2/3 2770/2/3
f 2780/2/3 2770/2/3 2779/2/3
f 2791/2/3 2786/2/3 2785/2/3
f 2792/2/3 2786/2/3 2791/2/3
f 2793/2/3 2782/2/3 2781/2/3
f 2794/2/3 2782/2/3 2793/2/3
f 2795/2/3 2784/2/3 2783/2/3
f 2796/2/3 2784/2/3 2795/2/3
f 2797/2/3 2788/2/3 2787/2/3
f 2798/1/3 2789/1/3 2788/1/3
f 2798/2/3 2788/2/3 2797/2/3
f 2799/2/3 2790/2/3 2789/2/3
f 2799/1/3 2789/1/3 2798/1/3
f 2800/2/3 2790/2/3 2799/2/3
f 2802/2/3 2801/2/3 2800/2/3
f 2803/2/3 2801/2/3 2802/2/3
f 2804/4/3 2795/4/3 2794/4/3
f 2805/4/3 2795/4/3 2804/4/3
f 2808/4/3 2793/4/3 2792/4/3
f 2809/4/3 2793/4/3 2808/4/3
f 2810/4/3 2807/4/3 2806/4/3
f 2811/4/3 2807/4/3 2810/4/3
f 2812/4/3 2797/4/3 2796/4/3
f 2813/4/3 2797/4/3 2812/4/3
f 2821/4/3 2815/4/3 2814/4/3
f 2822/4/3 2815/4/3 2821/4/3
f 2823/4/3 2817/4/3 2816/4/3
f 2824/4/3 2817/4/3 2823/4/3
f 2825/4/3 2819/4/3 2818/4/3
f 2826/4/3 2819/4/3 2825/4/3
f 2830/2/3 2821/2/3 2820/2/3
f 2831/2/3 2821/2/3 2830/2/3
f 2832/2/3 2823/2/3 2822/2/3
f 2833/2/3 2823/2/3 2832/2/3
f 2834/2/3 2825/2/3 2824/2/3
f 2835/2/3 2825/2/3 2834/2/3
f 2836/2/3 2827/2/3 2826/2/3
f 2837/1/3 2828/1/3 2827/1/3
f 2837/2/3 2827/2/3 2836/2/3
f 2838/2/3 2829/2/3 2828/2/3
f 2838/1/3 2828/1/3 2837/1/3
f 2839/2/3 2829/2/3 2838/2/3
f 2846/2/3 2841/2/3 2840/2/3
f 2847/2/3 2841/2/3 2846/2/3
f 2848/2/3 2843/2/3 2842/2/3
f 2849/1/3 2844/1/3 2843/1/3
f 2849/2/3 2843/2/3 2848/2/3
f 2850/2/3 2845/2/3 2844/2/3
f 2850/1/3 2844/1/3 2849/1/3
f 2851/2/3 2845/2/3 2850/2/3
f 2853/2/3 2852/2/3 2851/2/3
f 2854/2/3 2852/2/3 2853/2/3
f 2857/8/3 2856/8/3 2855/8/3
f 2858/8/3 2856/8/3 2857/8/3
f 2870/2/3 2860/2/3 2859/2/3
f 2871/2/3 2862/2/3 2861/2/3
f 2872/2/3 2862/2/3 2871/2/3
f 2873/2/3 2864/2/3 2863/2/3
f 2874/2/3 2864/2/3 2873/2/3
f 2875/2/3 2866/2/3 2865/2/3
f 2876/2/3 2866/2/3 2875/2/3
f 2877/2/3 2868/2/3 2867/2/3
f 2878/1/3 2869/1/3 2868/1/3
f 2878/2/3 2868/2/3 2877/2/3
f 2879/2/3 2870/2/3 2869/2/3
f 2879/1/3 2869/1/3 2878/1/3
f 2880/2/3 2860/2/3 2870/2/3
f 2880/2/3 2870/2/3 2879/2/3
f 2890/2/3 2882/2/3 2881/2/3
f 2891/2/3 2882/2/3 2890/2/3
f 2892/2/3 2884/2/3 2883/2/3
f 2893/2/3 2884/2/3 2892/2/3
f 2894/2/3 2886/2/3 2885/2/3
f 2895/2/3 2886/2/3 2894/2/3
f 2896/1/3 2888/1/3 2887/1/3
f 2897/1/3 2888/1/3 2896/1/3
f 2898/2/3 2889/2/3 2888/2/3
f 2898/1/3 2888/1/3 2897/1/3
f 2899/2/3 2889/2/3 2898/2/3
f 2901/2/3 2900/2/3 2899/2/3
f 2902/2/3 2900/2/3 2901/2/3
f 2903/4/3 2892/4/3 2891/4/3
f 2904/4/3 2892/4/3 2903/4/3
f 2905/4/3 2894/4/3 2893/4/3
f 2906/4/3 2894/4/3 2905/4/3
f 2907/4/3 2896/4/3 2895/4/3
f 2908/4/3 2896/4/3 2907/4/3
f 2916/4/3 2910/4/3 2909/4/3
f 2917/4/3 2910/4/3 2916/4/3
f 2918/4/3 2912/4/3 2911/4/3
f 2919/4/3 2912/4/3 2918/4/3
f 2920/4/3 2914/4/3 2913/4/3
f 2921/4/3 2914/4/3 2920/4/3
f 2925/2/3 2916/2/3 2915/2/3
f 2926/2/3 2916/2/3 2925/2/3
f 2927/2/3 2918/2/3 2917/2/3
f 2928/2/3 2918/2/3 2927/2/3
f 2929/2/3 2920/2/3 2919/2/3
f 2930/2/3 2920/2/3 2929/2/3
f 2931/2/3 2922/2/3 2921/2/3
f 2932/1/3 2923/1/3 2922/1/3
f 2932/2/3 2922/2/3 2931/2/3
f 2933/2/3 2924/2/3 2923/2/3
f 2933/1/3 2923/1/3 2932/1/3
f 2934/2/3 2924/2/3 2933/2/3
f 2937/4/3 2936/4/3 2935/4/3
f 2938/4/3 2936/4/3 2937/4/3
f 2948/2/3 2940/2/3 2939/2/3
f 2949/2/3 2940/2/3 2948/2/3
f 2950/2/3 2942/2/3 2941/2/3
f 2951/2/3 2942/2/3 2950/2/3
f 2952/2/3 2944/2/3 2943/2/3
f 2953/2/3 2944/2/3 2952/2/3
f 2954/1/3 2946/1/3 2945/1/3
f 2955/2/3 2947/2/3 2946/2/3
f 2955/1/3 2946/1/3 2954/1/3
f 2956/2/3 2947/2/3 2955/2/3
f 2958/4/3 2950/4/3 2949/4/3
f 2959/4/3 2950/4/3 2958/4/3
f 2960/4/3 2952/4/3 2951/4/3
f 2961/4/3 2952/4/3 2960/4/3
f 2962/4/3 2954/4/3 2953/4/3
f 2963/4/3 2954/4/3 2962/4/3
f 2964/2/3 2957/2/3 2956/2/3
f 2965/2/3 2957/2/3 2964/2/3
f 2977/2/3 2967/2/3 2966/2/3
f 2978/2/3 2969/2/3 2968/2/3
f 2979/2/3 2969/2/3 2978/2/3
f 2980/2/3 2971/2/3 2970/2/3
f 2981/2/3 2971/2/3 2980/2/3
f 2982/2/3 2973/2/3 2972/2/3
f 2983/2/3 2973/2/3 2982/2/3
f 2984/2/3 2975/2/3 2974/2/3
f 2985/1/3 2976/1/3 2975/1/3
f 2985/2/3 2975/2/3 2984/2/3
f 2986/2/3 2977/2/3 2976/2/3
f 2986/1/3 2976/1/3 2985/1/3
f 2987/2/3 2967/2/3 2977/2/3
f 2987/2/3 2977/2/3 2986/2/3
f 2990/2/3 2989/2/3 2988/2/3
f 2991/2/3 2989/2/3 2990/2/3
f 2994/2/3 2993/2/3 2992/2/3
f 2995/2/3 2993/2/3 2994/2/3
f 2996/2/3 2994/2/3 2992/2/3
f 2997/2/3 2993/2/3 2995/2/3
f 2998/2/3 2997/2/3 2996/2/3
f 2999/2/3 2997/2/3 2998/2/3
f 3000/2/3 2997/2/3 2999/2/3
f 3001/2/3 2997/2/3 3000/2/3
f 3002/2/3 2998/2/3 2996/2/3
f 3003/2/3 3000/2/3 2999/2/3
f 3004/2/3 3000/2/3 3003/2/3
f 3005/2/3 2997/2/3 3001/2/3
f 3006/2/3 2996/2/3 2992/2/3
f 3006/2/3 3005/2/3 3004/2/3
f 3006/2/3 3004/2/3 3003/2/3
f 3006/2/3 3002/2/3 2996/2/3
f 3006/2/3 3003/2/3 3002/2/3
f 3007/2/3 2997/2/3 3005/2/3
f 3007/2/3 3005/2/3 3006/2/3
f 3007/2/3 2993/2/3 2997/2/3
f 3008/2/3 2990/2/3 2988/2/3
f 3009/2/3 2989/2/3 2991/2/3
f 3010/2/3 3008/2/3 2988/2/3
f 3010/2/3 3009/2/3 3008/2/3
f 3011/2/3 2989/2/3 3009/2/3
f 3011/2/3 3009/2/3 3010/2/3
f 3014/2/3 3013/2/3 3012/2/3
f 3015/2/3 3013/2/3 3014/2/3
f 3016/2/3 3014/2/3 3012/2/3
f 3017/2/3 3013/2/3 3015/2/3
f 3018/2/3 3016/2/3 3012/2/3
f 3018/2/3 3017/2/3 3016/2/3
f 3019/2/3 3013/2/3 3017/2/3
f 3019/2/3 3017/2/3 3018/2/3
f 3022/4/3 3021/4/3 3020/4/3
f 3023/4/3 3021/4/3 3022/4/3
f 3028/4/3 3025/4/3 3024/4/3
f 3029/4/3 3025/4/3 3028/4/3
f 3030/4/3 3027/4/3 3026/4/3
f 3031/4/3 3027/4/3 3030/4/3
f 3032/4/3 3022/4/3 3020/4/3
f 3033/4/3 3021/4/3 3023/4/3
f 3034/4/3 3032/4/3 3020/4/3
f 3034/4/3 3033/4/3 3032/4/3
f 3035/4/3 3021/4/3 3033/4/3
f 3035/4/3 3033/4/3 3034/4/3
f 3039/2/3 3037/2/3 3036/2/3
f 3040/2/3 3039/2/3 3038/2/3
f 3041/2/3 3037/2/3 3039/2/3
f 3041/2/3 3039/2/3 3040/2/3
f 3044/2/3 3043/2/3 3042/2/3
f 3045/2/3 3043/2/3 3044/2/3
f 3048/2/3 3047/2/3 3046/2/3
f 3049/2/3 3047/2/3 3048/2/3
f 3052/2/3 3051/2/3 3050/2/3
f 3053/2/3 3051/2/3 3052/2/3
f 3056/2/3 3055/2/3 3054/2/3
f 3057/2/3 3055/2/3 3056/2/3
f 3060/2/3 3059/2/3 3058/2/3
f 3061/2/3 3059/2/3 3060/2/3
f 3064/2/3 3063/2/3 3062/2/3
f 3065/2/3 3063/2/3 3064/2/3
f 3068/2/3 3067/2/3 3066/2/3
f 3069/2/3 3067/2/3 3068/2/3
f 3072/2/3 3071/2/3 3070/2/3
f 3073/2/3 3071/2/3 3072/2/3
f 3076/2/3 3075/2/3 3074/2/3
f 3077/2/3 3075/2/3 3076/2/3
f 3085/4/3 3079/4/3 3078/4/3
f 3086/4/3 3079/4/3 3085/4/3
f 3087/4/3 3081/4/3 3080/4/3
f 3088/4/3 3081/4/3 3087/4/3
f 3089/4/3 3083/4/3 3082/4/3
f 3090/4/3 3083/4/3 3089/4/3
f 3096/2/3 3085/2/3 3084/2/3
f 3097/2/3 3085/2/3 3096/2/3
f 3098/2/3 3087/2/3 3086/2/3
f 3099/2/3 3087/2/3 3098/2/3
f 3100/2/3 3089/2/3 3088/2/3
f 3101/2/3 3089/2/3 3100/2/3
f 3102/2/3 3095/2/3 3094/2/3
f 3103/2/3 3095/2/3 3102/2/3
f 3106/2/3 3105/2/3 3104/2/3
f 3107/2/3 3105/2/3 3106/2/3
f 3112/4/3 3109/4/3 3108/4/3
f 3113/4/3 3109/4/3 3112/4/3
f 3118/2/3 3111/2/3 3110/2/3
f 3119/2/3 3111/2/3 3118/2/3
f 3120/4/3 3115/4/3 3114/4/3
f 3121/4/3 3115/4/3 3120/4/3
f 3122/4/3 3117/4/3 3116/4/3
f 3123/4/3 3117/4/3 3122/4/3
f 3124/2/3 3106/2/3 3104/2/3
f 3125/2/3 3105/2/3 3107/2/3
f 3126/2/3 3124/2/3 3104/2/3
f 3126/2/3 3125/2/3 3124/2/3
f 3127/2/3 3105/2/3 3125/2/3
f 3127/2/3 3125/2/3 3126/2/3
f 3130/2/3 3096/2/3 3084/2/3
f 3135/2/3 3089/2/3 3101/2/3
f 3136/2/3 3129/2/3 3128/2/3
f 3137/2/3 3129/2/3 3136/2/3
f 3140/2/3 3139/2/3 3138/2/3
f 3141/2/3 3139/2/3 3140/2/3
f 3144/2/3 3143/2/3 3142/2/3
f 3145/2/3 3143/2/3 3144/2/3
f 3148/2/3 3147/2/3 3146/2/3
f 3149/2/3 3147/2/3 3148/2/3
f 3152/2/3 3151/2/3 3150/2/3
f 3153/2/3 3151/2/3 3152/2/3
f 3156/2/3 3131/2/3 3130/2/3
f 3156/2/3 3130/2/3 3084/2/3
f 3157/2/3 3131/2/3 3156/2/3
f 3158/2/3 3133/2/3 3132/2/3
f 3159/2/3 3133/2/3 3158/2/3
f 3160/2/3 3135/2/3 3134/2/3
f 3161/2/3 3089/2/3 3135/2/3
f 3161/2/3 3135/2/3 3160/2/3
f 3162/2/3 3155/2/3 3154/2/3
f 3163/2/3 3155/2/3 3162/2/3
f 3170/2/3 3169/2/3 3168/2/3
f 3171/2/3 3169/2/3 3170/2/3
f 3176/2/3 3170/2/3 3168/2/3
f 3177/2/3 3170/2/3 3176/2/3
f 3178/2/3 3175/2/3 3174/2/3
f 3179/2/3 3175/2/3 3178/2/3
f 3182/2/3 3181/2/3 3180/2/3
f 3183/2/3 3181/2/3 3182/2/3
f 3186/2/3 3185/2/3 3184/2/3
f 3187/2/3 3185/2/3 3186/2/3
f 3190/2/3 3176/2/3 3168/2/3
f 3191/2/3 3170/2/3 3177/2/3
f 3192/2/3 3189/2/3 3188/2/3
f 3193/2/3 3189/2/3 3192/2/3
f 3194/2/3 3190/2/3 3168/2/3
f 3194/2/3 3191/2/3 3190/2/3
f 3195/2/3 3170/2/3 3191/2/3
f 3195/2/3 3191/2/3 3194/2/3
f 3200/2/3 3199/2/3 3198/2/3
f 3201/2/3 3199/2/3 3200/2/3
f 3202/4/3 3197/4/3 3196/4/3
f 3203/4/3 3197/4/3 3202/4/3
f 3204/2/3 3194/2/3 3168/2/3
f 3205/2/3 3170/2/3 3195/2/3
f 3208/2/3 3173/2/3 3172/2/3
f 3209/2/3 3173/2/3 3208/2/3
f 3210/2/3 3170/2/3 3205/2/3
f 3210/2/3 3205/2/3 3204/2/3
f 3211/2/3 3169/2/3 3171/2/3
f 3212/2/3 3165/2/3 3164/2/3
f 3213/2/3 3165/2/3 3212/2/3
f 3214/2/3 3167/2/3 3166/2/3
f 3215/2/3 3167/2/3 3214/2/3
f 3216/2/3 3211/2/3 3210/2/3
f 3216/2/3 3210/2/3 3204/2/3
f 3216/2/3 3204/2/3 3168/2/3
f 3217/2/3 3169/2/3 3211/2/3
f 3217/2/3 3211/2/3 3216/2/3
f 3218/2/3 3207/2/3 3206/2/3
f 3219/2/3 3207/2/3 3218/2/3
f 3228/2/3 3225/2/3 3224/2/3
f 3229/2/3 3225/2/3 3228/2/3
f 3232/2/3 3228/2/3 3224/2/3
f 3233/2/3 3228/2/3 3232/2/3
f 3234/4/3 3231/4/3 3230/4/3
f 3235/4/3 3231/4/3 3234/4/3
f 3236/2/3 3227/2/3 3226/2/3
f 3237/2/3 3227/2/3 3236/2/3
f 3238/2/3 3232/2/3 3224/2/3
f 3239/2/3 3228/2/3 3233/2/3
f 3240/4/3 3234/4/3 3230/4/3
f 3241/4/3 3231/4/3 3235/4/3
f 3244/4/3 3240/4/3 3230/4/3
f 3244/4/3 3241/4/3 3240/4/3
f 3245/4/3 3231/4/3 3241/4/3
f 3245/4/3 3241/4/3 3244/4/3
f 3246/2/3 3239/2/3 3238/2/3
f 3246/2/3 3228/2/3 3239/2/3
f 3247/2/3 3225/2/3 3229/2/3
f 3248/2/3 3243/2/3 3242/2/3
f 3249/2/3 3243/2/3 3248/2/3
f 3250/2/3 3243/2/3 3249/2/3
f 3251/2/3 3243/2/3 3250/2/3
f 3252/2/3 3221/2/3 3220/2/3
f 3253/2/3 3221/2/3 3252/2/3
f 3254/2/3 3223/2/3 3222/2/3
f 3255/2/3 3223/2/3 3254/2/3
f 3256/2/3 3247/2/3 3246/2/3
f 3256/2/3 3238/2/3 3224/2/3
f 3256/2/3 3246/2/3 3238/2/3
f 3257/2/3 3225/2/3 3247/2/3
f 3257/2/3 3247/2/3 3256/2/3
f 3258/2/3 3091/2/3 3090/2/3
f 3259/1/3 3092/1/3 3091/1/3
f 3259/2/3 3091/2/3 3258/2/3
f 3260/2/3 3093/2/3 3092/2/3
f 3260/1/3 3092/1/3 3259/1/3
f 3261/2/3 3093/2/3 3260/2/3
f 3265/2/3 3263/2/3 3262/2/3
f 3266/2/3 3263/2/3 3265/2/3
f 3276/2/3 3265/2/3 3264/2/3
f 3277/2/3 3265/2/3 3276/2/3
f 3278/2/3 3268/2/3 3267/2/3
f 3279/2/3 3268/2/3 3278/2/3
f 3280/2/3 3270/2/3 3269/2/3
f 3281/2/3 3270/2/3 3280/2/3
f 3282/2/3 3272/2/3 3271/2/3
f 3283/2/3 3272/2/3 3282/2/3
f 3284/2/3 3274/2/3 3273/2/3
f 3285/2/3 3274/2/3 3284/2/3
f 3286/2/3 3276/2/3 3275/2/3
f 3287/2/3 3276/2/3 3286/2/3
f 3290/2/3 3289/2/3 3288/2/3
f 3291/2/3 3289/2/3 3290/2/3
f 3300/2/3 3293/2/3 3292/2/3
f 3301/2/3 3293/2/3 3300/2/3
f 3302/2/3 3295/2/3 3294/2/3
f 3303/2/3 3295/2/3 3302/2/3
f 3304/9/3 3297/9/3 3296/9/3
f 3305/9/3 3297/9/3 3304/9/3
f 3316/2/3 3307/2/3 3306/2/3
f 3317/2/3 3307/2/3 3316/2/3
f 3318/2/3 3309/2/3 3308/2/3
f 3319/2/3 3309/2/3 3318/2/3
f 3320/9/3 3311/9/3 3310/9/3
f 3321/9/3 3311/9/3 3320/9/3
f 3322/2/3 3313/2/3 3312/2/3
f 3323/2/3 3313/2/3 3322/2/3
f 3324/2/3 3315/2/3 3314/2/3
f 3325/2/3 3315/2/3 3324/2/3
f 3326/2/3 3299/2/3 3298/2/3
f 3327/2/3 3299/2/3 3326/2/3
f 3330/2/3 3329/2/3 3328/2/3
f 3331/2/3 3329/2/3 3330/2/3
f 3334/2/3 3333/2/3 3332/2/3
f 3335/2/3 3333/2/3 3334/2/3
f 3338/2/3 3337/2/3 3336/2/3
f 3339/2/3 3337/2/3 3338/2/3
f 3342/2/3 3341/2/3 3340/2/3
f 3343/2/3 3341/2/3 3342/2/3
f 3346/2/3 3345/2/3 3344/2/3
f 3347/2/3 3345/2/3 3346/2/3
f 3354/2/3 3349/2/3 3348/2/3
f 3355/2/3 3349/2/3 3354/2/3
f 3356/2/3 3351/2/3 3350/2/3
f 3357/2/3 3351/2/3 3356/2/3
f 3358/2/3 3353/2/3 3352/2/3
f 3359/2/3 3353/2/3 3358/2/3
f 3362/2/3 3361/2/3 3360/2/3
f 3363/2/3 3361/2/3 3362/2/3
f 3368/2/3 3367/2/3 3366/2/3
f 3369/2/3 3367/2/3 3368/2/3
f 3372/2/3 3371/2/3 3370/2/3
f 3373/2/3 3371/2/3 3372/2/3
f 3376/2/3 3375/2/3 3374/2/3
f 3377/2/3 3375/2/3 3376/2/3
f 3380/2/3 3379/2/3 3378/2/3
f 3381/2/3 3379/2/3 3380/2/3
f 3384/2/3 3383/2/3 3382/2/3
f 3385/2/3 3383/2/3 3384/2/3
f 3388/2/3 3387/2/3 3386/2/3
f 3389/2/3 3387/2/3 3388/2/3
f 3392/2/3 3391/2/3 3390/2/3
f 3393/2/3 3391/2/3 3392/2/3
f 3396/2/3 3395/2/3 3394/2/3
f 3397/2/3 3395/2/3 3396/2/3
f 3400/4/3 3399/4/3 3398/4/3
f 3401/4/3 3399/4/3 3400/4/3
f 3404/2/3 3403/2/3 3402/2/3
f 3405/2/3 3403/2/3 3404/2/3
f 3408/2/3 3407/2/3 3406/2/3
f 3409/2/3 3407/2/3 3408/2/3
f 3412/2/3 3411/2/3 3410/2/3
f 3413/2/3 3411/2/3 3412/2/3
f 3416/2/3 3415/2/3 3414/2/3
f 3417/2/3 3415/2/3 3416/2/3
f 3420/2/3 3419/2/3 3418/2/3
f 3421/2/3 3419/2/3 3420/2/3
f 3424/2/3 3423/2/3 3422/2/3
f 3425/2/3 3423/2/3 3424/2/3
f 3426/2/3 3420/2/3 3418/2/3
f 3427/2/3 3419/2/3 3421/2/3
f 3428/2/3 3426/2/3 3418/2/3
f 3428/2/3 3427/2/3 3426/2/3
f 3429/2/3 3419/2/3 3427/2/3
f 3429/2/3 3427/2/3 3428/2/3
f 3432/4/3 3400/4/3 3398/4/3
f 3433/4/3 3399/4/3 3401/4/3
f 3434/4/3 3432/4/3 3398/4/3
f 3434/4/3 3433/4/3 3432/4/3
f 3435/4/3 3399/4/3 3433/4/3
f 3435/4/3 3433/4/3 3434/4/3
f 3436/2/3 3431/2/3 3430/2/3
f 3437/2/3 3431/2/3 3436/2/3
f 3440/2/3 3439/2/3 3438/2/3
f 3441/2/3 3439/2/3 3440/2/3
f 3444/2/3 3443/2/3 3442/2/3
f 3445/2/3 3443/2/3 3444/2/3
f 3447/2/3 3365/2/3 3364/2/3
f 3448/2/3 3365/2/3 3447/2/3
f 3449/2/3 3446/2/3 3445/2/3
f 3450/2/3 3446/2/3 3449/2/3
f 3462/2/3 3451/2/3 3450/2/3
f 3463/2/3 3451/2/3 3462/2/3
f 3464/2/3 3453/2/3 3452/2/3
f 3465/2/3 3453/2/3 3464/2/3
f 3466/2/3 3455/2/3 3454/2/3
f 3467/2/3 3455/2/3 3466/2/3
f 3468/2/3 3457/2/3 3456/2/3
f 3469/2/3 3457/2/3 3468/2/3
f 3470/2/3 3459/2/3 3458/2/3
f 3471/1/3 3460/1/3 3459/1/3
f 3471/2/3 3459/2/3 3470/2/3
f 3472/2/3 3461/2/3 3460/2/3
f 3472/1/3 3460/1/3 3471/1/3
f 3473/2/3 3461/2/3 3472/2/3
f 3476/4/3 3475/4/3 3474/4/3
f 3477/4/3 3475/4/3 3476/4/3
f 3480/4/3 3475/4/3 3477/4/3
f 3481/4/3 3475/4/3 3480/4/3
f 3482/4/3 3475/4/3 3481/4/3
f 3483/4/3 3475/4/3 3482/4/3
f 3484/4/3 3475/4/3 3483/4/3
f 3485/4/3 3475/4/3 3484/4/3
f 3486/4/3 3475/4/3 3485/4/3
f 3487/4/3 3475/4/3 3486/4/3
f 3488/4/3 3475/4/3 3487/4/3
f 3489/4/3 3475/4/3 3488/4/3
f 3490/4/3 3475/4/3 3489/4/3
f 3491/4/3 3475/4/3 3490/4/3
f 3492/4/3 3475/4/3 3491/4/3
f 3493/4/3 3475/4/3 3492/4/3
f 3494/4/3 3475/4/3 3493/4/3
f 3500/2/3 3479/2/3 3478/2/3
f 3501/2/3 3499/2/3 3498/2/3
f 3501/2/3 3500/2/3 3499/2/3
f 3501/4/3 3494/4/3 3493/4/3
f 3501/2/3 3495/2/3 3494/2/3
f 3501/2/3 3498/2/3 3497/2/3
f 3501/2/3 3497/2/3 3496/2/3
f 3501/2/3 3496/2/3 3495/2/3
f 3502/2/3 3500/2/3 3501/2/3
f 3503/2/3 3500/2/3 3502/2/3
f 3504/2/3 3500/2/3 3503/2/3
f 3505/2/3 3500/2/3 3504/2/3
f 3506/2/3 3500/2/3 3505/2/3
f 3507/2/3 3479/2/3 3500/2/3
f 3507/2/3 3500/2/3 3506/2/3
f 3508/4/3 3501/4/3 3493/4/3
f 3509/2/3 3506/2/3 3505/2/3
f 3510/4/3 3501/4/3 3508/4/3
f 3511/2/3 3479/2/3 3507/2/3
f 3512/2/3 3479/2/3 3511/2/3
f 3513/4/3 3501/4/3 3510/4/3
f 3514/2/3 3503/2/3 3502/2/3
f 3515/2/3 3503/2/3 3514/2/3
f 3516/2/3 3506/2/3 3509/2/3
f 3517/2/3 3506/2/3 3516/2/3
f 3518/2/3 3506/2/3 3517/2/3
f 3519/4/3 3518/4/3 3517/4/3
f 3520/4/3 3501/4/3 3513/4/3
f 3522/4/3 3515/4/3 3514/4/3
f 3523/4/3 3515/4/3 3522/4/3
f 3524/4/3 3518/4/3 3519/4/3
f 3525/4/3 3518/4/3 3524/4/3
f 3527/4/3 3501/4/3 3520/4/3
f 3528/4/3 3526/4/3 3525/4/3
f 3528/4/3 3523/4/3 3522/4/3
f 3528/4/3 3525/4/3 3524/4/3
f 3528/4/3 3524/4/3 3523/4/3
f 3528/4/3 3522/4/3 3521/4/3
f 3529/4/3 3526/4/3 3528/4/3
f 3534/3/3 3531/3/3 3530/3/3
f 3535/3/3 3531/3/3 3534/3/3
f 3536/3/3 3533/3/3 3532/3/3
f 3537/3/3 3533/3/3 3536/3/3
f 3538/4/3 3501/4/3 3527/4/3
f 3539/2/3 3535/2/3 3534/2/3
f 3540/2/3 3535/2/3 3539/2/3
f 3541/2/3 3537/2/3 3536/2/3
f 3542/2/3 3537/2/3 3541/2/3
f 3543/4/3 3540/4/3 3539/4/3
f 3544/4/3 3540/4/3 3543/4/3
f 3545/4/3 3542/4/3 3541/4/3
f 3546/4/3 3542/4/3 3545/4/3
f 3547/4/3 3501/4/3 3538/4/3
f 3548/2/3 3544/2/3 3543/2/3
f 3549/2/3 3544/2/3 3548/2/3
f 3550/2/3 3546/2/3 3545/2/3
f 3551/2/3 3546/2/3 3550/2/3
f 3552/4/3 3528/4/3 3521/4/3
f 3553/4/3 3526/4/3 3529/4/3
f 3554/4/3 3501/4/3 3547/4/3
f 3555/4/3 3552/4/3 3521/4/3
f 3555/4/3 3553/4/3 3552/4/3
f 3556/4/3 3553/4/3 3555/4/3
f 3557/4/3 3553/4/3 3556/4/3
f 3558/4/3 3553/4/3 3557/4/3
f 3559/4/3 3553/4/3 3558/4/3
f 3560/4/3 3526/4/3 3553/4/3
f 3560/4/3 3553/4/3 3559/4/3
f 3561/4/3 3501/4/3 3554/4/3
f 3562/4/3 3501/4/3 3561/4/3
f 3563/4/3 3501/4/3 3562/4/3
f 3564/4/3 3501/4/3 3563/4/3
f 3565/4/3 3501/4/3 3564/4/3
f 3566/4/3 3501/4/3 3565/4/3
f 3567/4/3 3501/4/3 3566/4/3
f 3568/4/3 3501/4/3 3567/4/3
f 3569/4/3 3501/4/3 3568/4/3
f 3570/4/3 3501/4/3 3569/4/3
f 3571/4/3 3501/4/3 3570/4/3
f 3572/4/3 3557/4/3 3556/4/3
f 3573/4/3 3557/4/3 3572/4/3
f 3574/4/3 3559/4/3 3558/4/3
f 3575/4/3 3559/4/3 3574/4/3
f 3576/4/3 3512/4/3 3511/4/3
f 3577/4/3 3575/4/3 3574/4/3
f 3577/4/3 3576/4/3 3575/4/3
f 3577/4/3 3574/4/3 3573/4/3
f 3577/4/3 3573/4/3 3572/4/3
f 3577/4/3 3571/4/3 3570/4/3
f 3577/4/3 3572/4/3 3571/4/3
f 3578/4/3 3576/4/3 3577/4/3
f 3579/4/3 3576/4/3 3578/4/3
f 3580/4/3 3576/4/3 3579/4/3
f 3581/4/3 3576/4/3 3580/4/3
f 3582/4/3 3576/4/3 3581/4/3
f 3583/4/3 3512/4/3 3576/4/3
f 3583/4/3 3576/4/3 3582/4/3
f 3584/4/3 3578/4/3 3577/4/3
f 3585/4/3 3578/4/3 3584/4/3
f 3586/4/3 3578/4/3 3585/4/3
f 3587/4/3 3578/4/3 3586/4/3
f 3588/4/3 3578/4/3 3587/4/3
f 3589/4/3 3578/4/3 3588/4/3
f 3590/4/3 3578/4/3 3589/4/3
f 3591/4/3 3578/4/3 3590/4/3
f 3592/4/3 3578/4/3 3591/4/3
f 3593/4/3 3578/4/3 3592/4/3
f 3594/4/3 3578/4/3 3593/4/3
f 3595/4/3 3578/4/3 3594/4/3
f 3596/4/3 3580/4/3 3579/4/3
f 3597/4/3 3580/4/3 3596/4/3
f 3598/4/3 3582/4/3 3581/4/3
f 3599/4/3 3582/4/3 3598/4/3
f 3600/4/3 3512/4/3 3583/4/3
f 3601/4/3 3597/4/3 3596/4/3
f 3601/4/3 3600/4/3 3599/4/3
f 3601/4/3 3599/4/3 3598/4/3
f 3601/4/3 3595/4/3 3594/4/3
f 3601/4/3 3598/4/3 3597/4/3
f 3601/4/3 3596/4/3 3595/4/3
f 3602/4/3 3600/4/3 3601/4/3
f 3603/4/3 3600/4/3 3602/4/3
f 3604/4/3 3600/4/3 3603/4/3
f 3605/4/3 3600/4/3 3604/4/3
f 3606/4/3 3600/4/3 3605/4/3
f 3607/4/3 3512/4/3 3600/4/3
f 3607/4/3 3600/4/3 3606/4/3
f 3608/4/3 3602/4/3 3601/4/3
f 3609/4/3 3602/4/3 3608/4/3
f 3610/4/3 3602/4/3 3609/4/3
f 3613/4/3 3602/4/3 3610/4/3
f 3614/4/3 3602/4/3 3613/4/3
f 3615/4/3 3604/4/3 3603/4/3
f 3616/4/3 3604/4/3 3615/4/3
f 3617/4/3 3606/4/3 3605/4/3
f 3618/4/3 3606/4/3 3617/4/3
f 3619/4/3 3512/4/3 3607/4/3
f 3620/4/3 3512/4/3 3619/4/3
f 3621/2/3 3612/2/3 3611/2/3
f 3622/2/3 3612/2/3 3621/2/3
f 3629/2/3 3624/2/3 3623/2/3
f 3630/2/3 3624/2/3 3629/2/3
f 3631/2/3 3626/2/3 3625/2/3
f 3632/2/3 3626/2/3 3631/2/3
f 3633/2/3 3628/2/3 3627/2/3
f 3634/2/3 3628/2/3 3633/2/3
f 3637/2/3 3636/2/3 3635/2/3
f 3638/2/3 3636/2/3 3637/2/3
f 3645/2/3 3640/2/3 3639/2/3
f 3646/2/3 3640/2/3 3645/2/3
f 3647/2/3 3642/2/3 3641/2/3
f 3648/2/3 3642/2/3 3647/2/3
f 3649/2/3 3644/2/3 3643/2/3
f 3650/2/3 3644/2/3 3649/2/3
f 3653/2/3 3652/2/3 3651/2/3
f 3654/2/3 3652/2/3 3653/2/3
f 3657/2/3 3656/2/3 3655/2/3
f 3659/2/3 3657/2/3 3655/2/3
f 3659/2/3 3658/2/3 3657/2/3
f 3660/2/3 3658/2/3 3659/2/3
f 3661/2/3 3658/2/3 3660/2/3
f 3664/2/3 3658/2/3 3661/2/3
f 3665/2/3 3663/2/3 3662/2/3
f 3665/2/3 3664/2/3 3663/2/3
f 3665/2/3 3658/2/3 3664/2/3
f 3666/2/3 3658/2/3 3665/2/3
f 3667/2/3 3665/2/3 3662/2/3
f 3668/2/3 3665/2/3 3667/2/3
f 3671/2/3 3670/2/3 3669/2/3
f 3672/2/3 3670/2/3 3671/2/3
f 3675/2/3 3674/2/3 3673/2/3
f 3676/2/3 3674/2/3 3675/2/3
f 3678/2/3 3674/2/3 3676/2/3
f 3679/2/3 3678/2/3 3677/2/3
f 3680/2/3 3674/2/3 3678/2/3
f 3680/2/3 3678/2/3 3679/2/3
f 3683/2/3 3682/2/3 3681/2/3
f 3684/2/3 3682/2/3 3683/2/3
f 3687/2/3 3686/2/3 3685/2/3
f 3688/2/3 3686/2/3 3687/2/3
f 3691/2/3 3690/2/3 3689/2/3
f 3692/2/3 3690/2/3 3691/2/3
f 3695/2/3 3694/2/3 3693/2/3
f 3696/2/3 3694/2/3 3695/2/3
f 3699/2/3 3698/2/3 3697/2/3
f 3700/2/3 3698/2/3 3699/2/3
f 3703/2/3 3702/2/3 3701/2/3
f 3704/2/3 3702/2/3 3703/2/3
f 3707/2/3 3706/2/3 3705/2/3
f 3708/2/3 3706/2/3 3707/2/3
f 3711/2/3 3710/2/3 3709/2/3
f 3712/2/3 3710/2/3 3711/2/3
f 3715/2/3 3714/2/3 3713/2/3
f 3716/2/3 3714/2/3 3715/2/3
f 3719/2/3 3718/2/3 3717/2/3
f 3720/2/3 3718/2/3 3719/2/3
f 3723/2/3 3722/2/3 3721/2/3
f 3724/2/3 3722/2/3 3723/2/3
f 3727/2/3 3726/2/3 3725/2/3
f 3728/2/3 3726/2/3 3727/2/3
f 3731/2/3 3730/2/3 3729/2/3
f 3732/2/3 3730/2/3 3731/2/3
f 3735/2/3 3734/2/3 3733/2/3
f 3736/2/3 3734/2/3 3735/2/3
f 3739/2/3 3738/2/3 3737/2/3
f 3740/2/3 3738/2/3 3739/2/3
f 3743/2/3 3742/2/3 3741/2/3
f 3744/2/3 3742/2/3 3743/2/3
f 3748/3/3 3746/3/3 3745/3/3
f 3751/2/3 3750/2/3 3749/2/3
f 3752/2/3 3750/2/3 3751/2/3
f 3755/2/3 3754/2/3 3753/2/3
f 3756/2/3 3754/2/3 3755/2/3
f 3758/3/3 3748/3/3 3747/3/3
f 3761/2/3 3760/2/3 3759/2/3
f 3762/2/3 3760/2/3 3761/2/3
f 3765/2/3 3764/2/3 3763/2/3
f 3766/2/3 3764/2/3 3765/2/3
f 3767/3/3 3758/3/3 3757/3/3
f 3768/3/3 3748/3/3 3758/3/3
f 3768/3/3 3758/3/3 3767/3/3
f 3771/2/3 3770/2/3 3769/2/3
f 3772/2/3 3770/2/3 3771/2/3
f 3775/2/3 3774/2/3 3773/2/3
f 3776/2/3 3774/2/3 3775/2/3
f 3777/3/3 3748/3/3 3768/3/3
f 3778/3/3 3746/3/3 3748/3/3
f 3778/3/3 3748/3/3 3777/3/3
f 3779/3/3 3746/3/3 3778/3/3
f 3780/3/3 3746/3/3 3779/3/3
f 3784/4/3 3782/4/3 3781/4/3
f 3785/4/3 3784/4/3 3783/4/3
f 3786/4/3 3782/4/3 3784/4/3
f 3786/4/3 3784/4/3 3785/4/3
f 3787/4/3 3782/4/3 3786/4/3
f 3788/4/3 3782/4/3 3787/4/3
f 3791/2/3 3790/2/3 3789/2/3
f 3792/2/3 3790/2/3 3791/2/3
f 3795/2/3 3794/2/3 3793/2/3
f 3796/2/3 3794/2/3 3795/2/3
f 3799/2/3 3798/2/3 3797/2/3
f 3800/2/3 3798/2/3 3799/2/3
f 3803/2/3 3802/2/3 3801/2/3
f 3804/2/3 3802/2/3 3803/2/3
f 3807/2/3 3806/2/3 3805/2/3
f 3808/2/3 3806/2/3 3807/2/3
f 3811/2/3 3810/2/3 3809/2/3
f 3812/2/3 3810/2/3 3811/2/3
f 3816/4/3 3814/4/3 3813/4/3
f 3817/4/3 3816/4/3 3815/4/3
f 3818/4/3 3814/4/3 3816/4/3
f 3818/4/3 3816/4/3 3817/4/3
f 3819/4/3 3814/4/3 3818/4/3
f 3820/4/3 3814/4/3 3819/4/3
f 3824/4/3 3822/4/3 3821/4/3
f 3825/4/3 3822/4/3 3824/4/3
f 3826/4/3 3824/4/3 3823/4/3
f 3827/4/3 3824/4/3 3826/4/3
f 3829/4/3 3828/4/3 3827/4/3
f 3830/4/3 3828/4/3 3829/4/3
f 3833/2/3 3832/2/3 3831/2/3
f 3834/2/3 3832/2/3 3833/2/3
f 3837/2/3 3836/2/3 3835/2/3
f 3838/2/3 3836/2/3 3837/2/3
f 3841/2/3 3840/2/3 3839/2/3
f 3842/2/3 3840/2/3 3841/2/3
f 3845/2/3 3844/2/3 3843/2/3
f 3846/2/3 3844/2/3 3845/2/3
f 3849/2/3 3848/2/3 3847/2/3
f 3850/2/3 3848/2/3 3849/2/3
f 3853/2/3 3852/2/3 3851/2/3
f 3854/2/3 3852/2/3 3853/2/3
f 3858/4/3 3856/4/3 3855/4/3
f 3859/4/3 3856/4/3 3858/4/3
f 3860/4/3 3858/4/3 3857/4/3
f 3861/4/3 3858/4/3 3860/4/3
f 3863/4/3 3862/4/3 3861/4/3
f 3864/4/3 3862/4/3 3863/4/3
f 3867/2/3 3866/2/3 3865/2/3
f 3868/2/3 3866/2/3 3867/2/3
f 3871/2/3 3870/2/3 3869/2/3
f 3872/2/3 3870/2/3 3871/2/3
f 3875/2/3 3874/2/3 3873/2/3
f 3876/2/3 3874/2/3 3875/2/3
f 3879/2/3 3878/2/3 3877/2/3
f 3880/2/3 3878/2/3 3879/2/3
f 3883/2/3 3882/2/3 3881/2/3
f 3884/2/3 3882/2/3 3883/2/3
f 3887/2/3 3886/2/3 3885/2/3
f 3888/2/3 3886/2/3 3887/2/3
f 3891/2/3 3890/2/3 3889/2/3
f 3892/2/3 3890/2/3 3891/2/3
f 3895/2/3 3894/2/3 3893/2/3
f 3896/2/3 3894/2/3 3895/2/3
f 3899/2/3 3898/2/3 3897/2/3
f 3900/2/3 3898/2/3 3899/2/3
f 3903/2/3 3902/2/3 3901/2/3
f 3904/2/3 3902/2/3 3903/2/3
f 3907/2/3 3906/2/3 3905/2/3
f 3908/2/3 3906/2/3 3907/2/3
f 3911/2/3 3910/2/3 3909/2/3
f 3912/2/3 3910/2/3 3911/2/3
f 3915/2/3 3914/2/3 3913/2/3
f 3916/2/3 3914/2/3 3915/2/3
f 3919/2/3 3918/2/3 3917/2/3
f 3920/2/3 3918/2/3 3919/2/3
f 3923/2/3 3922/2/3 3921/2/3
f 3924/2/3 3922/2/3 3923/2/3
f 3927/2/3 3926/2/3 3925/2/3
f 3928/2/3 3926/2/3 3927/2/3
f 3931/2/3 3930/2/3 3929/2/3
f 3932/2/3 3930/2/3 3931/2/3
f 3935/2/3 3934/2/3 3933/2/3
f 3936/2/3 3934/2/3 3935/2/3
f 3939/2/3 3938/2/3 3937/2/3
f 3940/2/3 3938/2/3 3939/2/3
f 3943/2/3 3942/2/3 3941/2/3
f 3944/2/3 3942/2/3 3943/2/3
f 3947/2/3 3946/2/3 3945/2/3
f 3948/2/3 3946/2/3 3947/2/3
f 3951/2/3 3950/2/3 3949/2/3
f 3952/2/3 3950/2/3 3951/2/3
f 3955/2/3 3954/2/3 3953/2/3
f 3956/2/3 3954/2/3 3955/2/3
f 3959/2/3 3958/2/3 3957/2/3
f 3960/2/3 3958/2/3 3959/2/3
f 3963/2/3 3962/2/3 3961/2/3
f 3964/2/3 3962/2/3 3963/2/3
f 3967/2/3 3966/2/3 3965/2/3
f 3968/2/3 3966/2/3 3967/2/3
f 3971/2/3 3970/2/3 3969/2/3
f 3972/2/3 3970/2/3 3971/2/3
f 3975/2/3 3974/2/3 3973/2/3
f 3976/2/3 3974/2/3 3975/2/3
f 3979/2/3 3978/2/3 3977/2/3
f 3980/2/3 3978/2/3 3979/2/3
f 3983/2/3 3982/2/3 3981/2/3
f 3984/2/3 3982/2/3 3983/2/3
f 3987/2/3 3986/2/3 3985/2/3
f 3988/2/3 3986/2/3 3987/2/3
f 3991/2/3 3989/2/3 3988/2/3
f 3992/2/3 3989/2/3 3991/2/3
f 3993/2/3 3991/2/3 3990/2/3
f 3994/2/3 3991/2/3 3993/2/3
f 3997/2/3 3996/2/3 3995/2/3
f 3998/2/3 3996/2/3 3997/2/3
f 4001/2/3 4000/2/3 3999/2/3
f 4002/2/3 4000/2/3 4001/2/3
f 4005/2/3 4004/2/3 4003/2/3
f 4006/2/3 4004/2/3 4005/2/3
f 4009/2/3 4008/2/3 4007/2/3
f 4010/2/3 4008/2/3 4009/2/3
f 4012/2/3 4011/2/3 4010/2/3
f 4013/2/3 4011/2/3 4012/2/3
f 4017/2/3 4015/2/3 4014/2/3
f 4018/2/3 4015/2/3 4017/2/3
f 4019/2/3 4017/2/3 4016/2/3
f 4020/2/3 4017/2/3 4019/2/3
f 4023/2/3 4022/2/3 4021/2/3
f 4024/2/3 4022/2/3 4023/2/3
f 4027/2/3 4026/2/3 4025/2/3
f 4028/2/3 4026/2/3 4027/2/3
f 4031/2/3 4030/2/3 4029/2/3
f 4032/2/3 4030/2/3 4031/2/3
f 4035/2/3 4034/2/3 4033/2/3
f 4036/2/3 4034/2/3 4035/2/3
f 4038/2/3 4037/2/3 4036/2/3
f 4039/2/3 4037/2/3 4038/2/3
f 4043/2/3 4041/2/3 4040/2/3
f 4044/2/3 4041/2/3 4043/2/3
f 4045/2/3 4043/2/3 4042/2/3
f 4046/2/3 4043/2/3 4045/2/3
f 4049/2/3 4048/2/3 4047/2/3
f 4050/2/3 4048/2/3 4049/2/3
f 4053/2/3 4052/2/3 4051/2/3
f 4054/2/3 4052/2/3 4053/2/3
f 4057/2/3 4056/2/3 4055/2/3
f 4058/2/3 4056/2/3 4057/2/3
f 4061/2/3 4060/2/3 4059/2/3
f 4062/2/3 4060/2/3 4061/2/3
f 4065/2/3 4064/2/3 4063/2/3
f 4066/2/3 4064/2/3 4065/2/3
f 4068/2/3 4067/2/3 4066/2/3
f 4069/2/3 4067/2/3 4068/2/3
f 4073/2/3 4071/2/3 4070/2/3
f 4074/2/3 4071/2/3 4073/2/3
f 4075/2/3 4073/2/3 4072/2/3
f 4076/2/3 4073/2/3 4075/2/3
f 4079/2/3 4078/2/3 4077/2/3
f 4080/2/3 4078/2/3 4079/2/3
f 4083/2/3 4082/2/3 4081/2/3
f 4084/2/3 4082/2/3 4083/2/3
f 4087/2/3 4086/2/3 4085/2/3
f 4088/2/3 4086/2/3 4087/2/3
f 4093/2/3 4090/2/3 4089/2/3
f 4094/2/3 4090/2/3 4093/2/3
f 4095/2/3 4092/2/3 4091/2/3
f 4096/2/3 4092/2/3 4095/2/3
f 4097/2/3 4095/2/3 4094/2/3
f 4098/2/3 4095/2/3 4097/2/3
f 4102/2/3 4100/2/3 4099/2/3
f 4103/2/3 4100/2/3 4102/2/3
f 4105/2/3 4102/2/3 4101/2/3
f 4106/2/3 4102/2/3 4105/2/3
f 4107/2/3 4104/2/3 4103/2/3
f 4108/2/3 4104/2/3 4107/2/3
f 4111/2/3 4110/2/3 4109/2/3
f 4112/2/3 4110/2/3 4111/2/3
f 4115/2/3 4114/2/3 4113/2/3
f 4116/2/3 4114/2/3 4115/2/3
f 4119/2/3 4118/2/3 4117/2/3
f 4120/2/3 4118/2/3 4119/2/3
f 4125/2/3 4122/2/3 4121/2/3
f 4126/2/3 4122/2/3 4125/2/3
f 4127/2/3 4124/2/3 4123/2/3
f 4128/2/3 4124/2/3 4127/2/3
f 4129/2/3 4127/2/3 4126/2/3
f 4130/2/3 4127/2/3 4129/2/3
f 4134/2/3 4132/2/3 4131/2/3
f 4135/2/3 4132/2/3 4134/2/3
f 4137/2/3 4134/2/3 4133/2/3
f 4138/2/3 4134/2/3 4137/2/3
f 4139/2/3 4136/2/3 4135/2/3
f 4140/2/3 4136/2/3 4139/2/3
f 4143/2/3 4142/2/3 4141/2/3
f 4144/2/3 4142/2/3 4143/2/3
f 4149/2/3 4146/2/3 4145/2/3
f 4150/2/3 4146/2/3 4149/2/3
f 4151/2/3 4148/2/3 4147/2/3
f 4152/2/3 4148/2/3 4151/2/3
f 4153/2/3 4151/2/3 4150/2/3
f 4154/2/3 4151/2/3 4153/2/3
f 4158/2/3 4156/2/3 4155/2/3
f 4159/2/3 4156/2/3 4158/2/3
f 4161/2/3 4158/2/3 4157/2/3
f 4162/2/3 4158/2/3 4161/2/3
f 4163/2/3 4160/2/3 4159/2/3
f 4164/2/3 4160/2/3 4163/2/3
f 4167/2/3 4166/2/3 4165/2/3
f 4168/2/3 4166/2/3 4167/2/3
f 4171/2/3 4170/2/3 4169/2/3
f 4172/2/3 4170/2/3 4171/2/3
f 4175/2/3 4174/2/3 4173/2/3
f 4176/2/3 4174/2/3 4175/2/3
f 4181/2/3 4178/2/3 4177/2/3
f 4182/2/3 4178/2/3 4181/2/3
f 4183/2/3 4180/2/3 4179/2/3
f 4184/2/3 4180/2/3 4183/2/3
f 4185/2/3 4183/2/3 4182/2/3
f 4186/2/3 4183/2/3 4185/2/3
f 4190/2/3 4188/2/3 4187/2/3
f 4191/2/3 4188/2/3 4190/2/3
f 4193/2/3 4190/2/3 4189/2/3
f 4194/2/3 4190/2/3 4193/2/3
f 4195/2/3 4192/2/3 4191/2/3
f 4196/2/3 4192/2/3 4195/2/3
f 4199/2/3 4198/2/3 4197/2/3
f 4200/2/3 4198/2/3 4199/2/3
f 4203/2/3 4202/2/3 4201/2/3
f 4204/2/3 4202/2/3 4203/2/3
f 4207/2/3 4206/2/3 4205/2/3
f 4208/2/3 4206/2/3 4207/2/3
f 4213/2/3 4210/2/3 4209/2/3
f 4214/2/3 4210/2/3 4213/2/3
f 4215/2/3 4212/2/3 4211/2/3
f 4216/2/3 4212/2/3 4215/2/3
f 4217/2/3 4215/2/3 4214/2/3
f 4218/2/3 4215/2/3 4217/2/3
f 4222/2/3 4220/2/3 4219/2/3
f 4223/2/3 4220/2/3 4222/2/3
f 4225/2/3 4222/2/3 4221/2/3
f 4226/2/3 4222/2/3 4225/2/3
f 4227/2/3 4224/2/3 4223/2/3
f 4228/2/3 4224/2/3 4227/2/3
f 4231/2/3 4230/2/3 4229/2/3
f 4232/2/3 4230/2/3 4231/2/3
f 4235/2/3 4234/2/3 4233/2/3
f 4236/2/3 4234/2/3 4235/2/3
f 4239/2/3 4238/2/3 4237/2/3
f 4240/2/3 4238/2/3 4239/2/3
f 4243/2/3 4242/2/3 4241/2/3
f 4244/2/3 4242/2/3 4243/2/3
f 4247/2/3 4246/2/3 4245/2/3
f 4248/2/3 4246/2/3 4247/2/3
f 4251/2/3 4250/2/3 4249/2/3
f 4252/2/3 4250/2/3 4251/2/3
f 4257/2/3 4254/2/3 4253/2/3
f 4258/2/3 4254/2/3 4257/2/3
f 4259/2/3 4256/2/3 4255/2/3
f 4260/2/3 4256/2/3 4259/2/3
f 4261/2/3 4259/2/3 4258/2/3
f 4262/2/3 4259/2/3 4261/2/3
f 4266/2/3 4264/2/3 4263/2/3
f 4267/2/3 4264/2/3 4266/2/3
f 4269/2/3 4266/2/3 4265/2/3
f 4270/2/3 4266/2/3 4269/2/3
f 4271/2/3 4268/2/3 4267/2/3
f 4272/2/3 4268/2/3 4271/2/3
f 4276/4/3 4274/4/3 4273/4/3
f 4277/4/3 4276/4/3 4275/4/3
f 4278/4/3 4274/4/3 4276/4/3
f 4278/4/3 4276/4/3 4277/4/3
f 4279/4/3 4274/4/3 4278/4/3
f 4280/4/3 4274/4/3 4279/4/3
f 4284/4/3 4282/4/3 4281/4/3
f 4285/4/3 4284/4/3 4283/4/3
f 4286/4/3 4282/4/3 4284/4/3
f 4286/4/3 4284/4/3 4285/4/3
f 4287/4/3 4282/4/3 4286/4/3
f 4288/4/3 4282/4/3 4287/4/3
f 4292/4/3 4290/4/3 4289/4/3
f 4293/4/3 4290/4/3 4292/4/3
f 4294/4/3 4292/4/3 4291/4/3
f 4295/4/3 4292/4/3 4294/4/3
f 4297/4/3 4296/4/3 4295/4/3
f 4298/4/3 4296/4/3 4297/4/3
f 4302/4/3 4300/4/3 4299/4/3
f 4303/4/3 4300/4/3 4302/4/3
f 4304/4/3 4302/4/3 4301/4/3
f 4305/4/3 4302/4/3 4304/4/3
f 4307/4/3 4306/4/3 4305/4/3
f 4308/4/3 4306/4/3 4307/4/3
f 4309/2/4 4310/2/4 4317/2/4
f 4317/2/4 4310/2/4 4318/2/4
f 4311/2/4 4312/2/4 4319/2/4
f 4319/2/4 4312/2/4 4320/2/4
f 4313/2/4 4314/2/4 4321/2/4
f 4321/2/4 4314/2/4 4322/2/4
f 4315/1/4 4316/1/4 4323/1/4
f 4323/1/4 4316/1/4 4324/1/4
f 4327/1/4 4328/1/4 4333/1/4
f 4333/1/4 4328/1/4 4334/1/4
f 4329/1/4 4330/1/4 4335/1/4
f 4335/1/4 4330/1/4 4336/1/4
f 4331/1/4 4332/1/4 4337/1/4
f 4337/1/4 4332/1/4 4338/1/4
f 4325/4/4 4326/4/4 4348/4/4
f 4339/1/4 4340/1/4 4349/1/4
f 4349/1/4 4340/1/4 4350/1/4
f 4341/1/4 4342/1/4 4351/1/4
f 4351/1/4 4342/1/4 4352/1/4
f 4343/1/4 4344/1/4 4353/1/4
f 4353/1/4 4344/1/4 4354/1/4
f 4345/2/4 4346/2/4 4355/2/4
f 4355/2/4 4346/2/4 4356/2/4
f 4347/2/4 4348/2/4 4357/2/4
f 4348/4/4 4326/4/4 4358/4/4
f 4357/2/4 4348/2/4 4358/2/4
f 4358/4/4 4326/4/4 4362/4/4
f 4359/2/4 4360/2/4 4363/2/4
f 4363/2/4 4360/2/4 4364/2/4
f 4361/2/4 4362/2/4 4365/2/4
f 4362/4/4 4326/4/4 4366/4/4
f 4365/2/4 4362/2/4 4366/2/4
f 4366/4/4 4326/4/4 4367/4/4
f 4367/4/4 4326/4/4 4368/4/4
f 4369/2/4 4370/2/4 4376/2/4
f 4370/4/4 4371/4/4 4377/4/4
f 4376/2/4 4370/2/4 4377/2/4
f 4371/2/4 4372/2/4 4378/2/4
f 4377/4/4 4371/4/4 4378/4/4
f 4372/6/4 4373/6/4 4379/6/4
f 4378/2/4 4372/2/4 4379/2/4
f 4373/4/4 4374/4/4 4380/4/4
f 4379/6/4 4373/6/4 4380/6/4
f 4374/2/4 4375/2/4 4381/2/4
f 4380/4/4 4374/4/4 4381/4/4
f 4381/2/4 4375/2/4 4382/2/4
f 4380/4/4 4381/4/4 4383/4/4
f 4383/4/4 4381/4/4 4386/4/4
f 4377/4/4 4378/4/4 4387/4/4
f 4387/4/4 4378/4/4 4388/4/4
f 4386/4/4 4381/4/4 4389/4/4
f 4389/4/4 4381/4/4 4390/4/4
f 4384/4/4 4385/4/4 4391/4/4
f 4391/4/4 4385/4/4 4392/4/4
f 4393/2/4 4394/2/4 4397/2/4
f 4397/2/4 4394/2/4 4398/2/4
f 4395/2/4 4396/2/4 4399/2/4
f 4399/2/4 4396/2/4 4400/2/4
f 4397/4/4 4398/4/4 4401/4/4
f 4401/4/4 4398/4/4 4402/4/4
f 4399/4/4 4400/4/4 4403/4/4
f 4403/4/4 4400/4/4 4404/4/4
f 4401/2/4 4402/2/4 4405/2/4
f 4405/2/4 4402/2/4 4406/2/4
f 4403/2/4 4404/2/4 4407/2/4
f 4407/2/4 4404/2/4 4408/2/4
f 4405/4/4 4406/4/4 4409/4/4
f 4409/4/4 4406/4/4 4410/4/4
f 4407/4/4 4408/4/4 4411/4/4
f 4411/4/4 4408/4/4 4412/4/4
f 4409/2/4 4410/2/4 4413/2/4
f 4413/2/4 4410/2/4 4414/2/4
f 4411/2/4 4412/2/4 4415/2/4
f 4415/2/4 4412/2/4 4416/2/4
f 4417/2/4 4418/2/4 4420/2/4
f 4420/2/4 4418/2/4 4421/2/4
f 4419/2/4 4420/2/4 4423/2/4
f 4421/2/4 4422/2/4 4423/2/4
f 4420/2/4 4421/2/4 4423/2/4
f 4423/2/4 4422/2/4 4424/2/4
f 4424/2/4 4422/2/4 4425/2/4
f 4425/2/4 4422/2/4 4428/2/4
f 4426/2/4 4427/2/4 4429/2/4
f 4427/2/4 4428/2/4 4429/2/4
f 4429/2/4 4428/2/4 4430/2/4
f 4428/2/4 4422/2/4 4431/2/4
f 4430/2/4 4428/2/4 4431/2/4
f 4431/2/4 4422/2/4 4432/2/4
f 4430/2/4 4431/2/4 4433/2/4
f 4433/2/4 4431/2/4 4434/2/4
f 4435/4/4 4436/4/4 4438/4/4
f 4438/4/4 4436/4/4 4439/4/4
f 4437/4/4 4438/4/4 4440/4/4
f 4440/4/4 4438/4/4 4441/4/4
f 4441/4/4 4442/4/4 4443/4/4
f 4443/4/4 4442/4/4 4444/4/4
f 4445/4/4 4446/4/4 4448/4/4
f 4448/4/4 4446/4/4 4449/4/4
f 4447/4/4 4448/4/4 4450/4/4
f 4450/4/4 4448/4/4 4451/4/4
f 4451/4/4 4452/4/4 4453/4/4
f 4453/4/4 4452/4/4 4454/4/4
f 4455/4/4 4456/4/4 4458/4/4
f 4457/4/4 4458/4/4 4459/4/4
f 4458/4/4 4456/4/4 4460/4/4
f 4459/4/4 4458/4/4 4460/4/4
f 4460/4/4 4456/4/4 4461/4/4
f 4461/4/4 4456/4/4 4462/4/4
f 4463/4/4 4464/4/4 4466/4/4
f 4465/4/4 4466/4/4 4467/4/4
f 4466/4/4 4464/4/4 4468/4/4
f 4467/4/4 4466/4/4 4468/4/4
f 4468/4/4 4464/4/4 4469/4/4
f 4469/4/4 4464/4/4 4470/4/4
f 4471/2/4 4472/2/4 4473/2/4
f 4473/2/4 4472/2/4 4474/2/4
f 4475/2/4 4476/2/4 4477/2/4
f 4477/2/4 4476/2/4 4478/2/4
f 4479/2/4 4480/2/4 4481/2/4
f 4481/2/4 4480/2/4 4482/2/4
f 4483/2/4 4484/2/4 4487/2/4
f 4487/2/4 4484/2/4 4488/2/4
f 4485/2/4 4486/2/4 4489/2/4
f 4489/2/4 4486/2/4 4490/2/4
f 4488/2/4 4489/2/4 4491/2/4
f 4491/2/4 4489/2/4 4492/2/4
f 4493/2/4 4494/2/4 4496/2/4
f 4496/2/4 4494/2/4 4497/2/4
f 4495/2/4 4496/2/4 4499/2/4
f 4499/2/4 4496/2/4 4500/2/4
f 4497/2/4 4498/2/4 4501/2/4
f 4501/2/4 4498/2/4 4502/2/4
f 4503/2/4 4504/2/4 4505/2/4
f 4505/2/4 4504/2/4 4506/2/4
f 4507/2/4 4508/2/4 4509/2/4
f 4509/2/4 4508/2/4 4510/2/4
f 4511/2/4 4512/2/4 4513/2/4
f 4513/2/4 4512/2/4 4514/2/4
f 4515/2/4 4516/2/4 4519/2/4
f 4519/2/4 4516/2/4 4520/2/4
f 4517/2/4 4518/2/4 4521/2/4
f 4521/2/4 4518/2/4 4522/2/4
f 4520/2/4 4521/2/4 4523/2/4
f 4523/2/4 4521/2/4 4524/2/4
f 4525/2/4 4526/2/4 4528/2/4
f 4528/2/4 4526/2/4 4529/2/4
f 4527/2/4 4528/2/4 4531/2/4
f 4531/2/4 4528/2/4 4532/2/4
f 4529/2/4 4530/2/4 4533/2/4
f 4533/2/4 4530/2/4 4534/2/4
f 4535/2/4 4536/2/4 4537/2/4
f 4537/2/4 4536/2/4 4538/2/4
f 4539/2/4 4540/2/4 4541/2/4
f 4541/2/4 4540/2/4 4542/2/4
f 4543/2/4 4544/2/4 4545/2/4
f 4545/2/4 4544/2/4 4546/2/4
f 4547/2/4 4548/2/4 4549/2/4
f 4549/2/4 4548/2/4 4550/2/4
f 4551/2/4 4552/2/4 4553/2/4
f 4553/2/4 4552/2/4 4554/2/4
f 4555/2/4 4556/2/4 4557/2/4
f 4557/2/4 4556/2/4 4558/2/4
f 4559/2/4 4560/2/4 4563/2/4
f 4563/2/4 4560/2/4 4564/2/4
f 4561/2/4 4562/2/4 4565/2/4
f 4565/2/4 4562/2/4 4566/2/4
f 4564/2/4 4565/2/4 4567/2/4
f 4567/2/4 4565/2/4 4568/2/4
f 4569/2/4 4570/2/4 4572/2/4
f 4572/2/4 4570/2/4 4573/2/4
f 4571/2/4 4572/2/4 4575/2/4
f 4575/2/4 4572/2/4 4576/2/4
f 4573/2/4 4574/2/4 4577/2/4
f 4577/2/4 4574/2/4 4578/2/4
f 4579/2/4 4580/2/4 4581/2/4
f 4581/2/4 4580/2/4 4582/2/4
f 4583/2/4 4584/2/4 4587/2/4
f 4587/2/4 4584/2/4 4588/2/4
f 4585/2/4 4586/2/4 4589/2/4
f 4589/2/4 4586/2/4 4590/2/4
f 4588/2/4 4589/2/4 4591/2/4
f 4591/2/4 4589/2/4 4592/2/4
f 4593/2/4 4594/2/4 4596/2/4
f 4596/2/4 4594/2/4 4597/2/4
f 4595/2/4 4596/2/4 4599/2/4
f 4599/2/4 4596/2/4 4600/2/4
f 4597/2/4 4598/2/4 4601/2/4
f 4601/2/4 4598/2/4 4602/2/4
f 4603/2/4 4604/2/4 4605/2/4
f 4605/2/4 4604/2/4 4606/2/4
f 4607/2/4 4608/2/4 4609/2/4
f 4609/2/4 4608/2/4 4610/2/4
f 4611/2/4 4612/2/4 4613/2/4
f 4613/2/4 4612/2/4 4614/2/4
f 4615/2/4 4616/2/4 4619/2/4
f 4619/2/4 4616/2/4 4620/2/4
f 4617/2/4 4618/2/4 4621/2/4
f 4621/2/4 4618/2/4 4622/2/4
f 4620/2/4 4621/2/4 4623/2/4
f 4623/2/4 4621/2/4 4624/2/4
f 4625/2/4 4626/2/4 4628/2/4
f 4628/2/4 4626/2/4 4629/2/4
f 4627/2/4 4628/2/4 4631/2/4
f 4631/2/4 4628/2/4 4632/2/4
f 4629/2/4 4630/2/4 4633/2/4
f 4633/2/4 4630/2/4 4634/2/4
f 4635/2/4 4636/2/4 4637/2/4
f 4637/2/4 4636/2/4 4638/2/4
f 4639/2/4 4640/2/4 4641/2/4
f 4641/2/4 4640/2/4 4642/2/4
f 4643/2/4 4644/2/4 4645/2/4
f 4645/2/4 4644/2/4 4646/2/4
f 4647/2/4 4648/2/4 4651/2/4
f 4651/2/4 4648/2/4 4652/2/4
f 4649/2/4 4650/2/4 4653/2/4
f 4653/2/4 4650/2/4 4654/2/4
f 4652/2/4 4653/2/4 4655/2/4
f 4655/2/4 4653/2/4 4656/2/4
f 4657/2/4 4658/2/4 4660/2/4
f 4660/2/4 4658/2/4 4661/2/4
f 4659/2/4 4660/2/4 4663/2/4
f 4663/2/4 4660/2/4 4664/2/4
f 4661/2/4 4662/2/4 4665/2/4
f 4665/2/4 4662/2/4 4666/2/4
f 4667/2/4 4668/2/4 4669/2/4
f 4669/2/4 4668/2/4 4670/2/4
f 4671/2/4 4672/2/4 4673/2/4
f 4673/2/4 4672/2/4 4674/2/4
f 4675/2/4 4676/2/4 4677/2/4
f 4677/2/4 4676/2/4 4678/2/4
f 4679/2/4 4680/2/4 4681/2/4
f 4681/2/4 4680/2/4 4682/2/4
f 4683/2/4 4684/2/4 4685/2/4
f 4685/2/4 4684/2/4 4686/2/4
f 4686/2/4 4687/2/4 4688/2/4
f 4688/2/4 4687/2/4 4689/2/4
f 4690/2/4 4691/2/4 4693/2/4
f 4693/2/4 4691/2/4 4694/2/4
f 4692/2/4 4693/2/4 4695/2/4
f 4695/2/4 4693/2/4 4696/2/4
f 4697/2/4 4698/2/4 4699/2/4
f 4699/2/4 4698/2/4 4700/2/4
f 4701/2/4 4702/2/4 4703/2/4
f 4703/2/4 4702/2/4 4704/2/4
f 4705/2/4 4706/2/4 4707/2/4
f 4707/2/4 4706/2/4 4708/2/4
f 4709/2/4 4710/2/4 4711/2/4
f 4711/2/4 4710/2/4 4712/2/4
f 4712/2/4 4713/2/4 4714/2/4
f 4714/2/4 4713/2/4 4715/2/4
f 4716/2/4 4717/2/4 4719/2/4
f 4719/2/4 4717/2/4 4720/2/4
f 4718/2/4 4719/2/4 4721/2/4
f 4721/2/4 4719/2/4 4722/2/4
f 4723/2/4 4724/2/4 4725/2/4
f 4725/2/4 4724/2/4 4726/2/4
f 4727/2/4 4728/2/4 4729/2/4
f 4729/2/4 4728/2/4 4730/2/4
f 4731/2/4 4732/2/4 4733/2/4
f 4733/2/4 4732/2/4 4734/2/4
f 4735/3/4 4736/3/4 4737/3/4
f 4737/3/4 4736/3/4 4738/3/4
f 4739/2/4 4740/2/4 4741/2/4
f 4741/2/4 4740/2/4 4742/2/4
f 4742/2/4 4743/2/4 4744/2/4
f 4744/2/4 4743/2/4 4745/2/4
f 4746/2/4 4747/2/4 4749/2/4
f 4749/2/4 4747/2/4 4750/2/4
f 4748/2/4 4749/2/4 4751/2/4
f 4751/2/4 4749/2/4 4752/2/4
f 4753/2/4 4754/2/4 4755/2/4
f 4755/2/4 4754/2/4 4756/2/4
f 4757/2/4 4758/2/4 4759/2/4
f 4759/2/4 4758/2/4 4760/2/4
f 4761/2/4 4762/2/4 4763/2/4
f 4763/2/4 4762/2/4 4764/2/4
f 4765/2/4 4766/2/4 4767/2/4
f 4767/2/4 4766/2/4 4768/2/4
f 4769/2/4 4770/2/4 4771/2/4
f 4771/2/4 4770/2/4 4772/2/4
f 4773/2/4 4774/2/4 4775/2/4
f 4775/2/4 4774/2/4 4776/2/4
f 4777/2/4 4778/2/4 4779/2/4
f 4779/2/4 4778/2/4 4780/2/4
f 4780/2/4 4781/2/4 4783/2/4
f 4783/2/4 4781/2/4 4784/2/4
f 4782/2/4 4783/2/4 4785/2/4
f 4785/2/4 4783/2/4 4786/2/4
f 4787/2/4 4788/2/4 4789/2/4
f 4789/2/4 4788/2/4 4790/2/4
f 4791/2/4 4792/2/4 4793/2/4
f 4793/2/4 4792/2/4 4794/2/4
f 4795/2/4 4796/2/4 4797/2/4
f 4797/2/4 4796/2/4 4798/2/4
f 4799/2/4 4800/2/4 4801/2/4
f 4801/2/4 4800/2/4 4802/2/4
f 4803/2/4 4804/2/4 4805/2/4
f 4805/2/4 4804/2/4 4806/2/4
f 4807/2/4 4808/2/4 4809/2/4
f 4809/2/4 4808/2/4 4810/2/4
f 4811/2/4 4812/2/4 4813/2/4
f 4813/2/4 4812/2/4 4814/2/4
f 4815/2/4 4816/2/4 4817/2/4
f 4817/2/4 4816/2/4 4818/2/4
f 4819/2/4 4820/2/4 4821/2/4
f 4821/2/4 4820/2/4 4822/2/4
f 4823/2/4 4824/2/4 4825/2/4
f 4825/2/4 4824/2/4 4826/2/4
f 4827/2/4 4828/2/4 4829/2/4
f 4829/2/4 4828/2/4 4830/2/4
f 4831/2/4 4832/2/4 4833/2/4
f 4833/2/4 4832/2/4 4834/2/4
f 4835/2/4 4836/2/4 4837/2/4
f 4837/2/4 4836/2/4 4838/2/4
f 4839/2/4 4840/2/4 4841/2/4
f 4841/2/4 4840/2/4 4842/2/4
f 4843/2/4 4844/2/4 4845/2/4
f 4845/2/4 4844/2/4 4846/2/4
f 4847/2/4 4848/2/4 4849/2/4
f 4849/2/4 4848/2/4 4850/2/4
f 4851/2/4 4852/2/4 4853/2/4
f 4853/2/4 4852/2/4 4854/2/4
f 4855/2/4 4856/2/4 4857/2/4
f 4857/2/4 4856/2/4 4858/2/4
f 4859/4/4 4860/4/4 4862/4/4
f 4862/4/4 4860/4/4 4863/4/4
f 4861/4/4 4862/4/4 4864/4/4
f 4864/4/4 4862/4/4 4865/4/4
f 4865/4/4 4866/4/4 4867/4/4
f 4867/4/4 4866/4/4 4868/4/4
f 4869/2/4 4870/2/4 4871/2/4
f 4871/2/4 4870/2/4 4872/2/4
f 4873/2/4 4874/2/4 4875/2/4
f 4875/2/4 4874/2/4 4876/2/4
f 4877/2/4 4878/2/4 4879/2/4
f 4879/2/4 4878/2/4 4880/2/4
f 4881/2/4 4882/2/4 4883/2/4
f 4883/2/4 4882/2/4 4884/2/4
f 4885/2/4 4886/2/4 4887/2/4
f 4887/2/4 4886/2/4 4888/2/4
f 4889/2/4 4890/2/4 4891/2/4
f 4891/2/4 4890/2/4 4892/2/4
f 4893/4/4 4894/4/4 4896/4/4
f 4896/4/4 4894/4/4 4897/4/4
f 4895/4/4 4896/4/4 4898/4/4
f 4898/4/4 4896/4/4 4899/4/4
f 4899/4/4 4900/4/4 4901/4/4
f 4901/4/4 4900/4/4 4902/4/4
f 4903/4/4 4904/4/4 4906/4/4
f 4905/4/4 4906/4/4 4907/4/4
f 4906/4/4 4904/4/4 4908/4/4
f 4907/4/4 4906/4/4 4908/4/4
f 4908/4/4 4904/4/4 4909/4/4
f 4909/4/4 4904/4/4 4910/4/4
f 4911/2/4 4912/2/4 4913/2/4
f 4913/2/4 4912/2/4 4914/2/4
f 4915/2/4 4916/2/4 4917/2/4
f 4917/2/4 4916/2/4 4918/2/4
f 4919/2/4 4920/2/4 4921/2/4
f 4921/2/4 4920/2/4 4922/2/4
f 4923/2/4 4924/2/4 4925/2/4
f 4925/2/4 4924/2/4 4926/2/4
f 4927/2/4 4928/2/4 4929/2/4
f 4929/2/4 4928/2/4 4930/2/4
f 4931/2/4 4932/2/4 4933/2/4
f 4933/2/4 4932/2/4 4934/2/4
f 4935/4/4 4936/4/4 4938/4/4
f 4937/4/4 4938/4/4 4939/4/4
f 4938/4/4 4936/4/4 4940/4/4
f 4939/4/4 4938/4/4 4940/4/4
f 4940/4/4 4936/4/4 4941/4/4
f 4941/4/4 4936/4/4 4942/4/4
f 4943/2/4 4944/2/4 4945/2/4
f 4945/2/4 4944/2/4 4946/2/4
f 4947/2/4 4948/2/4 4949/2/4
f 4949/2/4 4948/2/4 4950/2/4
f 4951/2/4 4952/2/4 4953/2/4
f 4953/2/4 4952/2/4 4954/2/4
f 4955/2/4 4956/2/4 4957/2/4
f 4957/2/4 4956/2/4 4958/2/4
f 4959/2/4 4960/2/4 4961/2/4
f 4961/2/4 4960/2/4 4962/2/4
f 4963/2/4 4964/2/4 4965/2/4
f 4965/2/4 4964/2/4 4966/2/4
f 4967/2/4 4968/2/4 4969/2/4
f 4969/2/4 4968/2/4 4970/2/4
f 4971/2/4 4972/2/4 4973/2/4
f 4973/2/4 4972/2/4 4974/2/4
f 4975/2/4 4976/2/4 4977/2/4
f 4977/2/4 4976/2/4 4978/2/4
f 4979/2/4 4980/2/4 4981/2/4
f 4981/2/4 4980/2/4 4982/2/4
f 4983/2/4 4984/2/4 4985/2/4
f 4985/2/4 4984/2/4 4986/2/4
f 4987/2/4 4988/2/4 4989/2/4
f 4989/2/4 4988/2/4 4990/2/4
f 4991/3/4 4992/3/4 4994/3/4
f 4995/2/4 4996/2/4 4997/2/4
f 4997/2/4 4996/2/4 4998/2/4
f 4999/2/4 5000/2/4 5001/2/4
f 5001/2/4 5000/2/4 5002/2/4
f 4993/3/4 4994/3/4 5004/3/4
f 5005/2/4 5006/2/4 5007/2/4
f 5007/2/4 5006/2/4 5008/2/4
f 5003/3/4 5004/3/4 5011/3/4
f 5004/3/4 4994/3/4 5012/3/4
f 5011/3/4 5004/3/4 5012/3/4
f 5009/2/4 5010/2/4 5013/2/4
f 5013/2/4 5010/2/4 5014/2/4
f 5015/2/4 5016/2/4 5017/2/4
f 5017/2/4 5016/2/4 5018/2/4
f 5012/3/4 4994/3/4 5019/3/4
f 4994/3/4 4992/3/4 5020/3/4
f 5019/3/4 4994/3/4 5020/3/4
f 5020/3/4 4992/3/4 5021/3/4
f 5021/3/4 4992/3/4 5022/3/4
f 5023/2/4 5024/2/4 5025/2/4
f 5025/2/4 5024/2/4 5026/2/4
f 5027/2/4 5028/2/4 5029/2/4
f 5029/2/4 5028/2/4 5030/2/4
f 5031/2/4 5032/2/4 5033/2/4
f 5033/2/4 5032/2/4 5034/2/4
f 5035/2/4 5036/2/4 5037/2/4
f 5037/2/4 5036/2/4 5038/2/4
f 5039/2/4 5040/2/4 5041/2/4
f 5041/2/4 5040/2/4 5042/2/4
f 5043/2/4 5044/2/4 5045/2/4
f 5045/2/4 5044/2/4 5046/2/4
f 5047/2/4 5048/2/4 5049/2/4
f 5049/2/4 5048/2/4 5050/2/4
f 5051/2/4 5052/2/4 5053/2/4
f 5053/2/4 5052/2/4 5054/2/4
f 5055/2/4 5056/2/4 5057/2/4
f 5057/2/4 5056/2/4 5058/2/4
f 5059/2/4 5060/2/4 5061/2/4
f 5061/2/4 5060/2/4 5062/2/4
f 5063/2/4 5064/2/4 5065/2/4
f 5065/2/4 5064/2/4 5066/2/4
f 5067/2/4 5068/2/4 5069/2/4
f 5069/2/4 5068/2/4 5070/2/4
f 5070/2/4 5068/2/4 5072/2/4
f 5071/2/4 5072/2/4 5073/2/4
f 5072/2/4 5068/2/4 5074/2/4
f 5073/2/4 5072/2/4 5074/2/4
f 5075/2/4 5076/2/4 5077/2/4
f 5077/2/4 5076/2/4 5078/2/4
f 5079/2/4 5080/2/4 5081/2/4
f 5081/2/4 5080/2/4 5082/2/4
f 5082/2/4 5083/2/4 5085/2/4
f 5085/2/4 5083/2/4 5086/2/4
f 5084/2/4 5085/2/4 5087/2/4
f 5087/2/4 5085/2/4 5088/2/4
f 5089/2/4 5090/2/4 5092/2/4
f 5091/2/4 5092/2/4 5093/2/4
f 5092/2/4 5090/2/4 5094/2/4
f 5093/2/4 5092/2/4 5094/2/4
f 5094/2/4 5090/2/4 5096/2/4
f 5095/2/4 5096/2/4 5097/2/4
f 5096/2/4 5090/2/4 5098/2/4
f 5097/2/4 5096/2/4 5098/2/4
f 5098/2/4 5090/2/4 5100/2/4
f 5099/2/4 5100/2/4 5101/2/4
f 5100/2/4 5090/2/4 5102/2/4
f 5101/2/4 5100/2/4 5102/2/4
f 5102/2/4 5090/2/4 5104/2/4
f 5103/2/4 5104/2/4 5105/2/4
f 5104/2/4 5090/2/4 5106/2/4
f 5105/2/4 5104/2/4 5106/2/4
f 5106/2/4 5090/2/4 5108/2/4
f 5107/2/4 5108/2/4 5109/2/4
f 5108/2/4 5090/2/4 5110/2/4
f 5109/2/4 5108/2/4 5110/2/4
f 5110/2/4 5090/2/4 5112/2/4
f 5111/2/4 5112/2/4 5113/2/4
f 5112/2/4 5090/2/4 5114/2/4
f 5113/2/4 5112/2/4 5114/2/4
f 5114/2/4 5090/2/4 5116/2/4
f 5115/2/4 5116/2/4 5117/2/4
f 5116/2/4 5090/2/4 5118/2/4
f 5117/2/4 5116/2/4 5118/2/4
f 5118/2/4 5090/2/4 5120/2/4
f 5119/2/4 5120/2/4 5121/2/4
f 5120/2/4 5090/2/4 5122/2/4
f 5121/2/4 5120/2/4 5122/2/4
f 5122/2/4 5090/2/4 5124/2/4
f 5123/2/4 5124/2/4 5125/2/4
f 5124/2/4 5090/2/4 5126/2/4
f 5125/2/4 5124/2/4 5126/2/4
f 5126/2/4 5090/2/4 5128/2/4
f 5127/2/4 5128/2/4 5129/2/4
f 5128/2/4 5090/2/4 5130/2/4
f 5129/2/4 5128/2/4 5130/2/4
f 5130/2/4 5090/2/4 5132/2/4
f 5131/2/4 5132/2/4 5133/2/4
f 5132/2/4 5090/2/4 5134/2/4
f 5133/2/4 5132/2/4 5134/2/4
f 5134/2/4 5090/2/4 5136/2/4
f 5135/2/4 5136/2/4 5137/2/4
f 5136/2/4 5090/2/4 5138/2/4
f 5137/2/4 5136/2/4 5138/2/4
f 5138/2/4 5090/2/4 5140/2/4
f 5139/2/4 5140/2/4 5141/2/4
f 5140/2/4 5090/2/4 5142/2/4
f 5141/2/4 5140/2/4 5142/2/4
f 5142/2/4 5090/2/4 5144/2/4
f 5143/2/4 5144/2/4 5145/2/4
f 5144/2/4 5090/2/4 5146/2/4
f 5145/2/4 5144/2/4 5146/2/4
f 5146/2/4 5090/2/4 5148/2/4
f 5147/2/4 5148/2/4 5149/2/4
f 5148/2/4 5090/2/4 5150/2/4
f 5149/2/4 5148/2/4 5150/2/4
f 5150/2/4 5090/2/4 5152/2/4
f 5151/2/4 5152/2/4 5153/2/4
f 5152/2/4 5090/2/4 5154/2/4
f 5153/2/4 5152/2/4 5154/2/4
f 5154/2/4 5090/2/4 5156/2/4
f 5155/2/4 5156/2/4 5157/2/4
f 5156/2/4 5090/2/4 5158/2/4
f 5157/2/4 5156/2/4 5158/2/4
f 5158/2/4 5090/2/4 5160/2/4
f 5159/2/4 5160/2/4 5161/2/4
f 5160/2/4 5090/2/4 5162/2/4
f 5161/2/4 5160/2/4 5162/2/4
f 5162/2/4 5090/2/4 5164/2/4
f 5163/2/4 5164/2/4 5165/2/4
f 5164/2/4 5090/2/4 5166/2/4
f 5165/2/4 5164/2/4 5166/2/4
f 5166/2/4 5090/2/4 5168/2/4
f 5167/2/4 5168/2/4 5169/2/4
f 5168/2/4 5090/2/4 5170/2/4
f 5169/2/4 5168/2/4 5170/2/4
f 5170/2/4 5090/2/4 5172/2/4
f 5171/2/4 5172/2/4 5173/2/4
f 5172/2/4 5090/2/4 5174/2/4
f 5173/2/4 5172/2/4 5174/2/4
f 5174/2/4 5090/2/4 5176/2/4
f 5175/2/4 5176/2/4 5177/2/4
f 5176/2/4 5090/2/4 5178/2/4
f 5177/2/4 5176/2/4 5178/2/4
f 5178/2/4 5090/2/4 5180/2/4
f 5179/2/4 5180/2/4 5181/2/4
f 5180/2/4 5090/2/4 5182/2/4
f 5181/2/4 5180/2/4 5182/2/4
f 5182/2/4 5090/2/4 5184/2/4
f 5183/2/4 5184/2/4 5185/2/4
f 5184/2/4 5090/2/4 5186/2/4
f 5185/2/4 5184/2/4 5186/2/4
f 5186/2/4 5090/2/4 5188/2/4
f 5187/2/4 5188/2/4 5189/2/4
f 5188/2/4 5090/2/4 5190/2/4
f 5189/2/4 5188/2/4 5190/2/4
f 5190/2/4 5090/2/4 5192/2/4
f 5191/2/4 5192/2/4 5193/2/4
f 5193/2/4 5192/2/4 5194/2/4
f 5194/2/4 5192/2/4 5195/2/4
f 5192/2/4 5090/2/4 5196/2/4
f 5195/2/4 5192/2/4 5196/2/4
f 5249/2/5 5198/2/5 5197/2/5
f 5250/2/5 5198/2/5 5249/2/5
f 5251/2/5 5200/2/5 5199/2/5
f 5252/2/5 5200/2/5 5251/2/5
f 5253/2/5 5202/2/5 5201/2/5
f 5254/2/5 5202/2/5 5253/2/5
f 5255/2/5 5204/2/5 5203/2/5
f 5256/2/5 5204/2/5 5255/2/5
f 5257/2/5 5206/2/5 5205/2/5
f 5258/2/5 5206/2/5 5257/2/5
f 5259/2/5 5208/2/5 5207/2/5
f 5260/2/5 5208/2/5 5259/2/5
f 5261/2/5 5210/2/5 5209/2/5
f 5262/2/5 5210/2/5 5261/2/5
f 5263/2/5 5212/2/5 5211/2/5
f 5264/2/5 5212/2/5 5263/2/5
f 5265/2/5 5214/2/5 5213/2/5
f 5266/2/5 5214/2/5 5265/2/5
f 5267/2/5 5216/2/5 5215/2/5
f 5268/2/5 5216/2/5 5267/2/5
f 5269/2/5 5218/2/5 5217/2/5
f 5270/2/5 5218/2/5 5269/2/5
f 5271/2/5 5220/2/5 5219/2/5
f 5272/2/5 5220/2/5 5271/2/5
f 5273/2/5 5222/2/5 5221/2/5
f 5274/2/5 5222/2/5 5273/2/5
f 5275/2/5 5224/2/5 5223/2/5
f 5276/2/5 5224/2/5 5275/2/5
f 5277/2/5 5226/2/5 5225/2/5
f 5278/2/5 5226/2/5 5277/2/5
f 5279/2/5 5228/2/5 5227/2/5
f 5280/2/5 5228/2/5 5279/2/5
f 5281/2/5 5230/2/5 5229/2/5
f 5282/2/5 5230/2/5 5281/2/5
f 5283/2/5 5232/2/5 5231/2/5
f 5284/2/5 5232/2/5 5283/2/5
f 5285/2/5 5234/2/5 5233/2/5
f 5286/2/5 5234/2/5 5285/2/5
f 5287/2/5 5236/2/5 5235/2/5
f 5288/2/5 5236/2/5 5287/2/5
f 5289/2/5 5238/2/5 5237/2/5
f 5290/2/5 5238/2/5 5289/2/5
f 5291/2/5 5240/2/5 5239/2/5
f 5292/2/5 5240/2/5 5291/2/5
f 5293/2/5 5242/2/5 5241/2/5
f 5294/2/5 5242/2/5 5293/2/5
f 5295/2/5 5244/2/5 5243/2/5
f 5296/2/5 5244/2/5 5295/2/5
f 5297/2/5 5246/2/5 5245/2/5
f 5298/2/5 5246/2/5 5297/2/5
f 5299/2/5 5248/2/5 5247/2/5
f 5300/2/5 5248/2/5 5299/2/5
f 5354/2/5 5302/2/5 5301/2/5
f 5355/2/5 5302/2/5 5354/2/5
f 5356/2/5 5304/2/5 5303/2/5
f 5357/2/5 5304/2/5 5356/2/5
f 5358/2/5 5306/2/5 5305/2/5
f 5359/2/5 5306/2/5 5358/2/5
f 5360/2/5 5308/2/5 5307/2/5
f 5361/2/5 5308/2/5 5360/2/5
f 5362/2/5 5310/2/5 5309/2/5
f 5363/2/5 5310/2/5 5362/2/5
f 5364/2/5 5312/2/5 5311/2/5
f 5365/2/5 5312/2/5 5364/2/5
f 5366/2/5 5314/2/5 5313/2/5
f 5367/2/5 5314/2/5 5366/2/5
f 5368/2/5 5316/2/5 5315/2/5
f 5369/2/5 5316/2/5 5368/2/5
f 5370/2/5 5318/2/5 5317/2/5
f 5371/2/5 5318/2/5 5370/2/5
f 5372/2/5 5320/2/5 5319/2/5
f 5373/2/5 5320/2/5 5372/2/5
f 5374/2/5 5322/2/5 5321/2/5
f 5375/2/5 5322/2/5 5374/2/5
f 5376/2/5 5324/2/5 5323/2/5
f 5377/2/5 5324/2/5 5376/2/5
f 5378/2/5 5326/2/5 5325/2/5
f 5379/2/5 5326/2/5 5378/2/5
f 5380/2/5 5328/2/5 5327/2/5
f 5381/2/5 5328/2/5 5380/2/5
f 5382/2/5 5330/2/5 5329/2/5
f 5383/2/5 5330/2/5 5382/2/5
f 5384/2/5 5332/2/5 5331/2/5
f 5385/2/5 5332/2/5 5384/2/5
f 5386/2/5 5334/2/5 5333/2/5
f 5387/2/5 5334/2/5 5386/2/5
f 5388/2/5 5336/2/5 5335/2/5
f 5389/2/5 5336/2/5 5388/2/5
f 5390/2/5 5338/2/5 5337/2/5
f 5391/2/5 5338/2/5 5390/2/5
f 5392/2/5 5340/2/5 5339/2/5
f 5393/2/5 5340/2/5 5392/2/5
f 5394/2/5 5342/2/5 5341/2/5
f 5395/2/5 5342/2/5 5394/2/5
f 5396/2/5 5344/2/5 5343/2/5
f 5397/2/5 5344/2/5 5396/2/5
f 5398/2/5 5346/2/5 5345/2/5
f 5399/2/5 5346/2/5 5398/2/5
f 5400/2/5 5348/2/5 5347/2/5
f 5401/2/5 5348/2/5 5400/2/5
f 5402/2/5 5350/2/5 5349/2/5
f 5403/2/5 5350/2/5 5402/2/5
f 5404/2/5 5352/2/5 5351/2/5
f 5405/2/5 5352/2/5 5404/2/5
f 5407/2/5 5354/2/5 5353/2/5
f 5408/2/5 5354/2/5 5407/2/5
f 5409/2/5 5406/2/5 5405/2/5
f 5410/2/5 5406/2/5 5409/2/5
f 5415/2/5 5412/2/5 5411/2/5
f 5416/2/5 5412/2/5 5415/2/5
f 5417/2/5 5414/2/5 5413/2/5
f 5418/2/5 5414/2/5 5417/2/5
f 5419/2/5 5412/2/5 5416/2/5
f 5420/2/5 5412/2/5 5419/2/5
f 5421/2/5 5417/2/5 5413/2/5
f 5422/2/5 5417/2/5 5421/2/5
f 5428/2/5 5424/2/5 5423/2/5
f 5429/2/5 5424/2/5 5428/2/5
f 5430/2/5 5426/2/5 5425/2/5
f 5431/2/5 5426/2/5 5430/2/5
f 5433/2/5 5428/2/5 5427/2/5
f 5434/2/5 5428/2/5 5433/2/5
f 5435/2/5 5432/2/5 5431/2/5
f 5436/2/5 5432/2/5 5435/2/5
f 5487/4/5 5438/4/5 5437/4/5
f 5488/4/5 5486/4/5 5485/4/5
f 5489/4/5 5438/4/5 5487/4/5
f 5490/4/5 5488/4/5 5485/4/5
f 5491/4/5 5438/4/5 5489/4/5
f 5492/4/5 5438/4/5 5491/4/5
f 5493/4/5 5440/4/5 5439/4/5
f 5494/4/5 5440/4/5 5493/4/5
f 5495/4/5 5442/4/5 5441/4/5
f 5496/4/5 5442/4/5 5495/4/5
f 5497/4/5 5444/4/5 5443/4/5
f 5498/4/5 5444/4/5 5497/4/5
f 5499/4/5 5446/4/5 5445/4/5
f 5500/4/5 5446/4/5 5499/4/5
f 5501/4/5 5448/4/5 5447/4/5
f 5502/4/5 5448/4/5 5501/4/5
f 5503/4/5 5450/4/5 5449/4/5
f 5504/4/5 5450/4/5 5503/4/5
f 5505/4/5 5452/4/5 5451/4/5
f 5506/4/5 5452/4/5 5505/4/5
f 5507/4/5 5454/4/5 5453/4/5
f 5508/4/5 5454/4/5 5507/4/5
f 5509/4/5 5456/4/5 5455/4/5
f 5510/4/5 5456/4/5 5509/4/5
f 5511/4/5 5458/4/5 5457/4/5
f 5512/4/5 5458/4/5 5511/4/5
f 5513/4/5 5460/4/5 5459/4/5
f 5514/4/5 5460/4/5 5513/4/5
f 5515/4/5 5462/4/5 5461/4/5
f 5516/4/5 5462/4/5 5515/4/5
f 5517/4/5 5464/4/5 5463/4/5
f 5518/4/5 5464/4/5 5517/4/5
f 5519/4/5 5466/4/5 5465/4/5
f 5520/4/5 5466/4/5 5519/4/5
f 5521/4/5 5468/4/5 5467/4/5
f 5522/4/5 5468/4/5 5521/4/5
f 5523/4/5 5470/4/5 5469/4/5
f 5524/4/5 5470/4/5 5523/4/5
f 5525/4/5 5472/4/5 5471/4/5
f 5526/4/5 5472/4/5 5525/4/5
f 5527/4/5 5474/4/5 5473/4/5
f 5528/4/5 5474/4/5 5527/4/5
f 5529/4/5 5476/4/5 5475/4/5
f 5530/4/5 5476/4/5 5529/4/5
f 5531/4/5 5478/4/5 5477/4/5
f 5532/4/5 5478/4/5 5531/4/5
f 5533/4/5 5480/4/5 5479/4/5
f 5534/4/5 5480/4/5 5533/4/5
f 5535/4/5 5482/4/5 5481/4/5
f 5536/4/5 5482/4/5 5535/4/5
f 5537/4/5 5484/4/5 5483/4/5
f 5538/4/5 5484/4/5 5537/4/5
f 5539/4/5 5490/4/5 5485/4/5
f 5540/4/5 5490/4/5 5539/4/5
f 5541/2/5 5492/2/5 5491/2/5
f 5542/2/5 5492/2/5 5541/2/5
f 5543/2/5 5494/2/5 5493/2/5
f 5544/2/5 5494/2/5 5543/2/5
f 5545/2/5 5496/2/5 5495/2/5
f 5546/2/5 5496/2/5 5545/2/5
f 5547/2/5 5498/2/5 5497/2/5
f 5548/2/5 5498/2/5 5547/2/5
f 5549/2/5 5500/2/5 5499/2/5
f 5550/2/5 5500/2/5 5549/2/5
f 5551/2/5 5502/2/5 5501/2/5
f 5552/2/5 5502/2/5 5551/2/5
f 5553/2/5 5504/2/5 5503/2/5
f 5554/2/5 5504/2/5 5553/2/5
f 5555/2/5 5506/2/5 5505/2/5
f 5556/2/5 5506/2/5 5555/2/5
f 5557/2/5 5508/2/5 5507/2/5
f 5558/2/5 5508/2/5 5557/2/5
f 5559/2/5 5510/2/5 5509/2/5
f 5560/2/5 5510/2/5 5559/2/5
f 5561/2/5 5512/2/5 5511/2/5
f 5562/2/5 5512/2/5 5561/2/5
f 5563/2/5 5514/2/5 5513/2/5
f 5564/2/5 5514/2/5 5563/2/5
f 5565/2/5 5516/2/5 5515/2/5
f 5566/2/5 5516/2/5 5565/2/5
f 5567/2/5 5518/2/5 5517/2/5
f 5568/2/5 5518/2/5 5567/2/5
f 5569/2/5 5520/2/5 5519/2/5
f 5570/2/5 5520/2/5 5569/2/5
f 5571/2/5 5522/2/5 5521/2/5
f 5572/2/5 5522/2/5 5571/2/5
f 5573/2/5 5524/2/5 5523/2/5
f 5574/2/5 5524/2/5 5573/2/5
f 5575/2/5 5526/2/5 5525/2/5
f 5576/2/5 5526/2/5 5575/2/5
f 5577/2/5 5528/2/5 5527/2/5
f 5578/2/5 5528/2/5 5577/2/5
f 5579/2/5 5530/2/5 5529/2/5
f 5580/2/5 5530/2/5 5579/2/5
f 5581/2/5 5532/2/5 5531/2/5
f 5582/2/5 5532/2/5 5581/2/5
f 5583/2/5 5534/2/5 5533/2/5
f 5584/2/5 5534/2/5 5583/2/5
f 5585/2/5 5536/2/5 5535/2/5
f 5586/2/5 5536/2/5 5585/2/5
f 5587/2/5 5538/2/5 5537/2/5
f 5588/2/5 5538/2/5 5587/2/5
f 5589/2/5 5540/2/5 5539/2/5
f 5590/2/5 5540/2/5 5589/2/5
f 5594/2/5 5592/2/5 5591/2/5
f 5595/2/5 5592/2/5 5594/2/5
f 5598/2/5 5594/2/5 5593/2/5
f 5598/2/5 5596/2/5 5595/2/5
f 5598/2/5 5595/2/5 5594/2/5
f 5599/2/5 5596/2/5 5598/2/5
f 5602/2/5 5598/2/5 5597/2/5
f 5602/2/5 5600/2/5 5599/2/5
f 5602/2/5 5599/2/5 5598/2/5
f 5603/2/5 5600/2/5 5602/2/5
f 5606/2/5 5602/2/5 5601/2/5
f 5606/2/5 5604/2/5 5603/2/5
f 5606/2/5 5603/2/5 5602/2/5
f 5607/2/5 5604/2/5 5606/2/5
f 5610/2/5 5606/2/5 5605/2/5
f 5610/2/5 5608/2/5 5607/2/5
f 5610/2/5 5607/2/5 5606/2/5
f 5611/2/5 5608/2/5 5610/2/5
f 5614/2/5 5610/2/5 5609/2/5
f 5614/2/5 5612/2/5 5611/2/5
f 5614/2/5 5611/2/5 5610/2/5
f 5615/2/5 5612/2/5 5614/2/5
f 5617/2/5 5614/2/5 5613/2/5
f 5617/2/5 5616/2/5 5615/2/5
f 5617/2/5 5615/2/5 5614/2/5
f 5623/2/5 5617/2/5 5613/2/5
f 5623/2/5 5618/2/5 5617/2/5
f 5624/2/5 5618/2/5 5623/2/5
f 5625/2/5 5622/2/5 5621/2/5
f 5627/2/5 5623/2/5 5613/2/5
f 5628/2/5 5623/2/5 5627/2/5
f 5629/2/5 5618/2/5 5624/2/5
f 5630/2/5 5618/2/5 5629/2/5
f 5631/2/5 5620/2/5 5619/2/5
f 5632/2/5 5620/2/5 5631/2/5
f 5633/2/5 5626/2/5 5625/2/5
f 5633/2/5 5625/2/5 5621/2/5
f 5634/2/5 5626/2/5 5633/2/5
f 5635/2/5 5627/2/5 5613/2/5
f 5636/2/5 5627/2/5 5635/2/5
f 5637/2/5 5626/2/5 5634/2/5
f 5638/2/5 5626/2/5 5637/2/5
f 5639/2/5 5626/2/5 5638/2/5
f 5642/2/5 5641/2/5 5640/2/5
f 5643/2/5 5641/2/5 5642/2/5
f 5646/2/5 5645/2/5 5644/2/5
f 5647/2/5 5645/2/5 5646/2/5
f 5654/2/5 5649/2/5 5648/2/5
f 5655/2/5 5649/2/5 5654/2/5
f 5656/4/5 5651/4/5 5650/4/5
f 5657/4/5 5651/4/5 5656/4/5
f 5658/4/5 5653/4/5 5652/4/5
f 5659/4/5 5653/4/5 5658/4/5
f 5663/2/5 5661/2/5 5660/2/5
f 5664/2/5 5661/2/5 5663/2/5
f 5667/2/5 5663/2/5 5662/2/5
f 5668/2/5 5665/2/5 5664/2/5
f 5671/2/5 5667/2/5 5666/2/5
f 5672/2/5 5663/2/5 5667/2/5
f 5672/2/5 5667/2/5 5671/2/5
f 5673/2/5 5669/2/5 5668/2/5
f 5673/2/5 5668/2/5 5664/2/5
f 5674/2/5 5669/2/5 5673/2/5
f 5676/2/5 5675/2/5 5674/2/5
f 5679/2/5 5671/2/5 5670/2/5
f 5680/2/5 5671/2/5 5679/2/5
f 5681/2/5 5677/2/5 5676/2/5
f 5681/2/5 5676/2/5 5674/2/5
f 5682/2/5 5677/2/5 5681/2/5
f 5685/2/5 5679/2/5 5678/2/5
f 5686/2/5 5679/2/5 5685/2/5
f 5687/2/5 5683/2/5 5682/2/5
f 5689/2/5 5688/2/5 5687/2/5
f 5689/2/5 5687/2/5 5682/2/5
f 5690/2/5 5688/2/5 5689/2/5
f 5699/2/5 5691/2/5 5690/2/5
f 5706/2/5 5697/2/5 5696/2/5
f 5708/2/5 5699/2/5 5698/2/5
f 5709/2/5 5699/2/5 5708/2/5
f 5710/2/5 5691/2/5 5699/2/5
f 5710/2/5 5699/2/5 5709/2/5
f 5711/2/5 5705/2/5 5704/2/5
f 5711/2/5 5701/2/5 5700/2/5
f 5711/2/5 5702/2/5 5701/2/5
f 5711/2/5 5703/2/5 5702/2/5
f 5711/2/5 5704/2/5 5703/2/5
f 5712/2/5 5705/2/5 5711/2/5
f 5713/2/5 5705/2/5 5712/2/5
f 5714/2/5 5705/2/5 5713/2/5
f 5715/2/5 5705/2/5 5714/2/5
f 5716/2/5 5693/2/5 5692/2/5
f 5717/2/5 5693/2/5 5716/2/5
f 5718/2/5 5695/2/5 5694/2/5
f 5719/2/5 5695/2/5 5718/2/5
f 5720/2/5 5707/2/5 5706/2/5
f 5720/2/5 5706/2/5 5696/2/5
f 5721/2/5 5707/2/5 5720/2/5
f 5722/2/5 5685/2/5 5684/2/5
f 5723/2/5 5685/2/5 5722/2/5
f 5724/2/5 5707/2/5 5721/2/5
f 5725/2/5 5707/2/5 5724/2/5
f 5732/2/5 5727/2/5 5726/2/5
f 5733/2/5 5727/2/5 5732/2/5
f 5734/2/5 5729/2/5 5728/2/5
f 5735/2/5 5729/2/5 5734/2/5
f 5736/2/5 5731/2/5 5730/2/5
f 5737/2/5 5731/2/5 5736/2/5
f 5744/4/5 5739/4/5 5738/4/5
f 5745/4/5 5739/4/5 5744/4/5
f 5746/4/5 5741/4/5 5740/4/5
f 5747/4/5 5741/4/5 5746/4/5
f 5748/4/5 5743/4/5 5742/4/5
f 5749/4/5 5743/4/5 5748/4/5
f 5753/2/5 5751/2/5 5750/2/5
f 5754/2/5 5751/2/5 5753/2/5
f 5755/2/5 5751/2/5 5754/2/5
f 5756/2/5 5751/2/5 5755/2/5
f 5757/2/5 5751/2/5 5756/2/5
f 5758/2/5 5751/2/5 5757/2/5
f 5761/2/5 5753/2/5 5752/2/5
f 5762/2/5 5755/2/5 5754/2/5
f 5763/2/5 5755/2/5 5762/2/5
f 5764/2/5 5757/2/5 5756/2/5
f 5765/2/5 5757/2/5 5764/2/5
f 5766/2/5 5759/2/5 5758/2/5
f 5769/2/5 5761/2/5 5760/2/5
f 5770/2/5 5753/2/5 5761/2/5
f 5770/2/5 5761/2/5 5769/2/5
f 5771/2/5 5753/2/5 5770/2/5
f 5772/2/5 5753/2/5 5771/2/5
f 5773/2/5 5767/2/5 5766/2/5
f 5773/2/5 5766/2/5 5758/2/5
f 5774/2/5 5767/2/5 5773/2/5
f 5776/2/5 5771/2/5 5770/2/5
f 5777/2/5 5771/2/5 5776/2/5
f 5778/2/5 5775/2/5 5774/2/5
f 5781/2/5 5769/2/5 5768/2/5
f 5782/2/5 5769/2/5 5781/2/5
f 5783/2/5 5779/2/5 5778/2/5
f 5783/2/5 5778/2/5 5774/2/5
f 5784/2/5 5779/2/5 5783/2/5
f 5787/2/5 5781/2/5 5780/2/5
f 5788/2/5 5781/2/5 5787/2/5
f 5789/2/5 5785/2/5 5784/2/5
f 5791/2/5 5790/2/5 5789/2/5
f 5791/2/5 5789/2/5 5784/2/5
f 5792/2/5 5790/2/5 5791/2/5
f 5801/2/5 5793/2/5 5792/2/5
f 5808/2/5 5799/2/5 5798/2/5
f 5810/2/5 5801/2/5 5800/2/5
f 5811/2/5 5801/2/5 5810/2/5
f 5812/2/5 5793/2/5 5801/2/5
f 5812/2/5 5801/2/5 5811/2/5
f 5813/2/5 5807/2/5 5806/2/5
f 5813/2/5 5803/2/5 5802/2/5
f 5813/2/5 5804/2/5 5803/2/5
f 5813/2/5 5805/2/5 5804/2/5
f 5813/2/5 5806/2/5 5805/2/5
f 5814/2/5 5807/2/5 5813/2/5
f 5815/2/5 5807/2/5 5814/2/5
f 5816/2/5 5807/2/5 5815/2/5
f 5817/2/5 5807/2/5 5816/2/5
f 5818/2/5 5795/2/5 5794/2/5
f 5819/2/5 5795/2/5 5818/2/5
f 5820/2/5 5797/2/5 5796/2/5
f 5821/2/5 5797/2/5 5820/2/5
f 5822/2/5 5809/2/5 5808/2/5
f 5822/2/5 5808/2/5 5798/2/5
f 5823/2/5 5809/2/5 5822/2/5
f 5824/2/5 5787/2/5 5786/2/5
f 5825/2/5 5787/2/5 5824/2/5
f 5826/2/5 5809/2/5 5823/2/5
f 5827/2/5 5809/2/5 5826/2/5
f 5834/2/5 5829/2/5 5828/2/5
f 5835/2/5 5829/2/5 5834/2/5
f 5836/2/5 5831/2/5 5830/2/5
f 5837/2/5 5831/2/5 5836/2/5
f 5838/2/5 5833/2/5 5832/2/5
f 5839/2/5 5833/2/5 5838/2/5
f 5844/2/5 5841/2/5 5840/2/5
f 5845/2/5 5841/2/5 5844/2/5
f 5848/4/5 5843/4/5 5842/4/5
f 5849/4/5 5843/4/5 5848/4/5
f 5850/4/5 5847/4/5 5846/4/5
f 5851/4/5 5847/4/5 5850/4/5
f 5854/4/5 5853/4/5 5852/4/5
f 5855/4/5 5853/4/5 5854/4/5
f 5860/2/5 5857/2/5 5856/2/5
f 5861/2/5 5857/2/5 5860/2/5
f 5864/4/5 5859/4/5 5858/4/5
f 5865/4/5 5859/4/5 5864/4/5
f 5866/2/5 5863/2/5 5862/2/5
f 5867/2/5 5863/2/5 5866/2/5
f 5870/2/5 5869/2/5 5868/2/5
f 5871/2/5 5869/2/5 5870/2/5
f 5876/4/5 5873/4/5 5872/4/5
f 5877/4/5 5873/4/5 5876/4/5
f 5878/4/5 5875/4/5 5874/4/5
f 5879/4/5 5875/4/5 5878/4/5
f 5884/4/5 5881/4/5 5880/4/5
f 5885/4/5 5881/4/5 5884/4/5
f 5886/2/5 5883/2/5 5882/2/5
f 5887/2/5 5883/2/5 5886/2/5
f 5890/2/5 5889/2/5 5888/2/5
f 5891/2/5 5889/2/5 5890/2/5
f 5894/4/5 5893/4/5 5892/4/5
f 5895/4/5 5893/4/5 5894/4/5
f 5900/2/5 5899/2/5 5898/2/5
f 5901/2/5 5899/2/5 5900/2/5
f 5902/2/5 5897/2/5 5896/2/5
f 5903/2/5 5897/2/5 5902/2/5
f 5907/2/5 5905/2/5 5904/2/5
f 5908/2/5 5905/2/5 5907/2/5
f 5911/2/5 5907/2/5 5906/2/5
f 5911/2/5 5909/2/5 5908/2/5
f 5911/2/5 5908/2/5 5907/2/5
f 5912/2/5 5909/2/5 5911/2/5
f 5915/2/5 5911/2/5 5910/2/5
f 5916/2/5 5913/2/5 5912/2/5
f 5919/2/5 5915/2/5 5914/2/5
f 5920/2/5 5911/2/5 5915/2/5
f 5920/2/5 5915/2/5 5919/2/5
f 5921/2/5 5917/2/5 5916/2/5
f 5921/2/5 5916/2/5 5912/2/5
f 5922/2/5 5917/2/5 5921/2/5
f 5925/2/5 5919/2/5 5918/2/5
f 5926/2/5 5923/2/5 5922/2/5
f 5929/2/5 5925/2/5 5924/2/5
f 5930/2/5 5919/2/5 5925/2/5
f 5930/2/5 5925/2/5 5929/2/5
f 5931/2/5 5927/2/5 5926/2/5
f 5931/2/5 5926/2/5 5922/2/5
f 5932/2/5 5927/2/5 5931/2/5
f 5935/1/5 5929/1/5 5928/1/5
f 5936/1/5 5929/1/5 5935/1/5
f 5937/2/5 5933/2/5 5932/2/5
f 5939/1/5 5935/1/5 5934/1/5
f 5940/1/5 5935/1/5 5939/1/5
f 5943/2/5 5938/2/5 5937/2/5
f 5943/2/5 5937/2/5 5932/2/5
f 5944/2/5 5938/2/5 5943/2/5
f 5946/2/5 5942/2/5 5941/2/5
f 5947/2/5 5945/2/5 5944/2/5
f 5948/2/5 5945/2/5 5947/2/5
f 5950/2/5 5946/2/5 5941/2/5
f 5950/2/5 5949/2/5 5948/2/5
f 5950/2/5 5948/2/5 5947/2/5
f 5950/2/5 5947/2/5 5946/2/5
f 5951/2/5 5949/2/5 5950/2/5
f 5952/2/5 5949/2/5 5951/2/5
f 5953/2/5 5940/2/5 5939/2/5
f 5954/2/5 5940/2/5 5953/2/5
f 5955/2/5 5949/2/5 5952/2/5
f 5956/2/5 5949/2/5 5955/2/5
f 5959/2/5 5958/2/5 5957/2/5
f 5960/2/5 5958/2/5 5959/2/5
f 5965/4/5 5962/4/5 5961/4/5
f 5966/4/5 5962/4/5 5965/4/5
f 5967/4/5 5964/4/5 5963/4/5
f 5968/4/5 5964/4/5 5967/4/5
f 5973/4/5 5970/4/5 5969/4/5
f 5974/4/5 5970/4/5 5973/4/5
f 5975/4/5 5972/4/5 5971/4/5
f 5976/4/5 5972/4/5 5975/4/5
f 5982/4/5 5978/4/5 5977/4/5
f 5983/4/5 5978/4/5 5982/4/5
f 5986/4/5 5980/4/5 5979/4/5
f 5987/4/5 5980/4/5 5986/4/5
f 5989/4/5 5982/4/5 5981/4/5
f 5990/4/5 5982/4/5 5989/4/5
f 5991/4/5 5984/4/5 5983/4/5
f 5992/4/5 5984/4/5 5991/4/5
f 5993/4/5 5986/4/5 5985/4/5
f 5994/4/5 5986/4/5 5993/4/5
f 5995/4/5 5988/4/5 5987/4/5
f 5996/4/5 5988/4/5 5995/4/5
f 5997/4/5 5991/4/5 5990/4/5
f 5998/4/5 5991/4/5 5997/4/5
f 5999/4/5 5995/4/5 5994/4/5
f 6000/4/5 5995/4/5 5999/4/5
f 6006/4/5 6002/4/5 6001/4/5
f 6007/4/5 6002/4/5 6006/4/5
f 6010/4/5 6004/4/5 6003/4/5
f 6011/4/5 6004/4/5 6010/4/5
f 6013/4/5 6006/4/5 6005/4/5
f 6014/4/5 6006/4/5 6013/4/5
f 6015/4/5 6008/4/5 6007/4/5
f 6016/4/5 6008/4/5 6015/4/5
f 6017/4/5 6010/4/5 6009/4/5
f 6018/4/5 6010/4/5 6017/4/5
f 6019/4/5 6012/4/5 6011/4/5
f 6020/4/5 6012/4/5 6019/4/5
f 6021/4/5 6015/4/5 6014/4/5
f 6022/4/5 6015/4/5 6021/4/5
f 6023/4/5 6019/4/5 6018/4/5
f 6024/4/5 6019/4/5 6023/4/5
f 6035/4/5 6028/4/5 6027/4/5
f 6036/4/5 6028/4/5 6035/4/5
f 6037/4/5 6030/4/5 6029/4/5
f 6038/4/5 6030/4/5 6037/4/5
f 6039/4/5 6032/4/5 6031/4/5
f 6040/4/5 6032/4/5 6039/4/5
f 6041/4/5 6034/4/5 6033/4/5
f 6042/4/5 6034/4/5 6041/4/5
f 6051/4/5 6044/4/5 6043/4/5
f 6052/4/5 6044/4/5 6051/4/5
f 6053/4/5 6046/4/5 6045/4/5
f 6054/4/5 6046/4/5 6053/4/5
f 6055/4/5 6048/4/5 6047/4/5
f 6056/4/5 6048/4/5 6055/4/5
f 6057/4/5 6050/4/5 6049/4/5
f 6058/4/5 6050/4/5 6057/4/5
f 6059/3/5 6026/3/5 6025/3/5
f 6060/3/5 6026/3/5 6059/3/5
f 6061/3/5 6059/3/5 6025/3/5
f 6062/3/5 6059/3/5 6061/3/5
f 6063/3/5 6026/3/5 6060/3/5
f 6064/3/5 6026/3/5 6063/3/5
f 6065/3/5 6061/3/5 6025/3/5
f 6066/3/5 6061/3/5 6065/3/5
f 6067/3/5 6026/3/5 6064/3/5
f 6068/3/5 6026/3/5 6067/3/5
f 6069/3/5 6065/3/5 6025/3/5
f 6070/3/5 6065/3/5 6069/3/5
f 6071/3/5 6026/3/5 6068/3/5
f 6072/3/5 6026/3/5 6071/3/5
f 6074/3/5 6069/3/5 6025/3/5
f 6075/3/5 6069/3/5 6074/3/5
f 6076/3/5 6026/3/5 6072/3/5
f 6077/3/5 6026/3/5 6076/3/5
f 6080/2/5 6074/2/5 6073/2/5
f 6081/2/5 6074/2/5 6080/2/5
f 6082/2/5 6078/2/5 6077/2/5
f 6083/2/5 6078/2/5 6082/2/5
f 6086/2/5 6080/2/5 6079/2/5
f 6087/2/5 6080/2/5 6086/2/5
f 6088/2/5 6084/2/5 6083/2/5
f 6089/2/5 6084/2/5 6088/2/5
f 6092/2/5 6086/2/5 6085/2/5
f 6093/2/5 6086/2/5 6092/2/5
f 6094/2/5 6090/2/5 6089/2/5
f 6095/2/5 6090/2/5 6094/2/5
f 6098/2/5 6092/2/5 6091/2/5
f 6099/2/5 6092/2/5 6098/2/5
f 6100/2/5 6096/2/5 6095/2/5
f 6101/2/5 6096/2/5 6100/2/5
f 6104/2/5 6098/2/5 6097/2/5
f 6105/2/5 6098/2/5 6104/2/5
f 6106/2/5 6102/2/5 6101/2/5
f 6107/2/5 6102/2/5 6106/2/5
f 6109/2/5 6104/2/5 6103/2/5
f 6110/2/5 6104/2/5 6109/2/5
f 6113/2/5 6108/2/5 6107/2/5
f 6114/2/5 6108/2/5 6113/2/5
f 6115/2/5 6111/2/5 6110/2/5
f 6116/2/5 6111/2/5 6115/2/5
f 6119/2/5 6113/2/5 6112/2/5
f 6120/2/5 6113/2/5 6119/2/5
f 6121/2/5 6117/2/5 6116/2/5
f 6122/2/5 6117/2/5 6121/2/5
f 6125/2/5 6119/2/5 6118/2/5
f 6126/2/5 6119/2/5 6125/2/5
f 6127/2/5 6123/2/5 6122/2/5
f 6128/2/5 6123/2/5 6127/2/5
f 6131/2/5 6125/2/5 6124/2/5
f 6132/2/5 6125/2/5 6131/2/5
f 6133/2/5 6129/2/5 6128/2/5
f 6134/2/5 6129/2/5 6133/2/5
f 6137/2/5 6131/2/5 6130/2/5
f 6138/2/5 6131/2/5 6137/2/5
f 6139/2/5 6135/2/5 6134/2/5
f 6140/2/5 6135/2/5 6139/2/5
f 6143/2/5 6137/2/5 6136/2/5
f 6144/2/5 6137/2/5 6143/2/5
f 6145/3/5 6141/3/5 6140/3/5
f 6148/3/5 6143/3/5 6142/3/5
f 6149/3/5 6146/3/5 6145/3/5
f 6152/3/5 6148/3/5 6147/3/5
f 6153/3/5 6150/3/5 6149/3/5
f 6153/3/5 6145/3/5 6140/3/5
f 6153/3/5 6149/3/5 6145/3/5
f 6154/3/5 6150/3/5 6153/3/5
f 6155/3/5 6150/3/5 6154/3/5
f 6158/3/5 6152/3/5 6151/3/5
f 6159/3/5 6156/3/5 6155/3/5
f 6159/3/5 6155/3/5 6154/3/5
f 6160/3/5 6158/3/5 6157/3/5
f 6169/4/5 6162/4/5 6161/4/5
f 6170/4/5 6162/4/5 6169/4/5
f 6171/4/5 6164/4/5 6163/4/5
f 6172/4/5 6164/4/5 6171/4/5
f 6173/4/5 6166/4/5 6165/4/5
f 6174/4/5 6166/4/5 6173/4/5
f 6175/4/5 6168/4/5 6167/4/5
f 6176/4/5 6168/4/5 6175/4/5
f 6185/4/5 6178/4/5 6177/4/5
f 6186/4/5 6178/4/5 6185/4/5
f 6187/4/5 6180/4/5 6179/4/5
f 6188/4/5 6180/4/5 6187/4/5
f 6189/4/5 6182/4/5 6181/4/5
f 6190/4/5 6182/4/5 6189/4/5
f 6191/4/5 6184/4/5 6183/4/5
f 6192/4/5 6184/4/5 6191/4/5
f 6193/3/5 6160/3/5 6159/3/5
f 6193/3/5 6159/3/5 6154/3/5
f 6194/3/5 6158/3/5 6160/3/5
f 6194/3/5 6160/3/5 6193/3/5
f 6194/3/5 6148/3/5 6152/3/5
f 6194/3/5 6152/3/5 6158/3/5
f 6195/3/5 6193/3/5 6154/3/5
f 6195/2/5 6194/2/5 6193/2/5
f 6196/3/5 6148/3/5 6194/3/5
f 6196/2/5 6194/2/5 6195/2/5
f 6197/3/5 6195/3/5 6154/3/5
f 6197/3/5 6196/3/5 6195/3/5
f 6198/3/5 6148/3/5 6196/3/5
f 6198/3/5 6196/3/5 6197/3/5
f 6198/3/5 6143/3/5 6148/3/5
f 6203/3/5 6200/3/5 6199/3/5
f 6204/3/5 6200/3/5 6203/3/5
f 6205/3/5 6202/3/5 6201/3/5
f 6206/3/5 6202/3/5 6205/3/5
f 6207/3/5 6203/3/5 6199/3/5
f 6208/3/5 6200/3/5 6204/3/5
f 6209/3/5 6205/3/5 6201/3/5
f 6210/3/5 6202/3/5 6206/3/5
f 6211/3/5 6208/3/5 6207/3/5
f 6211/3/5 6200/3/5 6208/3/5
f 6212/3/5 6200/3/5 6211/3/5
f 6213/3/5 6209/3/5 6201/3/5
f 6213/3/5 6210/3/5 6209/3/5
f 6214/3/5 6210/3/5 6213/3/5
f 6215/3/5 6211/3/5 6207/3/5
f 6216/3/5 6211/3/5 6215/3/5
f 6217/3/5 6210/3/5 6214/3/5
f 6218/3/5 6210/3/5 6217/3/5
f 6219/3/5 6215/3/5 6207/3/5
f 6220/3/5 6215/3/5 6219/3/5
f 6221/3/5 6210/3/5 6218/3/5
f 6222/3/5 6210/3/5 6221/3/5
f 6223/3/5 6219/3/5 6207/3/5
f 6224/3/5 6219/3/5 6223/3/5
f 6225/3/5 6210/3/5 6222/3/5
f 6226/3/5 6210/3/5 6225/3/5
f 6227/3/5 6223/3/5 6207/3/5
f 6228/3/5 6223/3/5 6227/3/5
f 6229/3/5 6210/3/5 6226/3/5
f 6230/3/5 6210/3/5 6229/3/5
f 6231/3/5 6227/3/5 6207/3/5
f 6232/3/5 6227/3/5 6231/3/5
f 6233/3/5 6210/3/5 6230/3/5
f 6234/3/5 6210/3/5 6233/3/5
f 6235/3/5 6231/3/5 6207/3/5
f 6238/3/5 6210/3/5 6234/3/5
f 6239/3/5 6236/3/5 6235/3/5
f 6242/3/5 6238/3/5 6237/3/5
f 6243/3/5 6240/3/5 6239/3/5
f 6246/3/5 6242/3/5 6241/3/5
f 6247/3/5 6244/3/5 6243/3/5
f 6250/3/5 6246/3/5 6245/3/5
f 6251/3/5 6248/3/5 6247/3/5
f 6254/3/5 6250/3/5 6249/3/5
f 6255/3/5 6252/3/5 6251/3/5
f 6258/3/5 6254/3/5 6253/3/5
f 6259/3/5 6256/3/5 6255/3/5
f 6261/3/5 6207/3/5 6199/3/5
f 6261/3/5 6260/3/5 6259/3/5
f 6261/3/5 6259/3/5 6255/3/5
f 6261/3/5 6235/3/5 6207/3/5
f 6261/3/5 6239/3/5 6235/3/5
f 6261/3/5 6255/3/5 6251/3/5
f 6261/3/5 6243/3/5 6239/3/5
f 6261/3/5 6247/3/5 6243/3/5
f 6261/3/5 6251/3/5 6247/3/5
f 6262/3/5 6260/3/5 6261/3/5
f 6263/3/5 6254/3/5 6258/3/5
f 6263/3/5 6258/3/5 6257/3/5
f 6263/3/5 6210/3/5 6238/3/5
f 6263/3/5 6250/3/5 6254/3/5
f 6263/3/5 6238/3/5 6242/3/5
f 6263/3/5 6246/3/5 6250/3/5
f 6263/3/5 6242/3/5 6246/3/5
f 6264/3/5 6202/3/5 6210/3/5
f 6264/3/5 6210/3/5 6263/3/5
f 6265/3/5 6261/3/5 6199/3/5
f 6266/3/5 6260/3/5 6262/3/5
f 6267/3/5 6263/3/5 6257/3/5
f 6268/3/5 6202/3/5 6264/3/5
f 6269/3/5 6265/3/5 6199/3/5
f 6269/3/5 6266/3/5 6265/3/5
f 6270/3/5 6260/3/5 6266/3/5
f 6270/3/5 6266/3/5 6269/3/5
f 6271/3/5 6268/3/5 6267/3/5
f 6271/3/5 6267/3/5 6257/3/5
f 6272/3/5 6202/3/5 6268/3/5
f 6272/3/5 6268/3/5 6271/3/5
f 6277/3/5 6274/3/5 6273/3/5
f 6278/3/5 6274/3/5 6277/3/5
f 6279/3/5 6276/3/5 6275/3/5
f 6280/3/5 6276/3/5 6279/3/5
f 6281/2/6 6282/2/6 6334/2/6
f 6331/2/6 6332/2/6 6335/2/6
f 6333/2/6 6334/2/6 6337/2/6
f 6334/2/6 6282/2/6 6337/2/6
f 6337/2/6 6282/2/6 6338/2/6
f 6283/2/6 6284/2/6 6339/2/6
f 6339/2/6 6284/2/6 6340/2/6
f 6285/2/6 6286/2/6 6341/2/6
f 6341/2/6 6286/2/6 6342/2/6
f 6287/2/6 6288/2/6 6343/2/6
f 6343/2/6 6288/2/6 6344/2/6
f 6289/2/6 6290/2/6 6345/2/6
f 6345/2/6 6290/2/6 6346/2/6
f 6291/2/6 6292/2/6 6347/2/6
f 6347/2/6 6292/2/6 6348/2/6
f 6293/2/6 6294/2/6 6349/2/6
f 6349/2/6 6294/2/6 6350/2/6
f 6295/2/6 6296/2/6 6351/2/6
f 6351/2/6 6296/2/6 6352/2/6
f 6297/2/6 6298/2/6 6353/2/6
f 6353/2/6 6298/2/6 6354/2/6
f 6299/2/6 6300/2/6 6355/2/6
f 6355/2/6 6300/2/6 6356/2/6
f 6301/2/6 6302/2/6 6357/2/6
f 6357/2/6 6302/2/6 6358/2/6
f 6303/2/6 6304/2/6 6359/2/6
f 6359/2/6 6304/2/6 6360/2/6
f 6305/2/6 6306/2/6 6361/2/6
f 6361/2/6 6306/2/6 6362/2/6
f 6307/2/6 6308/2/6 6363/2/6
f 6363/2/6 6308/2/6 6364/2/6
f 6309/2/6 6310/2/6 6365/2/6
f 6365/2/6 6310/2/6 6366/2/6
f 6311/2/6 6312/2/6 6367/2/6
f 6367/2/6 6312/2/6 6368/2/6
f 6313/2/6 6314/2/6 6369/2/6
f 6369/2/6 6314/2/6 6370/2/6
f 6315/2/6 6316/2/6 6371/2/6
f 6371/2/6 6316/2/6 6372/2/6
f 6317/2/6 6318/2/6 6373/2/6
f 6373/2/6 6318/2/6 6374/2/6
f 6319/2/6 6320/2/6 6375/2/6
f 6375/2/6 6320/2/6 6376/2/6
f 6321/2/6 6322/2/6 6377/2/6
f 6377/2/6 6322/2/6 6378/2/6
f 6323/2/6 6324/2/6 6379/2/6
f 6379/2/6 6324/2/6 6380/2/6
f 6325/2/6 6326/2/6 6381/2/6
f 6381/2/6 6326/2/6 6382/2/6
f 6327/2/6 6328/2/6 6383/2/6
f 6383/2/6 6328/2/6 6384/2/6
f 6329/2/6 6330/2/6 6385/2/6
f 6385/2/6 6330/2/6 6386/2/6
f 6335/2/6 6336/2/6 6387/2/6
f 6331/2/6 6335/2/6 6387/2/6
f 6387/2/6 6336/2/6 6388/2/6
f 6333/2/6 6337/2/6 6389/2/6
f 6389/2/6 6337/2/6 6390/2/6
f 6388/2/6 6336/2/6 6391/2/6
f 6391/2/6 6336/2/6 6392/2/6
f 6392/2/6 6336/2/6 6393/2/6
f 6394/2/6 6395/2/6 6396/2/6
f 6396/2/6 6395/2/6 6397/2/6
f 6398/2/6 6399/2/6 6400/2/6
f 6400/2/6 6399/2/6 6401/2/6
f 6402/2/6 6403/2/6 6404/2/6
f 6404/2/6 6403/2/6 6405/2/6
f 6406/2/6 6407/2/6 6408/2/6
f 6408/2/6 6407/2/6 6409/2/6
f 6410/2/6 6411/2/6 6414/2/6
f 6414/2/6 6411/2/6 6415/2/6
f 6412/2/6 6413/2/6 6416/2/6
f 6416/2/6 6413/2/6 6417/2/6
f 6418/2/6 6419/2/6 6421/2/6
f 6421/2/6 6419/2/6 6422/2/6
f 6420/2/6 6421/2/6 6425/2/6
f 6422/2/6 6423/2/6 6426/2/6
f 6424/2/6 6425/2/6 6429/2/6
f 6425/2/6 6421/2/6 6430/2/6
f 6429/2/6 6425/2/6 6430/2/6
f 6426/2/6 6427/2/6 6431/2/6
f 6422/2/6 6426/2/6 6431/2/6
f 6431/2/6 6427/2/6 6432/2/6
f 6428/2/6 6429/2/6 6435/2/6
f 6432/2/6 6433/2/6 6436/2/6
f 6434/2/6 6435/2/6 6439/2/6
f 6435/2/6 6429/2/6 6440/2/6
f 6439/2/6 6435/2/6 6440/2/6
f 6436/2/6 6437/2/6 6441/2/6
f 6432/2/6 6436/2/6 6441/2/6
f 6441/2/6 6437/2/6 6442/2/6
f 6438/2/6 6439/2/6 6445/2/6
f 6445/2/6 6439/2/6 6446/2/6
f 6442/2/6 6443/2/6 6447/2/6
f 6447/2/6 6448/2/6 6449/2/6
f 6442/2/6 6447/2/6 6449/2/6
f 6449/2/6 6448/2/6 6450/2/6
f 6450/2/6 6451/2/6 6459/2/6
f 6456/2/6 6457/2/6 6466/2/6
f 6458/2/6 6459/2/6 6468/2/6
f 6468/2/6 6459/2/6 6469/2/6
f 6459/2/6 6451/2/6 6470/2/6
f 6469/2/6 6459/2/6 6470/2/6
f 6464/2/6 6465/2/6 6471/2/6
f 6460/2/6 6461/2/6 6471/2/6
f 6461/2/6 6462/2/6 6471/2/6
f 6462/2/6 6463/2/6 6471/2/6
f 6463/2/6 6464/2/6 6471/2/6
f 6471/2/6 6465/2/6 6472/2/6
f 6472/2/6 6465/2/6 6473/2/6
f 6473/2/6 6465/2/6 6474/2/6
f 6474/2/6 6465/2/6 6475/2/6
f 6452/2/6 6453/2/6 6476/2/6
f 6476/2/6 6453/2/6 6477/2/6
f 6454/2/6 6455/2/6 6478/2/6
f 6478/2/6 6455/2/6 6479/2/6
f 6466/2/6 6467/2/6 6480/2/6
f 6456/2/6 6466/2/6 6480/2/6
f 6480/2/6 6467/2/6 6481/2/6
f 6444/2/6 6445/2/6 6482/2/6
f 6482/2/6 6445/2/6 6483/2/6
f 6481/2/6 6467/2/6 6484/2/6
f 6484/2/6 6467/2/6 6485/2/6
f 6486/4/6 6487/4/6 6492/4/6
f 6492/4/6 6487/4/6 6493/4/6
f 6488/4/6 6489/4/6 6494/4/6
f 6494/4/6 6489/4/6 6495/4/6
f 6490/4/6 6491/4/6 6496/4/6
f 6496/4/6 6491/4/6 6497/4/6
f 6498/2/6 6499/2/6 6500/2/6
f 6500/2/6 6499/2/6 6501/2/6
f 6502/2/6 6503/2/6 6508/2/6
f 6508/2/6 6503/2/6 6509/2/6
f 6504/9/6 6505/9/6 6510/9/6
f 6510/9/6 6505/9/6 6511/9/6
f 6506/9/6 6507/9/6 6512/9/6
f 6512/9/6 6507/9/6 6513/9/6
f 6514/2/6 6515/2/6 6517/2/6
f 6517/2/6 6515/2/6 6518/2/6
f 6518/2/6 6515/2/6 6519/2/6
f 6519/2/6 6515/2/6 6520/2/6
f 6520/2/6 6515/2/6 6521/2/6
f 6521/2/6 6515/2/6 6522/2/6
f 6516/2/6 6517/2/6 6525/2/6
f 6518/1/6 6519/1/6 6526/1/6
f 6526/1/6 6519/1/6 6527/1/6
f 6520/1/6 6521/1/6 6528/1/6
f 6528/1/6 6521/1/6 6529/1/6
f 6522/2/6 6523/2/6 6530/2/6
f 6524/2/6 6525/2/6 6533/2/6
f 6525/2/6 6517/2/6 6534/2/6
f 6533/2/6 6525/2/6 6534/2/6
f 6534/2/6 6517/2/6 6535/2/6
f 6535/2/6 6517/2/6 6536/2/6
f 6530/2/6 6531/2/6 6537/2/6
f 6522/2/6 6530/2/6 6537/2/6
f 6537/2/6 6531/2/6 6538/2/6
f 6534/1/6 6535/1/6 6540/1/6
f 6540/1/6 6535/1/6 6541/1/6
f 6538/2/6 6539/2/6 6542/2/6
f 6532/2/6 6533/2/6 6545/2/6
f 6545/2/6 6533/2/6 6546/2/6
f 6542/2/6 6543/2/6 6547/2/6
f 6538/2/6 6542/2/6 6547/2/6
f 6547/2/6 6543/2/6 6548/2/6
f 6544/2/6 6545/2/6 6551/2/6
f 6551/2/6 6545/2/6 6552/2/6
f 6548/2/6 6549/2/6 6553/2/6
f 6553/2/6 6554/2/6 6555/2/6
f 6548/2/6 6553/2/6 6555/2/6
f 6555/2/6 6554/2/6 6556/2/6
f 6556/2/6 6557/2/6 6567/2/6
f 6562/2/6 6563/2/6 6574/2/6
f 6564/6/6 6565/6/6 6576/6/6
f 6565/5/6 6566/5/6 6577/5/6
f 6576/6/6 6565/6/6 6577/6/6
f 6566/7/6 6567/7/6 6578/7/6
f 6577/5/6 6566/5/6 6578/5/6
f 6578/7/6 6567/7/6 6579/7/6
f 6567/2/6 6557/2/6 6580/2/6
f 6579/7/6 6567/7/6 6580/7/6
f 6580/2/6 6557/2/6 6581/2/6
f 6572/2/6 6573/2/6 6582/2/6
f 6568/2/6 6569/2/6 6582/2/6
f 6569/2/6 6570/2/6 6582/2/6
f 6570/2/6 6571/2/6 6582/2/6
f 6571/2/6 6572/2/6 6582/2/6
f 6582/2/6 6573/2/6 6583/2/6
f 6583/2/6 6573/2/6 6584/2/6
f 6584/2/6 6573/2/6 6585/2/6
f 6585/2/6 6573/2/6 6586/2/6
f 6558/2/6 6559/2/6 6587/2/6
f 6587/2/6 6559/2/6 6588/2/6
f 6560/2/6 6561/2/6 6589/2/6
f 6589/2/6 6561/2/6 6590/2/6
f 6574/2/6 6575/2/6 6591/2/6
f 6562/2/6 6574/2/6 6591/2/6
f 6591/2/6 6575/2/6 6592/2/6
f 6550/2/6 6551/2/6 6593/2/6
f 6593/2/6 6551/2/6 6594/2/6
f 6592/2/6 6575/2/6 6595/2/6
f 6595/2/6 6575/2/6 6596/2/6
f 6597/4/6 6598/4/6 6603/4/6
f 6603/4/6 6598/4/6 6604/4/6
f 6599/4/6 6600/4/6 6605/4/6
f 6605/4/6 6600/4/6 6606/4/6
f 6601/4/6 6602/4/6 6607/4/6
f 6607/4/6 6602/4/6 6608/4/6
f 6609/2/6 6610/2/6 6611/2/6
f 6611/2/6 6610/2/6 6612/2/6
f 6613/4/6 6614/4/6 6615/4/6
f 6615/4/6 6614/4/6 6616/4/6
f 6617/4/6 6618/4/6 6621/4/6
f 6621/4/6 6618/4/6 6622/4/6
f 6619/4/6 6620/4/6 6623/4/6
f 6623/4/6 6620/4/6 6624/4/6
f 6625/2/6 6626/2/6 6627/2/6
f 6627/2/6 6626/2/6 6628/2/6
f 6629/4/6 6630/4/6 6633/4/6
f 6633/4/6 6630/4/6 6634/4/6
f 6631/2/6 6632/2/6 6635/2/6
f 6635/2/6 6632/2/6 6636/2/6
f 6637/2/6 6638/2/6 6639/2/6
f 6639/2/6 6638/2/6 6640/2/6
f 6641/4/6 6642/4/6 6643/4/6
f 6643/4/6 6642/4/6 6644/4/6
f 6645/4/6 6646/4/6 6649/4/6
f 6649/4/6 6646/4/6 6650/4/6
f 6647/4/6 6648/4/6 6651/4/6
f 6651/4/6 6648/4/6 6652/4/6
f 6655/2/6 6656/2/6 6657/2/6
f 6657/2/6 6656/2/6 6658/2/6
f 6653/2/6 6654/2/6 6659/2/6
f 6659/2/6 6654/2/6 6660/2/6
f 6661/4/6 6662/4/6 6663/4/6
f 6663/4/6 6662/4/6 6664/4/6
f 6665/2/6 6666/2/6 6669/2/6
f 6669/2/6 6666/2/6 6670/2/6
f 6667/2/6 6668/2/6 6671/2/6
f 6671/2/6 6668/2/6 6672/2/6
f 6673/2/6 6674/2/6 6676/2/6
f 6676/2/6 6674/2/6 6677/2/6
f 6675/2/6 6676/2/6 6680/2/6
f 6677/2/6 6678/2/6 6681/2/6
f 6679/2/6 6680/2/6 6684/2/6
f 6680/2/6 6676/2/6 6685/2/6
f 6684/2/6 6680/2/6 6685/2/6
f 6681/2/6 6682/2/6 6686/2/6
f 6677/2/6 6681/2/6 6686/2/6
f 6686/2/6 6682/2/6 6687/2/6
f 6687/2/6 6688/2/6 6689/2/6
f 6683/2/6 6684/2/6 6692/2/6
f 6692/2/6 6684/2/6 6693/2/6
f 6689/2/6 6690/2/6 6694/2/6
f 6687/2/6 6689/2/6 6694/2/6
f 6694/2/6 6690/2/6 6695/2/6
f 6691/2/6 6692/2/6 6698/2/6
f 6698/2/6 6692/2/6 6699/2/6
f 6695/2/6 6696/2/6 6700/2/6
f 6700/2/6 6701/2/6 6708/2/6
f 6695/2/6 6700/2/6 6708/2/6
f 6708/2/6 6701/2/6 6709/2/6
f 6702/2/6 6703/2/6 6715/2/6
f 6704/2/6 6705/2/6 6716/2/6
f 6716/2/6 6705/2/6 6717/2/6
f 6706/2/6 6707/2/6 6718/2/6
f 6718/2/6 6707/2/6 6719/2/6
f 6719/2/6 6707/2/6 6720/2/6
f 6709/2/6 6710/2/6 6721/2/6
f 6713/2/6 6714/2/6 6722/2/6
f 6716/2/6 6717/2/6 6724/2/6
f 6702/2/6 6715/2/6 6724/2/6
f 6715/2/6 6716/2/6 6724/2/6
f 6717/2/6 6718/2/6 6724/2/6
f 6724/2/6 6718/2/6 6725/2/6
f 6720/2/6 6721/2/6 6726/2/6
f 6719/2/6 6720/2/6 6726/2/6
f 6726/2/6 6721/2/6 6727/2/6
f 6721/2/6 6710/2/6 6728/2/6
f 6727/2/6 6721/2/6 6728/2/6
f 6711/2/6 6712/2/6 6729/2/6
f 6729/2/6 6712/2/6 6730/2/6
f 6722/2/6 6723/2/6 6731/2/6
f 6713/2/6 6722/2/6 6731/2/6
f 6731/2/6 6723/2/6 6732/2/6
f 6697/2/6 6698/2/6 6733/2/6
f 6733/2/6 6698/2/6 6734/2/6
f 6732/2/6 6723/2/6 6735/2/6
f 6735/2/6 6723/2/6 6736/2/6
f 6737/4/6 6738/4/6 6739/4/6
f 6739/4/6 6738/4/6 6740/4/6
f 6741/1/6 6742/1/6 6743/1/6
f 6743/1/6 6742/1/6 6744/1/6
f 6744/1/6 6742/1/6 6745/1/6
f 6745/1/6 6746/1/6 6747/1/6
f 6744/1/6 6745/1/6 6747/1/6
f 6747/1/6 6746/1/6 6748/1/6
f 6749/2/6 6750/2/6 6752/2/6
f 6752/2/6 6750/2/6 6753/2/6
f 6751/2/6 6752/2/6 6756/2/6
f 6756/2/6 6752/2/6 6757/2/6
f 6753/2/6 6754/2/6 6758/2/6
f 6758/2/6 6754/2/6 6759/2/6
f 6755/2/6 6756/2/6 6762/2/6
f 6762/2/6 6756/2/6 6763/2/6
f 6759/2/6 6760/2/6 6764/2/6
f 6764/2/6 6760/2/6 6765/2/6
f 6761/2/6 6762/2/6 6767/2/6
f 6767/2/6 6762/2/6 6768/2/6
f 6766/2/6 6767/2/6 6772/2/6
f 6772/2/6 6767/2/6 6773/2/6
f 6769/2/6 6770/2/6 6774/2/6
f 6774/2/6 6770/2/6 6775/2/6
f 6771/2/6 6772/2/6 6777/2/6
f 6777/2/6 6772/2/6 6778/2/6
f 6776/2/6 6777/2/6 6782/2/6
f 6782/2/6 6777/2/6 6783/2/6
f 6779/2/6 6780/2/6 6784/2/6
f 6784/2/6 6780/2/6 6785/2/6
f 6786/2/6 6787/2/6 6788/2/6
f 6788/2/6 6787/2/6 6789/2/6
f 6789/2/6 6787/2/6 6790/2/6
f 6790/2/6 6791/2/6 6792/2/6
f 6789/2/6 6790/2/6 6792/2/6
f 6792/2/6 6791/2/6 6793/2/6
f 6781/2/6 6782/2/6 6794/2/6
f 6794/2/6 6782/2/6 6795/2/6
f 6793/2/6 6791/2/6 6798/2/6
f 6798/2/6 6791/2/6 6799/2/6
f 6796/4/6 6797/4/6 6802/4/6
f 6802/4/6 6797/4/6 6803/4/6
f 6800/2/6 6801/2/6 6806/2/6
f 6806/2/6 6801/2/6 6807/2/6
f 6804/2/6 6805/2/6 6808/2/6
f 6808/2/6 6805/2/6 6809/2/6
f 6807/2/6 6808/2/6 6810/2/6
f 6810/2/6 6808/2/6 6811/2/6
f 6812/2/6 6813/2/6 6815/2/6
f 6815/2/6 6813/2/6 6816/2/6
f 6814/2/6 6815/2/6 6819/2/6
f 6816/2/6 6817/2/6 6819/2/6
f 6815/2/6 6816/2/6 6819/2/6
f 6819/2/6 6817/2/6 6820/2/6
f 6818/2/6 6819/2/6 6823/2/6
f 6820/2/6 6821/2/6 6823/2/6
f 6819/2/6 6820/2/6 6823/2/6
f 6822/2/6 6823/2/6 6825/2/6
f 6823/2/6 6821/2/6 6826/2/6
f 6825/2/6 6823/2/6 6826/2/6
f 6824/2/6 6825/2/6 6829/2/6
f 6826/2/6 6827/2/6 6829/2/6
f 6825/2/6 6826/2/6 6829/2/6
f 6828/2/6 6829/2/6 6831/2/6
f 6829/2/6 6827/2/6 6832/2/6
f 6831/2/6 6829/2/6 6832/2/6
f 6830/2/6 6831/2/6 6834/2/6
f 6832/2/6 6833/2/6 6834/2/6
f 6831/2/6 6832/2/6 6834/2/6
f 6834/2/6 6835/2/6 6836/2/6
f 6830/2/6 6834/2/6 6838/2/6
f 6836/2/6 6837/2/6 6838/2/6
f 6834/2/6 6836/2/6 6838/2/6
f 6838/2/6 6837/2/6 6839/2/6
f 6840/2/6 6841/2/6 6842/2/6
f 6842/2/6 6841/2/6 6843/2/6
f 6840/2/6 6842/2/6 6844/2/6
f 6844/2/6 6842/2/6 6845/2/6
f 6843/2/6 6841/2/6 6846/2/6
f 6846/2/6 6841/2/6 6847/2/6
f 6840/2/6 6844/2/6 6848/2/6
f 6848/2/6 6844/2/6 6849/2/6
f 6847/2/6 6841/2/6 6850/2/6
f 6850/2/6 6841/2/6 6851/2/6
f 6840/2/6 6848/2/6 6852/2/6
f 6852/2/6 6848/2/6 6853/2/6
f 6851/2/6 6841/2/6 6854/2/6
f 6854/2/6 6841/2/6 6855/2/6
f 6840/2/6 6852/2/6 6856/2/6
f 6856/2/6 6852/2/6 6857/2/6
f 6855/2/6 6841/2/6 6858/2/6
f 6858/2/6 6841/2/6 6859/2/6
f 6840/2/6 6856/2/6 6860/2/6
f 6860/2/6 6856/2/6 6861/2/6
f 6859/2/6 6841/2/6 6862/2/6
f 6862/2/6 6841/2/6 6863/2/6
f 6840/2/6 6860/2/6 6864/2/6
f 6864/2/6 6860/2/6 6865/2/6
f 6863/2/6 6841/2/6 6866/2/6
f 6866/2/6 6841/2/6 6867/2/6
f 6840/2/6 6864/2/6 6868/2/6
f 6868/2/6 6864/2/6 6869/2/6
f 6867/2/6 6841/2/6 6870/2/6
f 6870/2/6 6841/2/6 6871/2/6
f 6840/2/6 6868/2/6 6872/2/6
f 6872/2/6 6868/2/6 6873/2/6
f 6871/2/6 6841/2/6 6874/2/6
f 6874/2/6 6841/2/6 6875/2/6
f 6840/2/6 6872/2/6 6876/2/6
f 6876/2/6 6872/2/6 6877/2/6
f 6875/2/6 6841/2/6 6878/2/6
f 6878/2/6 6841/2/6 6879/2/6
f 6840/2/6 6876/2/6 6880/2/6
f 6880/2/6 6876/2/6 6881/2/6
f 6879/2/6 6841/2/6 6882/2/6
f 6882/2/6 6841/2/6 6883/2/6
f 6840/2/6 6880/2/6 6884/2/6
f 6884/2/6 6880/2/6 6885/2/6
f 6883/2/6 6841/2/6 6886/2/6
f 6886/2/6 6841/2/6 6887/2/6
f 6840/2/6 6884/2/6 6888/2/6
f 6888/2/6 6884/2/6 6889/2/6
f 6887/2/6 6841/2/6 6890/2/6
f 6890/2/6 6841/2/6 6891/2/6
f 6840/2/6 6888/2/6 6892/2/6
f 6892/2/6 6888/2/6 6893/2/6
f 6891/2/6 6841/2/6 6894/2/6
f 6894/2/6 6841/2/6 6895/2/6
f 6840/2/6 6892/2/6 6896/2/6
f 6896/2/6 6892/2/6 6897/2/6
f 6895/2/6 6841/2/6 6898/2/6
f 6898/2/6 6841/2/6 6899/2/6
f 6840/2/6 6896/2/6 6900/2/6
f 6900/2/6 6896/2/6 6901/2/6
f 6899/2/6 6841/2/6 6902/2/6
f 6902/2/6 6841/2/6 6903/2/6
f 6840/2/6 6900/2/6 6904/2/6
f 6904/2/6 6900/2/6 6905/2/6
f 6903/2/6 6841/2/6 6906/2/6
f 6906/2/6 6841/2/6 6907/2/6
f 6840/2/6 6904/2/6 6908/2/6
f 6908/2/6 6904/2/6 6909/2/6
f 6907/2/6 6841/2/6 6910/2/6
f 6910/2/6 6841/2/6 6911/2/6
f 6840/2/6 6908/2/6 6912/2/6
f 6911/2/6 6841/2/6 6915/2/6
f 6912/2/6 6913/2/6 6916/2/6
f 6914/2/6 6915/2/6 6919/2/6
f 6916/2/6 6917/2/6 6920/2/6
f 6918/2/6 6919/2/6 6923/2/6
f 6920/2/6 6921/2/6 6924/2/6
f 6922/2/6 6923/2/6 6927/2/6
f 6924/2/6 6925/2/6 6928/2/6
f 6926/2/6 6927/2/6 6931/2/6
f 6928/2/6 6929/2/6 6932/2/6
f 6930/2/6 6931/2/6 6935/2/6
f 6932/2/6 6933/2/6 6936/2/6
f 6934/2/6 6935/2/6 6939/2/6
f 6936/2/6 6937/2/6 6940/2/6
f 6938/2/6 6939/2/6 6943/2/6
f 6940/2/6 6941/2/6 6944/2/6
f 6942/2/6 6943/2/6 6947/2/6
f 6944/2/6 6945/2/6 6948/2/6
f 6946/2/6 6947/2/6 6951/2/6
f 6948/2/6 6949/2/6 6952/2/6
f 6950/2/6 6951/2/6 6955/2/6
f 6952/2/6 6953/2/6 6956/2/6
f 6954/2/6 6955/2/6 6959/2/6
f 6956/2/6 6957/2/6 6960/2/6
f 6958/2/6 6959/2/6 6963/2/6
f 6960/2/6 6961/2/6 6964/2/6
f 6962/2/6 6963/2/6 6967/2/6
f 6964/2/6 6965/2/6 6968/2/6
f 6966/2/6 6967/2/6 6971/2/6
f 6968/2/6 6969/2/6 6972/2/6
f 6970/2/6 6971/2/6 6975/2/6
f 6972/2/6 6973/2/6 6976/2/6
f 6974/2/6 6975/2/6 6979/2/6
f 6976/2/6 6977/2/6 6980/2/6
f 6978/2/6 6979/2/6 6981/2/6
f 6976/2/6 6980/2/6 6982/2/6
f 6980/2/6 6981/2/6 6982/2/6
f 6840/2/6 6912/2/6 6982/2/6
f 6912/2/6 6916/2/6 6982/2/6
f 6916/2/6 6920/2/6 6982/2/6
f 6920/2/6 6924/2/6 6982/2/6
f 6972/2/6 6976/2/6 6982/2/6
f 6924/2/6 6928/2/6 6982/2/6
f 6928/2/6 6932/2/6 6982/2/6
f 6968/2/6 6972/2/6 6982/2/6
f 6932/2/6 6936/2/6 6982/2/6
f 6936/2/6 6940/2/6 6982/2/6
f 6964/2/6 6968/2/6 6982/2/6
f 6940/2/6 6944/2/6 6982/2/6
f 6944/2/6 6948/2/6 6982/2/6
f 6960/2/6 6964/2/6 6982/2/6
f 6948/2/6 6952/2/6 6982/2/6
f 6952/2/6 6956/2/6 6982/2/6
f 6956/2/6 6960/2/6 6982/2/6
f 6981/2/6 6979/2/6 6983/2/6
f 6982/2/6 6981/2/6 6983/2/6
f 6915/2/6 6841/2/6 6983/2/6
f 6979/2/6 6975/2/6 6983/2/6
f 6959/2/6 6955/2/6 6983/2/6
f 6955/2/6 6951/2/6 6983/2/6
f 6919/2/6 6915/2/6 6983/2/6
f 6923/2/6 6919/2/6 6983/2/6
f 6951/2/6 6947/2/6 6983/2/6
f 6975/2/6 6971/2/6 6983/2/6
f 6963/2/6 6959/2/6 6983/2/6
f 6947/2/6 6943/2/6 6983/2/6
f 6927/2/6 6923/2/6 6983/2/6
f 6931/2/6 6927/2/6 6983/2/6
f 6943/2/6 6939/2/6 6983/2/6
f 6971/2/6 6967/2/6 6983/2/6
f 6967/2/6 6963/2/6 6983/2/6
f 6939/2/6 6935/2/6 6983/2/6
f 6935/2/6 6931/2/6 6983/2/6
f 6984/2/6 6985/2/6 6986/2/6
f 6986/2/6 6985/2/6 6987/2/6
f 6988/2/6 6989/2/6 6992/2/6
f 6992/2/6 6989/2/6 6993/2/6
f 6990/2/6 6991/2/6 6994/2/6
f 6994/2/6 6991/2/6 6995/2/6
f 6996/2/6 6997/2/6 6998/2/6
f 6998/2/6 6997/2/6 6999/2/6
f 7000/2/6 7001/2/6 7003/2/6
f 7003/2/6 7001/2/6 7004/2/6
f 7004/2/6 7001/2/6 7005/2/6
f 7005/2/6 7001/2/6 7006/2/6
f 7002/2/6 7003/2/6 7009/2/6
f 7003/2/6 7004/2/6 7009/2/6
f 7009/2/6 7004/2/6 7010/2/6
f 7010/2/6 7004/2/6 7011/2/6
f 7005/2/6 7006/2/6 7012/2/6
f 7006/2/6 7007/2/6 7012/2/6
f 7012/2/6 7007/2/6 7013/2/6
f 7013/2/6 7007/2/6 7014/2/6
f 7009/2/6 7010/2/6 7017/2/6
f 7008/2/6 7009/2/6 7017/2/6
f 7017/2/6 7010/2/6 7018/2/6
f 7018/2/6 7010/2/6 7019/2/6
f 7014/2/6 7015/2/6 7020/2/6
f 7013/2/6 7014/2/6 7020/2/6
f 7020/2/6 7015/2/6 7021/2/6
f 7021/2/6 7015/2/6 7022/2/6
f 7017/2/6 7018/2/6 7025/2/6
f 7016/2/6 7017/2/6 7025/2/6
f 7025/2/6 7018/2/6 7026/2/6
f 7026/2/6 7018/2/6 7027/2/6
f 7022/2/6 7023/2/6 7028/2/6
f 7021/2/6 7022/2/6 7028/2/6
f 7028/2/6 7023/2/6 7029/2/6
f 7029/2/6 7023/2/6 7030/2/6
f 7025/2/6 7026/2/6 7033/2/6
f 7024/2/6 7025/2/6 7033/2/6
f 7033/2/6 7026/2/6 7034/2/6
f 7034/2/6 7026/2/6 7035/2/6
f 7030/2/6 7031/2/6 7036/2/6
f 7029/2/6 7030/2/6 7036/2/6
f 7036/2/6 7031/2/6 7037/2/6
f 7037/2/6 7031/2/6 7038/2/6
f 7033/2/6 7034/2/6 7041/2/6
f 7032/2/6 7033/2/6 7041/2/6
f 7041/2/6 7034/2/6 7042/2/6
f 7042/2/6 7034/2/6 7043/2/6
f 7038/2/6 7039/2/6 7044/2/6
f 7037/2/6 7038/2/6 7044/2/6
f 7044/2/6 7039/2/6 7045/2/6
f 7045/2/6 7039/2/6 7046/2/6
f 7041/2/6 7042/2/6 7049/2/6
f 7040/2/6 7041/2/6 7049/2/6
f 7049/2/6 7042/2/6 7050/2/6
f 7050/2/6 7042/2/6 7051/2/6
f 7046/2/6 7047/2/6 7052/2/6
f 7045/2/6 7046/2/6 7052/2/6
f 7052/2/6 7047/2/6 7053/2/6
f 7053/2/6 7047/2/6 7054/2/6
f 7049/2/6 7050/2/6 7057/2/6
f 7048/2/6 7049/2/6 7057/2/6
f 7057/2/6 7050/2/6 7058/2/6
f 7058/2/6 7050/2/6 7059/2/6
f 7054/2/6 7055/2/6 7060/2/6
f 7053/2/6 7054/2/6 7060/2/6
f 7060/2/6 7055/2/6 7061/2/6
f 7061/2/6 7055/2/6 7062/2/6
f 7057/2/6 7058/2/6 7065/2/6
f 7056/2/6 7057/2/6 7065/2/6
f 7065/2/6 7058/2/6 7066/2/6
f 7066/2/6 7058/2/6 7067/2/6
f 7062/2/6 7063/2/6 7068/2/6
f 7061/2/6 7062/2/6 7068/2/6
f 7068/2/6 7063/2/6 7069/2/6
f 7069/2/6 7063/2/6 7070/2/6
f 7065/2/6 7066/2/6 7073/2/6
f 7064/2/6 7065/2/6 7073/2/6
f 7073/2/6 7066/2/6 7074/2/6
f 7074/2/6 7066/2/6 7075/2/6
f 7070/2/6 7071/2/6 7076/2/6
f 7069/2/6 7070/2/6 7076/2/6
f 7076/2/6 7071/2/6 7077/2/6
f 7077/2/6 7071/2/6 7078/2/6
f 7073/2/6 7074/2/6 7080/2/6
f 7072/2/6 7073/2/6 7080/2/6
f 7080/2/6 7074/2/6 7081/2/6
f 7078/2/6 7079/2/6 7082/2/6
f 7077/2/6 7078/2/6 7082/2/6
f 7082/2/6 7079/2/6 7083/2/6
f 7072/2/6 7080/2/6 7085/2/6
f 7083/2/6 7079/2/6 7086/2/6
f 7084/2/6 7085/2/6 7089/2/6
f 7085/2/6 7080/2/6 7090/2/6
f 7089/2/6 7085/2/6 7090/2/6
f 7090/2/6 7080/2/6 7091/2/6
f 7086/2/6 7087/2/6 7092/2/6
f 7083/2/6 7086/2/6 7092/2/6
f 7092/2/6 7087/2/6 7093/2/6
f 7093/2/6 7087/2/6 7094/2/6
f 7088/2/6 7089/2/6 7097/2/6
f 7089/2/6 7090/2/6 7097/2/6
f 7097/2/6 7090/2/6 7098/2/6
f 7098/2/6 7090/2/6 7099/2/6
f 7094/2/6 7095/2/6 7100/2/6
f 7093/2/6 7094/2/6 7100/2/6
f 7100/2/6 7095/2/6 7101/2/6
f 7101/2/6 7095/2/6 7102/2/6
f 7097/2/6 7098/2/6 7105/2/6
f 7096/2/6 7097/2/6 7105/2/6
f 7105/2/6 7098/2/6 7106/2/6
f 7106/2/6 7098/2/6 7107/2/6
f 7102/2/6 7103/2/6 7108/2/6
f 7101/2/6 7102/2/6 7108/2/6
f 7108/2/6 7103/2/6 7109/2/6
f 7109/2/6 7103/2/6 7110/2/6
f 7105/2/6 7106/2/6 7113/2/6
f 7104/2/6 7105/2/6 7113/2/6
f 7113/2/6 7106/2/6 7114/2/6
f 7114/2/6 7106/2/6 7115/2/6
f 7110/2/6 7111/2/6 7116/2/6
f 7109/2/6 7110/2/6 7116/2/6
f 7116/2/6 7111/2/6 7117/2/6
f 7117/2/6 7111/2/6 7118/2/6
f 7113/2/6 7114/2/6 7120/2/6
f 7112/2/6 7113/2/6 7120/2/6
f 7120/2/6 7114/2/6 7121/2/6
f 7118/2/6 7119/2/6 7122/2/6
f 7117/2/6 7118/2/6 7122/2/6
f 7122/2/6 7119/2/6 7123/2/6
f 7112/2/6 7120/2/6 7124/2/6
f 7123/2/6 7119/2/6 7127/2/6
f 7124/2/6 7125/2/6 7128/2/6
f 7112/2/6 7124/2/6 7128/2/6
f 7128/2/6 7125/2/6 7129/2/6
f 7129/2/6 7125/2/6 7130/2/6
f 7126/2/6 7127/2/6 7133/2/6
f 7127/2/6 7119/2/6 7134/2/6
f 7133/2/6 7127/2/6 7134/2/6
f 7134/2/6 7119/2/6 7135/2/6
f 7130/2/6 7131/2/6 7136/2/6
f 7129/2/6 7130/2/6 7136/2/6
f 7136/2/6 7131/2/6 7137/2/6
f 7137/2/6 7131/2/6 7138/2/6
f 7132/2/6 7133/2/6 7141/2/6
f 7133/2/6 7134/2/6 7141/2/6
f 7141/2/6 7134/2/6 7142/2/6
f 7142/2/6 7134/2/6 7143/2/6
f 7138/2/6 7139/2/6 7144/2/6
f 7137/2/6 7138/2/6 7144/2/6
f 7144/2/6 7139/2/6 7145/2/6
f 7145/2/6 7139/2/6 7146/2/6
f 7141/2/6 7142/2/6 7149/2/6
f 7140/2/6 7141/2/6 7149/2/6
f 7149/2/6 7142/2/6 7150/2/6
f 7150/2/6 7142/2/6 7151/2/6
f 7146/2/6 7147/2/6 7152/2/6
f 7145/2/6 7146/2/6 7152/2/6
f 7152/2/6 7147/2/6 7153/2/6
f 7153/2/6 7147/2/6 7154/2/6
f 7149/2/6 7150/2/6 7157/2/6
f 7148/2/6 7149/2/6 7157/2/6
f 7157/2/6 7150/2/6 7158/2/6
f 7158/2/6 7150/2/6 7159/2/6
f 7154/2/6 7155/2/6 7160/2/6
f 7153/2/6 7154/2/6 7160/2/6
f 7160/2/6 7155/2/6 7161/2/6
f 7161/2/6 7155/2/6 7162/2/6
f 7157/2/6 7158/2/6 7165/2/6
f 7156/2/6 7157/2/6 7165/2/6
f 7165/2/6 7158/2/6 7166/2/6
f 7166/2/6 7158/2/6 7167/2/6
f 7162/2/6 7163/2/6 7168/2/6
f 7161/2/6 7162/2/6 7168/2/6
f 7168/2/6 7163/2/6 7169/2/6
f 7169/2/6 7163/2/6 7170/2/6
f 7165/2/6 7166/2/6 7173/2/6
f 7164/2/6 7165/2/6 7173/2/6
f 7173/2/6 7166/2/6 7174/2/6
f 7174/2/6 7166/2/6 7175/2/6
f 7170/2/6 7171/2/6 7176/2/6
f 7169/2/6 7170/2/6 7176/2/6
f 7176/2/6 7171/2/6 7177/2/6
f 7177/2/6 7171/2/6 7178/2/6
f 7173/2/6 7174/2/6 7181/2/6
f 7172/2/6 7173/2/6 7181/2/6
f 7181/2/6 7174/2/6 7182/2/6
f 7182/2/6 7174/2/6 7183/2/6
f 7178/2/6 7179/2/6 7184/2/6
f 7177/2/6 7178/2/6 7184/2/6
f 7184/2/6 7179/2/6 7185/2/6
f 7185/2/6 7179/2/6 7186/2/6
f 7181/2/6 7182/2/6 7189/2/6
f 7180/2/6 7181/2/6 7189/2/6
f 7189/2/6 7182/2/6 7190/2/6
f 7190/2/6 7182/2/6 7191/2/6
f 7186/2/6 7187/2/6 7192/2/6
f 7185/2/6 7186/2/6 7192/2/6
f 7192/2/6 7187/2/6 7193/2/6
f 7193/2/6 7187/2/6 7194/2/6
f 7189/2/6 7190/2/6 7197/2/6
f 7188/2/6 7189/2/6 7197/2/6
f 7197/2/6 7190/2/6 7198/2/6
f 7198/2/6 7190/2/6 7199/2/6
f 7194/2/6 7195/2/6 7200/2/6
f 7193/2/6 7194/2/6 7200/2/6
f 7200/2/6 7195/2/6 7201/2/6
f 7201/2/6 7195/2/6 7202/2/6
f 7197/2/6 7198/2/6 7205/2/6
f 7196/2/6 7197/2/6 7205/2/6
f 7205/2/6 7198/2/6 7206/2/6
f 7206/2/6 7198/2/6 7207/2/6
f 7202/2/6 7203/2/6 7208/2/6
f 7201/2/6 7202/2/6 7208/2/6
f 7208/2/6 7203/2/6 7209/2/6
f 7209/2/6 7203/2/6 7210/2/6
f 7205/2/6 7206/2/6 7213/2/6
f 7204/2/6 7205/2/6 7213/2/6
f 7213/2/6 7206/2/6 7214/2/6
f 7214/2/6 7206/2/6 7215/2/6
f 7210/2/6 7211/2/6 7216/2/6
f 7209/2/6 7210/2/6 7216/2/6
f 7216/2/6 7211/2/6 7217/2/6
f 7217/2/6 7211/2/6 7218/2/6
f 7213/2/6 7214/2/6 7221/2/6
f 7212/2/6 7213/2/6 7221/2/6
f 7221/2/6 7214/2/6 7222/2/6
f 7222/2/6 7214/2/6 7223/2/6
f 7218/2/6 7219/2/6 7224/2/6
f 7217/2/6 7218/2/6 7224/2/6
f 7224/2/6 7219/2/6 7225/2/6
f 7225/2/6 7219/2/6 7226/2/6
f 7221/2/6 7222/2/6 7229/2/6
f 7220/2/6 7221/2/6 7229/2/6
f 7229/2/6 7222/2/6 7230/2/6
f 7230/2/6 7222/2/6 7231/2/6
f 7226/2/6 7227/2/6 7232/2/6
f 7225/2/6 7226/2/6 7232/2/6
f 7232/2/6 7227/2/6 7233/2/6
f 7233/2/6 7227/2/6 7234/2/6
f 7229/2/6 7230/2/6 7237/2/6
f 7228/2/6 7229/2/6 7237/2/6
f 7237/2/6 7230/2/6 7238/2/6
f 7238/2/6 7230/2/6 7239/2/6
f 7234/2/6 7235/2/6 7240/2/6
f 7233/2/6 7234/2/6 7240/2/6
f 7240/2/6 7235/2/6 7241/2/6
f 7241/2/6 7235/2/6 7242/2/6
f 7237/2/6 7238/2/6 7243/2/6
f 7236/2/6 7237/2/6 7243/2/6
f 7243/2/6 7238/2/6 7244/2/6
f 7244/2/6 7238/2/6 7245/2/6
f 7241/2/6 7242/2/6 7246/2/6
f 7243/2/6 7244/2/6 7246/2/6
f 7242/2/6 7243/2/6 7246/2/6
f 7246/2/6 7244/2/6 7247/2/6
f 7248/2/6 7249/2/6 7251/2/6
f 7251/2/6 7249/2/6 7252/2/6
f 7250/2/6 7251/2/6 7255/2/6
f 7252/2/6 7253/2/6 7255/2/6
f 7251/2/6 7252/2/6 7255/2/6
f 7255/2/6 7253/2/6 7256/2/6
f 7254/2/6 7255/2/6 7259/2/6
f 7256/2/6 7257/2/6 7259/2/6
f 7255/2/6 7256/2/6 7259/2/6
f 7259/2/6 7257/2/6 7260/2/6
f 7260/2/6 7257/2/6 7261/2/6
f 7261/2/6 7257/2/6 7262/2/6
f 7258/2/6 7259/2/6 7265/2/6
f 7259/2/6 7260/2/6 7265/2/6
f 7265/2/6 7260/2/6 7266/2/6
f 7266/2/6 7260/2/6 7267/2/6
f 7261/2/6 7262/2/6 7268/2/6
f 7262/2/6 7263/2/6 7268/2/6
f 7268/2/6 7263/2/6 7269/2/6
f 7269/2/6 7263/2/6 7270/2/6
f 7265/2/6 7266/2/6 7273/2/6
f 7264/2/6 7265/2/6 7273/2/6
f 7273/2/6 7266/2/6 7274/2/6
f 7274/2/6 7266/2/6 7275/2/6
f 7270/2/6 7271/2/6 7276/2/6
f 7269/2/6 7270/2/6 7276/2/6
f 7276/2/6 7271/2/6 7277/2/6
f 7277/2/6 7271/2/6 7278/2/6
f 7273/2/6 7274/2/6 7281/2/6
f 7272/2/6 7273/2/6 7281/2/6
f 7281/2/6 7274/2/6 7282/2/6
f 7282/2/6 7274/2/6 7283/2/6
f 7278/2/6 7279/2/6 7284/2/6
f 7277/2/6 7278/2/6 7284/2/6
f 7284/2/6 7279/2/6 7285/2/6
f 7285/2/6 7279/2/6 7286/2/6
f 7281/2/6 7282/2/6 7289/2/6
f 7280/2/6 7281/2/6 7289/2/6
f 7289/2/6 7282/2/6 7290/2/6
f 7290/2/6 7282/2/6 7291/2/6
f 7286/2/6 7287/2/6 7292/2/6
f 7285/2/6 7286/2/6 7292/2/6
f 7292/2/6 7287/2/6 7293/2/6
f 7293/2/6 7287/2/6 7294/2/6
f 7289/2/6 7290/2/6 7297/2/6
f 7288/2/6 7289/2/6 7297/2/6
f 7297/2/6 7290/2/6 7298/2/6
f 7298/2/6 7290/2/6 7299/2/6
f 7294/2/6 7295/2/6 7300/2/6
f 7293/2/6 7294/2/6 7300/2/6
f 7300/2/6 7295/2/6 7301/2/6
f 7301/2/6 7295/2/6 7302/2/6
f 7297/2/6 7298/2/6 7305/2/6
f 7296/2/6 7297/2/6 7305/2/6
f 7305/2/6 7298/2/6 7306/2/6
f 7306/2/6 7298/2/6 7307/2/6
f 7302/2/6 7303/2/6 7308/2/6
f 7301/2/6 7302/2/6 7308/2/6
f 7308/2/6 7303/2/6 7309/2/6
f 7309/2/6 7303/2/6 7310/2/6
f 7305/2/6 7306/2/6 7313/2/6
f 7304/2/6 7305/2/6 7313/2/6
f 7313/2/6 7306/2/6 7314/2/6
f 7314/2/6 7306/2/6 7315/2/6
f 7310/2/6 7311/2/6 7316/2/6
f 7309/2/6 7310/2/6 7316/2/6
f 7316/2/6 7311/2/6 7317/2/6
f 7317/2/6 7311/2/6 7318/2/6
f 7313/2/6 7314/2/6 7320/2/6
f 7312/2/6 7313/2/6 7320/2/6
f 7320/2/6 7314/2/6 7321/2/6
f 7318/2/6 7319/2/6 7322/2/6
f 7317/2/6 7318/2/6 7322/2/6
f 7322/2/6 7319/2/6 7323/2/6
f 7312/2/6 7320/2/6 7325/2/6
f 7325/2/6 7320/2/6 7326/2/6
f 7326/2/6 7320/2/6 7327/2/6
f 7323/2/6 7319/2/6 7328/2/6
f 7328/2/6 7319/2/6 7329/2/6
f 7329/2/6 7319/2/6 7330/2/6
f 7324/2/6 7325/2/6 7333/2/6
f 7325/2/6 7326/2/6 7333/2/6
f 7333/2/6 7326/2/6 7334/2/6
f 7334/2/6 7326/2/6 7335/2/6
f 7330/2/6 7331/2/6 7336/2/6
f 7329/2/6 7330/2/6 7336/2/6
f 7336/2/6 7331/2/6 7337/2/6
f 7337/2/6 7331/2/6 7338/2/6
f 7333/2/6 7334/2/6 7340/2/6
f 7332/2/6 7333/2/6 7340/2/6
f 7340/2/6 7334/2/6 7341/2/6
f 7338/2/6 7339/2/6 7342/2/6
f 7337/2/6 7338/2/6 7342/2/6
f 7342/2/6 7339/2/6 7343/2/6
f 7332/2/6 7340/2/6 7345/2/6
f 7343/2/6 7339/2/6 7346/2/6
f 7344/2/6 7345/2/6 7348/2/6
f 7345/2/6 7340/2/6 7348/2/6
f 7348/2/6 7340/2/6 7349/2/6
f 7346/2/6 7347/2/6 7350/2/6
f 7343/2/6 7346/2/6 7350/2/6
f 7350/2/6 7347/2/6 7351/2/6
f 7344/2/6 7348/2/6 7353/2/6
f 7353/2/6 7348/2/6 7354/2/6
f 7354/2/6 7348/2/6 7355/2/6
f 7351/2/6 7347/2/6 7356/2/6
f 7356/2/6 7347/2/6 7357/2/6
f 7357/2/6 7347/2/6 7358/2/6
f 7352/2/6 7353/2/6 7361/2/6
f 7353/2/6 7354/2/6 7361/2/6
f 7361/2/6 7354/2/6 7362/2/6
f 7362/2/6 7354/2/6 7363/2/6
f 7358/2/6 7359/2/6 7364/2/6
f 7357/2/6 7358/2/6 7364/2/6
f 7364/2/6 7359/2/6 7365/2/6
f 7365/2/6 7359/2/6 7366/2/6
f 7361/2/6 7362/2/6 7368/2/6
f 7360/2/6 7361/2/6 7368/2/6
f 7368/2/6 7362/2/6 7369/2/6
f 7369/2/6 7362/2/6 7370/2/6
f 7366/2/6 7367/2/6 7373/2/6
f 7365/2/6 7366/2/6 7373/2/6
f 7373/2/6 7367/2/6 7374/2/6
f 7374/2/6 7367/2/6 7375/2/6
f 7370/2/6 7371/2/6 7376/2/6
f 7369/2/6 7370/2/6 7376/2/6
f 7376/2/6 7371/2/6 7377/2/6
f 7377/2/6 7371/2/6 7378/2/6
f 7373/2/6 7374/2/6 7381/2/6
f 7372/2/6 7373/2/6 7381/2/6
f 7381/2/6 7374/2/6 7382/2/6
f 7382/2/6 7374/2/6 7383/2/6
f 7378/2/6 7379/2/6 7384/2/6
f 7377/2/6 7378/2/6 7384/2/6
f 7381/2/6 7382/2/6 7387/2/6
f 7380/2/6 7381/2/6 7387/2/6
f 7384/2/6 7385/2/6 7388/2/6
f 7377/2/6 7384/2/6 7388/2/6
f 7388/2/6 7385/2/6 7389/2/6
f 7386/2/6 7387/2/6 7390/2/6
f 7387/2/6 7382/2/6 7390/2/6
f 7390/2/6 7382/2/6 7391/2/6
f 7389/2/6 7385/2/6 7392/2/6
f 7386/2/6 7390/2/6 7395/2/6
f 7392/2/6 7393/2/6 7396/2/6
f 7389/2/6 7392/2/6 7396/2/6
f 7396/2/6 7393/2/6 7397/2/6
f 7397/2/6 7393/2/6 7398/2/6
f 7394/2/6 7395/2/6 7401/2/6
f 7395/2/6 7390/2/6 7402/2/6
f 7401/2/6 7395/2/6 7402/2/6
f 7402/2/6 7390/2/6 7403/2/6
f 7398/2/6 7399/2/6 7404/2/6
f 7397/2/6 7398/2/6 7404/2/6
f 7404/2/6 7399/2/6 7405/2/6
f 7405/2/6 7399/2/6 7406/2/6
f 7400/2/6 7401/2/6 7409/2/6
f 7401/2/6 7402/2/6 7409/2/6
f 7409/2/6 7402/2/6 7410/2/6
f 7410/2/6 7402/2/6 7411/2/6
f 7406/2/6 7407/2/6 7412/2/6
f 7405/2/6 7406/2/6 7412/2/6
f 7412/2/6 7407/2/6 7413/2/6
f 7413/2/6 7407/2/6 7414/2/6
f 7409/2/6 7410/2/6 7417/2/6
f 7408/2/6 7409/2/6 7417/2/6
f 7417/2/6 7410/2/6 7418/2/6
f 7418/2/6 7410/2/6 7419/2/6
f 7414/2/6 7415/2/6 7420/2/6
f 7413/2/6 7414/2/6 7420/2/6
f 7417/2/6 7418/2/6 7423/2/6
f 7416/2/6 7417/2/6 7423/2/6
f 7420/2/6 7421/2/6 7424/2/6
f 7413/2/6 7420/2/6 7424/2/6
f 7424/2/6 7421/2/6 7425/2/6
f 7425/2/6 7421/2/6 7426/2/6
f 7422/2/6 7423/2/6 7429/2/6
f 7423/2/6 7418/2/6 7430/2/6
f 7429/2/6 7423/2/6 7430/2/6
f 7430/2/6 7418/2/6 7431/2/6
f 7426/2/6 7427/2/6 7432/2/6
f 7425/2/6 7426/2/6 7432/2/6
f 7432/2/6 7427/2/6 7433/2/6
f 7433/2/6 7427/2/6 7434/2/6
f 7428/2/6 7429/2/6 7437/2/6
f 7429/2/6 7430/2/6 7437/2/6
f 7437/2/6 7430/2/6 7438/2/6
f 7438/2/6 7430/2/6 7439/2/6
f 7434/2/6 7435/2/6 7440/2/6
f 7433/2/6 7434/2/6 7440/2/6
f 7440/2/6 7435/2/6 7441/2/6
f 7441/2/6 7435/2/6 7442/2/6
f 7437/2/6 7438/2/6 7445/2/6
f 7436/2/6 7437/2/6 7445/2/6
f 7445/2/6 7438/2/6 7446/2/6
f 7446/2/6 7438/2/6 7447/2/6
f 7442/2/6 7443/2/6 7448/2/6
f 7441/2/6 7442/2/6 7448/2/6
f 7448/2/6 7443/2/6 7449/2/6
f 7449/2/6 7443/2/6 7450/2/6
f 7445/2/6 7446/2/6 7453/2/6
f 7444/2/6 7445/2/6 7453/2/6
f 7453/2/6 7446/2/6 7454/2/6
f 7454/2/6 7446/2/6 7455/2/6
f 7450/2/6 7451/2/6 7456/2/6
f 7449/2/6 7450/2/6 7456/2/6
f 7456/2/6 7451/2/6 7457/2/6
f 7457/2/6 7451/2/6 7458/2/6
f 7453/2/6 7454/2/6 7461/2/6
f 7452/2/6 7453/2/6 7461/2/6
f 7461/2/6 7454/2/6 7462/2/6
f 7462/2/6 7454/2/6 7463/2/6
f 7458/2/6 7459/2/6 7464/2/6
f 7457/2/6 7458/2/6 7464/2/6
f 7464/2/6 7459/2/6 7465/2/6
f 7465/2/6 7459/2/6 7466/2/6
f 7461/2/6 7462/2/6 7469/2/6
f 7460/2/6 7461/2/6 7469/2/6
f 7469/2/6 7462/2/6 7470/2/6
f 7470/2/6 7462/2/6 7471/2/6
f 7466/2/6 7467/2/6 7472/2/6
f 7465/2/6 7466/2/6 7472/2/6
f 7472/2/6 7467/2/6 7473/2/6
f 7473/2/6 7467/2/6 7474/2/6
f 7469/2/6 7470/2/6 7475/2/6
f 7468/2/6 7469/2/6 7475/2/6
f 7475/2/6 7470/2/6 7476/2/6
f 7476/2/6 7470/2/6 7477/2/6
f 7473/2/6 7474/2/6 7478/2/6
f 7475/2/6 7476/2/6 7478/2/6
f 7474/2/6 7475/2/6 7478/2/6
f 7478/2/6 7476/2/6 7479/2/6
f 7479/2/6 7476/2/6 7480/2/6
f 7480/2/6 7476/2/6 7481/2/6
f 7479/2/6 7480/2/6 7482/2/6
f 7482/2/6 7480/2/6 7483/2/6
f 7483/2/6 7480/2/6 7484/2/6
f 7484/2/6 7480/2/6 7485/2/6
f 7483/2/6 7484/2/6 7486/2/6
f 7486/2/6 7484/2/6 7487/2/6
f 7488/2/6 7489/2/6 7491/2/6
f 7491/2/6 7489/2/6 7492/2/6
f 7490/2/6 7491/2/6 7495/2/6
f 7492/2/6 7493/2/6 7495/2/6
f 7491/2/6 7492/2/6 7495/2/6
f 7495/2/6 7493/2/6 7496/2/6
f 7494/2/6 7495/2/6 7499/2/6
f 7496/2/6 7497/2/6 7499/2/6
f 7495/2/6 7496/2/6 7499/2/6
f 7499/2/6 7497/2/6 7500/2/6
f 7498/2/6 7499/2/6 7503/2/6
f 7500/2/6 7501/2/6 7503/2/6
f 7499/2/6 7500/2/6 7503/2/6
f 7503/2/6 7501/2/6 7504/2/6
f 7502/2/6 7503/2/6 7507/2/6
f 7504/2/6 7505/2/6 7507/2/6
f 7503/2/6 7504/2/6 7507/2/6
f 7507/2/6 7505/2/6 7508/2/6
f 7506/2/6 7507/2/6 7511/2/6
f 7508/2/6 7509/2/6 7511/2/6
f 7507/2/6 7508/2/6 7511/2/6
f 7511/2/6 7509/2/6 7512/2/6
f 7510/2/6 7511/2/6 7515/2/6
f 7512/2/6 7513/2/6 7515/2/6
f 7511/2/6 7512/2/6 7515/2/6
f 7515/2/6 7513/2/6 7516/2/6
f 7514/2/6 7515/2/6 7519/2/6
f 7516/2/6 7517/2/6 7519/2/6
f 7515/2/6 7516/2/6 7519/2/6
f 7519/2/6 7517/2/6 7520/2/6
f 7520/2/6 7517/2/6 7521/2/6
f 7521/2/6 7517/2/6 7522/2/6
f 7518/2/6 7519/2/6 7525/2/6
f 7519/2/6 7520/2/6 7525/2/6
f 7525/2/6 7520/2/6 7526/2/6
f 7526/2/6 7520/2/6 7527/2/6
f 7521/2/6 7522/2/6 7528/2/6
f 7522/2/6 7523/2/6 7528/2/6
f 7528/2/6 7523/2/6 7529/2/6
f 7529/2/6 7523/2/6 7530/2/6
f 7525/2/6 7526/2/6 7532/2/6
f 7524/2/6 7525/2/6 7532/2/6
f 7532/2/6 7526/2/6 7533/2/6
f 7530/2/6 7531/2/6 7534/2/6
f 7529/2/6 7530/2/6 7534/2/6
f 7534/2/6 7531/2/6 7535/2/6
f 7524/2/6 7532/2/6 7537/2/6
f 7537/2/6 7532/2/6 7538/2/6
f 7538/2/6 7532/2/6 7539/2/6
f 7535/2/6 7531/2/6 7540/2/6
f 7540/2/6 7531/2/6 7541/2/6
f 7541/2/6 7531/2/6 7542/2/6
f 7536/2/6 7537/2/6 7545/2/6
f 7537/2/6 7538/2/6 7545/2/6
f 7545/2/6 7538/2/6 7546/2/6
f 7546/2/6 7538/2/6 7547/2/6
f 7542/2/6 7543/2/6 7548/2/6
f 7541/2/6 7542/2/6 7548/2/6
f 7548/2/6 7543/2/6 7549/2/6
f 7549/2/6 7543/2/6 7550/2/6
f 7545/2/6 7546/2/6 7552/2/6
f 7544/2/6 7545/2/6 7552/2/6
f 7552/2/6 7546/2/6 7553/2/6
f 7550/2/6 7551/2/6 7554/2/6
f 7549/2/6 7550/2/6 7554/2/6
f 7554/2/6 7551/2/6 7555/2/6
f 7544/2/6 7552/2/6 7557/2/6
f 7557/2/6 7552/2/6 7558/2/6
f 7558/2/6 7552/2/6 7559/2/6
f 7555/2/6 7551/2/6 7560/2/6
f 7560/2/6 7551/2/6 7561/2/6
f 7561/2/6 7551/2/6 7562/2/6
f 7556/2/6 7557/2/6 7564/2/6
f 7557/2/6 7558/2/6 7564/2/6
f 7564/2/6 7558/2/6 7565/2/6
f 7562/2/6 7563/2/6 7566/2/6
f 7561/2/6 7562/2/6 7566/2/6
f 7566/2/6 7563/2/6 7567/2/6
f 7556/2/6 7564/2/6 7569/2/6
f 7569/2/6 7564/2/6 7570/2/6
f 7570/2/6 7564/2/6 7571/2/6
f 7567/2/6 7563/2/6 7572/2/6
f 7572/2/6 7563/2/6 7573/2/6
f 7573/2/6 7563/2/6 7574/2/6
f 7568/2/6 7569/2/6 7576/2/6
f 7569/2/6 7570/2/6 7576/2/6
f 7576/2/6 7570/2/6 7577/2/6
f 7574/2/6 7575/2/6 7578/2/6
f 7573/2/6 7574/2/6 7578/2/6
f 7578/2/6 7575/2/6 7579/2/6
f 7568/2/6 7576/2/6 7581/2/6
f 7579/2/6 7575/2/6 7582/2/6
f 7580/2/6 7581/2/6 7584/2/6
f 7581/2/6 7576/2/6 7584/2/6
f 7584/2/6 7576/2/6 7585/2/6
f 7582/2/6 7583/2/6 7586/2/6
f 7579/2/6 7582/2/6 7586/2/6
f 7586/2/6 7583/2/6 7587/2/6
f 7580/2/6 7584/2/6 7588/2/6
f 7588/2/6 7584/2/6 7589/2/6
f 7589/2/6 7584/2/6 7590/2/6
f 7587/2/6 7583/2/6 7593/2/6
f 7593/2/6 7583/2/6 7594/2/6
f 7594/2/6 7583/2/6 7595/2/6
f 7590/2/6 7591/2/6 7596/2/6
f 7589/2/6 7590/2/6 7596/2/6
f 7593/2/6 7594/2/6 7599/2/6
f 7592/2/6 7593/2/6 7599/2/6
f 7596/2/6 7597/2/6 7600/2/6
f 7589/2/6 7596/2/6 7600/2/6
f 7600/2/6 7597/2/6 7601/2/6
f 7598/2/6 7599/2/6 7602/2/6
f 7599/2/6 7594/2/6 7602/2/6
f 7602/2/6 7594/2/6 7603/2/6
f 7601/2/6 7597/2/6 7604/2/6
f 7598/2/6 7602/2/6 7607/2/6
f 7604/2/6 7605/2/6 7608/2/6
f 7601/2/6 7604/2/6 7608/2/6
f 7608/2/6 7605/2/6 7609/2/6
f 7609/2/6 7605/2/6 7610/2/6
f 7606/2/6 7607/2/6 7613/2/6
f 7607/2/6 7602/2/6 7614/2/6
f 7613/2/6 7607/2/6 7614/2/6
f 7614/2/6 7602/2/6 7615/2/6
f 7610/2/6 7611/2/6 7616/2/6
f 7609/2/6 7610/2/6 7616/2/6
f 7612/2/6 7613/2/6 7619/2/6
f 7613/2/6 7614/2/6 7619/2/6
f 7616/2/6 7617/2/6 7620/2/6
f 7609/2/6 7616/2/6 7620/2/6
f 7620/2/6 7617/2/6 7621/2/6
f 7621/2/6 7617/2/6 7622/2/6
f 7618/2/6 7619/2/6 7625/2/6
f 7619/2/6 7614/2/6 7626/2/6
f 7625/2/6 7619/2/6 7626/2/6
f 7626/2/6 7614/2/6 7627/2/6
f 7622/2/6 7623/2/6 7628/2/6
f 7621/2/6 7622/2/6 7628/2/6
f 7628/2/6 7623/2/6 7629/2/6
f 7629/2/6 7623/2/6 7630/2/6
f 7624/2/6 7625/2/6 7633/2/6
f 7625/2/6 7626/2/6 7633/2/6
f 7633/2/6 7626/2/6 7634/2/6
f 7634/2/6 7626/2/6 7635/2/6
f 7630/2/6 7631/2/6 7636/2/6
f 7629/2/6 7630/2/6 7636/2/6
f 7633/2/6 7634/2/6 7639/2/6
f 7632/2/6 7633/2/6 7639/2/6
f 7636/2/6 7637/2/6 7640/2/6
f 7629/2/6 7636/2/6 7640/2/6
f 7640/2/6 7637/2/6 7641/2/6
f 7641/2/6 7637/2/6 7642/2/6
f 7638/2/6 7639/2/6 7645/2/6
f 7639/2/6 7634/2/6 7646/2/6
f 7645/2/6 7639/2/6 7646/2/6
f 7646/2/6 7634/2/6 7647/2/6
f 7642/2/6 7643/2/6 7648/2/6
f 7641/2/6 7642/2/6 7648/2/6
f 7648/2/6 7643/2/6 7649/2/6
f 7649/2/6 7643/2/6 7650/2/6
f 7644/2/6 7645/2/6 7653/2/6
f 7645/2/6 7646/2/6 7653/2/6
f 7653/2/6 7646/2/6 7654/2/6
f 7654/2/6 7646/2/6 7655/2/6
f 7650/2/6 7651/2/6 7656/2/6
f 7649/2/6 7650/2/6 7656/2/6
f 7656/2/6 7651/2/6 7657/2/6
f 7657/2/6 7651/2/6 7658/2/6
f 7653/2/6 7654/2/6 7659/2/6
f 7652/2/6 7653/2/6 7659/2/6
f 7659/2/6 7654/2/6 7660/2/6
f 7660/2/6 7654/2/6 7661/2/6
f 7657/2/6 7658/2/6 7662/2/6
f 7659/2/6 7660/2/6 7662/2/6
f 7658/2/6 7659/2/6 7662/2/6
f 7662/2/6 7660/2/6 7663/2/6
f 7663/2/6 7660/2/6 7664/2/6
f 7664/2/6 7660/2/6 7665/2/6
f 7663/2/6 7664/2/6 7666/2/6
f 7666/2/6 7664/2/6 7667/2/6
f 7667/2/6 7664/2/6 7668/2/6
f 7668/2/6 7664/2/6 7669/2/6
f 7667/2/6 7668/2/6 7670/2/6
f 7670/2/6 7668/2/6 7671/2/6
f 7671/2/6 7668/2/6 7672/2/6
f 7672/2/6 7668/2/6 7673/2/6
f 7671/2/6 7672/2/6 7674/2/6
f 7674/2/6 7672/2/6 7675/2/6
f 7675/2/6 7672/2/6 7676/2/6
f 7676/2/6 7672/2/6 7677/2/6
f 7675/2/6 7676/2/6 7678/2/6
f 7678/2/6 7676/2/6 7679/2/6
f 7679/2/6 7676/2/6 7680/2/6
f 7680/2/6 7676/2/6 7681/2/6
f 7679/2/6 7680/2/6 7682/2/6
f 7682/2/6 7680/2/6 7683/2/6
f 7683/2/6 7680/2/6 7684/2/6
f 7684/2/6 7680/2/6 7685/2/6
f 7683/2/6 7684/2/6 7686/2/6
f 7686/2/6 7684/2/6 7687/2/6
f 7688/2/6 7689/2/6 7691/2/6
f 7691/2/6 7689/2/6 7692/2/6
f 7690/2/6 7691/2/6 7695/2/6
f 7695/2/6 7691/2/6 7696/2/6
f 7692/2/6 7693/2/6 7697/2/6
f 7697/2/6 7693/2/6 7698/2/6
f 7694/2/6 7695/2/6 7701/2/6
f 7701/2/6 7695/2/6 7702/2/6
f 7698/2/6 7699/2/6 7703/2/6
f 7703/2/6 7699/2/6 7704/2/6
f 7700/2/6 7701/2/6 7707/2/6
f 7707/2/6 7701/2/6 7708/2/6
f 7704/2/6 7705/2/6 7709/2/6
f 7709/2/6 7705/2/6 7710/2/6
f 7706/2/6 7707/2/6 7713/2/6
f 7713/2/6 7707/2/6 7714/2/6
f 7710/2/6 7711/2/6 7715/2/6
f 7715/2/6 7711/2/6 7716/2/6
f 7712/2/6 7713/2/6 7719/2/6
f 7719/2/6 7713/2/6 7720/2/6
f 7716/2/6 7717/2/6 7721/2/6
f 7721/2/6 7717/2/6 7722/2/6
f 7718/2/6 7719/2/6 7725/2/6
f 7725/2/6 7719/2/6 7726/2/6
f 7722/2/6 7723/2/6 7727/2/6
f 7727/2/6 7723/2/6 7728/2/6
f 7724/2/6 7725/2/6 7731/2/6
f 7731/2/6 7725/2/6 7732/2/6
f 7728/2/6 7729/2/6 7733/2/6
f 7733/2/6 7729/2/6 7734/2/6
f 7730/2/6 7731/2/6 7737/2/6
f 7737/2/6 7731/2/6 7738/2/6
f 7734/2/6 7735/2/6 7739/2/6
f 7739/2/6 7735/2/6 7740/2/6
f 7736/2/6 7737/2/6 7743/2/6
f 7743/2/6 7737/2/6 7744/2/6
f 7740/2/6 7741/2/6 7745/2/6
f 7745/2/6 7741/2/6 7746/2/6
f 7742/2/6 7743/2/6 7748/2/6
f 7748/2/6 7743/2/6 7749/2/6
f 7746/2/6 7747/2/6 7752/2/6
f 7752/2/6 7747/2/6 7753/2/6
f 7749/2/6 7750/2/6 7754/2/6
f 7754/2/6 7750/2/6 7755/2/6
f 7751/2/6 7752/2/6 7758/2/6
f 7758/2/6 7752/2/6 7759/2/6
f 7755/2/6 7756/2/6 7760/2/6
f 7760/2/6 7756/2/6 7761/2/6
f 7757/2/6 7758/2/6 7764/2/6
f 7764/2/6 7758/2/6 7765/2/6
f 7761/2/6 7762/2/6 7766/2/6
f 7766/2/6 7762/2/6 7767/2/6
f 7763/2/6 7764/2/6 7770/2/6
f 7770/2/6 7764/2/6 7771/2/6
f 7767/2/6 7768/2/6 7772/2/6
f 7772/2/6 7768/2/6 7773/2/6
f 7769/2/6 7770/2/6 7776/2/6
f 7776/2/6 7770/2/6 7777/2/6
f 7773/2/6 7774/2/6 7778/2/6
f 7778/2/6 7774/2/6 7779/2/6
f 7775/2/6 7776/2/6 7782/2/6
f 7782/2/6 7776/2/6 7783/2/6
f 7779/2/6 7780/2/6 7784/2/6
f 7784/2/6 7780/2/6 7785/2/6
f 7781/2/6 7782/2/6 7788/2/6
f 7788/2/6 7782/2/6 7789/2/6
f 7785/2/6 7786/2/6 7790/2/6
f 7790/2/6 7786/2/6 7791/2/6
f 7787/2/6 7788/2/6 7794/2/6
f 7794/2/6 7788/2/6 7795/2/6
f 7791/2/6 7792/2/6 7796/2/6
f 7796/2/6 7792/2/6 7797/2/6
f 7793/2/6 7794/2/6 7800/2/6
f 7800/2/6 7794/2/6 7801/2/6
f 7797/2/6 7798/2/6 7802/2/6
f 7802/2/6 7798/2/6 7803/2/6
f 7799/2/6 7800/2/6 7804/2/6
f 7804/2/6 7800/2/6 7805/2/6
f 7803/2/6 7804/2/6 7806/2/6
f 7806/2/6 7804/2/6 7807/2/6
f 7808/3/6 7809/3/6 7810/3/6
f 7810/3/6 7809/3/6 7811/3/6
