# MagicaVoxel @ Ephtracy

# group
o candivox names

# material
mtllib bedroom-desk-view-television-4-candivox names.mtl
usemtl palette

# normals
vn -1 0 0
vn 1 0 0
vn 0 0 1
vn 0 0 -1
vn 0 -1 0
vn 0 1 0

# texcoords
vt 0.783203 0.5
vt 0.787109 0.5
vt 0.888672 0.5
vt 0.892578 0.5
vt 0.908203 0.5
vt 0.943359 0.5
vt 0.947266 0.5

# verts
v 5.7 1.7 0
v 5.7 1.7 -0.1
v 5.7 1.9 0
v 5.7 1.9 -0.1
v 5.8 1.6 0
v 5.8 1.6 -0.1
v 5.8 1.7 0
v 5.8 1.7 -0.1
v 5.8 2 0
v 5.8 2 -0.1
v 5.8 2.1 0
v 5.8 2.1 -0.1
v 5.9 1.9 0
v 5.9 1.9 -0.1
v 5.9 2 0
v 5.9 2 -0.1
v 5.9 2.2 0
v 5.9 2.2 -0.1
v 5.9 2.3 0
v 5.9 2.3 -0.1
v 6 2.3 0
v 6 2.3 -0.1
v 6 2.4 0
v 6 2.4 -0.1
v 6.3 1.8 0
v 6.3 1.8 -0.1
v 6.3 1.9 0
v 6.3 1.9 -0.1
v 6.3 4.2 0
v 6.3 4.2 -0.1
v 6.3 4.3 0
v 6.3 4.3 -0.1
v 6.5 4.1 0
v 6.5 4.1 -0.1
v 6.5 4.2 0
v 6.5 4.2 -0.1
v 6.5 4.3 0
v 6.5 4.3 -0.1
v 6.5 4.4 0
v 6.5 4.4 -0.1
v 6.6 1.6 0
v 6.6 1.6 -0.1
v 6.6 1.8 0
v 6.6 1.8 -0.1
v 6.7 1.9 0
v 6.7 1.9 -0.1
v 6.7 2.1 0
v 6.7 2.1 -0.1
v 6.7 4 0
v 6.7 4 -0.1
v 6.7 4.1 0
v 6.7 4.1 -0.1
v 6.7 4.4 0
v 6.7 4.4 -0.1
v 6.7 4.5 0
v 6.7 4.5 -0.1
v 6.8 2.2 0
v 6.8 2.2 -0.1
v 6.8 2.4 0
v 6.8 2.4 -0.1
v 6.9 3.9 0
v 6.9 3.9 -0.1
v 6.9 4 0
v 6.9 4 -0.1
v 6.9 4.5 0
v 6.9 4.5 -0.1
v 6.9 4.6 0
v 6.9 4.6 -0.1
v 7.1 3.8 0
v 7.1 3.8 -0.1
v 7.1 3.9 0
v 7.1 3.9 -0.1
v 7.1 4.6 0
v 7.1 4.6 -0.1
v 7.1 4.7 0
v 7.1 4.7 -0.1
v 7.2 3.9 0
v 7.2 3.9 -0.1
v 7.2 4.6 0
v 7.2 4.6 -0.1
v 7.2 6.4 0
v 7.2 6.4 -0.1
v 7.2 6.5 0
v 7.2 6.5 -0.1
v 7.3 5.4 0
v 7.3 5.4 -0.1
v 7.3 5.5 0
v 7.3 5.5 -0.1
v 7.3 7.1 0
v 7.3 7.1 -0.1
v 7.3 7.2 0
v 7.3 7.2 -0.1
v 7.3 7.4 0
v 7.3 7.4 -0.1
v 7.3 7.5 0
v 7.3 7.5 -0.1
v 7.3 8.2 0
v 7.3 8.2 -0.1
v 7.3 8.3 0
v 7.3 8.3 -0.1
v 7.4 1.7 0
v 7.4 1.7 -0.1
v 7.4 1.8 0
v 7.4 1.8 -0.1
v 7.4 5.3 0
v 7.4 5.3 -0.1
v 7.4 5.4 0
v 7.4 5.4 -0.1
v 7.4 5.5 0
v 7.4 5.5 -0.1
v 7.4 5.6 0
v 7.4 5.6 -0.1
v 7.4 6.3 0
v 7.4 6.3 -0.1
v 7.4 6.4 0
v 7.4 6.4 -0.1
v 7.4 6.5 0
v 7.4 6.5 -0.1
v 7.4 6.6 0
v 7.4 6.6 -0.1
v 7.4 9 0
v 7.4 9 -0.1
v 7.4 9.1 0
v 7.4 9.1 -0.1
v 7.4 9.6 0
v 7.4 9.6 -0.1
v 7.4 10 0
v 7.4 10 -0.1
v 7.4 10.5 0
v 7.4 10.5 -0.1
v 7.4 10.6 0
v 7.4 10.6 -0.1
v 7.4 11.1 0
v 7.4 11.1 -0.1
v 7.4 11.4 0
v 7.4 11.4 -0.1
v 7.5 1.6 0
v 7.5 1.6 -0.1
v 7.5 1.7 0
v 7.5 1.7 -0.1
v 7.5 1.9 0
v 7.5 1.9 -0.1
v 7.5 2 0
v 7.5 2 -0.1
v 7.5 3.8 0
v 7.5 3.8 -0.1
v 7.5 4.7 0
v 7.5 4.7 -0.1
v 7.5 7.1 0
v 7.5 7.1 -0.1
v 7.5 7.5 0
v 7.5 7.5 -0.1
v 7.5 8.1 0
v 7.5 8.1 -0.1
v 7.5 8.2 0
v 7.5 8.2 -0.1
v 7.5 8.3 0
v 7.5 8.3 -0.1
v 7.5 8.4 0
v 7.5 8.4 -0.1
v 7.6 1.8 0
v 7.6 1.8 -0.1
v 7.6 1.9 0
v 7.6 1.9 -0.1
v 7.6 2.1 0
v 7.6 2.1 -0.1
v 7.6 2.2 0
v 7.6 2.2 -0.1
v 7.6 5.2 0
v 7.6 5.2 -0.1
v 7.6 5.3 0
v 7.6 5.3 -0.1
v 7.6 5.6 0
v 7.6 5.6 -0.1
v 7.6 5.7 0
v 7.6 5.7 -0.1
v 7.6 6.2 0
v 7.6 6.2 -0.1
v 7.6 6.3 0
v 7.6 6.3 -0.1
v 7.6 6.6 0
v 7.6 6.6 -0.1
v 7.6 6.7 0
v 7.6 6.7 -0.1
v 7.6 9 0
v 7.6 9 -0.1
v 7.6 9.1 0
v 7.6 9.1 -0.1
v 7.6 9.6 0
v 7.6 9.6 -0.1
v 7.6 10 0
v 7.6 10 -0.1
v 7.6 10.5 0
v 7.6 10.5 -0.1
v 7.6 10.6 0
v 7.6 10.6 -0.1
v 7.6 11.1 0
v 7.6 11.1 -0.1
v 7.6 11.4 0
v 7.6 11.4 -0.1
v 7.7 2.2 0
v 7.7 2.2 -0.1
v 7.7 2.3 0
v 7.7 2.3 -0.1
v 7.7 5.3 0
v 7.7 5.3 -0.1
v 7.7 5.6 0
v 7.7 5.6 -0.1
v 7.7 6.4 0
v 7.7 6.4 -0.1
v 7.7 6.5 0
v 7.7 6.5 -0.1
v 7.7 7.1 0
v 7.7 7.1 -0.1
v 7.7 7.5 0
v 7.7 7.5 -0.1
v 7.7 8 0
v 7.7 8 -0.1
v 7.7 8.1 0
v 7.7 8.1 -0.1
v 7.7 8.4 0
v 7.7 8.4 -0.1
v 7.7 8.5 0
v 7.7 8.5 -0.1
v 7.8 2.1 0
v 7.8 2.1 -0.1
v 7.8 2.2 0
v 7.8 2.2 -0.1
v 7.8 5.1 0
v 7.8 5.1 -0.1
v 7.8 5.2 0
v 7.8 5.2 -0.1
v 7.8 5.7 0
v 7.8 5.7 -0.1
v 7.8 5.8 0
v 7.8 5.8 -0.1
v 7.8 6.2 0
v 7.8 6.2 -0.1
v 7.8 6.3 0
v 7.8 6.3 -0.1
v 7.8 6.5 0
v 7.8 6.5 -0.1
v 7.8 6.6 0
v 7.8 6.6 -0.1
v 7.8 6.7 0
v 7.8 6.7 -0.1
v 7.8 6.8 0
v 7.8 6.8 -0.1
v 7.8 8.2 0
v 7.8 8.2 -0.1
v 7.8 8.3 0
v 7.8 8.3 -0.1
v 7.8 9 0
v 7.8 9 -0.1
v 7.8 9.1 0
v 7.8 9.1 -0.1
v 7.8 9.6 0
v 7.8 9.6 -0.1
v 7.8 10 0
v 7.8 10 -0.1
v 7.8 10.5 0
v 7.8 10.5 -0.1
v 7.8 10.6 0
v 7.8 10.6 -0.1
v 7.8 11.1 0
v 7.8 11.1 -0.1
v 7.8 11.4 0
v 7.8 11.4 -0.1
v 7.9 1.9 0
v 7.9 1.9 -0.1
v 7.9 2 0
v 7.9 2 -0.1
v 7.9 5.2 0
v 7.9 5.2 -0.1
v 7.9 5.7 0
v 7.9 5.7 -0.1
v 8 1.7 0
v 8 1.7 -0.1
v 8 1.8 0
v 8 1.8 -0.1
v 8 3.8 0
v 8 3.8 -0.1
v 8 4.1 0
v 8 4.1 -0.1
v 8.1 4.1 0
v 8.1 4.1 -0.1
v 8.1 4.3 0
v 8.1 4.3 -0.1
v 8.1 6.2 0
v 8.1 6.2 -0.1
v 8.1 6.7 0
v 8.1 6.7 -0.1
v 8.1 7.1 0
v 8.1 7.1 -0.1
v 8.1 7.5 0
v 8.1 7.5 -0.1
v 8.1 8.1 0
v 8.1 8.1 -0.1
v 8.1 8.3 0
v 8.1 8.3 -0.1
v 8.1 8.9 0
v 8.1 8.9 -0.1
v 8.1 9.2 0
v 8.1 9.2 -0.1
v 8.1 9.7 0
v 8.1 9.7 -0.1
v 8.1 9.9 0
v 8.1 9.9 -0.1
v 8.1 10.5 0
v 8.1 10.5 -0.1
v 8.1 10.6 0
v 8.1 10.6 -0.1
v 8.1 11.1 0
v 8.1 11.1 -0.1
v 8.1 11.4 0
v 8.1 11.4 -0.1
v 8.2 4.3 0
v 8.2 4.3 -0.1
v 8.2 4.5 0
v 8.2 4.5 -0.1
v 8.2 5.3 0
v 8.2 5.3 -0.1
v 8.2 5.6 0
v 8.2 5.6 -0.1
v 8.2 8 0
v 8.2 8 -0.1
v 8.2 8.1 0
v 8.2 8.1 -0.1
v 8.2 8.4 0
v 8.2 8.4 -0.1
v 8.2 8.5 0
v 8.2 8.5 -0.1
v 8.2 9.6 0
v 8.2 9.6 -0.1
v 8.2 9.7 0
v 8.2 9.7 -0.1
v 8.2 9.9 0
v 8.2 9.9 -0.1
v 8.2 10 0
v 8.2 10 -0.1
v 8.2 10.4 0
v 8.2 10.4 -0.1
v 8.2 10.5 0
v 8.2 10.5 -0.1
v 8.2 10.6 0
v 8.2 10.6 -0.1
v 8.2 10.7 0
v 8.2 10.7 -0.1
v 8.3 1.6 0
v 8.3 1.6 -0.1
v 8.3 2.1 0
v 8.3 2.1 -0.1
v 8.3 4.5 0
v 8.3 4.5 -0.1
v 8.3 4.7 0
v 8.3 4.7 -0.1
v 8.3 5.2 0
v 8.3 5.2 -0.1
v 8.3 5.3 0
v 8.3 5.3 -0.1
v 8.3 5.6 0
v 8.3 5.6 -0.1
v 8.3 5.7 0
v 8.3 5.7 -0.1
v 8.4 4.3 0
v 8.4 4.3 -0.1
v 8.4 4.5 0
v 8.4 4.5 -0.1
v 8.4 5.1 0
v 8.4 5.1 -0.1
v 8.4 5.2 0
v 8.4 5.2 -0.1
v 8.4 5.7 0
v 8.4 5.7 -0.1
v 8.4 5.8 0
v 8.4 5.8 -0.1
v 8.4 6.4 0
v 8.4 6.4 -0.1
v 8.4 6.5 0
v 8.4 6.5 -0.1
v 8.4 7.1 0
v 8.4 7.1 -0.1
v 8.4 7.2 0
v 8.4 7.2 -0.1
v 8.4 7.4 0
v 8.4 7.4 -0.1
v 8.4 7.5 0
v 8.4 7.5 -0.1
v 8.4 8.9 0
v 8.4 8.9 -0.1
v 8.4 9.1 0
v 8.4 9.1 -0.1
v 8.5 1.6 0
v 8.5 1.6 -0.1
v 8.5 2.1 0
v 8.5 2.1 -0.1
v 8.5 4.1 0
v 8.5 4.1 -0.1
v 8.5 4.3 0
v 8.5 4.3 -0.1
v 8.5 6.2 0
v 8.5 6.2 -0.1
v 8.5 6.3 0
v 8.5 6.3 -0.1
v 8.5 9.1 0
v 8.5 9.1 -0.1
v 8.5 9.2 0
v 8.5 9.2 -0.1
v 8.5 9.6 0
v 8.5 9.6 -0.1
v 8.5 10 0
v 8.5 10 -0.1
v 8.5 10.5 0
v 8.5 10.5 -0.1
v 8.5 10.6 0
v 8.5 10.6 -0.1
v 8.5 11.1 0
v 8.5 11.1 -0.1
v 8.5 11.3 0
v 8.5 11.3 -0.1
v 8.6 4 0
v 8.6 4 -0.1
v 8.6 4.1 0
v 8.6 4.1 -0.1
v 8.6 7.1 0
v 8.6 7.1 -0.1
v 8.6 7.2 0
v 8.6 7.2 -0.1
v 8.6 7.3 0
v 8.6 7.3 -0.1
v 8.6 7.5 0
v 8.6 7.5 -0.1
v 8.6 8 0
v 8.6 8 -0.1
v 8.6 8.4 0
v 8.6 8.4 -0.1
v 8.6 9 0
v 8.6 9 -0.1
v 8.6 9.1 0
v 8.6 9.1 -0.1
v 8.6 10.4 0
v 8.6 10.4 -0.1
v 8.6 10.5 0
v 8.6 10.5 -0.1
v 8.6 10.6 0
v 8.6 10.6 -0.1
v 8.6 10.7 0
v 8.6 10.7 -0.1
v 8.6 11.3 0
v 8.6 11.3 -0.1
v 8.6 11.4 0
v 8.6 11.4 -0.1
v 8.7 1.6 0
v 8.7 1.6 -0.1
v 8.7 2.1 0
v 8.7 2.1 -0.1
v 8.7 6.2 0
v 8.7 6.2 -0.1
v 8.7 6.5 0
v 8.7 6.5 -0.1
v 8.7 6.6 0
v 8.7 6.6 -0.1
v 8.7 6.7 0
v 8.7 6.7 -0.1
v 8.7 8.4 0
v 8.7 8.4 -0.1
v 8.7 8.5 0
v 8.7 8.5 -0.1
v 8.7 9.6 0
v 8.7 9.6 -0.1
v 8.7 9.7 0
v 8.7 9.7 -0.1
v 8.7 9.8 0
v 8.7 9.8 -0.1
v 8.7 9.9 0
v 8.7 9.9 -0.1
v 8.7 10.5 0
v 8.7 10.5 -0.1
v 8.7 10.6 0
v 8.7 10.6 -0.1
v 8.7 11.1 0
v 8.7 11.1 -0.1
v 8.7 11.3 0
v 8.7 11.3 -0.1
v 8.8 3.8 0
v 8.8 3.8 -0.1
v 8.8 4.7 0
v 8.8 4.7 -0.1
v 8.8 5.1 0
v 8.8 5.1 -0.1
v 8.8 5.7 0
v 8.8 5.7 -0.1
v 8.8 7.1 0
v 8.8 7.1 -0.1
v 8.8 7.3 0
v 8.8 7.3 -0.1
v 8.8 8.9 0
v 8.8 8.9 -0.1
v 8.8 9.2 0
v 8.8 9.2 -0.1
v 8.9 5.7 0
v 8.9 5.7 -0.1
v 8.9 5.8 0
v 8.9 5.8 -0.1
v 8.9 6.6 0
v 8.9 6.6 -0.1
v 8.9 6.7 0
v 8.9 6.7 -0.1
v 8.9 8 0
v 8.9 8 -0.1
v 8.9 8.4 0
v 8.9 8.4 -0.1
v 8.9 9.6 0
v 8.9 9.6 -0.1
v 8.9 10 0
v 8.9 10 -0.1
v 8.9 10.4 0
v 8.9 10.4 -0.1
v 8.9 10.7 0
v 8.9 10.7 -0.1
v 8.9 11.1 0
v 8.9 11.1 -0.1
v 8.9 11.4 0
v 8.9 11.4 -0.1
v 9 6.3 0
v 9 6.3 -0.1
v 9 6.4 0
v 9 6.4 -0.1
v 9 6.5 0
v 9 6.5 -0.1
v 9 6.6 0
v 9 6.6 -0.1
v 9 8.9 0
v 9 8.9 -0.1
v 9 9.1 0
v 9 9.1 -0.1
v 9.1 1.9 0
v 9.1 1.9 -0.1
v 9.1 2 0
v 9.1 2 -0.1
v 9.1 5.3 0
v 9.1 5.3 -0.1
v 9.1 5.4 0
v 9.1 5.4 -0.1
v 9.1 5.6 0
v 9.1 5.6 -0.1
v 9.1 5.7 0
v 9.1 5.7 -0.1
v 9.1 7.1 0
v 9.1 7.1 -0.1
v 9.1 7.2 0
v 9.1 7.2 -0.1
v 9.1 7.3 0
v 9.1 7.3 -0.1
v 9.1 7.5 0
v 9.1 7.5 -0.1
v 9.1 8 0
v 9.1 8 -0.1
v 9.1 8.4 0
v 9.1 8.4 -0.1
v 9.1 9.6 0
v 9.1 9.6 -0.1
v 9.1 9.9 0
v 9.1 9.9 -0.1
v 9.1 10.4 0
v 9.1 10.4 -0.1
v 9.1 10.6 0
v 9.1 10.6 -0.1
v 9.1 11.1 0
v 9.1 11.1 -0.1
v 9.1 11.3 0
v 9.1 11.3 -0.1
v 9.2 3.8 0
v 9.2 3.8 -0.1
v 9.2 4.5 0
v 9.2 4.5 -0.1
v 9.2 5.1 0
v 9.2 5.1 -0.1
v 9.2 5.3 0
v 9.2 5.3 -0.1
v 9.2 5.5 0
v 9.2 5.5 -0.1
v 9.2 5.6 0
v 9.2 5.6 -0.1
v 9.2 6.2 0
v 9.2 6.2 -0.1
v 9.2 6.7 0
v 9.2 6.7 -0.1
v 9.2 8.4 0
v 9.2 8.4 -0.1
v 9.2 8.5 0
v 9.2 8.5 -0.1
v 9.2 8.9 0
v 9.2 8.9 -0.1
v 9.2 9.2 0
v 9.2 9.2 -0.1
v 9.3 1.9 0
v 9.3 1.9 -0.1
v 9.3 2 0
v 9.3 2 -0.1
v 9.3 7.1 0
v 9.3 7.1 -0.1
v 9.3 7.2 0
v 9.3 7.2 -0.1
v 9.3 9.6 0
v 9.3 9.6 -0.1
v 9.3 10 0
v 9.3 10 -0.1
v 9.3 10.4 0
v 9.3 10.4 -0.1
v 9.3 10.6 0
v 9.3 10.6 -0.1
v 9.3 11.1 0
v 9.3 11.1 -0.1
v 9.3 11.4 0
v 9.3 11.4 -0.1
v 9.4 5.1 0
v 9.4 5.1 -0.1
v 9.4 5.8 0
v 9.4 5.8 -0.1
v 9.4 8 0
v 9.4 8 -0.1
v 9.4 8.4 0
v 9.4 8.4 -0.1
v 9.4 9 0
v 9.4 9 -0.1
v 9.4 9.1 0
v 9.4 9.1 -0.1
v 9.4 9.2 0
v 9.4 9.2 -0.1
v 9.4 9.3 0
v 9.4 9.3 -0.1
v 9.4 10.6 0
v 9.4 10.6 -0.1
v 9.4 10.7 0
v 9.4 10.7 -0.1
v 9.5 1.9 0
v 9.5 1.9 -0.1
v 9.5 2 0
v 9.5 2 -0.1
v 9.5 3.8 0
v 9.5 3.8 -0.1
v 9.5 4.7 0
v 9.5 4.7 -0.1
v 9.5 6.2 0
v 9.5 6.2 -0.1
v 9.5 6.3 0
v 9.5 6.3 -0.1
v 9.5 6.4 0
v 9.5 6.4 -0.1
v 9.5 6.6 0
v 9.5 6.6 -0.1
v 9.5 7.1 0
v 9.5 7.1 -0.1
v 9.5 7.3 0
v 9.5 7.3 -0.1
v 9.5 9.7 0
v 9.5 9.7 -0.1
v 9.5 9.9 0
v 9.5 9.9 -0.1
v 9.5 11.2 0
v 9.5 11.2 -0.1
v 9.5 11.3 0
v 9.5 11.3 -0.1
v 9.6 5.3 0
v 9.6 5.3 -0.1
v 9.6 5.6 0
v 9.6 5.6 -0.1
v 9.6 8 0
v 9.6 8 -0.1
v 9.6 8.3 0
v 9.6 8.3 -0.1
v 9.6 8.4 0
v 9.6 8.4 -0.1
v 9.6 8.5 0
v 9.6 8.5 -0.1
v 9.6 8.9 0
v 9.6 8.9 -0.1
v 9.6 9.2 0
v 9.6 9.2 -0.1
v 9.6 10.4 0
v 9.6 10.4 -0.1
v 9.6 10.6 0
v 9.6 10.6 -0.1
v 9.7 5.1 0
v 9.7 5.1 -0.1
v 9.7 5.3 0
v 9.7 5.3 -0.1
v 9.7 6.2 0
v 9.7 6.2 -0.1
v 9.7 6.7 0
v 9.7 6.7 -0.1
v 9.7 7.1 0
v 9.7 7.1 -0.1
v 9.7 7.5 0
v 9.7 7.5 -0.1
v 9.7 9.6 0
v 9.7 9.6 -0.1
v 9.7 9.7 0
v 9.7 9.7 -0.1
v 9.7 9.9 0
v 9.7 9.9 -0.1
v 9.7 10 0
v 9.7 10 -0.1
v 9.7 11.1 0
v 9.7 11.1 -0.1
v 9.7 11.2 0
v 9.7 11.2 -0.1
v 9.7 11.3 0
v 9.7 11.3 -0.1
v 9.7 11.4 0
v 9.7 11.4 -0.1
v 9.8 5.3 0
v 9.8 5.3 -0.1
v 9.8 5.8 0
v 9.8 5.8 -0.1
v 9.8 9 0
v 9.8 9 -0.1
v 9.8 9.2 0
v 9.8 9.2 -0.1
v 9.8 9.7 0
v 9.8 9.7 -0.1
v 9.8 9.9 0
v 9.8 9.9 -0.1
v 9.8 10.5 0
v 9.8 10.5 -0.1
v 9.8 10.6 0
v 9.8 10.6 -0.1
v 9.8 11.2 0
v 9.8 11.2 -0.1
v 9.8 11.3 0
v 9.8 11.3 -0.1
v 9.9 1.9 0
v 9.9 1.9 -0.1
v 9.9 2 0
v 9.9 2 -0.1
v 9.9 3.9 0
v 9.9 3.9 -0.1
v 9.9 4.6 0
v 9.9 4.6 -0.1
v 9.9 8.1 0
v 9.9 8.1 -0.1
v 9.9 8.4 0
v 9.9 8.4 -0.1
v 9.9 8.9 0
v 9.9 8.9 -0.1
v 9.9 9 0
v 9.9 9 -0.1
v 9.9 10.4 0
v 9.9 10.4 -0.1
v 9.9 10.5 0
v 9.9 10.5 -0.1
v 10 1.8 0
v 10 1.8 -0.1
v 10 1.9 0
v 10 1.9 -0.1
v 10 2 0
v 10 2 -0.1
v 10 2.1 0
v 10 2.1 -0.1
v 10 5.1 0
v 10 5.1 -0.1
v 10 5.8 0
v 10 5.8 -0.1
v 10 6.2 0
v 10 6.2 -0.1
v 10 6.3 0
v 10 6.3 -0.1
v 10 6.4 0
v 10 6.4 -0.1
v 10 6.6 0
v 10 6.6 -0.1
v 10 6.7 0
v 10 6.7 -0.1
v 10 6.8 0
v 10 6.8 -0.1
v 10 7.1 0
v 10 7.1 -0.1
v 10 7.5 0
v 10 7.5 -0.1
v 10 9 0
v 10 9 -0.1
v 10 9.2 0
v 10 9.2 -0.1
v 10 10.5 0
v 10 10.5 -0.1
v 10 10.6 0
v 10 10.6 -0.1
v 10.1 3.8 0
v 10.1 3.8 -0.1
v 10.1 4.7 0
v 10.1 4.7 -0.1
v 10.1 8 0
v 10.1 8 -0.1
v 10.1 8.3 0
v 10.1 8.3 -0.1
v 10.1 8.4 0
v 10.1 8.4 -0.1
v 10.1 8.5 0
v 10.1 8.5 -0.1
v 10.1 9.7 0
v 10.1 9.7 -0.1
v 10.1 10 0
v 10.1 10 -0.1
v 10.1 11.2 0
v 10.1 11.2 -0.1
v 10.1 11.4 0
v 10.1 11.4 -0.1
v 10.2 1.7 0
v 10.2 1.7 -0.1
v 10.2 1.8 0
v 10.2 1.8 -0.1
v 10.2 2.1 0
v 10.2 2.1 -0.1
v 10.2 2.2 0
v 10.2 2.2 -0.1
v 10.2 6.2 0
v 10.2 6.2 -0.1
v 10.2 6.6 0
v 10.2 6.6 -0.1
v 10.2 6.7 0
v 10.2 6.7 -0.1
v 10.2 6.8 0
v 10.2 6.8 -0.1
v 10.2 8.9 0
v 10.2 8.9 -0.1
v 10.2 9.2 0
v 10.2 9.2 -0.1
v 10.2 9.6 0
v 10.2 9.6 -0.1
v 10.2 9.7 0
v 10.2 9.7 -0.1
v 10.2 10.5 0
v 10.2 10.5 -0.1
v 10.2 10.6 0
v 10.2 10.6 -0.1
v 10.2 11.1 0
v 10.2 11.1 -0.1
v 10.2 11.2 0
v 10.2 11.2 -0.1
v 10.3 1.8 0
v 10.3 1.8 -0.1
v 10.3 2.1 0
v 10.3 2.1 -0.1
v 10.3 5.2 0
v 10.3 5.2 -0.1
v 10.3 5.3 0
v 10.3 5.3 -0.1
v 10.3 5.6 0
v 10.3 5.6 -0.1
v 10.3 5.7 0
v 10.3 5.7 -0.1
v 10.3 8.2 0
v 10.3 8.2 -0.1
v 10.3 8.5 0
v 10.3 8.5 -0.1
v 10.3 9.7 0
v 10.3 9.7 -0.1
v 10.3 10 0
v 10.3 10 -0.1
v 10.3 10.4 0
v 10.3 10.4 -0.1
v 10.3 10.5 0
v 10.3 10.5 -0.1
v 10.3 10.6 0
v 10.3 10.6 -0.1
v 10.3 10.7 0
v 10.3 10.7 -0.1
v 10.3 11.2 0
v 10.3 11.2 -0.1
v 10.3 11.4 0
v 10.3 11.4 -0.1
v 10.4 1.6 0
v 10.4 1.6 -0.1
v 10.4 1.7 0
v 10.4 1.7 -0.1
v 10.4 2.2 0
v 10.4 2.2 -0.1
v 10.4 2.3 0
v 10.4 2.3 -0.1
v 10.4 4.4 0
v 10.4 4.4 -0.1
v 10.4 4.7 0
v 10.4 4.7 -0.1
v 10.4 5.3 0
v 10.4 5.3 -0.1
v 10.4 5.6 0
v 10.4 5.6 -0.1
v 10.4 6.2 0
v 10.4 6.2 -0.1
v 10.4 6.5 0
v 10.4 6.5 -0.1
v 10.4 6.6 0
v 10.4 6.6 -0.1
v 10.4 6.7 0
v 10.4 6.7 -0.1
v 10.4 7.3 0
v 10.4 7.3 -0.1
v 10.4 7.5 0
v 10.4 7.5 -0.1
v 10.4 9 0
v 10.4 9 -0.1
v 10.4 9.1 0
v 10.4 9.1 -0.1
v 10.4 10.5 0
v 10.4 10.5 -0.1
v 10.4 10.6 0
v 10.4 10.6 -0.1
v 10.5 1.7 0
v 10.5 1.7 -0.1
v 10.5 2.2 0
v 10.5 2.2 -0.1
v 10.5 4.2 0
v 10.5 4.2 -0.1
v 10.5 4.4 0
v 10.5 4.4 -0.1
v 10.5 7.1 0
v 10.5 7.1 -0.1
v 10.5 7.2 0
v 10.5 7.2 -0.1
v 10.5 8 0
v 10.5 8 -0.1
v 10.5 8.1 0
v 10.5 8.1 -0.1
v 10.5 9.6 0
v 10.5 9.6 -0.1
v 10.5 10 0
v 10.5 10 -0.1
v 10.5 11.1 0
v 10.5 11.1 -0.1
v 10.5 11.4 0
v 10.5 11.4 -0.1
v 10.6 0.8 0
v 10.6 0.8 -0.1
v 10.6 0.9 0
v 10.6 0.9 -0.1
v 10.6 1 0
v 10.6 1 -0.1
v 10.6 1.1 0
v 10.6 1.1 -0.1
v 10.6 4 0
v 10.6 4 -0.1
v 10.6 4.2 0
v 10.6 4.2 -0.1
v 10.6 5.1 0
v 10.6 5.1 -0.1
v 10.6 5.6 0
v 10.6 5.6 -0.1
v 10.6 5.7 0
v 10.6 5.7 -0.1
v 10.6 5.8 0
v 10.6 5.8 -0.1
v 10.6 8.1 0
v 10.6 8.1 -0.1
v 10.6 8.5 0
v 10.6 8.5 -0.1
v 10.6 8.9 0
v 10.6 8.9 -0.1
v 10.6 9 0
v 10.6 9 -0.1
v 10.6 9.1 0
v 10.6 9.1 -0.1
v 10.6 9.2 0
v 10.6 9.2 -0.1
v 10.6 10.4 0
v 10.6 10.4 -0.1
v 10.6 10.5 0
v 10.6 10.5 -0.1
v 10.6 10.6 0
v 10.6 10.6 -0.1
v 10.6 10.7 0
v 10.6 10.7 -0.1
v 10.7 0.7 0
v 10.7 0.7 -0.1
v 10.7 0.8 0
v 10.7 0.8 -0.1
v 10.7 1.1 0
v 10.7 1.1 -0.1
v 10.7 1.2 0
v 10.7 1.2 -0.1
v 10.7 3.8 0
v 10.7 3.8 -0.1
v 10.7 4 0
v 10.7 4 -0.1
v 10.7 6.3 0
v 10.7 6.3 -0.1
v 10.7 6.7 0
v 10.7 6.7 -0.1
v 10.7 7.3 0
v 10.7 7.3 -0.1
v 10.7 7.5 0
v 10.7 7.5 -0.1
v 10.7 9 0
v 10.7 9 -0.1
v 10.7 9.1 0
v 10.7 9.1 -0.1
v 10.7 9.7 0
v 10.7 9.7 -0.1
v 10.7 9.9 0
v 10.7 9.9 -0.1
v 10.7 10.5 0
v 10.7 10.5 -0.1
v 10.7 10.6 0
v 10.7 10.6 -0.1
v 10.7 11.2 0
v 10.7 11.2 -0.1
v 10.7 11.3 0
v 10.7 11.3 -0.1
v 10.8 4 0
v 10.8 4 -0.1
v 10.8 4.2 0
v 10.8 4.2 -0.1
v 10.8 5.6 0
v 10.8 5.6 -0.1
v 10.8 5.8 0
v 10.8 5.8 -0.1
v 10.8 8.1 0
v 10.8 8.1 -0.1
v 10.8 8.4 0
v 10.8 8.4 -0.1
v 10.8 8.9 0
v 10.8 8.9 -0.1
v 10.8 9 0
v 10.8 9 -0.1
v 10.8 9.1 0
v 10.8 9.1 -0.1
v 10.8 9.2 0
v 10.8 9.2 -0.1
v 10.8 10.4 0
v 10.8 10.4 -0.1
v 10.8 10.5 0
v 10.8 10.5 -0.1
v 10.8 10.6 0
v 10.8 10.6 -0.1
v 10.8 10.7 0
v 10.8 10.7 -0.1
v 10.9 1.9 0
v 10.9 1.9 -0.1
v 10.9 2 0
v 10.9 2 -0.1
v 10.9 4.2 0
v 10.9 4.2 -0.1
v 10.9 4.4 0
v 10.9 4.4 -0.1
v 10.9 5.4 0
v 10.9 5.4 -0.1
v 10.9 5.6 0
v 10.9 5.6 -0.1
v 10.9 6.2 0
v 10.9 6.2 -0.1
v 10.9 6.7 0
v 10.9 6.7 -0.1
v 10.9 7.1 0
v 10.9 7.1 -0.1
v 10.9 7.3 0
v 10.9 7.3 -0.1
v 10.9 7.4 0
v 10.9 7.4 -0.1
v 10.9 7.5 0
v 10.9 7.5 -0.1
v 10.9 8 0
v 10.9 8 -0.1
v 10.9 8.1 0
v 10.9 8.1 -0.1
v 10.9 8.4 0
v 10.9 8.4 -0.1
v 10.9 8.5 0
v 10.9 8.5 -0.1
v 10.9 9.6 0
v 10.9 9.6 -0.1
v 10.9 9.8 0
v 10.9 9.8 -0.1
v 10.9 9.9 0
v 10.9 9.9 -0.1
v 10.9 10 0
v 10.9 10 -0.1
v 10.9 11.1 0
v 10.9 11.1 -0.1
v 10.9 11.2 0
v 10.9 11.2 -0.1
v 10.9 11.3 0
v 10.9 11.3 -0.1
v 10.9 11.4 0
v 10.9 11.4 -0.1
v 11 0.8 0
v 11 0.8 -0.1
v 11 0.9 0
v 11 0.9 -0.1
v 11 1 0
v 11 1 -0.1
v 11 1.1 0
v 11 1.1 -0.1
v 11 4.4 0
v 11 4.4 -0.1
v 11 4.5 0
v 11 4.5 -0.1
v 11 5.2 0
v 11 5.2 -0.1
v 11 5.4 0
v 11 5.4 -0.1
v 11 9.8 0
v 11 9.8 -0.1
v 11 9.9 0
v 11 9.9 -0.1
v 11 11.2 0
v 11 11.2 -0.1
v 11 11.3 0
v 11 11.3 -0.1
v 11.1 1.8 0
v 11.1 1.8 -0.1
v 11.1 2.1 0
v 11.1 2.1 -0.1
v 11.1 5.1 0
v 11.1 5.1 -0.1
v 11.1 5.2 0
v 11.1 5.2 -0.1
v 11.1 6.4 0
v 11.1 6.4 -0.1
v 11.1 6.5 0
v 11.1 6.5 -0.1
v 11.1 7.1 0
v 11.1 7.1 -0.1
v 11.1 7.2 0
v 11.1 7.2 -0.1
v 11.1 8.1 0
v 11.1 8.1 -0.1
v 11.1 8.4 0
v 11.1 8.4 -0.1
v 11.1 9.6 0
v 11.1 9.6 -0.1
v 11.1 9.8 0
v 11.1 9.8 -0.1
v 11.1 9.9 0
v 11.1 9.9 -0.1
v 11.1 10 0
v 11.1 10 -0.1
v 11.1 11.1 0
v 11.1 11.1 -0.1
v 11.1 11.2 0
v 11.1 11.2 -0.1
v 11.1 11.3 0
v 11.1 11.3 -0.1
v 11.1 11.4 0
v 11.1 11.4 -0.1
v 11.2 3.8 0
v 11.2 3.8 -0.1
v 11.2 4.7 0
v 11.2 4.7 -0.1
v 11.2 5.2 0
v 11.2 5.2 -0.1
v 11.2 5.4 0
v 11.2 5.4 -0.1
v 11.2 7.3 0
v 11.2 7.3 -0.1
v 11.2 7.5 0
v 11.2 7.5 -0.1
v 11.3 0.7 0
v 11.3 0.7 -0.1
v 11.3 0.9 0
v 11.3 0.9 -0.1
v 11.3 1 0
v 11.3 1 -0.1
v 11.3 1.2 0
v 11.3 1.2 -0.1
v 11.3 1.7 0
v 11.3 1.7 -0.1
v 11.3 2.2 0
v 11.3 2.2 -0.1
v 11.3 5.4 0
v 11.3 5.4 -0.1
v 11.3 5.6 0
v 11.3 5.6 -0.1
v 11.3 6.4 0
v 11.3 6.4 -0.1
v 11.3 6.6 0
v 11.3 6.6 -0.1
v 11.3 8 0
v 11.3 8 -0.1
v 11.3 8.2 0
v 11.3 8.2 -0.1
v 11.3 8.3 0
v 11.3 8.3 -0.1
v 11.3 8.5 0
v 11.3 8.5 -0.1
v 11.4 5.6 0
v 11.4 5.6 -0.1
v 11.4 5.8 0
v 11.4 5.8 -0.1
v 11.4 7.1 0
v 11.4 7.1 -0.1
v 11.4 7.2 0
v 11.4 7.2 -0.1
v 11.4 7.3 0
v 11.4 7.3 -0.1
v 11.4 7.5 0
v 11.4 7.5 -0.1
v 11.5 0.8 0
v 11.5 0.8 -0.1
v 11.5 0.9 0
v 11.5 0.9 -0.1
v 11.5 1 0
v 11.5 1 -0.1
v 11.5 1.1 0
v 11.5 1.1 -0.1
v 11.5 6.4 0
v 11.5 6.4 -0.1
v 11.5 6.7 0
v 11.5 6.7 -0.1
v 11.5 7.2 0
v 11.5 7.2 -0.1
v 11.5 7.3 0
v 11.5 7.3 -0.1
v 11.5 8.2 0
v 11.5 8.2 -0.1
v 11.5 8.3 0
v 11.5 8.3 -0.1
v 11.6 1.7 0
v 11.6 1.7 -0.1
v 11.6 1.8 0
v 11.6 1.8 -0.1
v 11.6 5.1 0
v 11.6 5.1 -0.1
v 11.6 5.2 0
v 11.6 5.2 -0.1
v 11.6 5.3 0
v 11.6 5.3 -0.1
v 11.6 5.8 0
v 11.6 5.8 -0.1
v 11.6 6.1 0
v 11.6 6.1 -0.1
v 11.6 6.3 0
v 11.6 6.3 -0.1
v 11.6 7.1 0
v 11.6 7.1 -0.1
v 11.6 7.2 0
v 11.6 7.2 -0.1
v 11.6 8 0
v 11.6 8 -0.1
v 11.6 8.2 0
v 11.6 8.2 -0.1
v 11.6 8.3 0
v 11.6 8.3 -0.1
v 11.6 8.5 0
v 11.6 8.5 -0.1
v 11.7 1.9 0
v 11.7 1.9 -0.1
v 11.7 2 0
v 11.7 2 -0.1
v 11.7 4 0
v 11.7 4 -0.1
v 11.7 4.5 0
v 11.7 4.5 -0.1
v 11.7 6.3 0
v 11.7 6.3 -0.1
v 11.7 6.4 0
v 11.7 6.4 -0.1
v 11.7 7.4 0
v 11.7 7.4 -0.1
v 11.7 7.5 0
v 11.7 7.5 -0.1
v 11.8 2.1 0
v 11.8 2.1 -0.1
v 11.8 2.2 0
v 11.8 2.2 -0.1
v 11.8 6.2 0
v 11.8 6.2 -0.1
v 11.8 6.3 0
v 11.8 6.3 -0.1
v 11.8 6.4 0
v 11.8 6.4 -0.1
v 11.8 6.5 0
v 11.8 6.5 -0.1
v 11.9 3.8 0
v 11.9 3.8 -0.1
v 11.9 4 0
v 11.9 4 -0.1
v 11.9 4.5 0
v 11.9 4.5 -0.1
v 11.9 4.7 0
v 11.9 4.7 -0.1
v 11.9 5.4 0
v 11.9 5.4 -0.1
v 11.9 5.7 0
v 11.9 5.7 -0.1
v 11.9 6.1 0
v 11.9 6.1 -0.1
v 11.9 6.2 0
v 11.9 6.2 -0.1
v 11.9 6.6 0
v 11.9 6.6 -0.1
v 11.9 6.7 0
v 11.9 6.7 -0.1
v 12 4 0
v 12 4 -0.1
v 12 4.1 0
v 12 4.1 -0.1
v 12 4.4 0
v 12 4.4 -0.1
v 12 4.5 0
v 12 4.5 -0.1
v 12.1 4.1 0
v 12.1 4.1 -0.1
v 12.1 4.2 0
v 12.1 4.2 -0.1
v 12.1 4.3 0
v 12.1 4.3 -0.1
v 12.1 4.4 0
v 12.1 4.4 -0.1
v 12.1 5.1 0
v 12.1 5.1 -0.1
v 12.1 5.3 0
v 12.1 5.3 -0.1
v 12.1 5.6 0
v 12.1 5.6 -0.1
v 12.1 5.8 0
v 12.1 5.8 -0.1
v 12.2 4.2 0
v 12.2 4.2 -0.1
v 12.2 4.3 0
v 12.2 4.3 -0.1
v 12.2 5.3 0
v 12.2 5.3 -0.1
v 12.2 5.4 0
v 12.2 5.4 -0.1
v 12.2 5.5 0
v 12.2 5.5 -0.1
v 12.2 5.6 0
v 12.2 5.6 -0.1
v 12.3 5.4 0
v 12.3 5.4 -0.1
v 12.3 5.5 0
v 12.3 5.5 -0.1
v 12.4 3.8 0
v 12.4 3.8 -0.1
v 12.4 4.1 0
v 12.4 4.1 -0.1
v 12.4 4.4 0
v 12.4 4.4 -0.1
v 12.4 4.5 0
v 12.4 4.5 -0.1
v 12.4 5.3 0
v 12.4 5.3 -0.1
v 12.4 5.4 0
v 12.4 5.4 -0.1
v 12.4 5.5 0
v 12.4 5.5 -0.1
v 12.4 5.6 0
v 12.4 5.6 -0.1
v 12.5 1.7 0
v 12.5 1.7 -0.1
v 12.5 1.8 0
v 12.5 1.8 -0.1
v 12.5 1.9 0
v 12.5 1.9 -0.1
v 12.5 2 0
v 12.5 2 -0.1
v 12.5 2.1 0
v 12.5 2.1 -0.1
v 12.5 2.2 0
v 12.5 2.2 -0.1
v 12.5 4.5 0
v 12.5 4.5 -0.1
v 12.5 4.7 0
v 12.5 4.7 -0.1
v 12.5 5.1 0
v 12.5 5.1 -0.1
v 12.5 5.3 0
v 12.5 5.3 -0.1
v 12.5 5.6 0
v 12.5 5.6 -0.1
v 12.5 5.8 0
v 12.5 5.8 -0.1
v 13.2 11 0
v 13.2 11 -0.1
v 13.2 11.3 0
v 13.2 11.3 -0.1
v 13.3 10.9 0
v 13.3 10.9 -0.1
v 13.3 11 0
v 13.3 11 -0.1
v 13.3 11.3 0
v 13.3 11.3 -0.1
v 13.3 11.4 0
v 13.3 11.4 -0.1
v 13.4 10.8 0
v 13.4 10.8 -0.1
v 13.4 10.9 0
v 13.4 10.9 -0.1
v 13.4 11.4 0
v 13.4 11.4 -0.1
v 13.4 11.5 0
v 13.4 11.5 -0.1
v 13.7 10.9 0
v 13.7 10.9 -0.1
v 13.7 11 0
v 13.7 11 -0.1
v 13.7 11.3 0
v 13.7 11.3 -0.1
v 13.7 11.4 0
v 13.7 11.4 -0.1
v 13.9 10.8 0
v 13.9 10.8 -0.1
v 13.9 11 0
v 13.9 11 -0.1
v 14 11 0
v 14 11 -0.1
v 14 11.2 0
v 14 11.2 -0.1
v 14.1 11.2 0
v 14.1 11.2 -0.1
v 14.1 11.4 0
v 14.1 11.4 -0.1
v 14.2 11.4 0
v 14.2 11.4 -0.1
v 14.2 11.5 0
v 14.2 11.5 -0.1
v 14.7 10.8 0
v 14.7 10.8 -0.1
v 14.7 10.9 0
v 14.7 10.9 -0.1
v 14.7 11 0
v 14.7 11 -0.1
v 14.7 11.5 0
v 14.7 11.5 -0.1
v 14.9 11.3 0
v 14.9 11.3 -0.1
v 14.9 11.4 0
v 14.9 11.4 -0.1
v 15 10.9 0
v 15 10.9 -0.1
v 15 11 0
v 15 11 -0.1
v 15 11.2 0
v 15 11.2 -0.1
v 15 11.3 0
v 15 11.3 -0.1
v 15.1 11.1 0
v 15.1 11.1 -0.1
v 15.1 11.2 0
v 15.1 11.2 -0.1
v 15.2 10.8 0
v 15.2 10.8 -0.1
v 15.2 11.1 0
v 15.2 11.1 -0.1
v 15.2 11.2 0
v 15.2 11.2 -0.1
v 15.2 11.5 0
v 15.2 11.5 -0.1
v 15.4 10.8 0
v 15.4 10.8 -0.1
v 15.4 11.5 0
v 15.4 11.5 -0.1
v 15.7 10.9 0
v 15.7 10.9 -0.1
v 15.7 11 0
v 15.7 11 -0.1
v 15.7 11.3 0
v 15.7 11.3 -0.1
v 15.7 11.4 0
v 15.7 11.4 -0.1
v 15.8 11 0
v 15.8 11 -0.1
v 15.8 11.3 0
v 15.8 11.3 -0.1
v 16 10.8 0
v 16 10.8 -0.1
v 16 11.5 0
v 16 11.5 -0.1
v 16.2 11.3 0
v 16.2 11.3 -0.1
v 16.2 11.5 0
v 16.2 11.5 -0.1
v 16.3 11.1 0
v 16.3 11.1 -0.1
v 16.3 11.3 0
v 16.3 11.3 -0.1
v 16.4 10.9 0
v 16.4 10.9 -0.1
v 16.4 11.1 0
v 16.4 11.1 -0.1
v 16.5 10.8 0
v 16.5 10.8 -0.1
v 16.5 10.9 0
v 16.5 10.9 -0.1
v 16.6 10.9 0
v 16.6 10.9 -0.1
v 16.6 11.1 0
v 16.6 11.1 -0.1
v 16.7 11.1 0
v 16.7 11.1 -0.1
v 16.7 11.3 0
v 16.7 11.3 -0.1
v 16.8 11.3 0
v 16.8 11.3 -0.1
v 16.8 11.5 0
v 16.8 11.5 -0.1
v 17 10.9 0
v 17 10.9 -0.1
v 17 11.4 0
v 17 11.4 -0.1
v 17.1 10.8 0
v 17.1 10.8 -0.1
v 17.1 10.9 0
v 17.1 10.9 -0.1
v 17.1 11.4 0
v 17.1 11.4 -0.1
v 17.1 11.5 0
v 17.1 11.5 -0.1
v 17.4 10.9 0
v 17.4 10.9 -0.1
v 17.4 11.4 0
v 17.4 11.4 -0.1
v 17.6 10.8 0
v 17.6 10.8 -0.1
v 17.6 10.9 0
v 17.6 10.9 -0.1
v 17.6 11.4 0
v 17.6 11.4 -0.1
v 17.6 11.5 0
v 17.6 11.5 -0.1
v 17.7 10.9 0
v 17.7 10.9 -0.1
v 17.7 11 0
v 17.7 11 -0.1
v 17.7 11.3 0
v 17.7 11.3 -0.1
v 17.7 11.4 0
v 17.7 11.4 -0.1
v 17.8 11 0
v 17.8 11 -0.1
v 17.8 11.1 0
v 17.8 11.1 -0.1
v 17.8 11.2 0
v 17.8 11.2 -0.1
v 17.8 11.3 0
v 17.8 11.3 -0.1
v 17.9 11.1 0
v 17.9 11.1 -0.1
v 17.9 11.2 0
v 17.9 11.2 -0.1
v 18 11 0
v 18 11 -0.1
v 18 11.1 0
v 18 11.1 -0.1
v 18 11.2 0
v 18 11.2 -0.1
v 18 11.3 0
v 18 11.3 -0.1
v 18.1 10.9 0
v 18.1 10.9 -0.1
v 18.1 11 0
v 18.1 11 -0.1
v 18.1 11.3 0
v 18.1 11.3 -0.1
v 18.1 11.4 0
v 18.1 11.4 -0.1
v 18.2 10.8 0
v 18.2 10.8 -0.1
v 18.2 10.9 0
v 18.2 10.9 -0.1
v 18.2 11.4 0
v 18.2 11.4 -0.1
v 18.2 11.5 0
v 18.2 11.5 -0.1
v 5.8 1.8 0
v 5.8 1.8 -0.1
v 5.8 1.9 0
v 5.8 1.9 -0.1
v 6.1 2.3 0
v 6.1 2.3 -0.1
v 6.1 2.4 0
v 6.1 2.4 -0.1
v 6.2 1.9 0
v 6.2 1.9 -0.1
v 6.2 2 0
v 6.2 2 -0.1
v 6.2 2.2 0
v 6.2 2.2 -0.1
v 6.2 2.3 0
v 6.2 2.3 -0.1
v 6.3 1.6 0
v 6.3 1.6 -0.1
v 6.3 1.7 0
v 6.3 1.7 -0.1
v 6.3 2 0
v 6.3 2 -0.1
v 6.3 2.1 0
v 6.3 2.1 -0.1
v 6.4 1.7 0
v 6.4 1.7 -0.1
v 6.4 1.9 0
v 6.4 1.9 -0.1
v 6.5 4.2 0
v 6.5 4.2 -0.1
v 6.5 4.3 0
v 6.5 4.3 -0.1
v 6.7 4.1 0
v 6.7 4.1 -0.1
v 6.7 4.2 0
v 6.7 4.2 -0.1
v 6.7 4.3 0
v 6.7 4.3 -0.1
v 6.7 4.4 0
v 6.7 4.4 -0.1
v 6.9 4 0
v 6.9 4 -0.1
v 6.9 4.1 0
v 6.9 4.1 -0.1
v 6.9 4.4 0
v 6.9 4.4 -0.1
v 6.9 4.5 0
v 6.9 4.5 -0.1
v 7 2.2 0
v 7 2.2 -0.1
v 7 2.4 0
v 7 2.4 -0.1
v 7.1 1.9 0
v 7.1 1.9 -0.1
v 7.1 2.1 0
v 7.1 2.1 -0.1
v 7.1 3.9 0
v 7.1 3.9 -0.1
v 7.1 4 0
v 7.1 4 -0.1
v 7.1 4.5 0
v 7.1 4.5 -0.1
v 7.1 4.6 0
v 7.1 4.6 -0.1
v 7.2 1.6 0
v 7.2 1.6 -0.1
v 7.2 1.8 0
v 7.2 1.8 -0.1
v 7.3 3.8 0
v 7.3 3.8 -0.1
v 7.3 4.7 0
v 7.3 4.7 -0.1
v 7.3 6.4 0
v 7.3 6.4 -0.1
v 7.3 6.5 0
v 7.3 6.5 -0.1
v 7.4 5.4 0
v 7.4 5.4 -0.1
v 7.4 5.5 0
v 7.4 5.5 -0.1
v 7.4 7.1 0
v 7.4 7.1 -0.1
v 7.4 7.2 0
v 7.4 7.2 -0.1
v 7.4 7.4 0
v 7.4 7.4 -0.1
v 7.4 7.5 0
v 7.4 7.5 -0.1
v 7.4 8.2 0
v 7.4 8.2 -0.1
v 7.4 8.3 0
v 7.4 8.3 -0.1
v 7.5 1.7 0
v 7.5 1.7 -0.1
v 7.5 1.8 0
v 7.5 1.8 -0.1
v 7.5 5.3 0
v 7.5 5.3 -0.1
v 7.5 5.4 0
v 7.5 5.4 -0.1
v 7.5 5.5 0
v 7.5 5.5 -0.1
v 7.5 5.6 0
v 7.5 5.6 -0.1
v 7.5 9 0
v 7.5 9 -0.1
v 7.5 9.1 0
v 7.5 9.1 -0.1
v 7.5 9.6 0
v 7.5 9.6 -0.1
v 7.5 10 0
v 7.5 10 -0.1
v 7.5 10.5 0
v 7.5 10.5 -0.1
v 7.5 10.6 0
v 7.5 10.6 -0.1
v 7.5 11.1 0
v 7.5 11.1 -0.1
v 7.5 11.4 0
v 7.5 11.4 -0.1
v 7.6 1.9 0
v 7.6 1.9 -0.1
v 7.6 2 0
v 7.6 2 -0.1
v 7.6 4 0
v 7.6 4 -0.1
v 7.6 4.5 0
v 7.6 4.5 -0.1
v 7.6 6.3 0
v 7.6 6.3 -0.1
v 7.6 6.4 0
v 7.6 6.4 -0.1
v 7.6 6.5 0
v 7.6 6.5 -0.1
v 7.6 6.6 0
v 7.6 6.6 -0.1
v 7.6 7.1 0
v 7.6 7.1 -0.1
v 7.6 7.5 0
v 7.6 7.5 -0.1
v 7.7 2.1 0
v 7.7 2.1 -0.1
v 7.7 2.2 0
v 7.7 2.2 -0.1
v 7.7 5.2 0
v 7.7 5.2 -0.1
v 7.7 5.3 0
v 7.7 5.3 -0.1
v 7.7 5.6 0
v 7.7 5.6 -0.1
v 7.7 5.7 0
v 7.7 5.7 -0.1
v 7.7 6.2 0
v 7.7 6.2 -0.1
v 7.7 6.3 0
v 7.7 6.3 -0.1
v 7.7 6.6 0
v 7.7 6.6 -0.1
v 7.7 6.7 0
v 7.7 6.7 -0.1
v 7.7 8.1 0
v 7.7 8.1 -0.1
v 7.7 8.2 0
v 7.7 8.2 -0.1
v 7.7 8.3 0
v 7.7 8.3 -0.1
v 7.7 8.4 0
v 7.7 8.4 -0.1
v 7.7 9 0
v 7.7 9 -0.1
v 7.7 9.1 0
v 7.7 9.1 -0.1
v 7.7 9.6 0
v 7.7 9.6 -0.1
v 7.7 10 0
v 7.7 10 -0.1
v 7.7 10.5 0
v 7.7 10.5 -0.1
v 7.7 10.6 0
v 7.7 10.6 -0.1
v 7.7 11.1 0
v 7.7 11.1 -0.1
v 7.7 11.4 0
v 7.7 11.4 -0.1
v 7.8 2.2 0
v 7.8 2.2 -0.1
v 7.8 2.3 0
v 7.8 2.3 -0.1
v 7.8 5.3 0
v 7.8 5.3 -0.1
v 7.8 5.6 0
v 7.8 5.6 -0.1
v 7.8 6.4 0
v 7.8 6.4 -0.1
v 7.8 6.5 0
v 7.8 6.5 -0.1
v 7.8 8 0
v 7.8 8 -0.1
v 7.8 8.1 0
v 7.8 8.1 -0.1
v 7.8 8.4 0
v 7.8 8.4 -0.1
v 7.8 8.5 0
v 7.8 8.5 -0.1
v 7.9 1.8 0
v 7.9 1.8 -0.1
v 7.9 1.9 0
v 7.9 1.9 -0.1
v 7.9 2.1 0
v 7.9 2.1 -0.1
v 7.9 2.2 0
v 7.9 2.2 -0.1
v 7.9 3.8 0
v 7.9 3.8 -0.1
v 7.9 4 0
v 7.9 4 -0.1
v 7.9 4.5 0
v 7.9 4.5 -0.1
v 7.9 4.7 0
v 7.9 4.7 -0.1
v 7.9 5.1 0
v 7.9 5.1 -0.1
v 7.9 5.2 0
v 7.9 5.2 -0.1
v 7.9 5.7 0
v 7.9 5.7 -0.1
v 7.9 5.8 0
v 7.9 5.8 -0.1
v 7.9 6.2 0
v 7.9 6.2 -0.1
v 7.9 6.3 0
v 7.9 6.3 -0.1
v 7.9 6.5 0
v 7.9 6.5 -0.1
v 7.9 6.6 0
v 7.9 6.6 -0.1
v 7.9 6.7 0
v 7.9 6.7 -0.1
v 7.9 6.8 0
v 7.9 6.8 -0.1
v 7.9 7.1 0
v 7.9 7.1 -0.1
v 7.9 7.5 0
v 7.9 7.5 -0.1
v 7.9 8.2 0
v 7.9 8.2 -0.1
v 7.9 8.3 0
v 7.9 8.3 -0.1
v 7.9 9 0
v 7.9 9 -0.1
v 7.9 9.1 0
v 7.9 9.1 -0.1
v 7.9 9.6 0
v 7.9 9.6 -0.1
v 7.9 10 0
v 7.9 10 -0.1
v 7.9 10.5 0
v 7.9 10.5 -0.1
v 7.9 10.6 0
v 7.9 10.6 -0.1
v 7.9 11.1 0
v 7.9 11.1 -0.1
v 7.9 11.4 0
v 7.9 11.4 -0.1
v 8 1.6 0
v 8 1.6 -0.1
v 8 1.7 0
v 8 1.7 -0.1
v 8 1.9 0
v 8 1.9 -0.1
v 8 2 0
v 8 2 -0.1
v 8 5.2 0
v 8 5.2 -0.1
v 8 5.7 0
v 8 5.7 -0.1
v 8.1 1.7 0
v 8.1 1.7 -0.1
v 8.1 1.8 0
v 8.1 1.8 -0.1
v 8.1 4 0
v 8.1 4 -0.1
v 8.1 4.1 0
v 8.1 4.1 -0.1
v 8.2 4.1 0
v 8.2 4.1 -0.1
v 8.2 4.3 0
v 8.2 4.3 -0.1
v 8.2 6.3 0
v 8.2 6.3 -0.1
v 8.2 6.6 0
v 8.2 6.6 -0.1
v 8.2 8.1 0
v 8.2 8.1 -0.1
v 8.2 8.3 0
v 8.2 8.3 -0.1
v 8.2 9 0
v 8.2 9 -0.1
v 8.2 9.1 0
v 8.2 9.1 -0.1
v 8.2 9.7 0
v 8.2 9.7 -0.1
v 8.2 9.9 0
v 8.2 9.9 -0.1
v 8.2 10.5 0
v 8.2 10.5 -0.1
v 8.2 10.6 0
v 8.2 10.6 -0.1
v 8.2 11.2 0
v 8.2 11.2 -0.1
v 8.2 11.3 0
v 8.2 11.3 -0.1
v 8.3 4.3 0
v 8.3 4.3 -0.1
v 8.3 4.5 0
v 8.3 4.5 -0.1
v 8.3 5.3 0
v 8.3 5.3 -0.1
v 8.3 5.6 0
v 8.3 5.6 -0.1
v 8.3 7.1 0
v 8.3 7.1 -0.1
v 8.3 7.5 0
v 8.3 7.5 -0.1
v 8.3 8.9 0
v 8.3 8.9 -0.1
v 8.3 9 0
v 8.3 9 -0.1
v 8.3 9.1 0
v 8.3 9.1 -0.1
v 8.3 9.2 0
v 8.3 9.2 -0.1
v 8.4 1.6 0
v 8.4 1.6 -0.1
v 8.4 2.1 0
v 8.4 2.1 -0.1
v 8.4 4.5 0
v 8.4 4.5 -0.1
v 8.4 4.7 0
v 8.4 4.7 -0.1
v 8.4 5.2 0
v 8.4 5.2 -0.1
v 8.4 5.3 0
v 8.4 5.3 -0.1
v 8.4 5.6 0
v 8.4 5.6 -0.1
v 8.4 5.7 0
v 8.4 5.7 -0.1
v 8.4 6.2 0
v 8.4 6.2 -0.1
v 8.4 6.3 0
v 8.4 6.3 -0.1
v 8.4 9.6 0
v 8.4 9.6 -0.1
v 8.4 9.7 0
v 8.4 9.7 -0.1
v 8.4 9.9 0
v 8.4 9.9 -0.1
v 8.4 10 0
v 8.4 10 -0.1
v 8.4 10.4 0
v 8.4 10.4 -0.1
v 8.4 10.5 0
v 8.4 10.5 -0.1
v 8.4 10.6 0
v 8.4 10.6 -0.1
v 8.4 10.7 0
v 8.4 10.7 -0.1
v 8.4 11.1 0
v 8.4 11.1 -0.1
v 8.4 11.2 0
v 8.4 11.2 -0.1
v 8.4 11.3 0
v 8.4 11.3 -0.1
v 8.4 11.4 0
v 8.4 11.4 -0.1
v 8.5 4.3 0
v 8.5 4.3 -0.1
v 8.5 4.5 0
v 8.5 4.5 -0.1
v 8.5 6.4 0
v 8.5 6.4 -0.1
v 8.5 6.5 0
v 8.5 6.5 -0.1
v 8.5 7.1 0
v 8.5 7.1 -0.1
v 8.5 7.2 0
v 8.5 7.2 -0.1
v 8.5 7.4 0
v 8.5 7.4 -0.1
v 8.5 7.5 0
v 8.5 7.5 -0.1
v 8.5 8 0
v 8.5 8 -0.1
v 8.5 8.1 0
v 8.5 8.1 -0.1
v 8.5 8.4 0
v 8.5 8.4 -0.1
v 8.5 8.5 0
v 8.5 8.5 -0.1
v 8.5 9 0
v 8.5 9 -0.1
v 8.5 9.1 0
v 8.5 9.1 -0.1
v 8.6 1.6 0
v 8.6 1.6 -0.1
v 8.6 2.1 0
v 8.6 2.1 -0.1
v 8.6 4.1 0
v 8.6 4.1 -0.1
v 8.6 4.3 0
v 8.6 4.3 -0.1
v 8.6 6.2 0
v 8.6 6.2 -0.1
v 8.6 6.3 0
v 8.6 6.3 -0.1
v 8.6 6.6 0
v 8.6 6.6 -0.1
v 8.6 6.7 0
v 8.6 6.7 -0.1
v 8.6 9.6 0
v 8.6 9.6 -0.1
v 8.6 9.7 0
v 8.6 9.7 -0.1
v 8.6 9.8 0
v 8.6 9.8 -0.1
v 8.6 9.9 0
v 8.6 9.9 -0.1
v 8.6 10.5 0
v 8.6 10.5 -0.1
v 8.6 10.6 0
v 8.6 10.6 -0.1
v 8.6 11.1 0
v 8.6 11.1 -0.1
v 8.6 11.3 0
v 8.6 11.3 -0.1
v 8.7 3.8 0
v 8.7 3.8 -0.1
v 8.7 4.1 0
v 8.7 4.1 -0.1
v 8.7 5.1 0
v 8.7 5.1 -0.1
v 8.7 5.2 0
v 8.7 5.2 -0.1
v 8.7 5.7 0
v 8.7 5.7 -0.1
v 8.7 5.8 0
v 8.7 5.8 -0.1
v 8.7 7.1 0
v 8.7 7.1 -0.1
v 8.7 7.2 0
v 8.7 7.2 -0.1
v 8.7 8 0
v 8.7 8 -0.1
v 8.7 8.1 0
v 8.7 8.1 -0.1
v 8.7 8.2 0
v 8.7 8.2 -0.1
v 8.7 8.4 0
v 8.7 8.4 -0.1
v 8.7 8.9 0
v 8.7 8.9 -0.1
v 8.7 9.2 0
v 8.7 9.2 -0.1
v 8.7 11.3 0
v 8.7 11.3 -0.1
v 8.7 11.4 0
v 8.7 11.4 -0.1
v 8.8 1.6 0
v 8.8 1.6 -0.1
v 8.8 2.1 0
v 8.8 2.1 -0.1
v 8.8 6.3 0
v 8.8 6.3 -0.1
v 8.8 6.4 0
v 8.8 6.4 -0.1
v 8.8 6.6 0
v 8.8 6.6 -0.1
v 8.8 6.7 0
v 8.8 6.7 -0.1
v 8.8 8.1 0
v 8.8 8.1 -0.1
v 8.8 8.2 0
v 8.8 8.2 -0.1
v 8.8 9.6 0
v 8.8 9.6 -0.1
v 8.8 10 0
v 8.8 10 -0.1
v 8.8 10.4 0
v 8.8 10.4 -0.1
v 8.8 10.7 0
v 8.8 10.7 -0.1
v 8.8 11.1 0
v 8.8 11.1 -0.1
v 8.8 11.3 0
v 8.8 11.3 -0.1
v 8.9 5.1 0
v 8.9 5.1 -0.1
v 8.9 5.3 0
v 8.9 5.3 -0.1
v 8.9 5.5 0
v 8.9 5.5 -0.1
v 8.9 5.6 0
v 8.9 5.6 -0.1
v 8.9 8.4 0
v 8.9 8.4 -0.1
v 8.9 8.5 0
v 8.9 8.5 -0.1
v 8.9 8.9 0
v 8.9 8.9 -0.1
v 8.9 9.1 0
v 8.9 9.1 -0.1
v 9 3.8 0
v 9 3.8 -0.1
v 9 4.5 0
v 9 4.5 -0.1
v 9 5.3 0
v 9 5.3 -0.1
v 9 5.4 0
v 9 5.4 -0.1
v 9 5.6 0
v 9 5.6 -0.1
v 9 5.7 0
v 9 5.7 -0.1
v 9 7.1 0
v 9 7.1 -0.1
v 9 7.5 0
v 9 7.5 -0.1
v 9 8 0
v 9 8 -0.1
v 9 8.4 0
v 9 8.4 -0.1
v 9 9.6 0
v 9 9.6 -0.1
v 9 9.9 0
v 9 9.9 -0.1
v 9 10.4 0
v 9 10.4 -0.1
v 9 10.6 0
v 9 10.6 -0.1
v 9 11.1 0
v 9 11.1 -0.1
v 9 11.3 0
v 9 11.3 -0.1
v 9.1 6.2 0
v 9.1 6.2 -0.1
v 9.1 6.7 0
v 9.1 6.7 -0.1
v 9.1 8.9 0
v 9.1 8.9 -0.1
v 9.1 9.2 0
v 9.1 9.2 -0.1
v 9.1 9.9 0
v 9.1 9.9 -0.1
v 9.1 10 0
v 9.1 10 -0.1
v 9.1 10.6 0
v 9.1 10.6 -0.1
v 9.1 10.7 0
v 9.1 10.7 -0.1
v 9.2 1.9 0
v 9.2 1.9 -0.1
v 9.2 2 0
v 9.2 2 -0.1
v 9.2 5.7 0
v 9.2 5.7 -0.1
v 9.2 5.8 0
v 9.2 5.8 -0.1
v 9.2 7.1 0
v 9.2 7.1 -0.1
v 9.2 7.2 0
v 9.2 7.2 -0.1
v 9.2 8 0
v 9.2 8 -0.1
v 9.2 8.4 0
v 9.2 8.4 -0.1
v 9.2 9.6 0
v 9.2 9.6 -0.1
v 9.2 9.9 0
v 9.2 9.9 -0.1
v 9.2 10.4 0
v 9.2 10.4 -0.1
v 9.2 10.6 0
v 9.2 10.6 -0.1
v 9.2 11.1 0
v 9.2 11.1 -0.1
v 9.2 11.4 0
v 9.2 11.4 -0.1
v 9.3 5.1 0
v 9.3 5.1 -0.1
v 9.3 5.7 0
v 9.3 5.7 -0.1
v 9.3 6.2 0
v 9.3 6.2 -0.1
v 9.3 6.6 0
v 9.3 6.6 -0.1
v 9.3 9 0
v 9.3 9 -0.1
v 9.3 9.1 0
v 9.3 9.1 -0.1
v 9.4 1.9 0
v 9.4 1.9 -0.1
v 9.4 2 0
v 9.4 2 -0.1
v 9.4 3.8 0
v 9.4 3.8 -0.1
v 9.4 4.7 0
v 9.4 4.7 -0.1
v 9.4 7.1 0
v 9.4 7.1 -0.1
v 9.4 7.2 0
v 9.4 7.2 -0.1
v 9.4 7.3 0
v 9.4 7.3 -0.1
v 9.4 7.5 0
v 9.4 7.5 -0.1
v 9.4 8.4 0
v 9.4 8.4 -0.1
v 9.4 8.5 0
v 9.4 8.5 -0.1
v 9.4 9.7 0
v 9.4 9.7 -0.1
v 9.4 9.9 0
v 9.4 9.9 -0.1
v 9.4 11.2 0
v 9.4 11.2 -0.1
v 9.4 11.3 0
v 9.4 11.3 -0.1
v 9.5 5.1 0
v 9.5 5.1 -0.1
v 9.5 5.6 0
v 9.5 5.6 -0.1
v 9.5 8 0
v 9.5 8 -0.1
v 9.5 8.4 0
v 9.5 8.4 -0.1
v 9.5 8.9 0
v 9.5 8.9 -0.1
v 9.5 9.3 0
v 9.5 9.3 -0.1
v 9.5 9.6 0
v 9.5 9.6 -0.1
v 9.5 9.7 0
v 9.5 9.7 -0.1
v 9.5 9.9 0
v 9.5 9.9 -0.1
v 9.5 10 0
v 9.5 10 -0.1
v 9.5 10.4 0
v 9.5 10.4 -0.1
v 9.5 10.7 0
v 9.5 10.7 -0.1
v 9.5 11.1 0
v 9.5 11.1 -0.1
v 9.5 11.2 0
v 9.5 11.2 -0.1
v 9.5 11.3 0
v 9.5 11.3 -0.1
v 9.5 11.4 0
v 9.5 11.4 -0.1
v 9.6 1.9 0
v 9.6 1.9 -0.1
v 9.6 2 0
v 9.6 2 -0.1
v 9.6 5.6 0
v 9.6 5.6 -0.1
v 9.6 5.8 0
v 9.6 5.8 -0.1
v 9.6 6.2 0
v 9.6 6.2 -0.1
v 9.6 6.3 0
v 9.6 6.3 -0.1
v 9.6 6.4 0
v 9.6 6.4 -0.1
v 9.6 6.7 0
v 9.6 6.7 -0.1
v 9.6 7.1 0
v 9.6 7.1 -0.1
v 9.6 7.3 0
v 9.6 7.3 -0.1
v 9.6 9.7 0
v 9.6 9.7 -0.1
v 9.6 9.9 0
v 9.6 9.9 -0.1
v 9.6 11.2 0
v 9.6 11.2 -0.1
v 9.6 11.3 0
v 9.6 11.3 -0.1
v 9.7 3.9 0
v 9.7 3.9 -0.1
v 9.7 4.6 0
v 9.7 4.6 -0.1
v 9.7 5.3 0
v 9.7 5.3 -0.1
v 9.7 5.6 0
v 9.7 5.6 -0.1
v 9.7 8.1 0
v 9.7 8.1 -0.1
v 9.7 8.3 0
v 9.7 8.3 -0.1
v 9.7 8.9 0
v 9.7 8.9 -0.1
v 9.7 9.2 0
v 9.7 9.2 -0.1
v 9.7 10.4 0
v 9.7 10.4 -0.1
v 9.7 10.6 0
v 9.7 10.6 -0.1
v 9.8 6.3 0
v 9.8 6.3 -0.1
v 9.8 6.6 0
v 9.8 6.6 -0.1
v 9.9 3.8 0
v 9.9 3.8 -0.1
v 9.9 3.9 0
v 9.9 3.9 -0.1
v 9.9 4.6 0
v 9.9 4.6 -0.1
v 9.9 4.7 0
v 9.9 4.7 -0.1
v 9.9 5.1 0
v 9.9 5.1 -0.1
v 9.9 5.8 0
v 9.9 5.8 -0.1
v 9.9 6.2 0
v 9.9 6.2 -0.1
v 9.9 6.3 0
v 9.9 6.3 -0.1
v 9.9 7.1 0
v 9.9 7.1 -0.1
v 9.9 7.5 0
v 9.9 7.5 -0.1
v 9.9 8 0
v 9.9 8 -0.1
v 9.9 8.1 0
v 9.9 8.1 -0.1
v 9.9 8.4 0
v 9.9 8.4 -0.1
v 9.9 8.5 0
v 9.9 8.5 -0.1
v 9.9 9 0
v 9.9 9 -0.1
v 9.9 9.2 0
v 9.9 9.2 -0.1
v 9.9 9.7 0
v 9.9 9.7 -0.1
v 9.9 9.9 0
v 9.9 9.9 -0.1
v 9.9 10.5 0
v 9.9 10.5 -0.1
v 9.9 10.6 0
v 9.9 10.6 -0.1
v 9.9 11.2 0
v 9.9 11.2 -0.1
v 9.9 11.3 0
v 9.9 11.3 -0.1
v 10 1.9 0
v 10 1.9 -0.1
v 10 2 0
v 10 2 -0.1
v 10 3.9 0
v 10 3.9 -0.1
v 10 4.6 0
v 10 4.6 -0.1
v 10 8.1 0
v 10 8.1 -0.1
v 10 8.4 0
v 10 8.4 -0.1
v 10 8.9 0
v 10 8.9 -0.1
v 10 9 0
v 10 9 -0.1
v 10 9.6 0
v 10 9.6 -0.1
v 10 9.7 0
v 10 9.7 -0.1
v 10 9.9 0
v 10 9.9 -0.1
v 10 10 0
v 10 10 -0.1
v 10 10.4 0
v 10 10.4 -0.1
v 10 10.5 0
v 10 10.5 -0.1
v 10 11.1 0
v 10 11.1 -0.1
v 10 11.2 0
v 10 11.2 -0.1
v 10 11.3 0
v 10 11.3 -0.1
v 10 11.4 0
v 10 11.4 -0.1
v 10.1 1.8 0
v 10.1 1.8 -0.1
v 10.1 1.9 0
v 10.1 1.9 -0.1
v 10.1 2 0
v 10.1 2 -0.1
v 10.1 2.1 0
v 10.1 2.1 -0.1
v 10.1 5.2 0
v 10.1 5.2 -0.1
v 10.1 5.7 0
v 10.1 5.7 -0.1
v 10.1 6.2 0
v 10.1 6.2 -0.1
v 10.1 6.3 0
v 10.1 6.3 -0.1
v 10.1 6.4 0
v 10.1 6.4 -0.1
v 10.1 6.6 0
v 10.1 6.6 -0.1
v 10.1 6.8 0
v 10.1 6.8 -0.1
v 10.1 9 0
v 10.1 9 -0.1
v 10.1 9.2 0
v 10.1 9.2 -0.1
v 10.1 10.5 0
v 10.1 10.5 -0.1
v 10.1 10.6 0
v 10.1 10.6 -0.1
v 10.2 8 0
v 10.2 8 -0.1
v 10.2 8.3 0
v 10.2 8.3 -0.1
v 10.2 8.4 0
v 10.2 8.4 -0.1
v 10.2 8.5 0
v 10.2 8.5 -0.1
v 10.2 9.7 0
v 10.2 9.7 -0.1
v 10.2 10 0
v 10.2 10 -0.1
v 10.2 11.2 0
v 10.2 11.2 -0.1
v 10.2 11.4 0
v 10.2 11.4 -0.1
v 10.3 1.7 0
v 10.3 1.7 -0.1
v 10.3 1.8 0
v 10.3 1.8 -0.1
v 10.3 2.1 0
v 10.3 2.1 -0.1
v 10.3 2.2 0
v 10.3 2.2 -0.1
v 10.3 3.8 0
v 10.3 3.8 -0.1
v 10.3 4.7 0
v 10.3 4.7 -0.1
v 10.3 5.1 0
v 10.3 5.1 -0.1
v 10.3 5.2 0
v 10.3 5.2 -0.1
v 10.3 5.7 0
v 10.3 5.7 -0.1
v 10.3 5.8 0
v 10.3 5.8 -0.1
v 10.3 6.2 0
v 10.3 6.2 -0.1
v 10.3 6.6 0
v 10.3 6.6 -0.1
v 10.3 6.7 0
v 10.3 6.7 -0.1
v 10.3 6.8 0
v 10.3 6.8 -0.1
v 10.3 7.1 0
v 10.3 7.1 -0.1
v 10.3 7.5 0
v 10.3 7.5 -0.1
v 10.3 9 0
v 10.3 9 -0.1
v 10.3 9.1 0
v 10.3 9.1 -0.1
v 10.3 9.6 0
v 10.3 9.6 -0.1
v 10.3 9.7 0
v 10.3 9.7 -0.1
v 10.3 10.5 0
v 10.3 10.5 -0.1
v 10.3 10.6 0
v 10.3 10.6 -0.1
v 10.3 11.1 0
v 10.3 11.1 -0.1
v 10.3 11.2 0
v 10.3 11.2 -0.1
v 10.4 1.8 0
v 10.4 1.8 -0.1
v 10.4 2.1 0
v 10.4 2.1 -0.1
v 10.4 5.2 0
v 10.4 5.2 -0.1
v 10.4 5.3 0
v 10.4 5.3 -0.1
v 10.4 5.6 0
v 10.4 5.6 -0.1
v 10.4 5.7 0
v 10.4 5.7 -0.1
v 10.4 8.2 0
v 10.4 8.2 -0.1
v 10.4 8.5 0
v 10.4 8.5 -0.1
v 10.4 9.7 0
v 10.4 9.7 -0.1
v 10.4 10 0
v 10.4 10 -0.1
v 10.4 10.4 0
v 10.4 10.4 -0.1
v 10.4 10.5 0
v 10.4 10.5 -0.1
v 10.4 10.6 0
v 10.4 10.6 -0.1
v 10.4 10.7 0
v 10.4 10.7 -0.1
v 10.4 11.2 0
v 10.4 11.2 -0.1
v 10.4 11.4 0
v 10.4 11.4 -0.1
v 10.5 1.6 0
v 10.5 1.6 -0.1
v 10.5 1.7 0
v 10.5 1.7 -0.1
v 10.5 2.2 0
v 10.5 2.2 -0.1
v 10.5 2.3 0
v 10.5 2.3 -0.1
v 10.5 4.4 0
v 10.5 4.4 -0.1
v 10.5 4.5 0
v 10.5 4.5 -0.1
v 10.5 5.3 0
v 10.5 5.3 -0.1
v 10.5 5.6 0
v 10.5 5.6 -0.1
v 10.5 6.3 0
v 10.5 6.3 -0.1
v 10.5 6.5 0
v 10.5 6.5 -0.1
v 10.5 6.6 0
v 10.5 6.6 -0.1
v 10.5 6.7 0
v 10.5 6.7 -0.1
v 10.5 8.9 0
v 10.5 8.9 -0.1
v 10.5 9.2 0
v 10.5 9.2 -0.1
v 10.5 10.5 0
v 10.5 10.5 -0.1
v 10.5 10.6 0
v 10.5 10.6 -0.1
v 10.6 1.7 0
v 10.6 1.7 -0.1
v 10.6 2.2 0
v 10.6 2.2 -0.1
v 10.6 4.2 0
v 10.6 4.2 -0.1
v 10.6 4.4 0
v 10.6 4.4 -0.1
v 10.6 7.3 0
v 10.6 7.3 -0.1
v 10.6 7.5 0
v 10.6 7.5 -0.1
v 10.6 8 0
v 10.6 8 -0.1
v 10.6 8.1 0
v 10.6 8.1 -0.1
v 10.6 9.7 0
v 10.6 9.7 -0.1
v 10.6 9.9 0
v 10.6 9.9 -0.1
v 10.6 11.2 0
v 10.6 11.2 -0.1
v 10.6 11.3 0
v 10.6 11.3 -0.1
v 10.7 0.8 0
v 10.7 0.8 -0.1
v 10.7 0.9 0
v 10.7 0.9 -0.1
v 10.7 1 0
v 10.7 1 -0.1
v 10.7 1.1 0
v 10.7 1.1 -0.1
v 10.7 4 0
v 10.7 4 -0.1
v 10.7 4.2 0
v 10.7 4.2 -0.1
v 10.7 5.1 0
v 10.7 5.1 -0.1
v 10.7 5.6 0
v 10.7 5.6 -0.1
v 10.7 5.7 0
v 10.7 5.7 -0.1
v 10.7 5.8 0
v 10.7 5.8 -0.1
v 10.7 8.1 0
v 10.7 8.1 -0.1
v 10.7 8.5 0
v 10.7 8.5 -0.1
v 10.7 8.9 0
v 10.7 8.9 -0.1
v 10.7 9 0
v 10.7 9 -0.1
v 10.7 9.1 0
v 10.7 9.1 -0.1
v 10.7 9.2 0
v 10.7 9.2 -0.1
v 10.7 10.4 0
v 10.7 10.4 -0.1
v 10.7 10.5 0
v 10.7 10.5 -0.1
v 10.7 10.6 0
v 10.7 10.6 -0.1
v 10.7 10.7 0
v 10.7 10.7 -0.1
v 10.8 3.8 0
v 10.8 3.8 -0.1
v 10.8 4 0
v 10.8 4 -0.1
v 10.8 6.2 0
v 10.8 6.2 -0.1
v 10.8 6.7 0
v 10.8 6.7 -0.1
v 10.8 7.1 0
v 10.8 7.1 -0.1
v 10.8 7.2 0
v 10.8 7.2 -0.1
v 10.8 7.3 0
v 10.8 7.3 -0.1
v 10.8 7.5 0
v 10.8 7.5 -0.1
v 10.8 9 0
v 10.8 9 -0.1
v 10.8 9.1 0
v 10.8 9.1 -0.1
v 10.8 9.6 0
v 10.8 9.6 -0.1
v 10.8 10 0
v 10.8 10 -0.1
v 10.8 10.5 0
v 10.8 10.5 -0.1
v 10.8 10.6 0
v 10.8 10.6 -0.1
v 10.8 11.1 0
v 10.8 11.1 -0.1
v 10.8 11.4 0
v 10.8 11.4 -0.1
v 10.9 4 0
v 10.9 4 -0.1
v 10.9 4.2 0
v 10.9 4.2 -0.1
v 10.9 5.6 0
v 10.9 5.6 -0.1
v 10.9 5.8 0
v 10.9 5.8 -0.1
v 10.9 8.1 0
v 10.9 8.1 -0.1
v 10.9 8.4 0
v 10.9 8.4 -0.1
v 10.9 8.9 0
v 10.9 8.9 -0.1
v 10.9 9 0
v 10.9 9 -0.1
v 10.9 9.1 0
v 10.9 9.1 -0.1
v 10.9 9.2 0
v 10.9 9.2 -0.1
v 10.9 10.4 0
v 10.9 10.4 -0.1
v 10.9 10.5 0
v 10.9 10.5 -0.1
v 10.9 10.6 0
v 10.9 10.6 -0.1
v 10.9 10.7 0
v 10.9 10.7 -0.1
v 11 0.7 0
v 11 0.7 -0.1
v 11 0.8 0
v 11 0.8 -0.1
v 11 1.1 0
v 11 1.1 -0.1
v 11 1.2 0
v 11 1.2 -0.1
v 11 1.9 0
v 11 1.9 -0.1
v 11 2 0
v 11 2 -0.1
v 11 4.2 0
v 11 4.2 -0.1
v 11 4.4 0
v 11 4.4 -0.1
v 11 5.4 0
v 11 5.4 -0.1
v 11 5.6 0
v 11 5.6 -0.1
v 11 6.3 0
v 11 6.3 -0.1
v 11 6.6 0
v 11 6.6 -0.1
v 11 7.1 0
v 11 7.1 -0.1
v 11 7.3 0
v 11 7.3 -0.1
v 11 9.6 0
v 11 9.6 -0.1
v 11 9.8 0
v 11 9.8 -0.1
v 11 9.9 0
v 11 9.9 -0.1
v 11 10 0
v 11 10 -0.1
v 11 11.1 0
v 11 11.1 -0.1
v 11 11.2 0
v 11 11.2 -0.1
v 11 11.3 0
v 11 11.3 -0.1
v 11 11.4 0
v 11 11.4 -0.1
v 11.1 0.8 0
v 11.1 0.8 -0.1
v 11.1 0.9 0
v 11.1 0.9 -0.1
v 11.1 1 0
v 11.1 1 -0.1
v 11.1 1.1 0
v 11.1 1.1 -0.1
v 11.1 4.4 0
v 11.1 4.4 -0.1
v 11.1 4.7 0
v 11.1 4.7 -0.1
v 11.1 5.2 0
v 11.1 5.2 -0.1
v 11.1 5.4 0
v 11.1 5.4 -0.1
v 11.1 7.4 0
v 11.1 7.4 -0.1
v 11.1 7.5 0
v 11.1 7.5 -0.1
v 11.1 8 0
v 11.1 8 -0.1
v 11.1 8.1 0
v 11.1 8.1 -0.1
v 11.1 8.4 0
v 11.1 8.4 -0.1
v 11.1 8.5 0
v 11.1 8.5 -0.1
v 11.1 9.8 0
v 11.1 9.8 -0.1
v 11.1 9.9 0
v 11.1 9.9 -0.1
v 11.1 11.2 0
v 11.1 11.2 -0.1
v 11.1 11.3 0
v 11.1 11.3 -0.1
v 11.2 1.8 0
v 11.2 1.8 -0.1
v 11.2 2.1 0
v 11.2 2.1 -0.1
v 11.2 5.1 0
v 11.2 5.1 -0.1
v 11.2 5.2 0
v 11.2 5.2 -0.1
v 11.2 6.4 0
v 11.2 6.4 -0.1
v 11.2 6.5 0
v 11.2 6.5 -0.1
v 11.2 8.1 0
v 11.2 8.1 -0.1
v 11.2 8.4 0
v 11.2 8.4 -0.1
v 11.2 9.6 0
v 11.2 9.6 -0.1
v 11.2 9.8 0
v 11.2 9.8 -0.1
v 11.2 9.9 0
v 11.2 9.9 -0.1
v 11.2 10 0
v 11.2 10 -0.1
v 11.2 11.1 0
v 11.2 11.1 -0.1
v 11.2 11.2 0
v 11.2 11.2 -0.1
v 11.2 11.3 0
v 11.2 11.3 -0.1
v 11.2 11.4 0
v 11.2 11.4 -0.1
v 11.3 4 0
v 11.3 4 -0.1
v 11.3 4.5 0
v 11.3 4.5 -0.1
v 11.3 5.2 0
v 11.3 5.2 -0.1
v 11.3 5.4 0
v 11.3 5.4 -0.1
v 11.3 7.1 0
v 11.3 7.1 -0.1
v 11.3 7.2 0
v 11.3 7.2 -0.1
v 11.3 7.3 0
v 11.3 7.3 -0.1
v 11.3 7.5 0
v 11.3 7.5 -0.1
v 11.4 0.8 0
v 11.4 0.8 -0.1
v 11.4 0.9 0
v 11.4 0.9 -0.1
v 11.4 1 0
v 11.4 1 -0.1
v 11.4 1.1 0
v 11.4 1.1 -0.1
v 11.4 1.7 0
v 11.4 1.7 -0.1
v 11.4 2.2 0
v 11.4 2.2 -0.1
v 11.4 5.4 0
v 11.4 5.4 -0.1
v 11.4 5.6 0
v 11.4 5.6 -0.1
v 11.4 6.2 0
v 11.4 6.2 -0.1
v 11.4 6.3 0
v 11.4 6.3 -0.1
v 11.4 6.4 0
v 11.4 6.4 -0.1
v 11.4 6.7 0
v 11.4 6.7 -0.1
v 11.4 8 0
v 11.4 8 -0.1
v 11.4 8.2 0
v 11.4 8.2 -0.1
v 11.4 8.3 0
v 11.4 8.3 -0.1
v 11.4 8.5 0
v 11.4 8.5 -0.1
v 11.5 5.6 0
v 11.5 5.6 -0.1
v 11.5 5.8 0
v 11.5 5.8 -0.1
v 11.5 7.1 0
v 11.5 7.1 -0.1
v 11.5 7.2 0
v 11.5 7.2 -0.1
v 11.6 0.7 0
v 11.6 0.7 -0.1
v 11.6 0.9 0
v 11.6 0.9 -0.1
v 11.6 1 0
v 11.6 1 -0.1
v 11.6 1.2 0
v 11.6 1.2 -0.1
v 11.6 6.5 0
v 11.6 6.5 -0.1
v 11.6 6.7 0
v 11.6 6.7 -0.1
v 11.6 7.4 0
v 11.6 7.4 -0.1
v 11.6 7.5 0
v 11.6 7.5 -0.1
v 11.6 8.2 0
v 11.6 8.2 -0.1
v 11.6 8.3 0
v 11.6 8.3 -0.1
v 11.7 5.4 0
v 11.7 5.4 -0.1
v 11.7 5.7 0
v 11.7 5.7 -0.1
v 11.7 6.1 0
v 11.7 6.1 -0.1
v 11.7 6.3 0
v 11.7 6.3 -0.1
v 11.7 6.4 0
v 11.7 6.4 -0.1
v 11.7 6.5 0
v 11.7 6.5 -0.1
v 11.7 7.3 0
v 11.7 7.3 -0.1
v 11.7 7.4 0
v 11.7 7.4 -0.1
v 11.7 8 0
v 11.7 8 -0.1
v 11.7 8.2 0
v 11.7 8.2 -0.1
v 11.7 8.3 0
v 11.7 8.3 -0.1
v 11.7 8.5 0
v 11.7 8.5 -0.1
v 11.8 3.8 0
v 11.8 3.8 -0.1
v 11.8 4.7 0
v 11.8 4.7 -0.1
v 11.8 6.3 0
v 11.8 6.3 -0.1
v 11.8 6.4 0
v 11.8 6.4 -0.1
v 11.8 7.1 0
v 11.8 7.1 -0.1
v 11.8 7.3 0
v 11.8 7.3 -0.1
v 11.8 7.4 0
v 11.8 7.4 -0.1
v 11.8 7.5 0
v 11.8 7.5 -0.1
v 11.9 2.1 0
v 11.9 2.1 -0.1
v 11.9 2.2 0
v 11.9 2.2 -0.1
v 11.9 6.2 0
v 11.9 6.2 -0.1
v 11.9 6.3 0
v 11.9 6.3 -0.1
v 12 1.9 0
v 12 1.9 -0.1
v 12 2 0
v 12 2 -0.1
v 12 4.5 0
v 12 4.5 -0.1
v 12 4.7 0
v 12 4.7 -0.1
v 12 5.1 0
v 12 5.1 -0.1
v 12 5.2 0
v 12 5.2 -0.1
v 12 5.3 0
v 12 5.3 -0.1
v 12 5.8 0
v 12 5.8 -0.1
v 12 6.1 0
v 12 6.1 -0.1
v 12 6.2 0
v 12 6.2 -0.1
v 12 6.4 0
v 12 6.4 -0.1
v 12 6.5 0
v 12 6.5 -0.1
v 12 6.6 0
v 12 6.6 -0.1
v 12 6.7 0
v 12 6.7 -0.1
v 12.1 1.7 0
v 12.1 1.7 -0.1
v 12.1 1.8 0
v 12.1 1.8 -0.1
v 12.1 3.8 0
v 12.1 3.8 -0.1
v 12.1 4.1 0
v 12.1 4.1 -0.1
v 12.1 4.4 0
v 12.1 4.4 -0.1
v 12.1 4.5 0
v 12.1 4.5 -0.1
v 12.2 5.1 0
v 12.2 5.1 -0.1
v 12.2 5.3 0
v 12.2 5.3 -0.1
v 12.2 5.6 0
v 12.2 5.6 -0.1
v 12.2 5.8 0
v 12.2 5.8 -0.1
v 12.3 4.2 0
v 12.3 4.2 -0.1
v 12.3 4.3 0
v 12.3 4.3 -0.1
v 12.3 5.3 0
v 12.3 5.3 -0.1
v 12.3 5.4 0
v 12.3 5.4 -0.1
v 12.3 5.5 0
v 12.3 5.5 -0.1
v 12.3 5.6 0
v 12.3 5.6 -0.1
v 12.4 4.1 0
v 12.4 4.1 -0.1
v 12.4 4.2 0
v 12.4 4.2 -0.1
v 12.4 4.3 0
v 12.4 4.3 -0.1
v 12.4 4.4 0
v 12.4 4.4 -0.1
v 12.4 5.4 0
v 12.4 5.4 -0.1
v 12.4 5.5 0
v 12.4 5.5 -0.1
v 12.5 4 0
v 12.5 4 -0.1
v 12.5 4.1 0
v 12.5 4.1 -0.1
v 12.5 4.4 0
v 12.5 4.4 -0.1
v 12.5 4.5 0
v 12.5 4.5 -0.1
v 12.5 5.3 0
v 12.5 5.3 -0.1
v 12.5 5.4 0
v 12.5 5.4 -0.1
v 12.5 5.5 0
v 12.5 5.5 -0.1
v 12.5 5.6 0
v 12.5 5.6 -0.1
v 12.6 3.8 0
v 12.6 3.8 -0.1
v 12.6 4 0
v 12.6 4 -0.1
v 12.6 4.5 0
v 12.6 4.5 -0.1
v 12.6 4.7 0
v 12.6 4.7 -0.1
v 12.6 5.1 0
v 12.6 5.1 -0.1
v 12.6 5.3 0
v 12.6 5.3 -0.1
v 12.6 5.6 0
v 12.6 5.6 -0.1
v 12.6 5.8 0
v 12.6 5.8 -0.1
v 13.1 1.7 0
v 13.1 1.7 -0.1
v 13.1 1.8 0
v 13.1 1.8 -0.1
v 13.1 1.9 0
v 13.1 1.9 -0.1
v 13.1 2 0
v 13.1 2 -0.1
v 13.1 2.1 0
v 13.1 2.1 -0.1
v 13.1 2.2 0
v 13.1 2.2 -0.1
v 13.3 11 0
v 13.3 11 -0.1
v 13.3 11.3 0
v 13.3 11.3 -0.1
v 13.4 10.9 0
v 13.4 10.9 -0.1
v 13.4 11 0
v 13.4 11 -0.1
v 13.4 11.3 0
v 13.4 11.3 -0.1
v 13.4 11.4 0
v 13.4 11.4 -0.1
v 13.7 10.8 0
v 13.7 10.8 -0.1
v 13.7 10.9 0
v 13.7 10.9 -0.1
v 13.7 11.4 0
v 13.7 11.4 -0.1
v 13.7 11.5 0
v 13.7 11.5 -0.1
v 13.8 10.9 0
v 13.8 10.9 -0.1
v 13.8 11 0
v 13.8 11 -0.1
v 13.8 11.3 0
v 13.8 11.3 -0.1
v 13.8 11.4 0
v 13.8 11.4 -0.1
v 14.3 11.4 0
v 14.3 11.4 -0.1
v 14.3 11.5 0
v 14.3 11.5 -0.1
v 14.4 11.2 0
v 14.4 11.2 -0.1
v 14.4 11.4 0
v 14.4 11.4 -0.1
v 14.5 11 0
v 14.5 11 -0.1
v 14.5 11.2 0
v 14.5 11.2 -0.1
v 14.6 10.8 0
v 14.6 10.8 -0.1
v 14.6 11 0
v 14.6 11 -0.1
v 14.8 11.1 0
v 14.8 11.1 -0.1
v 14.8 11.4 0
v 14.8 11.4 -0.1
v 14.9 11 0
v 14.9 11 -0.1
v 14.9 11.1 0
v 14.9 11.1 -0.1
v 14.9 11.4 0
v 14.9 11.4 -0.1
v 14.9 11.5 0
v 14.9 11.5 -0.1
v 15 11.3 0
v 15 11.3 -0.1
v 15 11.4 0
v 15 11.4 -0.1
v 15.1 10.8 0
v 15.1 10.8 -0.1
v 15.1 11 0
v 15.1 11 -0.1
v 15.1 11.2 0
v 15.1 11.2 -0.1
v 15.1 11.3 0
v 15.1 11.3 -0.1
v 15.3 10.8 0
v 15.3 10.8 -0.1
v 15.3 11.5 0
v 15.3 11.5 -0.1
v 15.5 10.9 0
v 15.5 10.9 -0.1
v 15.5 11.4 0
v 15.5 11.4 -0.1
v 15.7 10.8 0
v 15.7 10.8 -0.1
v 15.7 10.9 0
v 15.7 10.9 -0.1
v 15.7 11.4 0
v 15.7 11.4 -0.1
v 15.7 11.5 0
v 15.7 11.5 -0.1
v 15.8 10.9 0
v 15.8 10.9 -0.1
v 15.8 11 0
v 15.8 11 -0.1
v 15.8 11.3 0
v 15.8 11.3 -0.1
v 15.8 11.4 0
v 15.8 11.4 -0.1
v 15.9 11 0
v 15.9 11 -0.1
v 15.9 11.3 0
v 15.9 11.3 -0.1
v 16.1 10.8 0
v 16.1 10.8 -0.1
v 16.1 11.5 0
v 16.1 11.5 -0.1
v 16.3 11.3 0
v 16.3 11.3 -0.1
v 16.3 11.5 0
v 16.3 11.5 -0.1
v 16.4 11.1 0
v 16.4 11.1 -0.1
v 16.4 11.3 0
v 16.4 11.3 -0.1
v 16.5 10.9 0
v 16.5 10.9 -0.1
v 16.5 11.1 0
v 16.5 11.1 -0.1
v 16.6 10.8 0
v 16.6 10.8 -0.1
v 16.6 10.9 0
v 16.6 10.9 -0.1
v 16.7 10.9 0
v 16.7 10.9 -0.1
v 16.7 11.1 0
v 16.7 11.1 -0.1
v 16.8 11.1 0
v 16.8 11.1 -0.1
v 16.8 11.3 0
v 16.8 11.3 -0.1
v 16.9 11.3 0
v 16.9 11.3 -0.1
v 16.9 11.5 0
v 16.9 11.5 -0.1
v 17.1 10.9 0
v 17.1 10.9 -0.1
v 17.1 11.4 0
v 17.1 11.4 -0.1
v 17.4 10.8 0
v 17.4 10.8 -0.1
v 17.4 10.9 0
v 17.4 10.9 -0.1
v 17.4 11.4 0
v 17.4 11.4 -0.1
v 17.4 11.5 0
v 17.4 11.5 -0.1
v 17.5 10.9 0
v 17.5 10.9 -0.1
v 17.5 11.4 0
v 17.5 11.4 -0.1
v 17.7 10.8 0
v 17.7 10.8 -0.1
v 17.7 10.9 0
v 17.7 10.9 -0.1
v 17.7 11.4 0
v 17.7 11.4 -0.1
v 17.7 11.5 0
v 17.7 11.5 -0.1
v 17.8 10.9 0
v 17.8 10.9 -0.1
v 17.8 11 0
v 17.8 11 -0.1
v 17.8 11.3 0
v 17.8 11.3 -0.1
v 17.8 11.4 0
v 17.8 11.4 -0.1
v 17.9 11 0
v 17.9 11 -0.1
v 17.9 11.1 0
v 17.9 11.1 -0.1
v 17.9 11.2 0
v 17.9 11.2 -0.1
v 17.9 11.3 0
v 17.9 11.3 -0.1
v 18 11.1 0
v 18 11.1 -0.1
v 18 11.2 0
v 18 11.2 -0.1
v 18.1 11 0
v 18.1 11 -0.1
v 18.1 11.1 0
v 18.1 11.1 -0.1
v 18.1 11.2 0
v 18.1 11.2 -0.1
v 18.1 11.3 0
v 18.1 11.3 -0.1
v 18.2 10.9 0
v 18.2 10.9 -0.1
v 18.2 11 0
v 18.2 11 -0.1
v 18.2 11.3 0
v 18.2 11.3 -0.1
v 18.2 11.4 0
v 18.2 11.4 -0.1
v 18.3 10.8 0
v 18.3 10.8 -0.1
v 18.3 10.9 0
v 18.3 10.9 -0.1
v 18.3 11.4 0
v 18.3 11.4 -0.1
v 18.3 11.5 0
v 18.3 11.5 -0.1
v 5.7 1.7 0
v 5.7 1.9 0
v 5.8 1.6 0
v 5.8 1.7 0
v 5.8 1.8 0
v 5.8 1.9 0
v 5.8 2 0
v 5.8 2.1 0
v 5.9 1.9 0
v 5.9 2 0
v 5.9 2.2 0
v 5.9 2.3 0
v 6 2.3 0
v 6 2.4 0
v 6.1 2.3 0
v 6.1 2.4 0
v 6.2 1.9 0
v 6.2 2 0
v 6.2 2.2 0
v 6.2 2.3 0
v 6.3 1.6 0
v 6.3 1.7 0
v 6.3 1.8 0
v 6.3 1.9 0
v 6.3 2 0
v 6.3 2.1 0
v 6.3 4.2 0
v 6.3 4.3 0
v 6.4 1.7 0
v 6.4 1.9 0
v 6.5 4.1 0
v 6.5 4.2 0
v 6.5 4.3 0
v 6.5 4.4 0
v 6.6 1.6 0
v 6.6 1.8 0
v 6.7 1.9 0
v 6.7 2.1 0
v 6.7 4 0
v 6.7 4.1 0
v 6.7 4.2 0
v 6.7 4.3 0
v 6.7 4.4 0
v 6.7 4.5 0
v 6.8 2.2 0
v 6.8 2.4 0
v 6.9 3.9 0
v 6.9 4 0
v 6.9 4.1 0
v 6.9 4.4 0
v 6.9 4.5 0
v 6.9 4.6 0
v 7 2.2 0
v 7 2.4 0
v 7.1 1.9 0
v 7.1 2.1 0
v 7.1 3.8 0
v 7.1 3.9 0
v 7.1 4 0
v 7.1 4.5 0
v 7.1 4.6 0
v 7.1 4.7 0
v 7.2 1.6 0
v 7.2 1.8 0
v 7.2 3.9 0
v 7.2 4.6 0
v 7.2 6.4 0
v 7.2 6.5 0
v 7.3 3.8 0
v 7.3 4.7 0
v 7.3 5.4 0
v 7.3 5.5 0
v 7.3 6.4 0
v 7.3 6.5 0
v 7.3 7.1 0
v 7.3 7.2 0
v 7.3 7.4 0
v 7.3 7.5 0
v 7.3 8.2 0
v 7.3 8.3 0
v 7.4 1.7 0
v 7.4 1.8 0
v 7.4 5.3 0
v 7.4 5.4 0
v 7.4 5.5 0
v 7.4 5.6 0
v 7.4 6.3 0
v 7.4 6.4 0
v 7.4 6.5 0
v 7.4 6.6 0
v 7.4 7.1 0
v 7.4 7.2 0
v 7.4 7.4 0
v 7.4 7.5 0
v 7.4 8.2 0
v 7.4 8.3 0
v 7.4 9 0
v 7.4 9.1 0
v 7.4 9.6 0
v 7.4 10 0
v 7.4 10.5 0
v 7.4 10.6 0
v 7.4 11.1 0
v 7.4 11.4 0
v 7.5 1.6 0
v 7.5 1.7 0
v 7.5 1.8 0
v 7.5 1.9 0
v 7.5 2 0
v 7.5 3.8 0
v 7.5 4.7 0
v 7.5 5.3 0
v 7.5 5.4 0
v 7.5 5.5 0
v 7.5 5.6 0
v 7.5 7.1 0
v 7.5 7.5 0
v 7.5 8.1 0
v 7.5 8.2 0
v 7.5 8.3 0
v 7.5 8.4 0
v 7.5 9 0
v 7.5 9.1 0
v 7.5 9.6 0
v 7.5 10 0
v 7.5 10.5 0
v 7.5 10.6 0
v 7.5 11.1 0
v 7.5 11.4 0
v 7.6 1.8 0
v 7.6 1.9 0
v 7.6 2 0
v 7.6 2.1 0
v 7.6 2.2 0
v 7.6 4 0
v 7.6 4.5 0
v 7.6 5.2 0
v 7.6 5.3 0
v 7.6 5.6 0
v 7.6 5.7 0
v 7.6 6.2 0
v 7.6 6.3 0
v 7.6 6.4 0
v 7.6 6.5 0
v 7.6 6.6 0
v 7.6 6.7 0
v 7.6 7.1 0
v 7.6 7.5 0
v 7.6 9 0
v 7.6 9.1 0
v 7.6 9.6 0
v 7.6 10 0
v 7.6 10.5 0
v 7.6 10.6 0
v 7.6 11.1 0
v 7.6 11.4 0
v 7.7 2.1 0
v 7.7 2.2 0
v 7.7 2.3 0
v 7.7 5.2 0
v 7.7 5.3 0
v 7.7 5.6 0
v 7.7 5.7 0
v 7.7 6.2 0
v 7.7 6.3 0
v 7.7 6.4 0
v 7.7 6.5 0
v 7.7 6.6 0
v 7.7 6.7 0
v 7.7 7.1 0
v 7.7 7.5 0
v 7.7 8 0
v 7.7 8.1 0
v 7.7 8.2 0
v 7.7 8.3 0
v 7.7 8.4 0
v 7.7 8.5 0
v 7.7 9 0
v 7.7 9.1 0
v 7.7 9.6 0
v 7.7 10 0
v 7.7 10.5 0
v 7.7 10.6 0
v 7.7 11.1 0
v 7.7 11.4 0
v 7.8 2.1 0
v 7.8 2.2 0
v 7.8 2.3 0
v 7.8 5.1 0
v 7.8 5.2 0
v 7.8 5.3 0
v 7.8 5.6 0
v 7.8 5.7 0
v 7.8 5.8 0
v 7.8 6.2 0
v 7.8 6.3 0
v 7.8 6.4 0
v 7.8 6.5 0
v 7.8 6.6 0
v 7.8 6.7 0
v 7.8 6.8 0
v 7.8 8 0
v 7.8 8.1 0
v 7.8 8.2 0
v 7.8 8.3 0
v 7.8 8.4 0
v 7.8 8.5 0
v 7.8 9 0
v 7.8 9.1 0
v 7.8 9.6 0
v 7.8 10 0
v 7.8 10.5 0
v 7.8 10.6 0
v 7.8 11.1 0
v 7.8 11.4 0
v 7.9 1.8 0
v 7.9 1.9 0
v 7.9 2 0
v 7.9 2.1 0
v 7.9 2.2 0
v 7.9 3.8 0
v 7.9 4 0
v 7.9 4.5 0
v 7.9 4.7 0
v 7.9 5.1 0
v 7.9 5.2 0
v 7.9 5.7 0
v 7.9 5.8 0
v 7.9 6.2 0
v 7.9 6.3 0
v 7.9 6.5 0
v 7.9 6.6 0
v 7.9 6.7 0
v 7.9 6.8 0
v 7.9 7.1 0
v 7.9 7.5 0
v 7.9 8.2 0
v 7.9 8.3 0
v 7.9 9 0
v 7.9 9.1 0
v 7.9 9.6 0
v 7.9 10 0
v 7.9 10.5 0
v 7.9 10.6 0
v 7.9 11.1 0
v 7.9 11.4 0
v 8 1.6 0
v 8 1.7 0
v 8 1.8 0
v 8 1.9 0
v 8 2 0
v 8 3.8 0
v 8 4.1 0
v 8 5.2 0
v 8 5.7 0
v 8.1 1.7 0
v 8.1 1.8 0
v 8.1 4 0
v 8.1 4.1 0
v 8.1 4.3 0
v 8.1 6.2 0
v 8.1 6.7 0
v 8.1 7.1 0
v 8.1 7.5 0
v 8.1 8.1 0
v 8.1 8.3 0
v 8.1 8.9 0
v 8.1 9.2 0
v 8.1 9.7 0
v 8.1 9.9 0
v 8.1 10.5 0
v 8.1 10.6 0
v 8.1 11.1 0
v 8.1 11.4 0
v 8.2 4.1 0
v 8.2 4.3 0
v 8.2 4.5 0
v 8.2 5.3 0
v 8.2 5.6 0
v 8.2 6.3 0
v 8.2 6.6 0
v 8.2 8 0
v 8.2 8.1 0
v 8.2 8.3 0
v 8.2 8.4 0
v 8.2 8.5 0
v 8.2 9 0
v 8.2 9.1 0
v 8.2 9.6 0
v 8.2 9.7 0
v 8.2 9.9 0
v 8.2 10 0
v 8.2 10.4 0
v 8.2 10.5 0
v 8.2 10.6 0
v 8.2 10.7 0
v 8.2 11.2 0
v 8.2 11.3 0
v 8.3 1.6 0
v 8.3 2.1 0
v 8.3 4.3 0
v 8.3 4.5 0
v 8.3 4.7 0
v 8.3 5.2 0
v 8.3 5.3 0
v 8.3 5.6 0
v 8.3 5.7 0
v 8.3 7.1 0
v 8.3 7.5 0
v 8.3 8.9 0
v 8.3 9 0
v 8.3 9.1 0
v 8.3 9.2 0
v 8.4 1.6 0
v 8.4 2.1 0
v 8.4 4.3 0
v 8.4 4.5 0
v 8.4 4.7 0
v 8.4 5.1 0
v 8.4 5.2 0
v 8.4 5.3 0
v 8.4 5.6 0
v 8.4 5.7 0
v 8.4 5.8 0
v 8.4 6.2 0
v 8.4 6.3 0
v 8.4 6.4 0
v 8.4 6.5 0
v 8.4 7.1 0
v 8.4 7.2 0
v 8.4 7.4 0
v 8.4 7.5 0
v 8.4 8.9 0
v 8.4 9.1 0
v 8.4 9.6 0
v 8.4 9.7 0
v 8.4 9.9 0
v 8.4 10 0
v 8.4 10.4 0
v 8.4 10.5 0
v 8.4 10.6 0
v 8.4 10.7 0
v 8.4 11.1 0
v 8.4 11.2 0
v 8.4 11.3 0
v 8.4 11.4 0
v 8.5 1.6 0
v 8.5 2.1 0
v 8.5 4.1 0
v 8.5 4.3 0
v 8.5 4.5 0
v 8.5 6.2 0
v 8.5 6.3 0
v 8.5 6.4 0
v 8.5 6.5 0
v 8.5 7.1 0
v 8.5 7.2 0
v 8.5 7.4 0
v 8.5 7.5 0
v 8.5 8 0
v 8.5 8.1 0
v 8.5 8.4 0
v 8.5 8.5 0
v 8.5 9 0
v 8.5 9.1 0
v 8.5 9.2 0
v 8.5 9.6 0
v 8.5 10 0
v 8.5 10.5 0
v 8.5 10.6 0
v 8.5 11.1 0
v 8.5 11.3 0
v 8.6 1.6 0
v 8.6 2.1 0
v 8.6 4 0
v 8.6 4.1 0
v 8.6 4.3 0
v 8.6 6.2 0
v 8.6 6.3 0
v 8.6 6.6 0
v 8.6 6.7 0
v 8.6 7.1 0
v 8.6 7.2 0
v 8.6 7.3 0
v 8.6 7.5 0
v 8.6 8 0
v 8.6 8.4 0
v 8.6 9 0
v 8.6 9.1 0
v 8.6 9.6 0
v 8.6 9.7 0
v 8.6 9.8 0
v 8.6 9.9 0
v 8.6 10.4 0
v 8.6 10.5 0
v 8.6 10.6 0
v 8.6 10.7 0
v 8.6 11.1 0
v 8.6 11.3 0
v 8.6 11.4 0
v 8.7 1.6 0
v 8.7 2.1 0
v 8.7 3.8 0
v 8.7 4.1 0
v 8.7 5.1 0
v 8.7 5.2 0
v 8.7 5.7 0
v 8.7 5.8 0
v 8.7 6.2 0
v 8.7 6.5 0
v 8.7 6.6 0
v 8.7 6.7 0
v 8.7 7.1 0
v 8.7 7.2 0
v 8.7 8 0
v 8.7 8.1 0
v 8.7 8.2 0
v 8.7 8.4 0
v 8.7 8.5 0
v 8.7 8.9 0
v 8.7 9.2 0
v 8.7 9.6 0
v 8.7 9.7 0
v 8.7 9.8 0
v 8.7 9.9 0
v 8.7 10.5 0
v 8.7 10.6 0
v 8.7 11.1 0
v 8.7 11.3 0
v 8.7 11.4 0
v 8.8 1.6 0
v 8.8 2.1 0
v 8.8 3.8 0
v 8.8 4.7 0
v 8.8 5.1 0
v 8.8 5.7 0
v 8.8 6.3 0
v 8.8 6.4 0
v 8.8 6.6 0
v 8.8 6.7 0
v 8.8 7.1 0
v 8.8 7.3 0
v 8.8 8.1 0
v 8.8 8.2 0
v 8.8 8.9 0
v 8.8 9.2 0
v 8.8 9.6 0
v 8.8 10 0
v 8.8 10.4 0
v 8.8 10.7 0
v 8.8 11.1 0
v 8.8 11.3 0
v 8.9 5.1 0
v 8.9 5.3 0
v 8.9 5.5 0
v 8.9 5.6 0
v 8.9 5.7 0
v 8.9 5.8 0
v 8.9 6.6 0
v 8.9 6.7 0
v 8.9 8 0
v 8.9 8.4 0
v 8.9 8.5 0
v 8.9 8.9 0
v 8.9 9.1 0
v 8.9 9.6 0
v 8.9 10 0
v 8.9 10.4 0
v 8.9 10.7 0
v 8.9 11.1 0
v 8.9 11.4 0
v 9 3.8 0
v 9 4.5 0
v 9 5.3 0
v 9 5.4 0
v 9 5.6 0
v 9 5.7 0
v 9 6.3 0
v 9 6.4 0
v 9 6.5 0
v 9 6.6 0
v 9 7.1 0
v 9 7.5 0
v 9 8 0
v 9 8.4 0
v 9 8.9 0
v 9 9.1 0
v 9 9.6 0
v 9 9.9 0
v 9 10.4 0
v 9 10.6 0
v 9 11.1 0
v 9 11.3 0
v 9.1 1.9 0
v 9.1 2 0
v 9.1 5.3 0
v 9.1 5.4 0
v 9.1 5.6 0
v 9.1 5.7 0
v 9.1 6.2 0
v 9.1 6.7 0
v 9.1 7.1 0
v 9.1 7.2 0
v 9.1 7.3 0
v 9.1 7.5 0
v 9.1 8 0
v 9.1 8.4 0
v 9.1 8.9 0
v 9.1 9.2 0
v 9.1 9.6 0
v 9.1 9.9 0
v 9.1 10 0
v 9.1 10.4 0
v 9.1 10.6 0
v 9.1 10.7 0
v 9.1 11.1 0
v 9.1 11.3 0
v 9.2 1.9 0
v 9.2 2 0
v 9.2 3.8 0
v 9.2 4.5 0
v 9.2 5.1 0
v 9.2 5.3 0
v 9.2 5.5 0
v 9.2 5.6 0
v 9.2 5.7 0
v 9.2 5.8 0
v 9.2 6.2 0
v 9.2 6.7 0
v 9.2 7.1 0
v 9.2 7.2 0
v 9.2 8 0
v 9.2 8.4 0
v 9.2 8.5 0
v 9.2 8.9 0
v 9.2 9.2 0
v 9.2 9.6 0
v 9.2 9.9 0
v 9.2 10.4 0
v 9.2 10.6 0
v 9.2 11.1 0
v 9.2 11.4 0
v 9.3 1.9 0
v 9.3 2 0
v 9.3 5.1 0
v 9.3 5.7 0
v 9.3 6.2 0
v 9.3 6.6 0
v 9.3 7.1 0
v 9.3 7.2 0
v 9.3 9 0
v 9.3 9.1 0
v 9.3 9.6 0
v 9.3 10 0
v 9.3 10.4 0
v 9.3 10.6 0
v 9.3 11.1 0
v 9.3 11.4 0
v 9.4 1.9 0
v 9.4 2 0
v 9.4 3.8 0
v 9.4 4.7 0
v 9.4 5.1 0
v 9.4 5.8 0
v 9.4 7.1 0
v 9.4 7.2 0
v 9.4 7.3 0
v 9.4 7.5 0
v 9.4 8 0
v 9.4 8.4 0
v 9.4 8.5 0
v 9.4 9 0
v 9.4 9.1 0
v 9.4 9.2 0
v 9.4 9.3 0
v 9.4 9.7 0
v 9.4 9.9 0
v 9.4 10.6 0
v 9.4 10.7 0
v 9.4 11.2 0
v 9.4 11.3 0
v 9.5 1.9 0
v 9.5 2 0
v 9.5 3.8 0
v 9.5 4.7 0
v 9.5 5.1 0
v 9.5 5.6 0
v 9.5 6.2 0
v 9.5 6.3 0
v 9.5 6.4 0
v 9.5 6.6 0
v 9.5 7.1 0
v 9.5 7.3 0
v 9.5 8 0
v 9.5 8.4 0
v 9.5 8.9 0
v 9.5 9.3 0
v 9.5 9.6 0
v 9.5 9.7 0
v 9.5 9.9 0
v 9.5 10 0
v 9.5 10.4 0
v 9.5 10.7 0
v 9.5 11.1 0
v 9.5 11.2 0
v 9.5 11.3 0
v 9.5 11.4 0
v 9.6 1.9 0
v 9.6 2 0
v 9.6 5.3 0
v 9.6 5.6 0
v 9.6 5.8 0
v 9.6 6.2 0
v 9.6 6.3 0
v 9.6 6.4 0
v 9.6 6.7 0
v 9.6 7.1 0
v 9.6 7.3 0
v 9.6 8 0
v 9.6 8.3 0
v 9.6 8.4 0
v 9.6 8.5 0
v 9.6 8.9 0
v 9.6 9.2 0
v 9.6 9.7 0
v 9.6 9.9 0
v 9.6 10.4 0
v 9.6 10.6 0
v 9.6 11.2 0
v 9.6 11.3 0
v 9.7 3.9 0
v 9.7 4.6 0
v 9.7 5.1 0
v 9.7 5.3 0
v 9.7 5.6 0
v 9.7 6.2 0
v 9.7 6.7 0
v 9.7 7.1 0
v 9.7 7.5 0
v 9.7 8.1 0
v 9.7 8.3 0
v 9.7 8.9 0
v 9.7 9.2 0
v 9.7 9.6 0
v 9.7 9.7 0
v 9.7 9.9 0
v 9.7 10 0
v 9.7 10.4 0
v 9.7 10.6 0
v 9.7 11.1 0
v 9.7 11.2 0
v 9.7 11.3 0
v 9.7 11.4 0
v 9.8 5.3 0
v 9.8 5.8 0
v 9.8 6.3 0
v 9.8 6.6 0
v 9.8 9 0
v 9.8 9.2 0
v 9.8 9.7 0
v 9.8 9.9 0
v 9.8 10.5 0
v 9.8 10.6 0
v 9.8 11.2 0
v 9.8 11.3 0
v 9.9 1.9 0
v 9.9 2 0
v 9.9 3.8 0
v 9.9 3.9 0
v 9.9 4.6 0
v 9.9 4.7 0
v 9.9 5.1 0
v 9.9 5.8 0
v 9.9 6.2 0
v 9.9 6.3 0
v 9.9 7.1 0
v 9.9 7.5 0
v 9.9 8 0
v 9.9 8.1 0
v 9.9 8.4 0
v 9.9 8.5 0
v 9.9 8.9 0
v 9.9 9 0
v 9.9 9.2 0
v 9.9 9.7 0
v 9.9 9.9 0
v 9.9 10.4 0
v 9.9 10.5 0
v 9.9 10.6 0
v 9.9 11.2 0
v 9.9 11.3 0
v 10 1.8 0
v 10 1.9 0
v 10 2 0
v 10 2.1 0
v 10 3.9 0
v 10 4.6 0
v 10 5.1 0
v 10 5.8 0
v 10 6.2 0
v 10 6.3 0
v 10 6.4 0
v 10 6.6 0
v 10 6.7 0
v 10 6.8 0
v 10 7.1 0
v 10 7.5 0
v 10 8.1 0
v 10 8.4 0
v 10 8.9 0
v 10 9 0
v 10 9.2 0
v 10 9.6 0
v 10 9.7 0
v 10 9.9 0
v 10 10 0
v 10 10.4 0
v 10 10.5 0
v 10 10.6 0
v 10 11.1 0
v 10 11.2 0
v 10 11.3 0
v 10 11.4 0
v 10.1 1.8 0
v 10.1 1.9 0
v 10.1 2 0
v 10.1 2.1 0
v 10.1 3.8 0
v 10.1 4.7 0
v 10.1 5.2 0
v 10.1 5.7 0
v 10.1 6.2 0
v 10.1 6.3 0
v 10.1 6.4 0
v 10.1 6.6 0
v 10.1 6.8 0
v 10.1 8 0
v 10.1 8.3 0
v 10.1 8.4 0
v 10.1 8.5 0
v 10.1 9 0
v 10.1 9.2 0
v 10.1 9.7 0
v 10.1 10 0
v 10.1 10.5 0
v 10.1 10.6 0
v 10.1 11.2 0
v 10.1 11.4 0
v 10.2 1.7 0
v 10.2 1.8 0
v 10.2 2.1 0
v 10.2 2.2 0
v 10.2 6.2 0
v 10.2 6.6 0
v 10.2 6.7 0
v 10.2 6.8 0
v 10.2 8 0
v 10.2 8.3 0
v 10.2 8.4 0
v 10.2 8.5 0
v 10.2 8.9 0
v 10.2 9.2 0
v 10.2 9.6 0
v 10.2 9.7 0
v 10.2 10 0
v 10.2 10.5 0
v 10.2 10.6 0
v 10.2 11.1 0
v 10.2 11.2 0
v 10.2 11.4 0
v 10.3 1.7 0
v 10.3 1.8 0
v 10.3 2.1 0
v 10.3 2.2 0
v 10.3 3.8 0
v 10.3 4.7 0
v 10.3 5.1 0
v 10.3 5.2 0
v 10.3 5.3 0
v 10.3 5.6 0
v 10.3 5.7 0
v 10.3 5.8 0
v 10.3 6.2 0
v 10.3 6.6 0
v 10.3 6.7 0
v 10.3 6.8 0
v 10.3 7.1 0
v 10.3 7.5 0
v 10.3 8.2 0
v 10.3 8.5 0
v 10.3 9 0
v 10.3 9.1 0
v 10.3 9.6 0
v 10.3 9.7 0
v 10.3 10 0
v 10.3 10.4 0
v 10.3 10.5 0
v 10.3 10.6 0
v 10.3 10.7 0
v 10.3 11.1 0
v 10.3 11.2 0
v 10.3 11.4 0
v 10.4 1.6 0
v 10.4 1.7 0
v 10.4 1.8 0
v 10.4 2.1 0
v 10.4 2.2 0
v 10.4 2.3 0
v 10.4 4.4 0
v 10.4 4.7 0
v 10.4 5.2 0
v 10.4 5.3 0
v 10.4 5.6 0
v 10.4 5.7 0
v 10.4 6.2 0
v 10.4 6.5 0
v 10.4 6.6 0
v 10.4 6.7 0
v 10.4 7.3 0
v 10.4 7.5 0
v 10.4 8.2 0
v 10.4 8.5 0
v 10.4 9 0
v 10.4 9.1 0
v 10.4 9.7 0
v 10.4 10 0
v 10.4 10.4 0
v 10.4 10.5 0
v 10.4 10.6 0
v 10.4 10.7 0
v 10.4 11.2 0
v 10.4 11.4 0
v 10.5 1.6 0
v 10.5 1.7 0
v 10.5 2.2 0
v 10.5 2.3 0
v 10.5 4.2 0
v 10.5 4.4 0
v 10.5 4.5 0
v 10.5 5.3 0
v 10.5 5.6 0
v 10.5 6.3 0
v 10.5 6.5 0
v 10.5 6.6 0
v 10.5 6.7 0
v 10.5 7.1 0
v 10.5 7.2 0
v 10.5 8 0
v 10.5 8.1 0
v 10.5 8.9 0
v 10.5 9.2 0
v 10.5 9.6 0
v 10.5 10 0
v 10.5 10.5 0
v 10.5 10.6 0
v 10.5 11.1 0
v 10.5 11.4 0
v 10.6 0.8 0
v 10.6 0.9 0
v 10.6 1 0
v 10.6 1.1 0
v 10.6 1.7 0
v 10.6 2.2 0
v 10.6 4 0
v 10.6 4.2 0
v 10.6 4.4 0
v 10.6 5.1 0
v 10.6 5.6 0
v 10.6 5.7 0
v 10.6 5.8 0
v 10.6 7.3 0
v 10.6 7.5 0
v 10.6 8 0
v 10.6 8.1 0
v 10.6 8.5 0
v 10.6 8.9 0
v 10.6 9 0
v 10.6 9.1 0
v 10.6 9.2 0
v 10.6 9.7 0
v 10.6 9.9 0
v 10.6 10.4 0
v 10.6 10.5 0
v 10.6 10.6 0
v 10.6 10.7 0
v 10.6 11.2 0
v 10.6 11.3 0
v 10.7 0.7 0
v 10.7 0.8 0
v 10.7 0.9 0
v 10.7 1 0
v 10.7 1.1 0
v 10.7 1.2 0
v 10.7 3.8 0
v 10.7 4 0
v 10.7 4.2 0
v 10.7 5.1 0
v 10.7 5.6 0
v 10.7 5.7 0
v 10.7 5.8 0
v 10.7 6.3 0
v 10.7 6.7 0
v 10.7 7.3 0
v 10.7 7.5 0
v 10.7 8.1 0
v 10.7 8.5 0
v 10.7 8.9 0
v 10.7 9 0
v 10.7 9.1 0
v 10.7 9.2 0
v 10.7 9.7 0
v 10.7 9.9 0
v 10.7 10.4 0
v 10.7 10.5 0
v 10.7 10.6 0
v 10.7 10.7 0
v 10.7 11.2 0
v 10.7 11.3 0
v 10.8 3.8 0
v 10.8 4 0
v 10.8 4.2 0
v 10.8 5.6 0
v 10.8 5.8 0
v 10.8 6.2 0
v 10.8 6.7 0
v 10.8 7.1 0
v 10.8 7.2 0
v 10.8 7.3 0
v 10.8 7.5 0
v 10.8 8.1 0
v 10.8 8.4 0
v 10.8 8.9 0
v 10.8 9 0
v 10.8 9.1 0
v 10.8 9.2 0
v 10.8 9.6 0
v 10.8 10 0
v 10.8 10.4 0
v 10.8 10.5 0
v 10.8 10.6 0
v 10.8 10.7 0
v 10.8 11.1 0
v 10.8 11.4 0
v 10.9 1.9 0
v 10.9 2 0
v 10.9 4 0
v 10.9 4.2 0
v 10.9 4.4 0
v 10.9 5.4 0
v 10.9 5.6 0
v 10.9 5.8 0
v 10.9 6.2 0
v 10.9 6.7 0
v 10.9 7.1 0
v 10.9 7.3 0
v 10.9 7.4 0
v 10.9 7.5 0
v 10.9 8 0
v 10.9 8.1 0
v 10.9 8.4 0
v 10.9 8.5 0
v 10.9 8.9 0
v 10.9 9 0
v 10.9 9.1 0
v 10.9 9.2 0
v 10.9 9.6 0
v 10.9 9.8 0
v 10.9 9.9 0
v 10.9 10 0
v 10.9 10.4 0
v 10.9 10.5 0
v 10.9 10.6 0
v 10.9 10.7 0
v 10.9 11.1 0
v 10.9 11.2 0
v 10.9 11.3 0
v 10.9 11.4 0
v 11 0.7 0
v 11 0.8 0
v 11 0.9 0
v 11 1 0
v 11 1.1 0
v 11 1.2 0
v 11 1.9 0
v 11 2 0
v 11 4.2 0
v 11 4.4 0
v 11 4.5 0
v 11 5.2 0
v 11 5.4 0
v 11 5.6 0
v 11 6.3 0
v 11 6.6 0
v 11 7.1 0
v 11 7.3 0
v 11 9.6 0
v 11 9.8 0
v 11 9.9 0
v 11 10 0
v 11 11.1 0
v 11 11.2 0
v 11 11.3 0
v 11 11.4 0
v 11.1 0.8 0
v 11.1 0.9 0
v 11.1 1 0
v 11.1 1.1 0
v 11.1 1.8 0
v 11.1 2.1 0
v 11.1 4.4 0
v 11.1 4.7 0
v 11.1 5.1 0
v 11.1 5.2 0
v 11.1 5.4 0
v 11.1 6.4 0
v 11.1 6.5 0
v 11.1 7.1 0
v 11.1 7.2 0
v 11.1 7.4 0
v 11.1 7.5 0
v 11.1 8 0
v 11.1 8.1 0
v 11.1 8.4 0
v 11.1 8.5 0
v 11.1 9.6 0
v 11.1 9.8 0
v 11.1 9.9 0
v 11.1 10 0
v 11.1 11.1 0
v 11.1 11.2 0
v 11.1 11.3 0
v 11.1 11.4 0
v 11.2 1.8 0
v 11.2 2.1 0
v 11.2 3.8 0
v 11.2 4.7 0
v 11.2 5.1 0
v 11.2 5.2 0
v 11.2 5.4 0
v 11.2 6.4 0
v 11.2 6.5 0
v 11.2 7.3 0
v 11.2 7.5 0
v 11.2 8.1 0
v 11.2 8.4 0
v 11.2 9.6 0
v 11.2 9.8 0
v 11.2 9.9 0
v 11.2 10 0
v 11.2 11.1 0
v 11.2 11.2 0
v 11.2 11.3 0
v 11.2 11.4 0
v 11.3 0.7 0
v 11.3 0.9 0
v 11.3 1 0
v 11.3 1.2 0
v 11.3 1.7 0
v 11.3 2.2 0
v 11.3 4 0
v 11.3 4.5 0
v 11.3 5.2 0
v 11.3 5.4 0
v 11.3 5.6 0
v 11.3 6.4 0
v 11.3 6.6 0
v 11.3 7.1 0
v 11.3 7.2 0
v 11.3 7.3 0
v 11.3 7.5 0
v 11.3 8 0
v 11.3 8.2 0
v 11.3 8.3 0
v 11.3 8.5 0
v 11.4 0.8 0
v 11.4 0.9 0
v 11.4 1 0
v 11.4 1.1 0
v 11.4 1.7 0
v 11.4 2.2 0
v 11.4 5.4 0
v 11.4 5.6 0
v 11.4 5.8 0
v 11.4 6.2 0
v 11.4 6.3 0
v 11.4 6.4 0
v 11.4 6.7 0
v 11.4 7.1 0
v 11.4 7.2 0
v 11.4 7.3 0
v 11.4 7.5 0
v 11.4 8 0
v 11.4 8.2 0
v 11.4 8.3 0
v 11.4 8.5 0
v 11.5 0.8 0
v 11.5 0.9 0
v 11.5 1 0
v 11.5 1.1 0
v 11.5 5.6 0
v 11.5 5.8 0
v 11.5 6.4 0
v 11.5 6.7 0
v 11.5 7.1 0
v 11.5 7.2 0
v 11.5 7.3 0
v 11.5 8.2 0
v 11.5 8.3 0
v 11.6 0.7 0
v 11.6 0.9 0
v 11.6 1 0
v 11.6 1.2 0
v 11.6 1.7 0
v 11.6 1.8 0
v 11.6 5.1 0
v 11.6 5.2 0
v 11.6 5.3 0
v 11.6 5.8 0
v 11.6 6.1 0
v 11.6 6.3 0
v 11.6 6.5 0
v 11.6 6.7 0
v 11.6 7.1 0
v 11.6 7.2 0
v 11.6 7.4 0
v 11.6 7.5 0
v 11.6 8 0
v 11.6 8.2 0
v 11.6 8.3 0
v 11.6 8.5 0
v 11.7 1.9 0
v 11.7 2 0
v 11.7 4 0
v 11.7 4.5 0
v 11.7 5.4 0
v 11.7 5.7 0
v 11.7 6.1 0
v 11.7 6.3 0
v 11.7 6.4 0
v 11.7 6.5 0
v 11.7 7.3 0
v 11.7 7.4 0
v 11.7 7.5 0
v 11.7 8 0
v 11.7 8.2 0
v 11.7 8.3 0
v 11.7 8.5 0
v 11.8 2.1 0
v 11.8 2.2 0
v 11.8 3.8 0
v 11.8 4.7 0
v 11.8 6.2 0
v 11.8 6.3 0
v 11.8 6.4 0
v 11.8 6.5 0
v 11.8 7.1 0
v 11.8 7.3 0
v 11.8 7.4 0
v 11.8 7.5 0
v 11.9 2.1 0
v 11.9 2.2 0
v 11.9 3.8 0
v 11.9 4 0
v 11.9 4.5 0
v 11.9 4.7 0
v 11.9 5.4 0
v 11.9 5.7 0
v 11.9 6.1 0
v 11.9 6.2 0
v 11.9 6.3 0
v 11.9 6.6 0
v 11.9 6.7 0
v 12 1.9 0
v 12 2 0
v 12 4 0
v 12 4.1 0
v 12 4.4 0
v 12 4.5 0
v 12 4.7 0
v 12 5.1 0
v 12 5.2 0
v 12 5.3 0
v 12 5.8 0
v 12 6.1 0
v 12 6.2 0
v 12 6.4 0
v 12 6.5 0
v 12 6.6 0
v 12 6.7 0
v 12.1 1.7 0
v 12.1 1.8 0
v 12.1 3.8 0
v 12.1 4.1 0
v 12.1 4.2 0
v 12.1 4.3 0
v 12.1 4.4 0
v 12.1 4.5 0
v 12.1 5.1 0
v 12.1 5.3 0
v 12.1 5.6 0
v 12.1 5.8 0
v 12.2 4.2 0
v 12.2 4.3 0
v 12.2 5.1 0
v 12.2 5.3 0
v 12.2 5.4 0
v 12.2 5.5 0
v 12.2 5.6 0
v 12.2 5.8 0
v 12.3 4.2 0
v 12.3 4.3 0
v 12.3 5.3 0
v 12.3 5.4 0
v 12.3 5.5 0
v 12.3 5.6 0
v 12.4 3.8 0
v 12.4 4.1 0
v 12.4 4.2 0
v 12.4 4.3 0
v 12.4 4.4 0
v 12.4 4.5 0
v 12.4 5.3 0
v 12.4 5.4 0
v 12.4 5.5 0
v 12.4 5.6 0
v 12.5 1.7 0
v 12.5 1.8 0
v 12.5 1.9 0
v 12.5 2 0
v 12.5 2.1 0
v 12.5 2.2 0
v 12.5 4 0
v 12.5 4.1 0
v 12.5 4.4 0
v 12.5 4.5 0
v 12.5 4.7 0
v 12.5 5.1 0
v 12.5 5.3 0
v 12.5 5.4 0
v 12.5 5.5 0
v 12.5 5.6 0
v 12.5 5.8 0
v 12.6 3.8 0
v 12.6 4 0
v 12.6 4.5 0
v 12.6 4.7 0
v 12.6 5.1 0
v 12.6 5.3 0
v 12.6 5.6 0
v 12.6 5.8 0
v 13.1 1.7 0
v 13.1 1.8 0
v 13.1 1.9 0
v 13.1 2 0
v 13.1 2.1 0
v 13.1 2.2 0
v 13.2 11 0
v 13.2 11.3 0
v 13.3 10.9 0
v 13.3 11 0
v 13.3 11.3 0
v 13.3 11.4 0
v 13.4 10.8 0
v 13.4 10.9 0
v 13.4 11 0
v 13.4 11.3 0
v 13.4 11.4 0
v 13.4 11.5 0
v 13.7 10.8 0
v 13.7 10.9 0
v 13.7 11 0
v 13.7 11.3 0
v 13.7 11.4 0
v 13.7 11.5 0
v 13.8 10.9 0
v 13.8 11 0
v 13.8 11.3 0
v 13.8 11.4 0
v 13.9 10.8 0
v 13.9 11 0
v 14 11 0
v 14 11.2 0
v 14.1 11.2 0
v 14.1 11.4 0
v 14.2 11.4 0
v 14.2 11.5 0
v 14.3 11.4 0
v 14.3 11.5 0
v 14.4 11.2 0
v 14.4 11.4 0
v 14.5 11 0
v 14.5 11.2 0
v 14.6 10.8 0
v 14.6 11 0
v 14.7 10.8 0
v 14.7 10.9 0
v 14.7 11 0
v 14.7 11.5 0
v 14.8 11.1 0
v 14.8 11.4 0
v 14.9 11 0
v 14.9 11.1 0
v 14.9 11.3 0
v 14.9 11.4 0
v 14.9 11.5 0
v 15 10.9 0
v 15 11 0
v 15 11.2 0
v 15 11.3 0
v 15 11.4 0
v 15.1 10.8 0
v 15.1 11 0
v 15.1 11.1 0
v 15.1 11.2 0
v 15.1 11.3 0
v 15.2 10.8 0
v 15.2 11.1 0
v 15.2 11.2 0
v 15.2 11.5 0
v 15.3 10.8 0
v 15.3 11.5 0
v 15.4 10.8 0
v 15.4 11.5 0
v 15.5 10.9 0
v 15.5 11.4 0
v 15.7 10.8 0
v 15.7 10.9 0
v 15.7 11 0
v 15.7 11.3 0
v 15.7 11.4 0
v 15.7 11.5 0
v 15.8 10.9 0
v 15.8 11 0
v 15.8 11.3 0
v 15.8 11.4 0
v 15.9 11 0
v 15.9 11.3 0
v 16 10.8 0
v 16 11.5 0
v 16.1 10.8 0
v 16.1 11.5 0
v 16.2 11.3 0
v 16.2 11.5 0
v 16.3 11.1 0
v 16.3 11.3 0
v 16.3 11.5 0
v 16.4 10.9 0
v 16.4 11.1 0
v 16.4 11.3 0
v 16.5 10.8 0
v 16.5 10.9 0
v 16.5 11.1 0
v 16.6 10.8 0
v 16.6 10.9 0
v 16.6 11.1 0
v 16.7 10.9 0
v 16.7 11.1 0
v 16.7 11.3 0
v 16.8 11.1 0
v 16.8 11.3 0
v 16.8 11.5 0
v 16.9 11.3 0
v 16.9 11.5 0
v 17 10.9 0
v 17 11.4 0
v 17.1 10.8 0
v 17.1 10.9 0
v 17.1 11.4 0
v 17.1 11.5 0
v 17.4 10.8 0
v 17.4 10.9 0
v 17.4 11.4 0
v 17.4 11.5 0
v 17.5 10.9 0
v 17.5 11.4 0
v 17.6 10.8 0
v 17.6 10.9 0
v 17.6 11.4 0
v 17.6 11.5 0
v 17.7 10.8 0
v 17.7 10.9 0
v 17.7 11 0
v 17.7 11.3 0
v 17.7 11.4 0
v 17.7 11.5 0
v 17.8 10.9 0
v 17.8 11 0
v 17.8 11.1 0
v 17.8 11.2 0
v 17.8 11.3 0
v 17.8 11.4 0
v 17.9 11 0
v 17.9 11.1 0
v 17.9 11.2 0
v 17.9 11.3 0
v 18 11 0
v 18 11.1 0
v 18 11.2 0
v 18 11.3 0
v 18.1 10.9 0
v 18.1 11 0
v 18.1 11.1 0
v 18.1 11.2 0
v 18.1 11.3 0
v 18.1 11.4 0
v 18.2 10.8 0
v 18.2 10.9 0
v 18.2 11 0
v 18.2 11.3 0
v 18.2 11.4 0
v 18.2 11.5 0
v 18.3 10.8 0
v 18.3 10.9 0
v 18.3 11.4 0
v 18.3 11.5 0
v 5.7 1.7 -0.1
v 5.7 1.9 -0.1
v 5.8 1.6 -0.1
v 5.8 1.7 -0.1
v 5.8 1.8 -0.1
v 5.8 1.9 -0.1
v 5.8 2 -0.1
v 5.8 2.1 -0.1
v 5.9 1.9 -0.1
v 5.9 2 -0.1
v 5.9 2.2 -0.1
v 5.9 2.3 -0.1
v 6 2.3 -0.1
v 6 2.4 -0.1
v 6.1 2.3 -0.1
v 6.1 2.4 -0.1
v 6.2 1.9 -0.1
v 6.2 2 -0.1
v 6.2 2.2 -0.1
v 6.2 2.3 -0.1
v 6.3 1.6 -0.1
v 6.3 1.7 -0.1
v 6.3 1.8 -0.1
v 6.3 1.9 -0.1
v 6.3 2 -0.1
v 6.3 2.1 -0.1
v 6.3 4.2 -0.1
v 6.3 4.3 -0.1
v 6.4 1.7 -0.1
v 6.4 1.9 -0.1
v 6.5 4.1 -0.1
v 6.5 4.2 -0.1
v 6.5 4.3 -0.1
v 6.5 4.4 -0.1
v 6.6 1.6 -0.1
v 6.6 1.8 -0.1
v 6.7 1.9 -0.1
v 6.7 2.1 -0.1
v 6.7 4 -0.1
v 6.7 4.1 -0.1
v 6.7 4.2 -0.1
v 6.7 4.3 -0.1
v 6.7 4.4 -0.1
v 6.7 4.5 -0.1
v 6.8 2.2 -0.1
v 6.8 2.4 -0.1
v 6.9 3.9 -0.1
v 6.9 4 -0.1
v 6.9 4.1 -0.1
v 6.9 4.4 -0.1
v 6.9 4.5 -0.1
v 6.9 4.6 -0.1
v 7 2.2 -0.1
v 7 2.4 -0.1
v 7.1 1.9 -0.1
v 7.1 2.1 -0.1
v 7.1 3.8 -0.1
v 7.1 3.9 -0.1
v 7.1 4 -0.1
v 7.1 4.5 -0.1
v 7.1 4.6 -0.1
v 7.1 4.7 -0.1
v 7.2 1.6 -0.1
v 7.2 1.8 -0.1
v 7.2 3.9 -0.1
v 7.2 4.6 -0.1
v 7.2 6.4 -0.1
v 7.2 6.5 -0.1
v 7.3 3.8 -0.1
v 7.3 4.7 -0.1
v 7.3 5.4 -0.1
v 7.3 5.5 -0.1
v 7.3 6.4 -0.1
v 7.3 6.5 -0.1
v 7.3 7.1 -0.1
v 7.3 7.2 -0.1
v 7.3 7.4 -0.1
v 7.3 7.5 -0.1
v 7.3 8.2 -0.1
v 7.3 8.3 -0.1
v 7.4 1.7 -0.1
v 7.4 1.8 -0.1
v 7.4 5.3 -0.1
v 7.4 5.4 -0.1
v 7.4 5.5 -0.1
v 7.4 5.6 -0.1
v 7.4 6.3 -0.1
v 7.4 6.4 -0.1
v 7.4 6.5 -0.1
v 7.4 6.6 -0.1
v 7.4 7.1 -0.1
v 7.4 7.2 -0.1
v 7.4 7.4 -0.1
v 7.4 7.5 -0.1
v 7.4 8.2 -0.1
v 7.4 8.3 -0.1
v 7.4 9 -0.1
v 7.4 9.1 -0.1
v 7.4 9.6 -0.1
v 7.4 10 -0.1
v 7.4 10.5 -0.1
v 7.4 10.6 -0.1
v 7.4 11.1 -0.1
v 7.4 11.4 -0.1
v 7.5 1.6 -0.1
v 7.5 1.7 -0.1
v 7.5 1.8 -0.1
v 7.5 1.9 -0.1
v 7.5 2 -0.1
v 7.5 3.8 -0.1
v 7.5 4.7 -0.1
v 7.5 5.3 -0.1
v 7.5 5.4 -0.1
v 7.5 5.5 -0.1
v 7.5 5.6 -0.1
v 7.5 7.1 -0.1
v 7.5 7.5 -0.1
v 7.5 8.1 -0.1
v 7.5 8.2 -0.1
v 7.5 8.3 -0.1
v 7.5 8.4 -0.1
v 7.5 9 -0.1
v 7.5 9.1 -0.1
v 7.5 9.6 -0.1
v 7.5 10 -0.1
v 7.5 10.5 -0.1
v 7.5 10.6 -0.1
v 7.5 11.1 -0.1
v 7.5 11.4 -0.1
v 7.6 1.8 -0.1
v 7.6 1.9 -0.1
v 7.6 2 -0.1
v 7.6 2.1 -0.1
v 7.6 2.2 -0.1
v 7.6 4 -0.1
v 7.6 4.5 -0.1
v 7.6 5.2 -0.1
v 7.6 5.3 -0.1
v 7.6 5.6 -0.1
v 7.6 5.7 -0.1
v 7.6 6.2 -0.1
v 7.6 6.3 -0.1
v 7.6 6.4 -0.1
v 7.6 6.5 -0.1
v 7.6 6.6 -0.1
v 7.6 6.7 -0.1
v 7.6 7.1 -0.1
v 7.6 7.5 -0.1
v 7.6 9 -0.1
v 7.6 9.1 -0.1
v 7.6 9.6 -0.1
v 7.6 10 -0.1
v 7.6 10.5 -0.1
v 7.6 10.6 -0.1
v 7.6 11.1 -0.1
v 7.6 11.4 -0.1
v 7.7 2.1 -0.1
v 7.7 2.2 -0.1
v 7.7 2.3 -0.1
v 7.7 5.2 -0.1
v 7.7 5.3 -0.1
v 7.7 5.6 -0.1
v 7.7 5.7 -0.1
v 7.7 6.2 -0.1
v 7.7 6.3 -0.1
v 7.7 6.4 -0.1
v 7.7 6.5 -0.1
v 7.7 6.6 -0.1
v 7.7 6.7 -0.1
v 7.7 7.1 -0.1
v 7.7 7.5 -0.1
v 7.7 8 -0.1
v 7.7 8.1 -0.1
v 7.7 8.2 -0.1
v 7.7 8.3 -0.1
v 7.7 8.4 -0.1
v 7.7 8.5 -0.1
v 7.7 9 -0.1
v 7.7 9.1 -0.1
v 7.7 9.6 -0.1
v 7.7 10 -0.1
v 7.7 10.5 -0.1
v 7.7 10.6 -0.1
v 7.7 11.1 -0.1
v 7.7 11.4 -0.1
v 7.8 2.1 -0.1
v 7.8 2.2 -0.1
v 7.8 2.3 -0.1
v 7.8 5.1 -0.1
v 7.8 5.2 -0.1
v 7.8 5.3 -0.1
v 7.8 5.6 -0.1
v 7.8 5.7 -0.1
v 7.8 5.8 -0.1
v 7.8 6.2 -0.1
v 7.8 6.3 -0.1
v 7.8 6.4 -0.1
v 7.8 6.5 -0.1
v 7.8 6.6 -0.1
v 7.8 6.7 -0.1
v 7.8 6.8 -0.1
v 7.8 8 -0.1
v 7.8 8.1 -0.1
v 7.8 8.2 -0.1
v 7.8 8.3 -0.1
v 7.8 8.4 -0.1
v 7.8 8.5 -0.1
v 7.8 9 -0.1
v 7.8 9.1 -0.1
v 7.8 9.6 -0.1
v 7.8 10 -0.1
v 7.8 10.5 -0.1
v 7.8 10.6 -0.1
v 7.8 11.1 -0.1
v 7.8 11.4 -0.1
v 7.9 1.8 -0.1
v 7.9 1.9 -0.1
v 7.9 2 -0.1
v 7.9 2.1 -0.1
v 7.9 2.2 -0.1
v 7.9 3.8 -0.1
v 7.9 4 -0.1
v 7.9 4.5 -0.1
v 7.9 4.7 -0.1
v 7.9 5.1 -0.1
v 7.9 5.2 -0.1
v 7.9 5.7 -0.1
v 7.9 5.8 -0.1
v 7.9 6.2 -0.1
v 7.9 6.3 -0.1
v 7.9 6.5 -0.1
v 7.9 6.6 -0.1
v 7.9 6.7 -0.1
v 7.9 6.8 -0.1
v 7.9 7.1 -0.1
v 7.9 7.5 -0.1
v 7.9 8.2 -0.1
v 7.9 8.3 -0.1
v 7.9 9 -0.1
v 7.9 9.1 -0.1
v 7.9 9.6 -0.1
v 7.9 10 -0.1
v 7.9 10.5 -0.1
v 7.9 10.6 -0.1
v 7.9 11.1 -0.1
v 7.9 11.4 -0.1
v 8 1.6 -0.1
v 8 1.7 -0.1
v 8 1.8 -0.1
v 8 1.9 -0.1
v 8 2 -0.1
v 8 3.8 -0.1
v 8 4.1 -0.1
v 8 5.2 -0.1
v 8 5.7 -0.1
v 8.1 1.7 -0.1
v 8.1 1.8 -0.1
v 8.1 4 -0.1
v 8.1 4.1 -0.1
v 8.1 4.3 -0.1
v 8.1 6.2 -0.1
v 8.1 6.7 -0.1
v 8.1 7.1 -0.1
v 8.1 7.5 -0.1
v 8.1 8.1 -0.1
v 8.1 8.3 -0.1
v 8.1 8.9 -0.1
v 8.1 9.2 -0.1
v 8.1 9.7 -0.1
v 8.1 9.9 -0.1
v 8.1 10.5 -0.1
v 8.1 10.6 -0.1
v 8.1 11.1 -0.1
v 8.1 11.4 -0.1
v 8.2 4.1 -0.1
v 8.2 4.3 -0.1
v 8.2 4.5 -0.1
v 8.2 5.3 -0.1
v 8.2 5.6 -0.1
v 8.2 6.3 -0.1
v 8.2 6.6 -0.1
v 8.2 8 -0.1
v 8.2 8.1 -0.1
v 8.2 8.3 -0.1
v 8.2 8.4 -0.1
v 8.2 8.5 -0.1
v 8.2 9 -0.1
v 8.2 9.1 -0.1
v 8.2 9.6 -0.1
v 8.2 9.7 -0.1
v 8.2 9.9 -0.1
v 8.2 10 -0.1
v 8.2 10.4 -0.1
v 8.2 10.5 -0.1
v 8.2 10.6 -0.1
v 8.2 10.7 -0.1
v 8.2 11.2 -0.1
v 8.2 11.3 -0.1
v 8.3 1.6 -0.1
v 8.3 2.1 -0.1
v 8.3 4.3 -0.1
v 8.3 4.5 -0.1
v 8.3 4.7 -0.1
v 8.3 5.2 -0.1
v 8.3 5.3 -0.1
v 8.3 5.6 -0.1
v 8.3 5.7 -0.1
v 8.3 7.1 -0.1
v 8.3 7.5 -0.1
v 8.3 8.9 -0.1
v 8.3 9 -0.1
v 8.3 9.1 -0.1
v 8.3 9.2 -0.1
v 8.4 1.6 -0.1
v 8.4 2.1 -0.1
v 8.4 4.3 -0.1
v 8.4 4.5 -0.1
v 8.4 4.7 -0.1
v 8.4 5.1 -0.1
v 8.4 5.2 -0.1
v 8.4 5.3 -0.1
v 8.4 5.6 -0.1
v 8.4 5.7 -0.1
v 8.4 5.8 -0.1
v 8.4 6.2 -0.1
v 8.4 6.3 -0.1
v 8.4 6.4 -0.1
v 8.4 6.5 -0.1
v 8.4 7.1 -0.1
v 8.4 7.2 -0.1
v 8.4 7.4 -0.1
v 8.4 7.5 -0.1
v 8.4 8.9 -0.1
v 8.4 9.1 -0.1
v 8.4 9.6 -0.1
v 8.4 9.7 -0.1
v 8.4 9.9 -0.1
v 8.4 10 -0.1
v 8.4 10.4 -0.1
v 8.4 10.5 -0.1
v 8.4 10.6 -0.1
v 8.4 10.7 -0.1
v 8.4 11.1 -0.1
v 8.4 11.2 -0.1
v 8.4 11.3 -0.1
v 8.4 11.4 -0.1
v 8.5 1.6 -0.1
v 8.5 2.1 -0.1
v 8.5 4.1 -0.1
v 8.5 4.3 -0.1
v 8.5 4.5 -0.1
v 8.5 6.2 -0.1
v 8.5 6.3 -0.1
v 8.5 6.4 -0.1
v 8.5 6.5 -0.1
v 8.5 7.1 -0.1
v 8.5 7.2 -0.1
v 8.5 7.4 -0.1
v 8.5 7.5 -0.1
v 8.5 8 -0.1
v 8.5 8.1 -0.1
v 8.5 8.4 -0.1
v 8.5 8.5 -0.1
v 8.5 9 -0.1
v 8.5 9.1 -0.1
v 8.5 9.2 -0.1
v 8.5 9.6 -0.1
v 8.5 10 -0.1
v 8.5 10.5 -0.1
v 8.5 10.6 -0.1
v 8.5 11.1 -0.1
v 8.5 11.3 -0.1
v 8.6 1.6 -0.1
v 8.6 2.1 -0.1
v 8.6 4 -0.1
v 8.6 4.1 -0.1
v 8.6 4.3 -0.1
v 8.6 6.2 -0.1
v 8.6 6.3 -0.1
v 8.6 6.6 -0.1
v 8.6 6.7 -0.1
v 8.6 7.1 -0.1
v 8.6 7.2 -0.1
v 8.6 7.3 -0.1
v 8.6 7.5 -0.1
v 8.6 8 -0.1
v 8.6 8.4 -0.1
v 8.6 9 -0.1
v 8.6 9.1 -0.1
v 8.6 9.6 -0.1
v 8.6 9.7 -0.1
v 8.6 9.8 -0.1
v 8.6 9.9 -0.1
v 8.6 10.4 -0.1
v 8.6 10.5 -0.1
v 8.6 10.6 -0.1
v 8.6 10.7 -0.1
v 8.6 11.1 -0.1
v 8.6 11.3 -0.1
v 8.6 11.4 -0.1
v 8.7 1.6 -0.1
v 8.7 2.1 -0.1
v 8.7 3.8 -0.1
v 8.7 4.1 -0.1
v 8.7 5.1 -0.1
v 8.7 5.2 -0.1
v 8.7 5.7 -0.1
v 8.7 5.8 -0.1
v 8.7 6.2 -0.1
v 8.7 6.5 -0.1
v 8.7 6.6 -0.1
v 8.7 6.7 -0.1
v 8.7 7.1 -0.1
v 8.7 7.2 -0.1
v 8.7 8 -0.1
v 8.7 8.1 -0.1
v 8.7 8.2 -0.1
v 8.7 8.4 -0.1
v 8.7 8.5 -0.1
v 8.7 8.9 -0.1
v 8.7 9.2 -0.1
v 8.7 9.6 -0.1
v 8.7 9.7 -0.1
v 8.7 9.8 -0.1
v 8.7 9.9 -0.1
v 8.7 10.5 -0.1
v 8.7 10.6 -0.1
v 8.7 11.1 -0.1
v 8.7 11.3 -0.1
v 8.7 11.4 -0.1
v 8.8 1.6 -0.1
v 8.8 2.1 -0.1
v 8.8 3.8 -0.1
v 8.8 4.7 -0.1
v 8.8 5.1 -0.1
v 8.8 5.7 -0.1
v 8.8 6.3 -0.1
v 8.8 6.4 -0.1
v 8.8 6.6 -0.1
v 8.8 6.7 -0.1
v 8.8 7.1 -0.1
v 8.8 7.3 -0.1
v 8.8 8.1 -0.1
v 8.8 8.2 -0.1
v 8.8 8.9 -0.1
v 8.8 9.2 -0.1
v 8.8 9.6 -0.1
v 8.8 10 -0.1
v 8.8 10.4 -0.1
v 8.8 10.7 -0.1
v 8.8 11.1 -0.1
v 8.8 11.3 -0.1
v 8.9 5.1 -0.1
v 8.9 5.3 -0.1
v 8.9 5.5 -0.1
v 8.9 5.6 -0.1
v 8.9 5.7 -0.1
v 8.9 5.8 -0.1
v 8.9 6.6 -0.1
v 8.9 6.7 -0.1
v 8.9 8 -0.1
v 8.9 8.4 -0.1
v 8.9 8.5 -0.1
v 8.9 8.9 -0.1
v 8.9 9.1 -0.1
v 8.9 9.6 -0.1
v 8.9 10 -0.1
v 8.9 10.4 -0.1
v 8.9 10.7 -0.1
v 8.9 11.1 -0.1
v 8.9 11.4 -0.1
v 9 3.8 -0.1
v 9 4.5 -0.1
v 9 5.3 -0.1
v 9 5.4 -0.1
v 9 5.6 -0.1
v 9 5.7 -0.1
v 9 6.3 -0.1
v 9 6.4 -0.1
v 9 6.5 -0.1
v 9 6.6 -0.1
v 9 7.1 -0.1
v 9 7.5 -0.1
v 9 8 -0.1
v 9 8.4 -0.1
v 9 8.9 -0.1
v 9 9.1 -0.1
v 9 9.6 -0.1
v 9 9.9 -0.1
v 9 10.4 -0.1
v 9 10.6 -0.1
v 9 11.1 -0.1
v 9 11.3 -0.1
v 9.1 1.9 -0.1
v 9.1 2 -0.1
v 9.1 5.3 -0.1
v 9.1 5.4 -0.1
v 9.1 5.6 -0.1
v 9.1 5.7 -0.1
v 9.1 6.2 -0.1
v 9.1 6.7 -0.1
v 9.1 7.1 -0.1
v 9.1 7.2 -0.1
v 9.1 7.3 -0.1
v 9.1 7.5 -0.1
v 9.1 8 -0.1
v 9.1 8.4 -0.1
v 9.1 8.9 -0.1
v 9.1 9.2 -0.1
v 9.1 9.6 -0.1
v 9.1 9.9 -0.1
v 9.1 10 -0.1
v 9.1 10.4 -0.1
v 9.1 10.6 -0.1
v 9.1 10.7 -0.1
v 9.1 11.1 -0.1
v 9.1 11.3 -0.1
v 9.2 1.9 -0.1
v 9.2 2 -0.1
v 9.2 3.8 -0.1
v 9.2 4.5 -0.1
v 9.2 5.1 -0.1
v 9.2 5.3 -0.1
v 9.2 5.5 -0.1
v 9.2 5.6 -0.1
v 9.2 5.7 -0.1
v 9.2 5.8 -0.1
v 9.2 6.2 -0.1
v 9.2 6.7 -0.1
v 9.2 7.1 -0.1
v 9.2 7.2 -0.1
v 9.2 8 -0.1
v 9.2 8.4 -0.1
v 9.2 8.5 -0.1
v 9.2 8.9 -0.1
v 9.2 9.2 -0.1
v 9.2 9.6 -0.1
v 9.2 9.9 -0.1
v 9.2 10.4 -0.1
v 9.2 10.6 -0.1
v 9.2 11.1 -0.1
v 9.2 11.4 -0.1
v 9.3 1.9 -0.1
v 9.3 2 -0.1
v 9.3 5.1 -0.1
v 9.3 5.7 -0.1
v 9.3 6.2 -0.1
v 9.3 6.6 -0.1
v 9.3 7.1 -0.1
v 9.3 7.2 -0.1
v 9.3 9 -0.1
v 9.3 9.1 -0.1
v 9.3 9.6 -0.1
v 9.3 10 -0.1
v 9.3 10.4 -0.1
v 9.3 10.6 -0.1
v 9.3 11.1 -0.1
v 9.3 11.4 -0.1
v 9.4 1.9 -0.1
v 9.4 2 -0.1
v 9.4 3.8 -0.1
v 9.4 4.7 -0.1
v 9.4 5.1 -0.1
v 9.4 5.8 -0.1
v 9.4 7.1 -0.1
v 9.4 7.2 -0.1
v 9.4 7.3 -0.1
v 9.4 7.5 -0.1
v 9.4 8 -0.1
v 9.4 8.4 -0.1
v 9.4 8.5 -0.1
v 9.4 9 -0.1
v 9.4 9.1 -0.1
v 9.4 9.2 -0.1
v 9.4 9.3 -0.1
v 9.4 9.7 -0.1
v 9.4 9.9 -0.1
v 9.4 10.6 -0.1
v 9.4 10.7 -0.1
v 9.4 11.2 -0.1
v 9.4 11.3 -0.1
v 9.5 1.9 -0.1
v 9.5 2 -0.1
v 9.5 3.8 -0.1
v 9.5 4.7 -0.1
v 9.5 5.1 -0.1
v 9.5 5.6 -0.1
v 9.5 6.2 -0.1
v 9.5 6.3 -0.1
v 9.5 6.4 -0.1
v 9.5 6.6 -0.1
v 9.5 7.1 -0.1
v 9.5 7.3 -0.1
v 9.5 8 -0.1
v 9.5 8.4 -0.1
v 9.5 8.9 -0.1
v 9.5 9.3 -0.1
v 9.5 9.6 -0.1
v 9.5 9.7 -0.1
v 9.5 9.9 -0.1
v 9.5 10 -0.1
v 9.5 10.4 -0.1
v 9.5 10.7 -0.1
v 9.5 11.1 -0.1
v 9.5 11.2 -0.1
v 9.5 11.3 -0.1
v 9.5 11.4 -0.1
v 9.6 1.9 -0.1
v 9.6 2 -0.1
v 9.6 5.3 -0.1
v 9.6 5.6 -0.1
v 9.6 5.8 -0.1
v 9.6 6.2 -0.1
v 9.6 6.3 -0.1
v 9.6 6.4 -0.1
v 9.6 6.7 -0.1
v 9.6 7.1 -0.1
v 9.6 7.3 -0.1
v 9.6 8 -0.1
v 9.6 8.3 -0.1
v 9.6 8.4 -0.1
v 9.6 8.5 -0.1
v 9.6 8.9 -0.1
v 9.6 9.2 -0.1
v 9.6 9.7 -0.1
v 9.6 9.9 -0.1
v 9.6 10.4 -0.1
v 9.6 10.6 -0.1
v 9.6 11.2 -0.1
v 9.6 11.3 -0.1
v 9.7 3.9 -0.1
v 9.7 4.6 -0.1
v 9.7 5.1 -0.1
v 9.7 5.3 -0.1
v 9.7 5.6 -0.1
v 9.7 6.2 -0.1
v 9.7 6.7 -0.1
v 9.7 7.1 -0.1
v 9.7 7.5 -0.1
v 9.7 8.1 -0.1
v 9.7 8.3 -0.1
v 9.7 8.9 -0.1
v 9.7 9.2 -0.1
v 9.7 9.6 -0.1
v 9.7 9.7 -0.1
v 9.7 9.9 -0.1
v 9.7 10 -0.1
v 9.7 10.4 -0.1
v 9.7 10.6 -0.1
v 9.7 11.1 -0.1
v 9.7 11.2 -0.1
v 9.7 11.3 -0.1
v 9.7 11.4 -0.1
v 9.8 5.3 -0.1
v 9.8 5.8 -0.1
v 9.8 6.3 -0.1
v 9.8 6.6 -0.1
v 9.8 9 -0.1
v 9.8 9.2 -0.1
v 9.8 9.7 -0.1
v 9.8 9.9 -0.1
v 9.8 10.5 -0.1
v 9.8 10.6 -0.1
v 9.8 11.2 -0.1
v 9.8 11.3 -0.1
v 9.9 1.9 -0.1
v 9.9 2 -0.1
v 9.9 3.8 -0.1
v 9.9 3.9 -0.1
v 9.9 4.6 -0.1
v 9.9 4.7 -0.1
v 9.9 5.1 -0.1
v 9.9 5.8 -0.1
v 9.9 6.2 -0.1
v 9.9 6.3 -0.1
v 9.9 7.1 -0.1
v 9.9 7.5 -0.1
v 9.9 8 -0.1
v 9.9 8.1 -0.1
v 9.9 8.4 -0.1
v 9.9 8.5 -0.1
v 9.9 8.9 -0.1
v 9.9 9 -0.1
v 9.9 9.2 -0.1
v 9.9 9.7 -0.1
v 9.9 9.9 -0.1
v 9.9 10.4 -0.1
v 9.9 10.5 -0.1
v 9.9 10.6 -0.1
v 9.9 11.2 -0.1
v 9.9 11.3 -0.1
v 10 1.8 -0.1
v 10 1.9 -0.1
v 10 2 -0.1
v 10 2.1 -0.1
v 10 3.9 -0.1
v 10 4.6 -0.1
v 10 5.1 -0.1
v 10 5.8 -0.1
v 10 6.2 -0.1
v 10 6.3 -0.1
v 10 6.4 -0.1
v 10 6.6 -0.1
v 10 6.7 -0.1
v 10 6.8 -0.1
v 10 7.1 -0.1
v 10 7.5 -0.1
v 10 8.1 -0.1
v 10 8.4 -0.1
v 10 8.9 -0.1
v 10 9 -0.1
v 10 9.2 -0.1
v 10 9.6 -0.1
v 10 9.7 -0.1
v 10 9.9 -0.1
v 10 10 -0.1
v 10 10.4 -0.1
v 10 10.5 -0.1
v 10 10.6 -0.1
v 10 11.1 -0.1
v 10 11.2 -0.1
v 10 11.3 -0.1
v 10 11.4 -0.1
v 10.1 1.8 -0.1
v 10.1 1.9 -0.1
v 10.1 2 -0.1
v 10.1 2.1 -0.1
v 10.1 3.8 -0.1
v 10.1 4.7 -0.1
v 10.1 5.2 -0.1
v 10.1 5.7 -0.1
v 10.1 6.2 -0.1
v 10.1 6.3 -0.1
v 10.1 6.4 -0.1
v 10.1 6.6 -0.1
v 10.1 6.8 -0.1
v 10.1 8 -0.1
v 10.1 8.3 -0.1
v 10.1 8.4 -0.1
v 10.1 8.5 -0.1
v 10.1 9 -0.1
v 10.1 9.2 -0.1
v 10.1 9.7 -0.1
v 10.1 10 -0.1
v 10.1 10.5 -0.1
v 10.1 10.6 -0.1
v 10.1 11.2 -0.1
v 10.1 11.4 -0.1
v 10.2 1.7 -0.1
v 10.2 1.8 -0.1
v 10.2 2.1 -0.1
v 10.2 2.2 -0.1
v 10.2 6.2 -0.1
v 10.2 6.6 -0.1
v 10.2 6.7 -0.1
v 10.2 6.8 -0.1
v 10.2 8 -0.1
v 10.2 8.3 -0.1
v 10.2 8.4 -0.1
v 10.2 8.5 -0.1
v 10.2 8.9 -0.1
v 10.2 9.2 -0.1
v 10.2 9.6 -0.1
v 10.2 9.7 -0.1
v 10.2 10 -0.1
v 10.2 10.5 -0.1
v 10.2 10.6 -0.1
v 10.2 11.1 -0.1
v 10.2 11.2 -0.1
v 10.2 11.4 -0.1
v 10.3 1.7 -0.1
v 10.3 1.8 -0.1
v 10.3 2.1 -0.1
v 10.3 2.2 -0.1
v 10.3 3.8 -0.1
v 10.3 4.7 -0.1
v 10.3 5.1 -0.1
v 10.3 5.2 -0.1
v 10.3 5.3 -0.1
v 10.3 5.6 -0.1
v 10.3 5.7 -0.1
v 10.3 5.8 -0.1
v 10.3 6.2 -0.1
v 10.3 6.6 -0.1
v 10.3 6.7 -0.1
v 10.3 6.8 -0.1
v 10.3 7.1 -0.1
v 10.3 7.5 -0.1
v 10.3 8.2 -0.1
v 10.3 8.5 -0.1
v 10.3 9 -0.1
v 10.3 9.1 -0.1
v 10.3 9.6 -0.1
v 10.3 9.7 -0.1
v 10.3 10 -0.1
v 10.3 10.4 -0.1
v 10.3 10.5 -0.1
v 10.3 10.6 -0.1
v 10.3 10.7 -0.1
v 10.3 11.1 -0.1
v 10.3 11.2 -0.1
v 10.3 11.4 -0.1
v 10.4 1.6 -0.1
v 10.4 1.7 -0.1
v 10.4 1.8 -0.1
v 10.4 2.1 -0.1
v 10.4 2.2 -0.1
v 10.4 2.3 -0.1
v 10.4 4.4 -0.1
v 10.4 4.7 -0.1
v 10.4 5.2 -0.1
v 10.4 5.3 -0.1
v 10.4 5.6 -0.1
v 10.4 5.7 -0.1
v 10.4 6.2 -0.1
v 10.4 6.5 -0.1
v 10.4 6.6 -0.1
v 10.4 6.7 -0.1
v 10.4 7.3 -0.1
v 10.4 7.5 -0.1
v 10.4 8.2 -0.1
v 10.4 8.5 -0.1
v 10.4 9 -0.1
v 10.4 9.1 -0.1
v 10.4 9.7 -0.1
v 10.4 10 -0.1
v 10.4 10.4 -0.1
v 10.4 10.5 -0.1
v 10.4 10.6 -0.1
v 10.4 10.7 -0.1
v 10.4 11.2 -0.1
v 10.4 11.4 -0.1
v 10.5 1.6 -0.1
v 10.5 1.7 -0.1
v 10.5 2.2 -0.1
v 10.5 2.3 -0.1
v 10.5 4.2 -0.1
v 10.5 4.4 -0.1
v 10.5 4.5 -0.1
v 10.5 5.3 -0.1
v 10.5 5.6 -0.1
v 10.5 6.3 -0.1
v 10.5 6.5 -0.1
v 10.5 6.6 -0.1
v 10.5 6.7 -0.1
v 10.5 7.1 -0.1
v 10.5 7.2 -0.1
v 10.5 8 -0.1
v 10.5 8.1 -0.1
v 10.5 8.9 -0.1
v 10.5 9.2 -0.1
v 10.5 9.6 -0.1
v 10.5 10 -0.1
v 10.5 10.5 -0.1
v 10.5 10.6 -0.1
v 10.5 11.1 -0.1
v 10.5 11.4 -0.1
v 10.6 0.8 -0.1
v 10.6 0.9 -0.1
v 10.6 1 -0.1
v 10.6 1.1 -0.1
v 10.6 1.7 -0.1
v 10.6 2.2 -0.1
v 10.6 4 -0.1
v 10.6 4.2 -0.1
v 10.6 4.4 -0.1
v 10.6 5.1 -0.1
v 10.6 5.6 -0.1
v 10.6 5.7 -0.1
v 10.6 5.8 -0.1
v 10.6 7.3 -0.1
v 10.6 7.5 -0.1
v 10.6 8 -0.1
v 10.6 8.1 -0.1
v 10.6 8.5 -0.1
v 10.6 8.9 -0.1
v 10.6 9 -0.1
v 10.6 9.1 -0.1
v 10.6 9.2 -0.1
v 10.6 9.7 -0.1
v 10.6 9.9 -0.1
v 10.6 10.4 -0.1
v 10.6 10.5 -0.1
v 10.6 10.6 -0.1
v 10.6 10.7 -0.1
v 10.6 11.2 -0.1
v 10.6 11.3 -0.1
v 10.7 0.7 -0.1
v 10.7 0.8 -0.1
v 10.7 0.9 -0.1
v 10.7 1 -0.1
v 10.7 1.1 -0.1
v 10.7 1.2 -0.1
v 10.7 3.8 -0.1
v 10.7 4 -0.1
v 10.7 4.2 -0.1
v 10.7 5.1 -0.1
v 10.7 5.6 -0.1
v 10.7 5.7 -0.1
v 10.7 5.8 -0.1
v 10.7 6.3 -0.1
v 10.7 6.7 -0.1
v 10.7 7.3 -0.1
v 10.7 7.5 -0.1
v 10.7 8.1 -0.1
v 10.7 8.5 -0.1
v 10.7 8.9 -0.1
v 10.7 9 -0.1
v 10.7 9.1 -0.1
v 10.7 9.2 -0.1
v 10.7 9.7 -0.1
v 10.7 9.9 -0.1
v 10.7 10.4 -0.1
v 10.7 10.5 -0.1
v 10.7 10.6 -0.1
v 10.7 10.7 -0.1
v 10.7 11.2 -0.1
v 10.7 11.3 -0.1
v 10.8 3.8 -0.1
v 10.8 4 -0.1
v 10.8 4.2 -0.1
v 10.8 5.6 -0.1
v 10.8 5.8 -0.1
v 10.8 6.2 -0.1
v 10.8 6.7 -0.1
v 10.8 7.1 -0.1
v 10.8 7.2 -0.1
v 10.8 7.3 -0.1
v 10.8 7.5 -0.1
v 10.8 8.1 -0.1
v 10.8 8.4 -0.1
v 10.8 8.9 -0.1
v 10.8 9 -0.1
v 10.8 9.1 -0.1
v 10.8 9.2 -0.1
v 10.8 9.6 -0.1
v 10.8 10 -0.1
v 10.8 10.4 -0.1
v 10.8 10.5 -0.1
v 10.8 10.6 -0.1
v 10.8 10.7 -0.1
v 10.8 11.1 -0.1
v 10.8 11.4 -0.1
v 10.9 1.9 -0.1
v 10.9 2 -0.1
v 10.9 4 -0.1
v 10.9 4.2 -0.1
v 10.9 4.4 -0.1
v 10.9 5.4 -0.1
v 10.9 5.6 -0.1
v 10.9 5.8 -0.1
v 10.9 6.2 -0.1
v 10.9 6.7 -0.1
v 10.9 7.1 -0.1
v 10.9 7.3 -0.1
v 10.9 7.4 -0.1
v 10.9 7.5 -0.1
v 10.9 8 -0.1
v 10.9 8.1 -0.1
v 10.9 8.4 -0.1
v 10.9 8.5 -0.1
v 10.9 8.9 -0.1
v 10.9 9 -0.1
v 10.9 9.1 -0.1
v 10.9 9.2 -0.1
v 10.9 9.6 -0.1
v 10.9 9.8 -0.1
v 10.9 9.9 -0.1
v 10.9 10 -0.1
v 10.9 10.4 -0.1
v 10.9 10.5 -0.1
v 10.9 10.6 -0.1
v 10.9 10.7 -0.1
v 10.9 11.1 -0.1
v 10.9 11.2 -0.1
v 10.9 11.3 -0.1
v 10.9 11.4 -0.1
v 11 0.7 -0.1
v 11 0.8 -0.1
v 11 0.9 -0.1
v 11 1 -0.1
v 11 1.1 -0.1
v 11 1.2 -0.1
v 11 1.9 -0.1
v 11 2 -0.1
v 11 4.2 -0.1
v 11 4.4 -0.1
v 11 4.5 -0.1
v 11 5.2 -0.1
v 11 5.4 -0.1
v 11 5.6 -0.1
v 11 6.3 -0.1
v 11 6.6 -0.1
v 11 7.1 -0.1
v 11 7.3 -0.1
v 11 9.6 -0.1
v 11 9.8 -0.1
v 11 9.9 -0.1
v 11 10 -0.1
v 11 11.1 -0.1
v 11 11.2 -0.1
v 11 11.3 -0.1
v 11 11.4 -0.1
v 11.1 0.8 -0.1
v 11.1 0.9 -0.1
v 11.1 1 -0.1
v 11.1 1.1 -0.1
v 11.1 1.8 -0.1
v 11.1 2.1 -0.1
v 11.1 4.4 -0.1
v 11.1 4.7 -0.1
v 11.1 5.1 -0.1
v 11.1 5.2 -0.1
v 11.1 5.4 -0.1
v 11.1 6.4 -0.1
v 11.1 6.5 -0.1
v 11.1 7.1 -0.1
v 11.1 7.2 -0.1
v 11.1 7.4 -0.1
v 11.1 7.5 -0.1
v 11.1 8 -0.1
v 11.1 8.1 -0.1
v 11.1 8.4 -0.1
v 11.1 8.5 -0.1
v 11.1 9.6 -0.1
v 11.1 9.8 -0.1
v 11.1 9.9 -0.1
v 11.1 10 -0.1
v 11.1 11.1 -0.1
v 11.1 11.2 -0.1
v 11.1 11.3 -0.1
v 11.1 11.4 -0.1
v 11.2 1.8 -0.1
v 11.2 2.1 -0.1
v 11.2 3.8 -0.1
v 11.2 4.7 -0.1
v 11.2 5.1 -0.1
v 11.2 5.2 -0.1
v 11.2 5.4 -0.1
v 11.2 6.4 -0.1
v 11.2 6.5 -0.1
v 11.2 7.3 -0.1
v 11.2 7.5 -0.1
v 11.2 8.1 -0.1
v 11.2 8.4 -0.1
v 11.2 9.6 -0.1
v 11.2 9.8 -0.1
v 11.2 9.9 -0.1
v 11.2 10 -0.1
v 11.2 11.1 -0.1
v 11.2 11.2 -0.1
v 11.2 11.3 -0.1
v 11.2 11.4 -0.1
v 11.3 0.7 -0.1
v 11.3 0.9 -0.1
v 11.3 1 -0.1
v 11.3 1.2 -0.1
v 11.3 1.7 -0.1
v 11.3 2.2 -0.1
v 11.3 4 -0.1
v 11.3 4.5 -0.1
v 11.3 5.2 -0.1
v 11.3 5.4 -0.1
v 11.3 5.6 -0.1
v 11.3 6.4 -0.1
v 11.3 6.6 -0.1
v 11.3 7.1 -0.1
v 11.3 7.2 -0.1
v 11.3 7.3 -0.1
v 11.3 7.5 -0.1
v 11.3 8 -0.1
v 11.3 8.2 -0.1
v 11.3 8.3 -0.1
v 11.3 8.5 -0.1
v 11.4 0.8 -0.1
v 11.4 0.9 -0.1
v 11.4 1 -0.1
v 11.4 1.1 -0.1
v 11.4 1.7 -0.1
v 11.4 2.2 -0.1
v 11.4 5.4 -0.1
v 11.4 5.6 -0.1
v 11.4 5.8 -0.1
v 11.4 6.2 -0.1
v 11.4 6.3 -0.1
v 11.4 6.4 -0.1
v 11.4 6.7 -0.1
v 11.4 7.1 -0.1
v 11.4 7.2 -0.1
v 11.4 7.3 -0.1
v 11.4 7.5 -0.1
v 11.4 8 -0.1
v 11.4 8.2 -0.1
v 11.4 8.3 -0.1
v 11.4 8.5 -0.1
v 11.5 0.8 -0.1
v 11.5 0.9 -0.1
v 11.5 1 -0.1
v 11.5 1.1 -0.1
v 11.5 5.6 -0.1
v 11.5 5.8 -0.1
v 11.5 6.4 -0.1
v 11.5 6.7 -0.1
v 11.5 7.1 -0.1
v 11.5 7.2 -0.1
v 11.5 7.3 -0.1
v 11.5 8.2 -0.1
v 11.5 8.3 -0.1
v 11.6 0.7 -0.1
v 11.6 0.9 -0.1
v 11.6 1 -0.1
v 11.6 1.2 -0.1
v 11.6 1.7 -0.1
v 11.6 1.8 -0.1
v 11.6 5.1 -0.1
v 11.6 5.2 -0.1
v 11.6 5.3 -0.1
v 11.6 5.8 -0.1
v 11.6 6.1 -0.1
v 11.6 6.3 -0.1
v 11.6 6.5 -0.1
v 11.6 6.7 -0.1
v 11.6 7.1 -0.1
v 11.6 7.2 -0.1
v 11.6 7.4 -0.1
v 11.6 7.5 -0.1
v 11.6 8 -0.1
v 11.6 8.2 -0.1
v 11.6 8.3 -0.1
v 11.6 8.5 -0.1
v 11.7 1.9 -0.1
v 11.7 2 -0.1
v 11.7 4 -0.1
v 11.7 4.5 -0.1
v 11.7 5.4 -0.1
v 11.7 5.7 -0.1
v 11.7 6.1 -0.1
v 11.7 6.3 -0.1
v 11.7 6.4 -0.1
v 11.7 6.5 -0.1
v 11.7 7.3 -0.1
v 11.7 7.4 -0.1
v 11.7 7.5 -0.1
v 11.7 8 -0.1
v 11.7 8.2 -0.1
v 11.7 8.3 -0.1
v 11.7 8.5 -0.1
v 11.8 2.1 -0.1
v 11.8 2.2 -0.1
v 11.8 3.8 -0.1
v 11.8 4.7 -0.1
v 11.8 6.2 -0.1
v 11.8 6.3 -0.1
v 11.8 6.4 -0.1
v 11.8 6.5 -0.1
v 11.8 7.1 -0.1
v 11.8 7.3 -0.1
v 11.8 7.4 -0.1
v 11.8 7.5 -0.1
v 11.9 2.1 -0.1
v 11.9 2.2 -0.1
v 11.9 3.8 -0.1
v 11.9 4 -0.1
v 11.9 4.5 -0.1
v 11.9 4.7 -0.1
v 11.9 5.4 -0.1
v 11.9 5.7 -0.1
v 11.9 6.1 -0.1
v 11.9 6.2 -0.1
v 11.9 6.3 -0.1
v 11.9 6.6 -0.1
v 11.9 6.7 -0.1
v 12 1.9 -0.1
v 12 2 -0.1
v 12 4 -0.1
v 12 4.1 -0.1
v 12 4.4 -0.1
v 12 4.5 -0.1
v 12 4.7 -0.1
v 12 5.1 -0.1
v 12 5.2 -0.1
v 12 5.3 -0.1
v 12 5.8 -0.1
v 12 6.1 -0.1
v 12 6.2 -0.1
v 12 6.4 -0.1
v 12 6.5 -0.1
v 12 6.6 -0.1
v 12 6.7 -0.1
v 12.1 1.7 -0.1
v 12.1 1.8 -0.1
v 12.1 3.8 -0.1
v 12.1 4.1 -0.1
v 12.1 4.2 -0.1
v 12.1 4.3 -0.1
v 12.1 4.4 -0.1
v 12.1 4.5 -0.1
v 12.1 5.1 -0.1
v 12.1 5.3 -0.1
v 12.1 5.6 -0.1
v 12.1 5.8 -0.1
v 12.2 4.2 -0.1
v 12.2 4.3 -0.1
v 12.2 5.1 -0.1
v 12.2 5.3 -0.1
v 12.2 5.4 -0.1
v 12.2 5.5 -0.1
v 12.2 5.6 -0.1
v 12.2 5.8 -0.1
v 12.3 4.2 -0.1
v 12.3 4.3 -0.1
v 12.3 5.3 -0.1
v 12.3 5.4 -0.1
v 12.3 5.5 -0.1
v 12.3 5.6 -0.1
v 12.4 3.8 -0.1
v 12.4 4.1 -0.1
v 12.4 4.2 -0.1
v 12.4 4.3 -0.1
v 12.4 4.4 -0.1
v 12.4 4.5 -0.1
v 12.4 5.3 -0.1
v 12.4 5.4 -0.1
v 12.4 5.5 -0.1
v 12.4 5.6 -0.1
v 12.5 1.7 -0.1
v 12.5 1.8 -0.1
v 12.5 1.9 -0.1
v 12.5 2 -0.1
v 12.5 2.1 -0.1
v 12.5 2.2 -0.1
v 12.5 4 -0.1
v 12.5 4.1 -0.1
v 12.5 4.4 -0.1
v 12.5 4.5 -0.1
v 12.5 4.7 -0.1
v 12.5 5.1 -0.1
v 12.5 5.3 -0.1
v 12.5 5.4 -0.1
v 12.5 5.5 -0.1
v 12.5 5.6 -0.1
v 12.5 5.8 -0.1
v 12.6 3.8 -0.1
v 12.6 4 -0.1
v 12.6 4.5 -0.1
v 12.6 4.7 -0.1
v 12.6 5.1 -0.1
v 12.6 5.3 -0.1
v 12.6 5.6 -0.1
v 12.6 5.8 -0.1
v 13.1 1.7 -0.1
v 13.1 1.8 -0.1
v 13.1 1.9 -0.1
v 13.1 2 -0.1
v 13.1 2.1 -0.1
v 13.1 2.2 -0.1
v 13.2 11 -0.1
v 13.2 11.3 -0.1
v 13.3 10.9 -0.1
v 13.3 11 -0.1
v 13.3 11.3 -0.1
v 13.3 11.4 -0.1
v 13.4 10.8 -0.1
v 13.4 10.9 -0.1
v 13.4 11 -0.1
v 13.4 11.3 -0.1
v 13.4 11.4 -0.1
v 13.4 11.5 -0.1
v 13.7 10.8 -0.1
v 13.7 10.9 -0.1
v 13.7 11 -0.1
v 13.7 11.3 -0.1
v 13.7 11.4 -0.1
v 13.7 11.5 -0.1
v 13.8 10.9 -0.1
v 13.8 11 -0.1
v 13.8 11.3 -0.1
v 13.8 11.4 -0.1
v 13.9 10.8 -0.1
v 13.9 11 -0.1
v 14 11 -0.1
v 14 11.2 -0.1
v 14.1 11.2 -0.1
v 14.1 11.4 -0.1
v 14.2 11.4 -0.1
v 14.2 11.5 -0.1
v 14.3 11.4 -0.1
v 14.3 11.5 -0.1
v 14.4 11.2 -0.1
v 14.4 11.4 -0.1
v 14.5 11 -0.1
v 14.5 11.2 -0.1
v 14.6 10.8 -0.1
v 14.6 11 -0.1
v 14.7 10.8 -0.1
v 14.7 10.9 -0.1
v 14.7 11 -0.1
v 14.7 11.5 -0.1
v 14.8 11.1 -0.1
v 14.8 11.4 -0.1
v 14.9 11 -0.1
v 14.9 11.1 -0.1
v 14.9 11.3 -0.1
v 14.9 11.4 -0.1
v 14.9 11.5 -0.1
v 15 10.9 -0.1
v 15 11 -0.1
v 15 11.2 -0.1
v 15 11.3 -0.1
v 15 11.4 -0.1
v 15.1 10.8 -0.1
v 15.1 11 -0.1
v 15.1 11.1 -0.1
v 15.1 11.2 -0.1
v 15.1 11.3 -0.1
v 15.2 10.8 -0.1
v 15.2 11.1 -0.1
v 15.2 11.2 -0.1
v 15.2 11.5 -0.1
v 15.3 10.8 -0.1
v 15.3 11.5 -0.1
v 15.4 10.8 -0.1
v 15.4 11.5 -0.1
v 15.5 10.9 -0.1
v 15.5 11.4 -0.1
v 15.7 10.8 -0.1
v 15.7 10.9 -0.1
v 15.7 11 -0.1
v 15.7 11.3 -0.1
v 15.7 11.4 -0.1
v 15.7 11.5 -0.1
v 15.8 10.9 -0.1
v 15.8 11 -0.1
v 15.8 11.3 -0.1
v 15.8 11.4 -0.1
v 15.9 11 -0.1
v 15.9 11.3 -0.1
v 16 10.8 -0.1
v 16 11.5 -0.1
v 16.1 10.8 -0.1
v 16.1 11.5 -0.1
v 16.2 11.3 -0.1
v 16.2 11.5 -0.1
v 16.3 11.1 -0.1
v 16.3 11.3 -0.1
v 16.3 11.5 -0.1
v 16.4 10.9 -0.1
v 16.4 11.1 -0.1
v 16.4 11.3 -0.1
v 16.5 10.8 -0.1
v 16.5 10.9 -0.1
v 16.5 11.1 -0.1
v 16.6 10.8 -0.1
v 16.6 10.9 -0.1
v 16.6 11.1 -0.1
v 16.7 10.9 -0.1
v 16.7 11.1 -0.1
v 16.7 11.3 -0.1
v 16.8 11.1 -0.1
v 16.8 11.3 -0.1
v 16.8 11.5 -0.1
v 16.9 11.3 -0.1
v 16.9 11.5 -0.1
v 17 10.9 -0.1
v 17 11.4 -0.1
v 17.1 10.8 -0.1
v 17.1 10.9 -0.1
v 17.1 11.4 -0.1
v 17.1 11.5 -0.1
v 17.4 10.8 -0.1
v 17.4 10.9 -0.1
v 17.4 11.4 -0.1
v 17.4 11.5 -0.1
v 17.5 10.9 -0.1
v 17.5 11.4 -0.1
v 17.6 10.8 -0.1
v 17.6 10.9 -0.1
v 17.6 11.4 -0.1
v 17.6 11.5 -0.1
v 17.7 10.8 -0.1
v 17.7 10.9 -0.1
v 17.7 11 -0.1
v 17.7 11.3 -0.1
v 17.7 11.4 -0.1
v 17.7 11.5 -0.1
v 17.8 10.9 -0.1
v 17.8 11 -0.1
v 17.8 11.1 -0.1
v 17.8 11.2 -0.1
v 17.8 11.3 -0.1
v 17.8 11.4 -0.1
v 17.9 11 -0.1
v 17.9 11.1 -0.1
v 17.9 11.2 -0.1
v 17.9 11.3 -0.1
v 18 11 -0.1
v 18 11.1 -0.1
v 18 11.2 -0.1
v 18 11.3 -0.1
v 18.1 10.9 -0.1
v 18.1 11 -0.1
v 18.1 11.1 -0.1
v 18.1 11.2 -0.1
v 18.1 11.3 -0.1
v 18.1 11.4 -0.1
v 18.2 10.8 -0.1
v 18.2 10.9 -0.1
v 18.2 11 -0.1
v 18.2 11.3 -0.1
v 18.2 11.4 -0.1
v 18.2 11.5 -0.1
v 18.3 10.8 -0.1
v 18.3 10.9 -0.1
v 18.3 11.4 -0.1
v 18.3 11.5 -0.1
v 10.7 0.7 0
v 11 0.7 0
v 11.3 0.7 0
v 11.6 0.7 0
v 10.7 0.7 -0.1
v 11 0.7 -0.1
v 11.3 0.7 -0.1
v 11.6 0.7 -0.1
v 10.6 0.8 0
v 10.7 0.8 0
v 11 0.8 0
v 11.1 0.8 0
v 10.6 0.8 -0.1
v 10.7 0.8 -0.1
v 11 0.8 -0.1
v 11.1 0.8 -0.1
v 10.7 1.1 0
v 11 1.1 0
v 11.4 1.1 0
v 11.5 1.1 0
v 10.7 1.1 -0.1
v 11 1.1 -0.1
v 11.4 1.1 -0.1
v 11.5 1.1 -0.1
v 5.8 1.6 0
v 6.3 1.6 0
v 6.6 1.6 0
v 7.2 1.6 0
v 7.5 1.6 0
v 8 1.6 0
v 8.3 1.6 0
v 8.4 1.6 0
v 8.5 1.6 0
v 8.6 1.6 0
v 8.7 1.6 0
v 8.8 1.6 0
v 10.4 1.6 0
v 10.5 1.6 0
v 5.8 1.6 -0.1
v 6.3 1.6 -0.1
v 6.6 1.6 -0.1
v 7.2 1.6 -0.1
v 7.5 1.6 -0.1
v 8 1.6 -0.1
v 8.3 1.6 -0.1
v 8.4 1.6 -0.1
v 8.5 1.6 -0.1
v 8.6 1.6 -0.1
v 8.7 1.6 -0.1
v 8.8 1.6 -0.1
v 10.4 1.6 -0.1
v 10.5 1.6 -0.1
v 5.7 1.7 0
v 5.8 1.7 0
v 6.3 1.7 0
v 6.4 1.7 0
v 7.4 1.7 0
v 7.5 1.7 0
v 8 1.7 0
v 8.1 1.7 0
v 10.2 1.7 0
v 10.3 1.7 0
v 10.5 1.7 0
v 10.6 1.7 0
v 11.3 1.7 0
v 11.4 1.7 0
v 11.6 1.7 0
v 12.1 1.7 0
v 12.5 1.7 0
v 13.1 1.7 0
v 5.7 1.7 -0.1
v 5.8 1.7 -0.1
v 6.3 1.7 -0.1
v 6.4 1.7 -0.1
v 7.4 1.7 -0.1
v 7.5 1.7 -0.1
v 8 1.7 -0.1
v 8.1 1.7 -0.1
v 10.2 1.7 -0.1
v 10.3 1.7 -0.1
v 10.5 1.7 -0.1
v 10.6 1.7 -0.1
v 11.3 1.7 -0.1
v 11.4 1.7 -0.1
v 11.6 1.7 -0.1
v 12.1 1.7 -0.1
v 12.5 1.7 -0.1
v 13.1 1.7 -0.1
v 7.6 1.8 0
v 7.9 1.8 0
v 10 1.8 0
v 10.1 1.8 0
v 10.3 1.8 0
v 10.4 1.8 0
v 11.1 1.8 0
v 11.2 1.8 0
v 7.6 1.8 -0.1
v 7.9 1.8 -0.1
v 10 1.8 -0.1
v 10.1 1.8 -0.1
v 10.3 1.8 -0.1
v 10.4 1.8 -0.1
v 11.1 1.8 -0.1
v 11.2 1.8 -0.1
v 5.9 1.9 0
v 6.2 1.9 0
v 6.7 1.9 0
v 7.1 1.9 0
v 7.5 1.9 0
v 7.6 1.9 0
v 7.9 1.9 0
v 8 1.9 0
v 9.1 1.9 0
v 9.2 1.9 0
v 9.3 1.9 0
v 9.4 1.9 0
v 9.5 1.9 0
v 9.6 1.9 0
v 9.9 1.9 0
v 10 1.9 0
v 10.9 1.9 0
v 11 1.9 0
v 11.7 1.9 0
v 12 1.9 0
v 12.5 1.9 0
v 13.1 1.9 0
v 5.9 1.9 -0.1
v 6.2 1.9 -0.1
v 6.7 1.9 -0.1
v 7.1 1.9 -0.1
v 7.5 1.9 -0.1
v 7.6 1.9 -0.1
v 7.9 1.9 -0.1
v 8 1.9 -0.1
v 9.1 1.9 -0.1
v 9.2 1.9 -0.1
v 9.3 1.9 -0.1
v 9.4 1.9 -0.1
v 9.5 1.9 -0.1
v 9.6 1.9 -0.1
v 9.9 1.9 -0.1
v 10 1.9 -0.1
v 10.9 1.9 -0.1
v 11 1.9 -0.1
v 11.7 1.9 -0.1
v 12 1.9 -0.1
v 12.5 1.9 -0.1
v 13.1 1.9 -0.1
v 5.8 2 0
v 5.9 2 0
v 6.2 2 0
v 6.3 2 0
v 10 2 0
v 10.1 2 0
v 5.8 2 -0.1
v 5.9 2 -0.1
v 6.2 2 -0.1
v 6.3 2 -0.1
v 10 2 -0.1
v 10.1 2 -0.1
v 7.6 2.1 0
v 7.7 2.1 0
v 7.8 2.1 0
v 7.9 2.1 0
v 10.2 2.1 0
v 10.3 2.1 0
v 11.8 2.1 0
v 11.9 2.1 0
v 12.5 2.1 0
v 13.1 2.1 0
v 7.6 2.1 -0.1
v 7.7 2.1 -0.1
v 7.8 2.1 -0.1
v 7.9 2.1 -0.1
v 10.2 2.1 -0.1
v 10.3 2.1 -0.1
v 11.8 2.1 -0.1
v 11.9 2.1 -0.1
v 12.5 2.1 -0.1
v 13.1 2.1 -0.1
v 5.9 2.2 0
v 6.2 2.2 0
v 6.8 2.2 0
v 7 2.2 0
v 7.7 2.2 0
v 7.8 2.2 0
v 10.4 2.2 0
v 10.5 2.2 0
v 5.9 2.2 -0.1
v 6.2 2.2 -0.1
v 6.8 2.2 -0.1
v 7 2.2 -0.1
v 7.7 2.2 -0.1
v 7.8 2.2 -0.1
v 10.4 2.2 -0.1
v 10.5 2.2 -0.1
v 7.1 3.8 0
v 7.3 3.8 0
v 7.5 3.8 0
v 7.9 3.8 0
v 8 3.8 0
v 8.7 3.8 0
v 8.8 3.8 0
v 9 3.8 0
v 9.2 3.8 0
v 9.4 3.8 0
v 9.5 3.8 0
v 9.9 3.8 0
v 10.1 3.8 0
v 10.3 3.8 0
v 10.7 3.8 0
v 10.8 3.8 0
v 11.2 3.8 0
v 11.8 3.8 0
v 11.9 3.8 0
v 12.1 3.8 0
v 12.4 3.8 0
v 12.6 3.8 0
v 7.1 3.8 -0.1
v 7.3 3.8 -0.1
v 7.5 3.8 -0.1
v 7.9 3.8 -0.1
v 8 3.8 -0.1
v 8.7 3.8 -0.1
v 8.8 3.8 -0.1
v 9 3.8 -0.1
v 9.2 3.8 -0.1
v 9.4 3.8 -0.1
v 9.5 3.8 -0.1
v 9.9 3.8 -0.1
v 10.1 3.8 -0.1
v 10.3 3.8 -0.1
v 10.7 3.8 -0.1
v 10.8 3.8 -0.1
v 11.2 3.8 -0.1
v 11.8 3.8 -0.1
v 11.9 3.8 -0.1
v 12.1 3.8 -0.1
v 12.4 3.8 -0.1
v 12.6 3.8 -0.1
v 6.9 3.9 0
v 7.1 3.9 0
v 9.9 3.9 0
v 10 3.9 0
v 6.9 3.9 -0.1
v 7.1 3.9 -0.1
v 9.9 3.9 -0.1
v 10 3.9 -0.1
v 6.7 4 0
v 6.9 4 0
v 10.6 4 0
v 10.7 4 0
v 10.8 4 0
v 10.9 4 0
v 6.7 4 -0.1
v 6.9 4 -0.1
v 10.6 4 -0.1
v 10.7 4 -0.1
v 10.8 4 -0.1
v 10.9 4 -0.1
v 6.5 4.1 0
v 6.7 4.1 0
v 8.1 4.1 0
v 8.2 4.1 0
v 8.5 4.1 0
v 8.6 4.1 0
v 12.1 4.1 0
v 12.4 4.1 0
v 6.5 4.1 -0.1
v 6.7 4.1 -0.1
v 8.1 4.1 -0.1
v 8.2 4.1 -0.1
v 8.5 4.1 -0.1
v 8.6 4.1 -0.1
v 12.1 4.1 -0.1
v 12.4 4.1 -0.1
v 6.3 4.2 0
v 6.5 4.2 0
v 10.5 4.2 0
v 10.6 4.2 0
v 10.9 4.2 0
v 11 4.2 0
v 6.3 4.2 -0.1
v 6.5 4.2 -0.1
v 10.5 4.2 -0.1
v 10.6 4.2 -0.1
v 10.9 4.2 -0.1
v 11 4.2 -0.1
v 6.5 4.3 0
v 6.7 4.3 0
v 8.2 4.3 0
v 8.3 4.3 0
v 8.4 4.3 0
v 8.5 4.3 0
v 12.1 4.3 0
v 12.2 4.3 0
v 12.3 4.3 0
v 12.4 4.3 0
v 6.5 4.3 -0.1
v 6.7 4.3 -0.1
v 8.2 4.3 -0.1
v 8.3 4.3 -0.1
v 8.4 4.3 -0.1
v 8.5 4.3 -0.1
v 12.1 4.3 -0.1
v 12.2 4.3 -0.1
v 12.3 4.3 -0.1
v 12.4 4.3 -0.1
v 6.7 4.4 0
v 6.9 4.4 0
v 10.4 4.4 0
v 10.5 4.4 0
v 11 4.4 0
v 11.1 4.4 0
v 12 4.4 0
v 12.1 4.4 0
v 12.4 4.4 0
v 12.5 4.4 0
v 6.7 4.4 -0.1
v 6.9 4.4 -0.1
v 10.4 4.4 -0.1
v 10.5 4.4 -0.1
v 11 4.4 -0.1
v 11.1 4.4 -0.1
v 12 4.4 -0.1
v 12.1 4.4 -0.1
v 12.4 4.4 -0.1
v 12.5 4.4 -0.1
v 6.9 4.5 0
v 7.1 4.5 0
v 7.6 4.5 0
v 7.9 4.5 0
v 8.3 4.5 0
v 8.4 4.5 0
v 9 4.5 0
v 9.2 4.5 0
v 10.5 4.5 0
v 11 4.5 0
v 11.3 4.5 0
v 11.7 4.5 0
v 11.9 4.5 0
v 12 4.5 0
v 12.5 4.5 0
v 12.6 4.5 0
v 6.9 4.5 -0.1
v 7.1 4.5 -0.1
v 7.6 4.5 -0.1
v 7.9 4.5 -0.1
v 8.3 4.5 -0.1
v 8.4 4.5 -0.1
v 9 4.5 -0.1
v 9.2 4.5 -0.1
v 10.5 4.5 -0.1
v 11 4.5 -0.1
v 11.3 4.5 -0.1
v 11.7 4.5 -0.1
v 11.9 4.5 -0.1
v 12 4.5 -0.1
v 12.5 4.5 -0.1
v 12.6 4.5 -0.1
v 7.1 4.6 0
v 7.2 4.6 0
v 9.7 4.6 0
v 9.9 4.6 0
v 7.1 4.6 -0.1
v 7.2 4.6 -0.1
v 9.7 4.6 -0.1
v 9.9 4.6 -0.1
v 7.8 5.1 0
v 7.9 5.1 0
v 8.4 5.1 0
v 8.7 5.1 0
v 8.8 5.1 0
v 8.9 5.1 0
v 9.2 5.1 0
v 9.3 5.1 0
v 9.4 5.1 0
v 9.5 5.1 0
v 9.7 5.1 0
v 9.9 5.1 0
v 10 5.1 0
v 10.3 5.1 0
v 10.6 5.1 0
v 10.7 5.1 0
v 11.1 5.1 0
v 11.2 5.1 0
v 11.6 5.1 0
v 12 5.1 0
v 12.1 5.1 0
v 12.2 5.1 0
v 12.5 5.1 0
v 12.6 5.1 0
v 7.8 5.1 -0.1
v 7.9 5.1 -0.1
v 8.4 5.1 -0.1
v 8.7 5.1 -0.1
v 8.8 5.1 -0.1
v 8.9 5.1 -0.1
v 9.2 5.1 -0.1
v 9.3 5.1 -0.1
v 9.4 5.1 -0.1
v 9.5 5.1 -0.1
v 9.7 5.1 -0.1
v 9.9 5.1 -0.1
v 10 5.1 -0.1
v 10.3 5.1 -0.1
v 10.6 5.1 -0.1
v 10.7 5.1 -0.1
v 11.1 5.1 -0.1
v 11.2 5.1 -0.1
v 11.6 5.1 -0.1
v 12 5.1 -0.1
v 12.1 5.1 -0.1
v 12.2 5.1 -0.1
v 12.5 5.1 -0.1
v 12.6 5.1 -0.1
v 7.6 5.2 0
v 7.7 5.2 0
v 7.9 5.2 0
v 8 5.2 0
v 8.3 5.2 0
v 8.4 5.2 0
v 10.3 5.2 0
v 10.4 5.2 0
v 11 5.2 0
v 11.1 5.2 0
v 11.2 5.2 0
v 11.3 5.2 0
v 7.6 5.2 -0.1
v 7.7 5.2 -0.1
v 7.9 5.2 -0.1
v 8 5.2 -0.1
v 8.3 5.2 -0.1
v 8.4 5.2 -0.1
v 10.3 5.2 -0.1
v 10.4 5.2 -0.1
v 11 5.2 -0.1
v 11.1 5.2 -0.1
v 11.2 5.2 -0.1
v 11.3 5.2 -0.1
v 7.4 5.3 0
v 7.5 5.3 0
v 7.7 5.3 0
v 7.8 5.3 0
v 8.2 5.3 0
v 8.3 5.3 0
v 8.9 5.3 0
v 9 5.3 0
v 9.1 5.3 0
v 9.2 5.3 0
v 9.6 5.3 0
v 9.7 5.3 0
v 10.4 5.3 0
v 10.5 5.3 0
v 11.6 5.3 0
v 12 5.3 0
v 12.2 5.3 0
v 12.3 5.3 0
v 12.4 5.3 0
v 12.5 5.3 0
v 7.4 5.3 -0.1
v 7.5 5.3 -0.1
v 7.7 5.3 -0.1
v 7.8 5.3 -0.1
v 8.2 5.3 -0.1
v 8.3 5.3 -0.1
v 8.9 5.3 -0.1
v 9 5.3 -0.1
v 9.1 5.3 -0.1
v 9.2 5.3 -0.1
v 9.6 5.3 -0.1
v 9.7 5.3 -0.1
v 10.4 5.3 -0.1
v 10.5 5.3 -0.1
v 11.6 5.3 -0.1
v 12 5.3 -0.1
v 12.2 5.3 -0.1
v 12.3 5.3 -0.1
v 12.4 5.3 -0.1
v 12.5 5.3 -0.1
v 7.3 5.4 0
v 7.4 5.4 0
v 9 5.4 0
v 9.1 5.4 0
v 10.9 5.4 0
v 11 5.4 0
v 11.3 5.4 0
v 11.4 5.4 0
v 12.3 5.4 0
v 12.4 5.4 0
v 7.3 5.4 -0.1
v 7.4 5.4 -0.1
v 9 5.4 -0.1
v 9.1 5.4 -0.1
v 10.9 5.4 -0.1
v 11 5.4 -0.1
v 11.3 5.4 -0.1
v 11.4 5.4 -0.1
v 12.3 5.4 -0.1
v 12.4 5.4 -0.1
v 7.4 5.5 0
v 7.5 5.5 0
v 12.2 5.5 0
v 12.3 5.5 0
v 12.4 5.5 0
v 12.5 5.5 0
v 7.4 5.5 -0.1
v 7.5 5.5 -0.1
v 12.2 5.5 -0.1
v 12.3 5.5 -0.1
v 12.4 5.5 -0.1
v 12.5 5.5 -0.1
v 7.6 5.6 0
v 7.7 5.6 0
v 8.3 5.6 0
v 8.4 5.6 0
v 8.9 5.6 0
v 9 5.6 0
v 9.1 5.6 0
v 9.2 5.6 0
v 9.5 5.6 0
v 9.6 5.6 0
v 10.3 5.6 0
v 10.4 5.6 0
v 10.8 5.6 0
v 10.9 5.6 0
v 11.4 5.6 0
v 11.5 5.6 0
v 12.1 5.6 0
v 12.2 5.6 0
v 12.5 5.6 0
v 12.6 5.6 0
v 7.6 5.6 -0.1
v 7.7 5.6 -0.1
v 8.3 5.6 -0.1
v 8.4 5.6 -0.1
v 8.9 5.6 -0.1
v 9 5.6 -0.1
v 9.1 5.6 -0.1
v 9.2 5.6 -0.1
v 9.5 5.6 -0.1
v 9.6 5.6 -0.1
v 10.3 5.6 -0.1
v 10.4 5.6 -0.1
v 10.8 5.6 -0.1
v 10.9 5.6 -0.1
v 11.4 5.6 -0.1
v 11.5 5.6 -0.1
v 12.1 5.6 -0.1
v 12.2 5.6 -0.1
v 12.5 5.6 -0.1
v 12.6 5.6 -0.1
v 7.8 5.7 0
v 7.9 5.7 0
v 8.4 5.7 0
v 8.7 5.7 0
v 9 5.7 0
v 9.1 5.7 0
v 10.1 5.7 0
v 10.3 5.7 0
v 10.6 5.7 0
v 10.7 5.7 0
v 11.7 5.7 0
v 11.9 5.7 0
v 7.8 5.7 -0.1
v 7.9 5.7 -0.1
v 8.4 5.7 -0.1
v 8.7 5.7 -0.1
v 9 5.7 -0.1
v 9.1 5.7 -0.1
v 10.1 5.7 -0.1
v 10.3 5.7 -0.1
v 10.6 5.7 -0.1
v 10.7 5.7 -0.1
v 11.7 5.7 -0.1
v 11.9 5.7 -0.1
v 11.6 6.1 0
v 11.7 6.1 0
v 11.9 6.1 0
v 12 6.1 0
v 11.6 6.1 -0.1
v 11.7 6.1 -0.1
v 11.9 6.1 -0.1
v 12 6.1 -0.1
v 7.6 6.2 0
v 7.7 6.2 0
v 7.8 6.2 0
v 7.9 6.2 0
v 8.1 6.2 0
v 8.4 6.2 0
v 8.5 6.2 0
v 8.6 6.2 0
v 8.7 6.2 0
v 9.1 6.2 0
v 9.2 6.2 0
v 9.3 6.2 0
v 9.5 6.2 0
v 9.6 6.2 0
v 9.7 6.2 0
v 9.9 6.2 0
v 10 6.2 0
v 10.1 6.2 0
v 10.2 6.2 0
v 10.3 6.2 0
v 10.4 6.2 0
v 10.8 6.2 0
v 10.9 6.2 0
v 11.4 6.2 0
v 11.8 6.2 0
v 11.9 6.2 0
v 7.6 6.2 -0.1
v 7.7 6.2 -0.1
v 7.8 6.2 -0.1
v 7.9 6.2 -0.1
v 8.1 6.2 -0.1
v 8.4 6.2 -0.1
v 8.5 6.2 -0.1
v 8.6 6.2 -0.1
v 8.7 6.2 -0.1
v 9.1 6.2 -0.1
v 9.2 6.2 -0.1
v 9.3 6.2 -0.1
v 9.5 6.2 -0.1
v 9.6 6.2 -0.1
v 9.7 6.2 -0.1
v 9.9 6.2 -0.1
v 10 6.2 -0.1
v 10.1 6.2 -0.1
v 10.2 6.2 -0.1
v 10.3 6.2 -0.1
v 10.4 6.2 -0.1
v 10.8 6.2 -0.1
v 10.9 6.2 -0.1
v 11.4 6.2 -0.1
v 11.8 6.2 -0.1
v 11.9 6.2 -0.1
v 7.4 6.3 0
v 7.6 6.3 0
v 11.7 6.3 0
v 11.8 6.3 0
v 7.4 6.3 -0.1
v 7.6 6.3 -0.1
v 11.7 6.3 -0.1
v 11.8 6.3 -0.1
v 7.2 6.4 0
v 7.3 6.4 0
v 7.7 6.4 0
v 7.8 6.4 0
v 8.4 6.4 0
v 8.5 6.4 0
v 8.8 6.4 0
v 9 6.4 0
v 9.5 6.4 0
v 9.6 6.4 0
v 10 6.4 0
v 10.1 6.4 0
v 11.1 6.4 0
v 11.2 6.4 0
v 11.3 6.4 0
v 11.4 6.4 0
v 11.5 6.4 0
v 11.7 6.4 0
v 11.8 6.4 0
v 12 6.4 0
v 7.2 6.4 -0.1
v 7.3 6.4 -0.1
v 7.7 6.4 -0.1
v 7.8 6.4 -0.1
v 8.4 6.4 -0.1
v 8.5 6.4 -0.1
v 8.8 6.4 -0.1
v 9 6.4 -0.1
v 9.5 6.4 -0.1
v 9.6 6.4 -0.1
v 10 6.4 -0.1
v 10.1 6.4 -0.1
v 11.1 6.4 -0.1
v 11.2 6.4 -0.1
v 11.3 6.4 -0.1
v 11.4 6.4 -0.1
v 11.5 6.4 -0.1
v 11.7 6.4 -0.1
v 11.8 6.4 -0.1
v 12 6.4 -0.1
v 7.4 6.5 0
v 7.6 6.5 0
v 7.8 6.5 0
v 7.9 6.5 0
v 7.4 6.5 -0.1
v 7.6 6.5 -0.1
v 7.8 6.5 -0.1
v 7.9 6.5 -0.1
v 7.6 6.6 0
v 7.7 6.6 0
v 8.2 6.6 0
v 8.6 6.6 0
v 8.7 6.6 0
v 8.8 6.6 0
v 8.9 6.6 0
v 9 6.6 0
v 9.3 6.6 0
v 9.5 6.6 0
v 9.8 6.6 0
v 10 6.6 0
v 10.4 6.6 0
v 10.5 6.6 0
v 11 6.6 0
v 11.3 6.6 0
v 11.9 6.6 0
v 12 6.6 0
v 7.6 6.6 -0.1
v 7.7 6.6 -0.1
v 8.2 6.6 -0.1
v 8.6 6.6 -0.1
v 8.7 6.6 -0.1
v 8.8 6.6 -0.1
v 8.9 6.6 -0.1
v 9 6.6 -0.1
v 9.3 6.6 -0.1
v 9.5 6.6 -0.1
v 9.8 6.6 -0.1
v 10 6.6 -0.1
v 10.4 6.6 -0.1
v 10.5 6.6 -0.1
v 11 6.6 -0.1
v 11.3 6.6 -0.1
v 11.9 6.6 -0.1
v 12 6.6 -0.1
v 7.8 6.7 0
v 7.9 6.7 0
v 10.2 6.7 0
v 10.3 6.7 0
v 7.8 6.7 -0.1
v 7.9 6.7 -0.1
v 10.2 6.7 -0.1
v 10.3 6.7 -0.1
v 7.3 7.1 0
v 7.4 7.1 0
v 7.5 7.1 0
v 7.6 7.1 0
v 7.7 7.1 0
v 7.9 7.1 0
v 8.1 7.1 0
v 8.3 7.1 0
v 8.4 7.1 0
v 8.5 7.1 0
v 8.6 7.1 0
v 8.7 7.1 0
v 8.8 7.1 0
v 9 7.1 0
v 9.1 7.1 0
v 9.2 7.1 0
v 9.3 7.1 0
v 9.4 7.1 0
v 9.5 7.1 0
v 9.6 7.1 0
v 9.7 7.1 0
v 9.9 7.1 0
v 10 7.1 0
v 10.3 7.1 0
v 10.5 7.1 0
v 10.8 7.1 0
v 10.9 7.1 0
v 11 7.1 0
v 11.1 7.1 0
v 11.3 7.1 0
v 11.4 7.1 0
v 11.5 7.1 0
v 11.6 7.1 0
v 11.8 7.1 0
v 7.3 7.1 -0.1
v 7.4 7.1 -0.1
v 7.5 7.1 -0.1
v 7.6 7.1 -0.1
v 7.7 7.1 -0.1
v 7.9 7.1 -0.1
v 8.1 7.1 -0.1
v 8.3 7.1 -0.1
v 8.4 7.1 -0.1
v 8.5 7.1 -0.1
v 8.6 7.1 -0.1
v 8.7 7.1 -0.1
v 8.8 7.1 -0.1
v 9 7.1 -0.1
v 9.1 7.1 -0.1
v 9.2 7.1 -0.1
v 9.3 7.1 -0.1
v 9.4 7.1 -0.1
v 9.5 7.1 -0.1
v 9.6 7.1 -0.1
v 9.7 7.1 -0.1
v 9.9 7.1 -0.1
v 10 7.1 -0.1
v 10.3 7.1 -0.1
v 10.5 7.1 -0.1
v 10.8 7.1 -0.1
v 10.9 7.1 -0.1
v 11 7.1 -0.1
v 11.1 7.1 -0.1
v 11.3 7.1 -0.1
v 11.4 7.1 -0.1
v 11.5 7.1 -0.1
v 11.6 7.1 -0.1
v 11.8 7.1 -0.1
v 11.5 7.2 0
v 11.6 7.2 0
v 11.5 7.2 -0.1
v 11.6 7.2 -0.1
v 8.6 7.3 0
v 8.8 7.3 0
v 9.1 7.3 0
v 9.4 7.3 0
v 10.4 7.3 0
v 10.6 7.3 0
v 10.7 7.3 0
v 10.8 7.3 0
v 11.2 7.3 0
v 11.3 7.3 0
v 11.4 7.3 0
v 11.5 7.3 0
v 8.6 7.3 -0.1
v 8.8 7.3 -0.1
v 9.1 7.3 -0.1
v 9.4 7.3 -0.1
v 10.4 7.3 -0.1
v 10.6 7.3 -0.1
v 10.7 7.3 -0.1
v 10.8 7.3 -0.1
v 11.2 7.3 -0.1
v 11.3 7.3 -0.1
v 11.4 7.3 -0.1
v 11.5 7.3 -0.1
v 7.3 7.4 0
v 7.4 7.4 0
v 8.4 7.4 0
v 8.5 7.4 0
v 10.9 7.4 0
v 11.1 7.4 0
v 11.7 7.4 0
v 11.8 7.4 0
v 7.3 7.4 -0.1
v 7.4 7.4 -0.1
v 8.4 7.4 -0.1
v 8.5 7.4 -0.1
v 10.9 7.4 -0.1
v 11.1 7.4 -0.1
v 11.7 7.4 -0.1
v 11.8 7.4 -0.1
v 7.7 8 0
v 7.8 8 0
v 8.2 8 0
v 8.5 8 0
v 8.6 8 0
v 8.7 8 0
v 8.9 8 0
v 9 8 0
v 9.1 8 0
v 9.2 8 0
v 9.4 8 0
v 9.5 8 0
v 9.6 8 0
v 9.9 8 0
v 10.1 8 0
v 10.2 8 0
v 10.5 8 0
v 10.6 8 0
v 10.9 8 0
v 11.1 8 0
v 11.3 8 0
v 11.4 8 0
v 11.6 8 0
v 11.7 8 0
v 7.7 8 -0.1
v 7.8 8 -0.1
v 8.2 8 -0.1
v 8.5 8 -0.1
v 8.6 8 -0.1
v 8.7 8 -0.1
v 8.9 8 -0.1
v 9 8 -0.1
v 9.1 8 -0.1
v 9.2 8 -0.1
v 9.4 8 -0.1
v 9.5 8 -0.1
v 9.6 8 -0.1
v 9.9 8 -0.1
v 10.1 8 -0.1
v 10.2 8 -0.1
v 10.5 8 -0.1
v 10.6 8 -0.1
v 10.9 8 -0.1
v 11.1 8 -0.1
v 11.3 8 -0.1
v 11.4 8 -0.1
v 11.6 8 -0.1
v 11.7 8 -0.1
v 7.5 8.1 0
v 7.7 8.1 0
v 8.1 8.1 0
v 8.2 8.1 0
v 8.7 8.1 0
v 8.8 8.1 0
v 9.9 8.1 0
v 10 8.1 0
v 10.6 8.1 0
v 10.7 8.1 0
v 10.8 8.1 0
v 10.9 8.1 0
v 11.1 8.1 0
v 11.2 8.1 0
v 7.5 8.1 -0.1
v 7.7 8.1 -0.1
v 8.1 8.1 -0.1
v 8.2 8.1 -0.1
v 8.7 8.1 -0.1
v 8.8 8.1 -0.1
v 9.9 8.1 -0.1
v 10 8.1 -0.1
v 10.6 8.1 -0.1
v 10.7 8.1 -0.1
v 10.8 8.1 -0.1
v 10.9 8.1 -0.1
v 11.1 8.1 -0.1
v 11.2 8.1 -0.1
v 7.3 8.2 0
v 7.4 8.2 0
v 7.8 8.2 0
v 7.9 8.2 0
v 10.3 8.2 0
v 10.4 8.2 0
v 11.5 8.2 0
v 11.6 8.2 0
v 7.3 8.2 -0.1
v 7.4 8.2 -0.1
v 7.8 8.2 -0.1
v 7.9 8.2 -0.1
v 10.3 8.2 -0.1
v 10.4 8.2 -0.1
v 11.5 8.2 -0.1
v 11.6 8.2 -0.1
v 7.5 8.3 0
v 7.7 8.3 0
v 11.3 8.3 0
v 11.4 8.3 0
v 11.6 8.3 0
v 11.7 8.3 0
v 7.5 8.3 -0.1
v 7.7 8.3 -0.1
v 11.3 8.3 -0.1
v 11.4 8.3 -0.1
v 11.6 8.3 -0.1
v 11.7 8.3 -0.1
v 7.7 8.4 0
v 7.8 8.4 0
v 8.2 8.4 0
v 8.5 8.4 0
v 8.7 8.4 0
v 8.9 8.4 0
v 9.2 8.4 0
v 9.4 8.4 0
v 9.6 8.4 0
v 9.9 8.4 0
v 10.1 8.4 0
v 10.2 8.4 0
v 10.9 8.4 0
v 11.1 8.4 0
v 7.7 8.4 -0.1
v 7.8 8.4 -0.1
v 8.2 8.4 -0.1
v 8.5 8.4 -0.1
v 8.7 8.4 -0.1
v 8.9 8.4 -0.1
v 9.2 8.4 -0.1
v 9.4 8.4 -0.1
v 9.6 8.4 -0.1
v 9.9 8.4 -0.1
v 10.1 8.4 -0.1
v 10.2 8.4 -0.1
v 10.9 8.4 -0.1
v 11.1 8.4 -0.1
v 8.1 8.9 0
v 8.3 8.9 0
v 8.4 8.9 0
v 8.7 8.9 0
v 8.8 8.9 0
v 8.9 8.9 0
v 9 8.9 0
v 9.1 8.9 0
v 9.2 8.9 0
v 9.5 8.9 0
v 9.6 8.9 0
v 9.7 8.9 0
v 9.9 8.9 0
v 10 8.9 0
v 10.2 8.9 0
v 10.5 8.9 0
v 10.6 8.9 0
v 10.7 8.9 0
v 10.8 8.9 0
v 10.9 8.9 0
v 8.1 8.9 -0.1
v 8.3 8.9 -0.1
v 8.4 8.9 -0.1
v 8.7 8.9 -0.1
v 8.8 8.9 -0.1
v 8.9 8.9 -0.1
v 9 8.9 -0.1
v 9.1 8.9 -0.1
v 9.2 8.9 -0.1
v 9.5 8.9 -0.1
v 9.6 8.9 -0.1
v 9.7 8.9 -0.1
v 9.9 8.9 -0.1
v 10 8.9 -0.1
v 10.2 8.9 -0.1
v 10.5 8.9 -0.1
v 10.6 8.9 -0.1
v 10.7 8.9 -0.1
v 10.8 8.9 -0.1
v 10.9 8.9 -0.1
v 7.4 9 0
v 7.5 9 0
v 7.6 9 0
v 7.7 9 0
v 7.8 9 0
v 7.9 9 0
v 9.8 9 0
v 9.9 9 0
v 10 9 0
v 10.1 9 0
v 10.7 9 0
v 10.8 9 0
v 7.4 9 -0.1
v 7.5 9 -0.1
v 7.6 9 -0.1
v 7.7 9 -0.1
v 7.8 9 -0.1
v 7.9 9 -0.1
v 9.8 9 -0.1
v 9.9 9 -0.1
v 10 9 -0.1
v 10.1 9 -0.1
v 10.7 9 -0.1
v 10.8 9 -0.1
v 8.2 9.1 0
v 8.3 9.1 0
v 8.5 9.1 0
v 8.6 9.1 0
v 8.9 9.1 0
v 9 9.1 0
v 9.3 9.1 0
v 9.4 9.1 0
v 10.3 9.1 0
v 10.4 9.1 0
v 10.6 9.1 0
v 10.7 9.1 0
v 10.8 9.1 0
v 10.9 9.1 0
v 8.2 9.1 -0.1
v 8.3 9.1 -0.1
v 8.5 9.1 -0.1
v 8.6 9.1 -0.1
v 8.9 9.1 -0.1
v 9 9.1 -0.1
v 9.3 9.1 -0.1
v 9.4 9.1 -0.1
v 10.3 9.1 -0.1
v 10.4 9.1 -0.1
v 10.6 9.1 -0.1
v 10.7 9.1 -0.1
v 10.8 9.1 -0.1
v 10.9 9.1 -0.1
v 7.4 9.6 0
v 7.5 9.6 0
v 7.6 9.6 0
v 7.7 9.6 0
v 7.8 9.6 0
v 7.9 9.6 0
v 8.2 9.6 0
v 8.4 9.6 0
v 8.5 9.6 0
v 8.6 9.6 0
v 8.7 9.6 0
v 8.8 9.6 0
v 8.9 9.6 0
v 9 9.6 0
v 9.1 9.6 0
v 9.2 9.6 0
v 9.3 9.6 0
v 9.5 9.6 0
v 9.7 9.6 0
v 10 9.6 0
v 10.2 9.6 0
v 10.3 9.6 0
v 10.5 9.6 0
v 10.8 9.6 0
v 10.9 9.6 0
v 11 9.6 0
v 11.1 9.6 0
v 11.2 9.6 0
v 7.4 9.6 -0.1
v 7.5 9.6 -0.1
v 7.6 9.6 -0.1
v 7.7 9.6 -0.1
v 7.8 9.6 -0.1
v 7.9 9.6 -0.1
v 8.2 9.6 -0.1
v 8.4 9.6 -0.1
v 8.5 9.6 -0.1
v 8.6 9.6 -0.1
v 8.7 9.6 -0.1
v 8.8 9.6 -0.1
v 8.9 9.6 -0.1
v 9 9.6 -0.1
v 9.1 9.6 -0.1
v 9.2 9.6 -0.1
v 9.3 9.6 -0.1
v 9.5 9.6 -0.1
v 9.7 9.6 -0.1
v 10 9.6 -0.1
v 10.2 9.6 -0.1
v 10.3 9.6 -0.1
v 10.5 9.6 -0.1
v 10.8 9.6 -0.1
v 10.9 9.6 -0.1
v 11 9.6 -0.1
v 11.1 9.6 -0.1
v 11.2 9.6 -0.1
v 8.1 9.7 0
v 8.2 9.7 0
v 8.6 9.7 0
v 8.7 9.7 0
v 9.5 9.7 0
v 9.6 9.7 0
v 10.1 9.7 0
v 10.2 9.7 0
v 10.3 9.7 0
v 10.4 9.7 0
v 8.1 9.7 -0.1
v 8.2 9.7 -0.1
v 8.6 9.7 -0.1
v 8.7 9.7 -0.1
v 9.5 9.7 -0.1
v 9.6 9.7 -0.1
v 10.1 9.7 -0.1
v 10.2 9.7 -0.1
v 10.3 9.7 -0.1
v 10.4 9.7 -0.1
v 11 9.8 0
v 11.1 9.8 0
v 11 9.8 -0.1
v 11.1 9.8 -0.1
v 8.2 9.9 0
v 8.4 9.9 0
v 8.6 9.9 0
v 8.7 9.9 0
v 9 9.9 0
v 9.1 9.9 0
v 9.4 9.9 0
v 9.5 9.9 0
v 9.7 9.9 0
v 9.8 9.9 0
v 9.9 9.9 0
v 10 9.9 0
v 10.6 9.9 0
v 10.7 9.9 0
v 10.9 9.9 0
v 11 9.9 0
v 11.1 9.9 0
v 11.2 9.9 0
v 8.2 9.9 -0.1
v 8.4 9.9 -0.1
v 8.6 9.9 -0.1
v 8.7 9.9 -0.1
v 9 9.9 -0.1
v 9.1 9.9 -0.1
v 9.4 9.9 -0.1
v 9.5 9.9 -0.1
v 9.7 9.9 -0.1
v 9.8 9.9 -0.1
v 9.9 9.9 -0.1
v 10 9.9 -0.1
v 10.6 9.9 -0.1
v 10.7 9.9 -0.1
v 10.9 9.9 -0.1
v 11 9.9 -0.1
v 11.1 9.9 -0.1
v 11.2 9.9 -0.1
v 8.2 10.4 0
v 8.4 10.4 0
v 8.6 10.4 0
v 8.8 10.4 0
v 8.9 10.4 0
v 9 10.4 0
v 9.1 10.4 0
v 9.2 10.4 0
v 9.3 10.4 0
v 9.5 10.4 0
v 9.6 10.4 0
v 9.7 10.4 0
v 9.9 10.4 0
v 10 10.4 0
v 10.3 10.4 0
v 10.4 10.4 0
v 10.6 10.4 0
v 10.7 10.4 0
v 10.8 10.4 0
v 10.9 10.4 0
v 8.2 10.4 -0.1
v 8.4 10.4 -0.1
v 8.6 10.4 -0.1
v 8.8 10.4 -0.1
v 8.9 10.4 -0.1
v 9 10.4 -0.1
v 9.1 10.4 -0.1
v 9.2 10.4 -0.1
v 9.3 10.4 -0.1
v 9.5 10.4 -0.1
v 9.6 10.4 -0.1
v 9.7 10.4 -0.1
v 9.9 10.4 -0.1
v 10 10.4 -0.1
v 10.3 10.4 -0.1
v 10.4 10.4 -0.1
v 10.6 10.4 -0.1
v 10.7 10.4 -0.1
v 10.8 10.4 -0.1
v 10.9 10.4 -0.1
v 7.4 10.5 0
v 7.5 10.5 0
v 7.6 10.5 0
v 7.7 10.5 0
v 7.8 10.5 0
v 7.9 10.5 0
v 8.1 10.5 0
v 8.2 10.5 0
v 8.5 10.5 0
v 8.6 10.5 0
v 9.8 10.5 0
v 9.9 10.5 0
v 10 10.5 0
v 10.1 10.5 0
v 10.2 10.5 0
v 10.3 10.5 0
v 10.4 10.5 0
v 10.5 10.5 0
v 10.7 10.5 0
v 10.8 10.5 0
v 7.4 10.5 -0.1
v 7.5 10.5 -0.1
v 7.6 10.5 -0.1
v 7.7 10.5 -0.1
v 7.8 10.5 -0.1
v 7.9 10.5 -0.1
v 8.1 10.5 -0.1
v 8.2 10.5 -0.1
v 8.5 10.5 -0.1
v 8.6 10.5 -0.1
v 9.8 10.5 -0.1
v 9.9 10.5 -0.1
v 10 10.5 -0.1
v 10.1 10.5 -0.1
v 10.2 10.5 -0.1
v 10.3 10.5 -0.1
v 10.4 10.5 -0.1
v 10.5 10.5 -0.1
v 10.7 10.5 -0.1
v 10.8 10.5 -0.1
v 8.2 10.6 0
v 8.4 10.6 0
v 8.6 10.6 0
v 8.7 10.6 0
v 9 10.6 0
v 9.1 10.6 0
v 10.3 10.6 0
v 10.4 10.6 0
v 10.6 10.6 0
v 10.7 10.6 0
v 10.8 10.6 0
v 10.9 10.6 0
v 8.2 10.6 -0.1
v 8.4 10.6 -0.1
v 8.6 10.6 -0.1
v 8.7 10.6 -0.1
v 9 10.6 -0.1
v 9.1 10.6 -0.1
v 10.3 10.6 -0.1
v 10.4 10.6 -0.1
v 10.6 10.6 -0.1
v 10.7 10.6 -0.1
v 10.8 10.6 -0.1
v 10.9 10.6 -0.1
v 13.4 10.8 0
v 13.7 10.8 0
v 13.9 10.8 0
v 14.6 10.8 0
v 14.7 10.8 0
v 15.1 10.8 0
v 15.2 10.8 0
v 15.3 10.8 0
v 15.4 10.8 0
v 15.7 10.8 0
v 16 10.8 0
v 16.1 10.8 0
v 16.5 10.8 0
v 16.6 10.8 0
v 17.1 10.8 0
v 17.4 10.8 0
v 17.6 10.8 0
v 17.7 10.8 0
v 18.2 10.8 0
v 18.3 10.8 0
v 13.4 10.8 -0.1
v 13.7 10.8 -0.1
v 13.9 10.8 -0.1
v 14.6 10.8 -0.1
v 14.7 10.8 -0.1
v 15.1 10.8 -0.1
v 15.2 10.8 -0.1
v 15.3 10.8 -0.1
v 15.4 10.8 -0.1
v 15.7 10.8 -0.1
v 16 10.8 -0.1
v 16.1 10.8 -0.1
v 16.5 10.8 -0.1
v 16.6 10.8 -0.1
v 17.1 10.8 -0.1
v 17.4 10.8 -0.1
v 17.6 10.8 -0.1
v 17.7 10.8 -0.1
v 18.2 10.8 -0.1
v 18.3 10.8 -0.1
v 13.3 10.9 0
v 13.4 10.9 0
v 13.7 10.9 0
v 13.8 10.9 0
v 15.7 10.9 0
v 15.8 10.9 0
v 16.4 10.9 0
v 16.5 10.9 0
v 16.6 10.9 0
v 16.7 10.9 0
v 17 10.9 0
v 17.1 10.9 0
v 17.4 10.9 0
v 17.5 10.9 0
v 17.7 10.9 0
v 17.8 10.9 0
v 18.1 10.9 0
v 18.2 10.9 0
v 13.3 10.9 -0.1
v 13.4 10.9 -0.1
v 13.7 10.9 -0.1
v 13.8 10.9 -0.1
v 15.7 10.9 -0.1
v 15.8 10.9 -0.1
v 16.4 10.9 -0.1
v 16.5 10.9 -0.1
v 16.6 10.9 -0.1
v 16.7 10.9 -0.1
v 17 10.9 -0.1
v 17.1 10.9 -0.1
v 17.4 10.9 -0.1
v 17.5 10.9 -0.1
v 17.7 10.9 -0.1
v 17.8 10.9 -0.1
v 18.1 10.9 -0.1
v 18.2 10.9 -0.1
v 13.2 11 0
v 13.3 11 0
v 14.7 11 0
v 14.9 11 0
v 15.8 11 0
v 15.9 11 0
v 17.8 11 0
v 17.9 11 0
v 18 11 0
v 18.1 11 0
v 13.2 11 -0.1
v 13.3 11 -0.1
v 14.7 11 -0.1
v 14.9 11 -0.1
v 15.8 11 -0.1
v 15.9 11 -0.1
v 17.8 11 -0.1
v 17.9 11 -0.1
v 18 11 -0.1
v 18.1 11 -0.1
v 7.4 11.1 0
v 7.5 11.1 0
v 7.6 11.1 0
v 7.7 11.1 0
v 7.8 11.1 0
v 7.9 11.1 0
v 8.1 11.1 0
v 8.4 11.1 0
v 8.5 11.1 0
v 8.6 11.1 0
v 8.7 11.1 0
v 8.8 11.1 0
v 8.9 11.1 0
v 9 11.1 0
v 9.1 11.1 0
v 9.2 11.1 0
v 9.3 11.1 0
v 9.5 11.1 0
v 9.7 11.1 0
v 10 11.1 0
v 10.2 11.1 0
v 10.3 11.1 0
v 10.5 11.1 0
v 10.8 11.1 0
v 10.9 11.1 0
v 11 11.1 0
v 11.1 11.1 0
v 11.2 11.1 0
v 15.1 11.1 0
v 15.2 11.1 0
v 16.3 11.1 0
v 16.4 11.1 0
v 16.7 11.1 0
v 16.8 11.1 0
v 17.9 11.1 0
v 18 11.1 0
v 7.4 11.1 -0.1
v 7.5 11.1 -0.1
v 7.6 11.1 -0.1
v 7.7 11.1 -0.1
v 7.8 11.1 -0.1
v 7.9 11.1 -0.1
v 8.1 11.1 -0.1
v 8.4 11.1 -0.1
v 8.5 11.1 -0.1
v 8.6 11.1 -0.1
v 8.7 11.1 -0.1
v 8.8 11.1 -0.1
v 8.9 11.1 -0.1
v 9 11.1 -0.1
v 9.1 11.1 -0.1
v 9.2 11.1 -0.1
v 9.3 11.1 -0.1
v 9.5 11.1 -0.1
v 9.7 11.1 -0.1
v 10 11.1 -0.1
v 10.2 11.1 -0.1
v 10.3 11.1 -0.1
v 10.5 11.1 -0.1
v 10.8 11.1 -0.1
v 10.9 11.1 -0.1
v 11 11.1 -0.1
v 11.1 11.1 -0.1
v 11.2 11.1 -0.1
v 15.1 11.1 -0.1
v 15.2 11.1 -0.1
v 16.3 11.1 -0.1
v 16.4 11.1 -0.1
v 16.7 11.1 -0.1
v 16.8 11.1 -0.1
v 17.9 11.1 -0.1
v 18 11.1 -0.1
v 9.5 11.2 0
v 9.6 11.2 0
v 10.1 11.2 0
v 10.2 11.2 0
v 10.3 11.2 0
v 10.4 11.2 0
v 11 11.2 0
v 11.1 11.2 0
v 15 11.2 0
v 15.1 11.2 0
v 17.8 11.2 0
v 17.9 11.2 0
v 18 11.2 0
v 18.1 11.2 0
v 9.5 11.2 -0.1
v 9.6 11.2 -0.1
v 10.1 11.2 -0.1
v 10.2 11.2 -0.1
v 10.3 11.2 -0.1
v 10.4 11.2 -0.1
v 11 11.2 -0.1
v 11.1 11.2 -0.1
v 15 11.2 -0.1
v 15.1 11.2 -0.1
v 17.8 11.2 -0.1
v 17.9 11.2 -0.1
v 18 11.2 -0.1
v 18.1 11.2 -0.1
v 8.2 11.3 0
v 8.4 11.3 0
v 8.6 11.3 0
v 8.7 11.3 0
v 9 11.3 0
v 9.1 11.3 0
v 9.4 11.3 0
v 9.5 11.3 0
v 9.7 11.3 0
v 9.8 11.3 0
v 9.9 11.3 0
v 10 11.3 0
v 10.6 11.3 0
v 10.7 11.3 0
v 10.9 11.3 0
v 11 11.3 0
v 11.1 11.3 0
v 11.2 11.3 0
v 13.3 11.3 0
v 13.4 11.3 0
v 13.7 11.3 0
v 13.8 11.3 0
v 14.9 11.3 0
v 15 11.3 0
v 15.7 11.3 0
v 15.8 11.3 0
v 16.2 11.3 0
v 16.3 11.3 0
v 16.8 11.3 0
v 16.9 11.3 0
v 17.7 11.3 0
v 17.8 11.3 0
v 18.1 11.3 0
v 18.2 11.3 0
v 8.2 11.3 -0.1
v 8.4 11.3 -0.1
v 8.6 11.3 -0.1
v 8.7 11.3 -0.1
v 9 11.3 -0.1
v 9.1 11.3 -0.1
v 9.4 11.3 -0.1
v 9.5 11.3 -0.1
v 9.7 11.3 -0.1
v 9.8 11.3 -0.1
v 9.9 11.3 -0.1
v 10 11.3 -0.1
v 10.6 11.3 -0.1
v 10.7 11.3 -0.1
v 10.9 11.3 -0.1
v 11 11.3 -0.1
v 11.1 11.3 -0.1
v 11.2 11.3 -0.1
v 13.3 11.3 -0.1
v 13.4 11.3 -0.1
v 13.7 11.3 -0.1
v 13.8 11.3 -0.1
v 14.9 11.3 -0.1
v 15 11.3 -0.1
v 15.7 11.3 -0.1
v 15.8 11.3 -0.1
v 16.2 11.3 -0.1
v 16.3 11.3 -0.1
v 16.8 11.3 -0.1
v 16.9 11.3 -0.1
v 17.7 11.3 -0.1
v 17.8 11.3 -0.1
v 18.1 11.3 -0.1
v 18.2 11.3 -0.1
v 13.4 11.4 0
v 13.7 11.4 0
v 14.8 11.4 0
v 14.9 11.4 0
v 15.5 11.4 0
v 15.7 11.4 0
v 17.1 11.4 0
v 17.4 11.4 0
v 17.6 11.4 0
v 17.7 11.4 0
v 18.2 11.4 0
v 18.3 11.4 0
v 13.4 11.4 -0.1
v 13.7 11.4 -0.1
v 14.8 11.4 -0.1
v 14.9 11.4 -0.1
v 15.5 11.4 -0.1
v 15.7 11.4 -0.1
v 17.1 11.4 -0.1
v 17.4 11.4 -0.1
v 17.6 11.4 -0.1
v 17.7 11.4 -0.1
v 18.2 11.4 -0.1
v 18.3 11.4 -0.1
v 10.7 0.8 0
v 11 0.8 0
v 11.4 0.8 0
v 11.5 0.8 0
v 10.7 0.8 -0.1
v 11 0.8 -0.1
v 11.4 0.8 -0.1
v 11.5 0.8 -0.1
v 10.6 1.1 0
v 10.7 1.1 0
v 11 1.1 0
v 11.1 1.1 0
v 10.6 1.1 -0.1
v 10.7 1.1 -0.1
v 11 1.1 -0.1
v 11.1 1.1 -0.1
v 10.7 1.2 0
v 11 1.2 0
v 11.3 1.2 0
v 11.6 1.2 0
v 10.7 1.2 -0.1
v 11 1.2 -0.1
v 11.3 1.2 -0.1
v 11.6 1.2 -0.1
v 7.5 1.7 0
v 8 1.7 0
v 10.4 1.7 0
v 10.5 1.7 0
v 7.5 1.7 -0.1
v 8 1.7 -0.1
v 10.4 1.7 -0.1
v 10.5 1.7 -0.1
v 5.8 1.8 0
v 6.3 1.8 0
v 6.6 1.8 0
v 7.2 1.8 0
v 7.4 1.8 0
v 7.5 1.8 0
v 8 1.8 0
v 8.1 1.8 0
v 10.2 1.8 0
v 10.3 1.8 0
v 11.6 1.8 0
v 12.1 1.8 0
v 12.5 1.8 0
v 13.1 1.8 0
v 5.8 1.8 -0.1
v 6.3 1.8 -0.1
v 6.6 1.8 -0.1
v 7.2 1.8 -0.1
v 7.4 1.8 -0.1
v 7.5 1.8 -0.1
v 8 1.8 -0.1
v 8.1 1.8 -0.1
v 10.2 1.8 -0.1
v 10.3 1.8 -0.1
v 11.6 1.8 -0.1
v 12.1 1.8 -0.1
v 12.5 1.8 -0.1
v 13.1 1.8 -0.1
v 5.7 1.9 0
v 5.8 1.9 0
v 6.3 1.9 0
v 6.4 1.9 0
v 7.6 1.9 0
v 7.9 1.9 0
v 10 1.9 0
v 10.1 1.9 0
v 5.7 1.9 -0.1
v 5.8 1.9 -0.1
v 6.3 1.9 -0.1
v 6.4 1.9 -0.1
v 7.6 1.9 -0.1
v 7.9 1.9 -0.1
v 10 1.9 -0.1
v 10.1 1.9 -0.1
v 7.5 2 0
v 7.6 2 0
v 7.9 2 0
v 8 2 0
v 9.1 2 0
v 9.2 2 0
v 9.3 2 0
v 9.4 2 0
v 9.5 2 0
v 9.6 2 0
v 9.9 2 0
v 10 2 0
v 10.9 2 0
v 11 2 0
v 11.7 2 0
v 12 2 0
v 12.5 2 0
v 13.1 2 0
v 7.5 2 -0.1
v 7.6 2 -0.1
v 7.9 2 -0.1
v 8 2 -0.1
v 9.1 2 -0.1
v 9.2 2 -0.1
v 9.3 2 -0.1
v 9.4 2 -0.1
v 9.5 2 -0.1
v 9.6 2 -0.1
v 9.9 2 -0.1
v 10 2 -0.1
v 10.9 2 -0.1
v 11 2 -0.1
v 11.7 2 -0.1
v 12 2 -0.1
v 12.5 2 -0.1
v 13.1 2 -0.1
v 5.8 2.1 0
v 6.3 2.1 0
v 6.7 2.1 0
v 7.1 2.1 0
v 8.3 2.1 0
v 8.4 2.1 0
v 8.5 2.1 0
v 8.6 2.1 0
v 8.7 2.1 0
v 8.8 2.1 0
v 10 2.1 0
v 10.1 2.1 0
v 10.3 2.1 0
v 10.4 2.1 0
v 11.1 2.1 0
v 11.2 2.1 0
v 5.8 2.1 -0.1
v 6.3 2.1 -0.1
v 6.7 2.1 -0.1
v 7.1 2.1 -0.1
v 8.3 2.1 -0.1
v 8.4 2.1 -0.1
v 8.5 2.1 -0.1
v 8.6 2.1 -0.1
v 8.7 2.1 -0.1
v 8.8 2.1 -0.1
v 10 2.1 -0.1
v 10.1 2.1 -0.1
v 10.3 2.1 -0.1
v 10.4 2.1 -0.1
v 11.1 2.1 -0.1
v 11.2 2.1 -0.1
v 7.6 2.2 0
v 7.7 2.2 0
v 7.8 2.2 0
v 7.9 2.2 0
v 10.2 2.2 0
v 10.3 2.2 0
v 10.5 2.2 0
v 10.6 2.2 0
v 11.3 2.2 0
v 11.4 2.2 0
v 11.8 2.2 0
v 11.9 2.2 0
v 12.5 2.2 0
v 13.1 2.2 0
v 7.6 2.2 -0.1
v 7.7 2.2 -0.1
v 7.8 2.2 -0.1
v 7.9 2.2 -0.1
v 10.2 2.2 -0.1
v 10.3 2.2 -0.1
v 10.5 2.2 -0.1
v 10.6 2.2 -0.1
v 11.3 2.2 -0.1
v 11.4 2.2 -0.1
v 11.8 2.2 -0.1
v 11.9 2.2 -0.1
v 12.5 2.2 -0.1
v 13.1 2.2 -0.1
v 5.9 2.3 0
v 6 2.3 0
v 6.1 2.3 0
v 6.2 2.3 0
v 7.7 2.3 0
v 7.8 2.3 0
v 10.4 2.3 0
v 10.5 2.3 0
v 5.9 2.3 -0.1
v 6 2.3 -0.1
v 6.1 2.3 -0.1
v 6.2 2.3 -0.1
v 7.7 2.3 -0.1
v 7.8 2.3 -0.1
v 10.4 2.3 -0.1
v 10.5 2.3 -0.1
v 6 2.4 0
v 6.1 2.4 0
v 6.8 2.4 0
v 7 2.4 0
v 6 2.4 -0.1
v 6.1 2.4 -0.1
v 6.8 2.4 -0.1
v 7 2.4 -0.1
v 7.1 3.9 0
v 7.2 3.9 0
v 9.7 3.9 0
v 9.9 3.9 0
v 7.1 3.9 -0.1
v 7.2 3.9 -0.1
v 9.7 3.9 -0.1
v 9.9 3.9 -0.1
v 6.9 4 0
v 7.1 4 0
v 7.6 4 0
v 7.9 4 0
v 8.1 4 0
v 8.6 4 0
v 10.7 4 0
v 10.8 4 0
v 11.3 4 0
v 11.7 4 0
v 11.9 4 0
v 12 4 0
v 12.5 4 0
v 12.6 4 0
v 6.9 4 -0.1
v 7.1 4 -0.1
v 7.6 4 -0.1
v 7.9 4 -0.1
v 8.1 4 -0.1
v 8.6 4 -0.1
v 10.7 4 -0.1
v 10.8 4 -0.1
v 11.3 4 -0.1
v 11.7 4 -0.1
v 11.9 4 -0.1
v 12 4 -0.1
v 12.5 4 -0.1
v 12.6 4 -0.1
v 6.7 4.1 0
v 6.9 4.1 0
v 8 4.1 0
v 8.1 4.1 0
v 8.6 4.1 0
v 8.7 4.1 0
v 12 4.1 0
v 12.1 4.1 0
v 12.4 4.1 0
v 12.5 4.1 0
v 6.7 4.1 -0.1
v 6.9 4.1 -0.1
v 8 4.1 -0.1
v 8.1 4.1 -0.1
v 8.6 4.1 -0.1
v 8.7 4.1 -0.1
v 12 4.1 -0.1
v 12.1 4.1 -0.1
v 12.4 4.1 -0.1
v 12.5 4.1 -0.1
v 6.5 4.2 0
v 6.7 4.2 0
v 10.6 4.2 0
v 10.7 4.2 0
v 10.8 4.2 0
v 10.9 4.2 0
v 12.1 4.2 0
v 12.2 4.2 0
v 12.3 4.2 0
v 12.4 4.2 0
v 6.5 4.2 -0.1
v 6.7 4.2 -0.1
v 10.6 4.2 -0.1
v 10.7 4.2 -0.1
v 10.8 4.2 -0.1
v 10.9 4.2 -0.1
v 12.1 4.2 -0.1
v 12.2 4.2 -0.1
v 12.3 4.2 -0.1
v 12.4 4.2 -0.1
v 6.3 4.3 0
v 6.5 4.3 0
v 8.1 4.3 0
v 8.2 4.3 0
v 8.5 4.3 0
v 8.6 4.3 0
v 6.3 4.3 -0.1
v 6.5 4.3 -0.1
v 8.1 4.3 -0.1
v 8.2 4.3 -0.1
v 8.5 4.3 -0.1
v 8.6 4.3 -0.1
v 6.5 4.4 0
v 6.7 4.4 0
v 10.5 4.4 0
v 10.6 4.4 0
v 10.9 4.4 0
v 11 4.4 0
v 12.1 4.4 0
v 12.4 4.4 0
v 6.5 4.4 -0.1
v 6.7 4.4 -0.1
v 10.5 4.4 -0.1
v 10.6 4.4 -0.1
v 10.9 4.4 -0.1
v 11 4.4 -0.1
v 12.1 4.4 -0.1
v 12.4 4.4 -0.1
v 6.7 4.5 0
v 6.9 4.5 0
v 8.2 4.5 0
v 8.3 4.5 0
v 8.4 4.5 0
v 8.5 4.5 0
v 12 4.5 0
v 12.1 4.5 0
v 12.4 4.5 0
v 12.5 4.5 0
v 6.7 4.5 -0.1
v 6.9 4.5 -0.1
v 8.2 4.5 -0.1
v 8.3 4.5 -0.1
v 8.4 4.5 -0.1
v 8.5 4.5 -0.1
v 12 4.5 -0.1
v 12.1 4.5 -0.1
v 12.4 4.5 -0.1
v 12.5 4.5 -0.1
v 6.9 4.6 0
v 7.1 4.6 0
v 9.9 4.6 0
v 10 4.6 0
v 6.9 4.6 -0.1
v 7.1 4.6 -0.1
v 9.9 4.6 -0.1
v 10 4.6 -0.1
v 7.1 4.7 0
v 7.3 4.7 0
v 7.5 4.7 0
v 7.9 4.7 0
v 8.3 4.7 0
v 8.4 4.7 0
v 8.8 4.7 0
v 9.4 4.7 0
v 9.5 4.7 0
v 9.9 4.7 0
v 10.1 4.7 0
v 10.3 4.7 0
v 10.4 4.7 0
v 11.1 4.7 0
v 11.2 4.7 0
v 11.8 4.7 0
v 11.9 4.7 0
v 12 4.7 0
v 12.5 4.7 0
v 12.6 4.7 0
v 7.1 4.7 -0.1
v 7.3 4.7 -0.1
v 7.5 4.7 -0.1
v 7.9 4.7 -0.1
v 8.3 4.7 -0.1
v 8.4 4.7 -0.1
v 8.8 4.7 -0.1
v 9.4 4.7 -0.1
v 9.5 4.7 -0.1
v 9.9 4.7 -0.1
v 10.1 4.7 -0.1
v 10.3 4.7 -0.1
v 10.4 4.7 -0.1
v 11.1 4.7 -0.1
v 11.2 4.7 -0.1
v 11.8 4.7 -0.1
v 11.9 4.7 -0.1
v 12 4.7 -0.1
v 12.5 4.7 -0.1
v 12.6 4.7 -0.1
v 7.8 5.2 0
v 7.9 5.2 0
v 8.4 5.2 0
v 8.7 5.2 0
v 10.1 5.2 0
v 10.3 5.2 0
v 11.1 5.2 0
v 11.2 5.2 0
v 11.6 5.2 0
v 12 5.2 0
v 7.8 5.2 -0.1
v 7.9 5.2 -0.1
v 8.4 5.2 -0.1
v 8.7 5.2 -0.1
v 10.1 5.2 -0.1
v 10.3 5.2 -0.1
v 11.1 5.2 -0.1
v 11.2 5.2 -0.1
v 11.6 5.2 -0.1
v 12 5.2 -0.1
v 7.6 5.3 0
v 7.7 5.3 0
v 8.3 5.3 0
v 8.4 5.3 0
v 9.7 5.3 0
v 9.8 5.3 0
v 10.3 5.3 0
v 10.4 5.3 0
v 12.1 5.3 0
v 12.2 5.3 0
v 12.5 5.3 0
v 12.6 5.3 0
v 7.6 5.3 -0.1
v 7.7 5.3 -0.1
v 8.3 5.3 -0.1
v 8.4 5.3 -0.1
v 9.7 5.3 -0.1
v 9.8 5.3 -0.1
v 10.3 5.3 -0.1
v 10.4 5.3 -0.1
v 12.1 5.3 -0.1
v 12.2 5.3 -0.1
v 12.5 5.3 -0.1
v 12.6 5.3 -0.1
v 7.4 5.4 0
v 7.5 5.4 0
v 11 5.4 0
v 11.1 5.4 0
v 11.2 5.4 0
v 11.3 5.4 0
v 11.7 5.4 0
v 11.9 5.4 0
v 12.2 5.4 0
v 12.3 5.4 0
v 12.4 5.4 0
v 12.5 5.4 0
v 7.4 5.4 -0.1
v 7.5 5.4 -0.1
v 11 5.4 -0.1
v 11.1 5.4 -0.1
v 11.2 5.4 -0.1
v 11.3 5.4 -0.1
v 11.7 5.4 -0.1
v 11.9 5.4 -0.1
v 12.2 5.4 -0.1
v 12.3 5.4 -0.1
v 12.4 5.4 -0.1
v 12.5 5.4 -0.1
v 7.3 5.5 0
v 7.4 5.5 0
v 8.9 5.5 0
v 9.2 5.5 0
v 12.3 5.5 0
v 12.4 5.5 0
v 7.3 5.5 -0.1
v 7.4 5.5 -0.1
v 8.9 5.5 -0.1
v 9.2 5.5 -0.1
v 12.3 5.5 -0.1
v 12.4 5.5 -0.1
v 7.4 5.6 0
v 7.5 5.6 0
v 7.7 5.6 0
v 7.8 5.6 0
v 8.2 5.6 0
v 8.3 5.6 0
v 9.6 5.6 0
v 9.7 5.6 0
v 10.4 5.6 0
v 10.5 5.6 0
v 10.6 5.6 0
v 10.7 5.6 0
v 10.9 5.6 0
v 11 5.6 0
v 11.3 5.6 0
v 11.4 5.6 0
v 12.2 5.6 0
v 12.3 5.6 0
v 12.4 5.6 0
v 12.5 5.6 0
v 7.4 5.6 -0.1
v 7.5 5.6 -0.1
v 7.7 5.6 -0.1
v 7.8 5.6 -0.1
v 8.2 5.6 -0.1
v 8.3 5.6 -0.1
v 9.6 5.6 -0.1
v 9.7 5.6 -0.1
v 10.4 5.6 -0.1
v 10.5 5.6 -0.1
v 10.6 5.6 -0.1
v 10.7 5.6 -0.1
v 10.9 5.6 -0.1
v 11 5.6 -0.1
v 11.3 5.6 -0.1
v 11.4 5.6 -0.1
v 12.2 5.6 -0.1
v 12.3 5.6 -0.1
v 12.4 5.6 -0.1
v 12.5 5.6 -0.1
v 7.6 5.7 0
v 7.7 5.7 0
v 7.9 5.7 0
v 8 5.7 0
v 8.3 5.7 0
v 8.4 5.7 0
v 8.8 5.7 0
v 8.9 5.7 0
v 9.2 5.7 0
v 9.3 5.7 0
v 10.3 5.7 0
v 10.4 5.7 0
v 7.6 5.7 -0.1
v 7.7 5.7 -0.1
v 7.9 5.7 -0.1
v 8 5.7 -0.1
v 8.3 5.7 -0.1
v 8.4 5.7 -0.1
v 8.8 5.7 -0.1
v 8.9 5.7 -0.1
v 9.2 5.7 -0.1
v 9.3 5.7 -0.1
v 10.3 5.7 -0.1
v 10.4 5.7 -0.1
v 7.8 5.8 0
v 7.9 5.8 0
v 8.4 5.8 0
v 8.7 5.8 0
v 8.9 5.8 0
v 9.2 5.8 0
v 9.4 5.8 0
v 9.6 5.8 0
v 9.8 5.8 0
v 9.9 5.8 0
v 10 5.8 0
v 10.3 5.8 0
v 10.6 5.8 0
v 10.7 5.8 0
v 10.8 5.8 0
v 10.9 5.8 0
v 11.4 5.8 0
v 11.5 5.8 0
v 11.6 5.8 0
v 12 5.8 0
v 12.1 5.8 0
v 12.2 5.8 0
v 12.5 5.8 0
v 12.6 5.8 0
v 7.8 5.8 -0.1
v 7.9 5.8 -0.1
v 8.4 5.8 -0.1
v 8.7 5.8 -0.1
v 8.9 5.8 -0.1
v 9.2 5.8 -0.1
v 9.4 5.8 -0.1
v 9.6 5.8 -0.1
v 9.8 5.8 -0.1
v 9.9 5.8 -0.1
v 10 5.8 -0.1
v 10.3 5.8 -0.1
v 10.6 5.8 -0.1
v 10.7 5.8 -0.1
v 10.8 5.8 -0.1
v 10.9 5.8 -0.1
v 11.4 5.8 -0.1
v 11.5 5.8 -0.1
v 11.6 5.8 -0.1
v 12 5.8 -0.1
v 12.1 5.8 -0.1
v 12.2 5.8 -0.1
v 12.5 5.8 -0.1
v 12.6 5.8 -0.1
v 11.9 6.2 0
v 12 6.2 0
v 11.9 6.2 -0.1
v 12 6.2 -0.1
v 7.6 6.3 0
v 7.7 6.3 0
v 7.8 6.3 0
v 7.9 6.3 0
v 8.2 6.3 0
v 8.4 6.3 0
v 8.5 6.3 0
v 8.6 6.3 0
v 8.8 6.3 0
v 9 6.3 0
v 9.5 6.3 0
v 9.6 6.3 0
v 9.8 6.3 0
v 9.9 6.3 0
v 10 6.3 0
v 10.1 6.3 0
v 10.5 6.3 0
v 10.7 6.3 0
v 11 6.3 0
v 11.4 6.3 0
v 11.6 6.3 0
v 11.7 6.3 0
v 11.8 6.3 0
v 11.9 6.3 0
v 7.6 6.3 -0.1
v 7.7 6.3 -0.1
v 7.8 6.3 -0.1
v 7.9 6.3 -0.1
v 8.2 6.3 -0.1
v 8.4 6.3 -0.1
v 8.5 6.3 -0.1
v 8.6 6.3 -0.1
v 8.8 6.3 -0.1
v 9 6.3 -0.1
v 9.5 6.3 -0.1
v 9.6 6.3 -0.1
v 9.8 6.3 -0.1
v 9.9 6.3 -0.1
v 10 6.3 -0.1
v 10.1 6.3 -0.1
v 10.5 6.3 -0.1
v 10.7 6.3 -0.1
v 11 6.3 -0.1
v 11.4 6.3 -0.1
v 11.6 6.3 -0.1
v 11.7 6.3 -0.1
v 11.8 6.3 -0.1
v 11.9 6.3 -0.1
v 7.4 6.4 0
v 7.6 6.4 0
v 11.7 6.4 0
v 11.8 6.4 0
v 7.4 6.4 -0.1
v 7.6 6.4 -0.1
v 11.7 6.4 -0.1
v 11.8 6.4 -0.1
v 7.2 6.5 0
v 7.3 6.5 0
v 7.7 6.5 0
v 7.8 6.5 0
v 8.4 6.5 0
v 8.5 6.5 0
v 8.7 6.5 0
v 9 6.5 0
v 10.4 6.5 0
v 10.5 6.5 0
v 11.1 6.5 0
v 11.2 6.5 0
v 11.6 6.5 0
v 11.7 6.5 0
v 11.8 6.5 0
v 12 6.5 0
v 7.2 6.5 -0.1
v 7.3 6.5 -0.1
v 7.7 6.5 -0.1
v 7.8 6.5 -0.1
v 8.4 6.5 -0.1
v 8.5 6.5 -0.1
v 8.7 6.5 -0.1
v 9 6.5 -0.1
v 10.4 6.5 -0.1
v 10.5 6.5 -0.1
v 11.1 6.5 -0.1
v 11.2 6.5 -0.1
v 11.6 6.5 -0.1
v 11.7 6.5 -0.1
v 11.8 6.5 -0.1
v 12 6.5 -0.1
v 7.4 6.6 0
v 7.6 6.6 0
v 7.8 6.6 0
v 7.9 6.6 0
v 10.2 6.6 0
v 10.3 6.6 0
v 7.4 6.6 -0.1
v 7.6 6.6 -0.1
v 7.8 6.6 -0.1
v 7.9 6.6 -0.1
v 10.2 6.6 -0.1
v 10.3 6.6 -0.1
v 7.6 6.7 0
v 7.7 6.7 0
v 8.1 6.7 0
v 8.6 6.7 0
v 8.7 6.7 0
v 8.8 6.7 0
v 8.9 6.7 0
v 9.1 6.7 0
v 9.2 6.7 0
v 9.6 6.7 0
v 9.7 6.7 0
v 10 6.7 0
v 10.4 6.7 0
v 10.5 6.7 0
v 10.7 6.7 0
v 10.8 6.7 0
v 10.9 6.7 0
v 11.4 6.7 0
v 11.5 6.7 0
v 11.6 6.7 0
v 11.9 6.7 0
v 12 6.7 0
v 7.6 6.7 -0.1
v 7.7 6.7 -0.1
v 8.1 6.7 -0.1
v 8.6 6.7 -0.1
v 8.7 6.7 -0.1
v 8.8 6.7 -0.1
v 8.9 6.7 -0.1
v 9.1 6.7 -0.1
v 9.2 6.7 -0.1
v 9.6 6.7 -0.1
v 9.7 6.7 -0.1
v 10 6.7 -0.1
v 10.4 6.7 -0.1
v 10.5 6.7 -0.1
v 10.7 6.7 -0.1
v 10.8 6.7 -0.1
v 10.9 6.7 -0.1
v 11.4 6.7 -0.1
v 11.5 6.7 -0.1
v 11.6 6.7 -0.1
v 11.9 6.7 -0.1
v 12 6.7 -0.1
v 7.8 6.8 0
v 7.9 6.8 0
v 10 6.8 0
v 10.1 6.8 0
v 10.2 6.8 0
v 10.3 6.8 0
v 7.8 6.8 -0.1
v 7.9 6.8 -0.1
v 10 6.8 -0.1
v 10.1 6.8 -0.1
v 10.2 6.8 -0.1
v 10.3 6.8 -0.1
v 7.3 7.2 0
v 7.4 7.2 0
v 8.4 7.2 0
v 8.5 7.2 0
v 8.6 7.2 0
v 8.7 7.2 0
v 9.1 7.2 0
v 9.2 7.2 0
v 9.3 7.2 0
v 9.4 7.2 0
v 10.5 7.2 0
v 10.8 7.2 0
v 11.1 7.2 0
v 11.3 7.2 0
v 11.4 7.2 0
v 11.5 7.2 0
v 7.3 7.2 -0.1
v 7.4 7.2 -0.1
v 8.4 7.2 -0.1
v 8.5 7.2 -0.1
v 8.6 7.2 -0.1
v 8.7 7.2 -0.1
v 9.1 7.2 -0.1
v 9.2 7.2 -0.1
v 9.3 7.2 -0.1
v 9.4 7.2 -0.1
v 10.5 7.2 -0.1
v 10.8 7.2 -0.1
v 11.1 7.2 -0.1
v 11.3 7.2 -0.1
v 11.4 7.2 -0.1
v 11.5 7.2 -0.1
v 9.5 7.3 0
v 9.6 7.3 0
v 10.9 7.3 0
v 11 7.3 0
v 11.7 7.3 0
v 11.8 7.3 0
v 9.5 7.3 -0.1
v 9.6 7.3 -0.1
v 10.9 7.3 -0.1
v 11 7.3 -0.1
v 11.7 7.3 -0.1
v 11.8 7.3 -0.1
v 11.6 7.4 0
v 11.7 7.4 0
v 11.6 7.4 -0.1
v 11.7 7.4 -0.1
v 7.3 7.5 0
v 7.4 7.5 0
v 7.5 7.5 0
v 7.6 7.5 0
v 7.7 7.5 0
v 7.9 7.5 0
v 8.1 7.5 0
v 8.3 7.5 0
v 8.4 7.5 0
v 8.5 7.5 0
v 8.6 7.5 0
v 9 7.5 0
v 9.1 7.5 0
v 9.4 7.5 0
v 9.7 7.5 0
v 9.9 7.5 0
v 10 7.5 0
v 10.3 7.5 0
v 10.4 7.5 0
v 10.6 7.5 0
v 10.7 7.5 0
v 10.8 7.5 0
v 10.9 7.5 0
v 11.1 7.5 0
v 11.2 7.5 0
v 11.3 7.5 0
v 11.4 7.5 0
v 11.6 7.5 0
v 11.7 7.5 0
v 11.8 7.5 0
v 7.3 7.5 -0.1
v 7.4 7.5 -0.1
v 7.5 7.5 -0.1
v 7.6 7.5 -0.1
v 7.7 7.5 -0.1
v 7.9 7.5 -0.1
v 8.1 7.5 -0.1
v 8.3 7.5 -0.1
v 8.4 7.5 -0.1
v 8.5 7.5 -0.1
v 8.6 7.5 -0.1
v 9 7.5 -0.1
v 9.1 7.5 -0.1
v 9.4 7.5 -0.1
v 9.7 7.5 -0.1
v 9.9 7.5 -0.1
v 10 7.5 -0.1
v 10.3 7.5 -0.1
v 10.4 7.5 -0.1
v 10.6 7.5 -0.1
v 10.7 7.5 -0.1
v 10.8 7.5 -0.1
v 10.9 7.5 -0.1
v 11.1 7.5 -0.1
v 11.2 7.5 -0.1
v 11.3 7.5 -0.1
v 11.4 7.5 -0.1
v 11.6 7.5 -0.1
v 11.7 7.5 -0.1
v 11.8 7.5 -0.1
v 7.7 8.1 0
v 7.8 8.1 0
v 8.2 8.1 0
v 8.5 8.1 0
v 9.7 8.1 0
v 9.9 8.1 0
v 10.5 8.1 0
v 10.6 8.1 0
v 10.9 8.1 0
v 11.1 8.1 0
v 7.7 8.1 -0.1
v 7.8 8.1 -0.1
v 8.2 8.1 -0.1
v 8.5 8.1 -0.1
v 9.7 8.1 -0.1
v 9.9 8.1 -0.1
v 10.5 8.1 -0.1
v 10.6 8.1 -0.1
v 10.9 8.1 -0.1
v 11.1 8.1 -0.1
v 7.5 8.2 0
v 7.7 8.2 0
v 8.7 8.2 0
v 8.8 8.2 0
v 11.3 8.2 0
v 11.4 8.2 0
v 11.6 8.2 0
v 11.7 8.2 0
v 7.5 8.2 -0.1
v 7.7 8.2 -0.1
v 8.7 8.2 -0.1
v 8.8 8.2 -0.1
v 11.3 8.2 -0.1
v 11.4 8.2 -0.1
v 11.6 8.2 -0.1
v 11.7 8.2 -0.1
v 7.3 8.3 0
v 7.4 8.3 0
v 7.8 8.3 0
v 7.9 8.3 0
v 8.1 8.3 0
v 8.2 8.3 0
v 9.6 8.3 0
v 9.7 8.3 0
v 10.1 8.3 0
v 10.2 8.3 0
v 11.5 8.3 0
v 11.6 8.3 0
v 7.3 8.3 -0.1
v 7.4 8.3 -0.1
v 7.8 8.3 -0.1
v 7.9 8.3 -0.1
v 8.1 8.3 -0.1
v 8.2 8.3 -0.1
v 9.6 8.3 -0.1
v 9.7 8.3 -0.1
v 10.1 8.3 -0.1
v 10.2 8.3 -0.1
v 11.5 8.3 -0.1
v 11.6 8.3 -0.1
v 7.5 8.4 0
v 7.7 8.4 0
v 8.6 8.4 0
v 8.7 8.4 0
v 8.9 8.4 0
v 9 8.4 0
v 9.1 8.4 0
v 9.2 8.4 0
v 9.4 8.4 0
v 9.5 8.4 0
v 9.9 8.4 0
v 10 8.4 0
v 10.8 8.4 0
v 10.9 8.4 0
v 11.1 8.4 0
v 11.2 8.4 0
v 7.5 8.4 -0.1
v 7.7 8.4 -0.1
v 8.6 8.4 -0.1
v 8.7 8.4 -0.1
v 8.9 8.4 -0.1
v 9 8.4 -0.1
v 9.1 8.4 -0.1
v 9.2 8.4 -0.1
v 9.4 8.4 -0.1
v 9.5 8.4 -0.1
v 9.9 8.4 -0.1
v 10 8.4 -0.1
v 10.8 8.4 -0.1
v 10.9 8.4 -0.1
v 11.1 8.4 -0.1
v 11.2 8.4 -0.1
v 7.7 8.5 0
v 7.8 8.5 0
v 8.2 8.5 0
v 8.5 8.5 0
v 8.7 8.5 0
v 8.9 8.5 0
v 9.2 8.5 0
v 9.4 8.5 0
v 9.6 8.5 0
v 9.9 8.5 0
v 10.1 8.5 0
v 10.2 8.5 0
v 10.3 8.5 0
v 10.4 8.5 0
v 10.6 8.5 0
v 10.7 8.5 0
v 10.9 8.5 0
v 11.1 8.5 0
v 11.3 8.5 0
v 11.4 8.5 0
v 11.6 8.5 0
v 11.7 8.5 0
v 7.7 8.5 -0.1
v 7.8 8.5 -0.1
v 8.2 8.5 -0.1
v 8.5 8.5 -0.1
v 8.7 8.5 -0.1
v 8.9 8.5 -0.1
v 9.2 8.5 -0.1
v 9.4 8.5 -0.1
v 9.6 8.5 -0.1
v 9.9 8.5 -0.1
v 10.1 8.5 -0.1
v 10.2 8.5 -0.1
v 10.3 8.5 -0.1
v 10.4 8.5 -0.1
v 10.6 8.5 -0.1
v 10.7 8.5 -0.1
v 10.9 8.5 -0.1
v 11.1 8.5 -0.1
v 11.3 8.5 -0.1
v 11.4 8.5 -0.1
v 11.6 8.5 -0.1
v 11.7 8.5 -0.1
v 8.2 9 0
v 8.3 9 0
v 8.5 9 0
v 8.6 9 0
v 9.3 9 0
v 9.4 9 0
v 9.9 9 0
v 10 9 0
v 10.3 9 0
v 10.4 9 0
v 10.6 9 0
v 10.7 9 0
v 10.8 9 0
v 10.9 9 0
v 8.2 9 -0.1
v 8.3 9 -0.1
v 8.5 9 -0.1
v 8.6 9 -0.1
v 9.3 9 -0.1
v 9.4 9 -0.1
v 9.9 9 -0.1
v 10 9 -0.1
v 10.3 9 -0.1
v 10.4 9 -0.1
v 10.6 9 -0.1
v 10.7 9 -0.1
v 10.8 9 -0.1
v 10.9 9 -0.1
v 7.4 9.1 0
v 7.5 9.1 0
v 7.6 9.1 0
v 7.7 9.1 0
v 7.8 9.1 0
v 7.9 9.1 0
v 8.4 9.1 0
v 8.5 9.1 0
v 10.7 9.1 0
v 10.8 9.1 0
v 7.4 9.1 -0.1
v 7.5 9.1 -0.1
v 7.6 9.1 -0.1
v 7.7 9.1 -0.1
v 7.8 9.1 -0.1
v 7.9 9.1 -0.1
v 8.4 9.1 -0.1
v 8.5 9.1 -0.1
v 10.7 9.1 -0.1
v 10.8 9.1 -0.1
v 8.1 9.2 0
v 8.3 9.2 0
v 8.5 9.2 0
v 8.7 9.2 0
v 8.8 9.2 0
v 9.1 9.2 0
v 9.2 9.2 0
v 9.4 9.2 0
v 9.6 9.2 0
v 9.7 9.2 0
v 9.8 9.2 0
v 9.9 9.2 0
v 10 9.2 0
v 10.1 9.2 0
v 10.2 9.2 0
v 10.5 9.2 0
v 10.6 9.2 0
v 10.7 9.2 0
v 10.8 9.2 0
v 10.9 9.2 0
v 8.1 9.2 -0.1
v 8.3 9.2 -0.1
v 8.5 9.2 -0.1
v 8.7 9.2 -0.1
v 8.8 9.2 -0.1
v 9.1 9.2 -0.1
v 9.2 9.2 -0.1
v 9.4 9.2 -0.1
v 9.6 9.2 -0.1
v 9.7 9.2 -0.1
v 9.8 9.2 -0.1
v 9.9 9.2 -0.1
v 10 9.2 -0.1
v 10.1 9.2 -0.1
v 10.2 9.2 -0.1
v 10.5 9.2 -0.1
v 10.6 9.2 -0.1
v 10.7 9.2 -0.1
v 10.8 9.2 -0.1
v 10.9 9.2 -0.1
v 9.4 9.3 0
v 9.5 9.3 0
v 9.4 9.3 -0.1
v 9.5 9.3 -0.1
v 8.2 9.7 0
v 8.4 9.7 0
v 9.4 9.7 0
v 9.5 9.7 0
v 9.7 9.7 0
v 9.8 9.7 0
v 9.9 9.7 0
v 10 9.7 0
v 10.2 9.7 0
v 10.3 9.7 0
v 10.6 9.7 0
v 10.7 9.7 0
v 8.2 9.7 -0.1
v 8.4 9.7 -0.1
v 9.4 9.7 -0.1
v 9.5 9.7 -0.1
v 9.7 9.7 -0.1
v 9.8 9.7 -0.1
v 9.9 9.7 -0.1
v 10 9.7 -0.1
v 10.2 9.7 -0.1
v 10.3 9.7 -0.1
v 10.6 9.7 -0.1
v 10.7 9.7 -0.1
v 8.6 9.8 0
v 8.7 9.8 0
v 10.9 9.8 0
v 11 9.8 0
v 11.1 9.8 0
v 11.2 9.8 0
v 8.6 9.8 -0.1
v 8.7 9.8 -0.1
v 10.9 9.8 -0.1
v 11 9.8 -0.1
v 11.1 9.8 -0.1
v 11.2 9.8 -0.1
v 8.1 9.9 0
v 8.2 9.9 0
v 9.1 9.9 0
v 9.2 9.9 0
v 9.5 9.9 0
v 9.6 9.9 0
v 11 9.9 0
v 11.1 9.9 0
v 8.1 9.9 -0.1
v 8.2 9.9 -0.1
v 9.1 9.9 -0.1
v 9.2 9.9 -0.1
v 9.5 9.9 -0.1
v 9.6 9.9 -0.1
v 11 9.9 -0.1
v 11.1 9.9 -0.1
v 7.4 10 0
v 7.5 10 0
v 7.6 10 0
v 7.7 10 0
v 7.8 10 0
v 7.9 10 0
v 8.2 10 0
v 8.4 10 0
v 8.5 10 0
v 8.8 10 0
v 8.9 10 0
v 9.1 10 0
v 9.3 10 0
v 9.5 10 0
v 9.7 10 0
v 10 10 0
v 10.1 10 0
v 10.2 10 0
v 10.3 10 0
v 10.4 10 0
v 10.5 10 0
v 10.8 10 0
v 10.9 10 0
v 11 10 0
v 11.1 10 0
v 11.2 10 0
v 7.4 10 -0.1
v 7.5 10 -0.1
v 7.6 10 -0.1
v 7.7 10 -0.1
v 7.8 10 -0.1
v 7.9 10 -0.1
v 8.2 10 -0.1
v 8.4 10 -0.1
v 8.5 10 -0.1
v 8.8 10 -0.1
v 8.9 10 -0.1
v 9.1 10 -0.1
v 9.3 10 -0.1
v 9.5 10 -0.1
v 9.7 10 -0.1
v 10 10 -0.1
v 10.1 10 -0.1
v 10.2 10 -0.1
v 10.3 10 -0.1
v 10.4 10 -0.1
v 10.5 10 -0.1
v 10.8 10 -0.1
v 10.9 10 -0.1
v 11 10 -0.1
v 11.1 10 -0.1
v 11.2 10 -0.1
v 8.2 10.5 0
v 8.4 10.5 0
v 8.6 10.5 0
v 8.7 10.5 0
v 9.9 10.5 0
v 10 10.5 0
v 10.3 10.5 0
v 10.4 10.5 0
v 10.6 10.5 0
v 10.7 10.5 0
v 10.8 10.5 0
v 10.9 10.5 0
v 8.2 10.5 -0.1
v 8.4 10.5 -0.1
v 8.6 10.5 -0.1
v 8.7 10.5 -0.1
v 9.9 10.5 -0.1
v 10 10.5 -0.1
v 10.3 10.5 -0.1
v 10.4 10.5 -0.1
v 10.6 10.5 -0.1
v 10.7 10.5 -0.1
v 10.8 10.5 -0.1
v 10.9 10.5 -0.1
v 7.4 10.6 0
v 7.5 10.6 0
v 7.6 10.6 0
v 7.7 10.6 0
v 7.8 10.6 0
v 7.9 10.6 0
v 8.1 10.6 0
v 8.2 10.6 0
v 8.5 10.6 0
v 8.6 10.6 0
v 9.1 10.6 0
v 9.2 10.6 0
v 9.3 10.6 0
v 9.4 10.6 0
v 9.6 10.6 0
v 9.7 10.6 0
v 9.8 10.6 0
v 9.9 10.6 0
v 10 10.6 0
v 10.1 10.6 0
v 10.2 10.6 0
v 10.3 10.6 0
v 10.4 10.6 0
v 10.5 10.6 0
v 10.7 10.6 0
v 10.8 10.6 0
v 7.4 10.6 -0.1
v 7.5 10.6 -0.1
v 7.6 10.6 -0.1
v 7.7 10.6 -0.1
v 7.8 10.6 -0.1
v 7.9 10.6 -0.1
v 8.1 10.6 -0.1
v 8.2 10.6 -0.1
v 8.5 10.6 -0.1
v 8.6 10.6 -0.1
v 9.1 10.6 -0.1
v 9.2 10.6 -0.1
v 9.3 10.6 -0.1
v 9.4 10.6 -0.1
v 9.6 10.6 -0.1
v 9.7 10.6 -0.1
v 9.8 10.6 -0.1
v 9.9 10.6 -0.1
v 10 10.6 -0.1
v 10.1 10.6 -0.1
v 10.2 10.6 -0.1
v 10.3 10.6 -0.1
v 10.4 10.6 -0.1
v 10.5 10.6 -0.1
v 10.7 10.6 -0.1
v 10.8 10.6 -0.1
v 8.2 10.7 0
v 8.4 10.7 0
v 8.6 10.7 0
v 8.8 10.7 0
v 8.9 10.7 0
v 9.1 10.7 0
v 9.4 10.7 0
v 9.5 10.7 0
v 10.3 10.7 0
v 10.4 10.7 0
v 10.6 10.7 0
v 10.7 10.7 0
v 10.8 10.7 0
v 10.9 10.7 0
v 8.2 10.7 -0.1
v 8.4 10.7 -0.1
v 8.6 10.7 -0.1
v 8.8 10.7 -0.1
v 8.9 10.7 -0.1
v 9.1 10.7 -0.1
v 9.4 10.7 -0.1
v 9.5 10.7 -0.1
v 10.3 10.7 -0.1
v 10.4 10.7 -0.1
v 10.6 10.7 -0.1
v 10.7 10.7 -0.1
v 10.8 10.7 -0.1
v 10.9 10.7 -0.1
v 13.4 10.9 0
v 13.7 10.9 0
v 14.7 10.9 0
v 15 10.9 0
v 15.5 10.9 0
v 15.7 10.9 0
v 16.5 10.9 0
v 16.6 10.9 0
v 17.1 10.9 0
v 17.4 10.9 0
v 17.6 10.9 0
v 17.7 10.9 0
v 18.2 10.9 0
v 18.3 10.9 0
v 13.4 10.9 -0.1
v 13.7 10.9 -0.1
v 14.7 10.9 -0.1
v 15 10.9 -0.1
v 15.5 10.9 -0.1
v 15.7 10.9 -0.1
v 16.5 10.9 -0.1
v 16.6 10.9 -0.1
v 17.1 10.9 -0.1
v 17.4 10.9 -0.1
v 17.6 10.9 -0.1
v 17.7 10.9 -0.1
v 18.2 10.9 -0.1
v 18.3 10.9 -0.1
v 13.3 11 0
v 13.4 11 0
v 13.7 11 0
v 13.8 11 0
v 13.9 11 0
v 14 11 0
v 14.5 11 0
v 14.6 11 0
v 15 11 0
v 15.1 11 0
v 15.7 11 0
v 15.8 11 0
v 17.7 11 0
v 17.8 11 0
v 18.1 11 0
v 18.2 11 0
v 13.3 11 -0.1
v 13.4 11 -0.1
v 13.7 11 -0.1
v 13.8 11 -0.1
v 13.9 11 -0.1
v 14 11 -0.1
v 14.5 11 -0.1
v 14.6 11 -0.1
v 15 11 -0.1
v 15.1 11 -0.1
v 15.7 11 -0.1
v 15.8 11 -0.1
v 17.7 11 -0.1
v 17.8 11 -0.1
v 18.1 11 -0.1
v 18.2 11 -0.1
v 14.8 11.1 0
v 14.9 11.1 0
v 16.4 11.1 0
v 16.5 11.1 0
v 16.6 11.1 0
v 16.7 11.1 0
v 17.8 11.1 0
v 17.9 11.1 0
v 18 11.1 0
v 18.1 11.1 0
v 14.8 11.1 -0.1
v 14.9 11.1 -0.1
v 16.4 11.1 -0.1
v 16.5 11.1 -0.1
v 16.6 11.1 -0.1
v 16.7 11.1 -0.1
v 17.8 11.1 -0.1
v 17.9 11.1 -0.1
v 18 11.1 -0.1
v 18.1 11.1 -0.1
v 8.2 11.2 0
v 8.4 11.2 0
v 9.4 11.2 0
v 9.5 11.2 0
v 9.7 11.2 0
v 9.8 11.2 0
v 9.9 11.2 0
v 10 11.2 0
v 10.2 11.2 0
v 10.3 11.2 0
v 10.6 11.2 0
v 10.7 11.2 0
v 10.9 11.2 0
v 11 11.2 0
v 11.1 11.2 0
v 11.2 11.2 0
v 14 11.2 0
v 14.1 11.2 0
v 14.4 11.2 0
v 14.5 11.2 0
v 15.1 11.2 0
v 15.2 11.2 0
v 17.9 11.2 0
v 18 11.2 0
v 8.2 11.2 -0.1
v 8.4 11.2 -0.1
v 9.4 11.2 -0.1
v 9.5 11.2 -0.1
v 9.7 11.2 -0.1
v 9.8 11.2 -0.1
v 9.9 11.2 -0.1
v 10 11.2 -0.1
v 10.2 11.2 -0.1
v 10.3 11.2 -0.1
v 10.6 11.2 -0.1
v 10.7 11.2 -0.1
v 10.9 11.2 -0.1
v 11 11.2 -0.1
v 11.1 11.2 -0.1
v 11.2 11.2 -0.1
v 14 11.2 -0.1
v 14.1 11.2 -0.1
v 14.4 11.2 -0.1
v 14.5 11.2 -0.1
v 15.1 11.2 -0.1
v 15.2 11.2 -0.1
v 17.9 11.2 -0.1
v 18 11.2 -0.1
v 8.5 11.3 0
v 8.6 11.3 0
v 8.7 11.3 0
v 8.8 11.3 0
v 9.5 11.3 0
v 9.6 11.3 0
v 11 11.3 0
v 11.1 11.3 0
v 13.2 11.3 0
v 13.3 11.3 0
v 15 11.3 0
v 15.1 11.3 0
v 15.8 11.3 0
v 15.9 11.3 0
v 16.3 11.3 0
v 16.4 11.3 0
v 16.7 11.3 0
v 16.8 11.3 0
v 17.8 11.3 0
v 17.9 11.3 0
v 18 11.3 0
v 18.1 11.3 0
v 8.5 11.3 -0.1
v 8.6 11.3 -0.1
v 8.7 11.3 -0.1
v 8.8 11.3 -0.1
v 9.5 11.3 -0.1
v 9.6 11.3 -0.1
v 11 11.3 -0.1
v 11.1 11.3 -0.1
v 13.2 11.3 -0.1
v 13.3 11.3 -0.1
v 15 11.3 -0.1
v 15.1 11.3 -0.1
v 15.8 11.3 -0.1
v 15.9 11.3 -0.1
v 16.3 11.3 -0.1
v 16.4 11.3 -0.1
v 16.7 11.3 -0.1
v 16.8 11.3 -0.1
v 17.8 11.3 -0.1
v 17.9 11.3 -0.1
v 18 11.3 -0.1
v 18.1 11.3 -0.1
v 7.4 11.4 0
v 7.5 11.4 0
v 7.6 11.4 0
v 7.7 11.4 0
v 7.8 11.4 0
v 7.9 11.4 0
v 8.1 11.4 0
v 8.4 11.4 0
v 8.6 11.4 0
v 8.7 11.4 0
v 8.9 11.4 0
v 9.2 11.4 0
v 9.3 11.4 0
v 9.5 11.4 0
v 9.7 11.4 0
v 10 11.4 0
v 10.1 11.4 0
v 10.2 11.4 0
v 10.3 11.4 0
v 10.4 11.4 0
v 10.5 11.4 0
v 10.8 11.4 0
v 10.9 11.4 0
v 11 11.4 0
v 11.1 11.4 0
v 11.2 11.4 0
v 13.3 11.4 0
v 13.4 11.4 0
v 13.7 11.4 0
v 13.8 11.4 0
v 14.1 11.4 0
v 14.2 11.4 0
v 14.3 11.4 0
v 14.4 11.4 0
v 14.9 11.4 0
v 15 11.4 0
v 15.7 11.4 0
v 15.8 11.4 0
v 17 11.4 0
v 17.1 11.4 0
v 17.4 11.4 0
v 17.5 11.4 0
v 17.7 11.4 0
v 17.8 11.4 0
v 18.1 11.4 0
v 18.2 11.4 0
v 7.4 11.4 -0.1
v 7.5 11.4 -0.1
v 7.6 11.4 -0.1
v 7.7 11.4 -0.1
v 7.8 11.4 -0.1
v 7.9 11.4 -0.1
v 8.1 11.4 -0.1
v 8.4 11.4 -0.1
v 8.6 11.4 -0.1
v 8.7 11.4 -0.1
v 8.9 11.4 -0.1
v 9.2 11.4 -0.1
v 9.3 11.4 -0.1
v 9.5 11.4 -0.1
v 9.7 11.4 -0.1
v 10 11.4 -0.1
v 10.1 11.4 -0.1
v 10.2 11.4 -0.1
v 10.3 11.4 -0.1
v 10.4 11.4 -0.1
v 10.5 11.4 -0.1
v 10.8 11.4 -0.1
v 10.9 11.4 -0.1
v 11 11.4 -0.1
v 11.1 11.4 -0.1
v 11.2 11.4 -0.1
v 13.3 11.4 -0.1
v 13.4 11.4 -0.1
v 13.7 11.4 -0.1
v 13.8 11.4 -0.1
v 14.1 11.4 -0.1
v 14.2 11.4 -0.1
v 14.3 11.4 -0.1
v 14.4 11.4 -0.1
v 14.9 11.4 -0.1
v 15 11.4 -0.1
v 15.7 11.4 -0.1
v 15.8 11.4 -0.1
v 17 11.4 -0.1
v 17.1 11.4 -0.1
v 17.4 11.4 -0.1
v 17.5 11.4 -0.1
v 17.7 11.4 -0.1
v 17.8 11.4 -0.1
v 18.1 11.4 -0.1
v 18.2 11.4 -0.1
v 13.4 11.5 0
v 13.7 11.5 0
v 14.2 11.5 0
v 14.3 11.5 0
v 14.7 11.5 0
v 14.9 11.5 0
v 15.2 11.5 0
v 15.3 11.5 0
v 15.4 11.5 0
v 15.7 11.5 0
v 16 11.5 0
v 16.1 11.5 0
v 16.2 11.5 0
v 16.3 11.5 0
v 16.8 11.5 0
v 16.9 11.5 0
v 17.1 11.5 0
v 17.4 11.5 0
v 17.6 11.5 0
v 17.7 11.5 0
v 18.2 11.5 0
v 18.3 11.5 0
v 13.4 11.5 -0.1
v 13.7 11.5 -0.1
v 14.2 11.5 -0.1
v 14.3 11.5 -0.1
v 14.7 11.5 -0.1
v 14.9 11.5 -0.1
v 15.2 11.5 -0.1
v 15.3 11.5 -0.1
v 15.4 11.5 -0.1
v 15.7 11.5 -0.1
v 16 11.5 -0.1
v 16.1 11.5 -0.1
v 16.2 11.5 -0.1
v 16.3 11.5 -0.1
v 16.8 11.5 -0.1
v 16.9 11.5 -0.1
v 17.1 11.5 -0.1
v 17.4 11.5 -0.1
v 17.6 11.5 -0.1
v 17.7 11.5 -0.1
v 18.2 11.5 -0.1
v 18.3 11.5 -0.1

# faces
f 3/4/1 2/4/1 1/4/1
f 4/4/1 2/4/1 3/4/1
f 7/4/1 6/4/1 5/4/1
f 8/4/1 6/4/1 7/4/1
f 11/3/1 10/3/1 9/3/1
f 12/3/1 10/3/1 11/3/1
f 15/3/1 14/3/1 13/3/1
f 16/3/1 14/3/1 15/3/1
f 19/7/1 18/7/1 17/7/1
f 20/7/1 18/7/1 19/7/1
f 23/7/1 22/7/1 21/7/1
f 24/7/1 22/7/1 23/7/1
f 27/4/1 26/4/1 25/4/1
f 28/4/1 26/4/1 27/4/1
f 31/7/1 30/7/1 29/7/1
f 32/7/1 30/7/1 31/7/1
f 35/7/1 34/7/1 33/7/1
f 36/7/1 34/7/1 35/7/1
f 39/7/1 38/7/1 37/7/1
f 40/7/1 38/7/1 39/7/1
f 43/4/1 42/4/1 41/4/1
f 44/4/1 42/4/1 43/4/1
f 47/3/1 46/3/1 45/3/1
f 48/3/1 46/3/1 47/3/1
f 51/3/1 50/3/1 49/3/1
f 52/3/1 50/3/1 51/3/1
f 55/3/1 54/3/1 53/3/1
f 56/3/1 54/3/1 55/3/1
f 59/7/1 58/7/1 57/7/1
f 60/7/1 58/7/1 59/7/1
f 63/3/1 62/3/1 61/3/1
f 64/3/1 62/3/1 63/3/1
f 67/3/1 66/3/1 65/3/1
f 68/3/1 66/3/1 67/3/1
f 71/4/1 70/4/1 69/4/1
f 72/4/1 70/4/1 71/4/1
f 75/4/1 74/4/1 73/4/1
f 76/4/1 74/4/1 75/4/1
f 79/4/1 78/4/1 77/4/1
f 80/4/1 78/4/1 79/4/1
f 83/7/1 82/7/1 81/7/1
f 84/7/1 82/7/1 83/7/1
f 87/7/1 86/7/1 85/7/1
f 88/7/1 86/7/1 87/7/1
f 91/7/1 90/7/1 89/7/1
f 92/7/1 90/7/1 91/7/1
f 95/7/1 94/7/1 93/7/1
f 96/7/1 94/7/1 95/7/1
f 99/7/1 98/7/1 97/7/1
f 100/7/1 98/7/1 99/7/1
f 103/4/1 102/4/1 101/4/1
f 104/4/1 102/4/1 103/4/1
f 107/7/1 106/7/1 105/7/1
f 108/7/1 106/7/1 107/7/1
f 111/7/1 110/7/1 109/7/1
f 112/7/1 110/7/1 111/7/1
f 115/3/1 114/3/1 113/3/1
f 116/3/1 114/3/1 115/3/1
f 119/3/1 118/3/1 117/3/1
f 120/3/1 118/3/1 119/3/1
f 123/7/1 122/7/1 121/7/1
f 124/7/1 122/7/1 123/7/1
f 127/7/1 126/7/1 125/7/1
f 128/7/1 126/7/1 127/7/1
f 131/7/1 130/7/1 129/7/1
f 132/7/1 130/7/1 131/7/1
f 135/7/1 134/7/1 133/7/1
f 136/7/1 134/7/1 135/7/1
f 139/4/1 138/4/1 137/4/1
f 140/4/1 138/4/1 139/4/1
f 143/3/1 142/3/1 141/3/1
f 144/3/1 142/3/1 143/3/1
f 147/2/1 146/2/1 145/2/1
f 148/2/1 146/2/1 147/2/1
f 151/3/1 150/3/1 149/3/1
f 152/3/1 150/3/1 151/3/1
f 155/3/1 154/3/1 153/3/1
f 156/3/1 154/3/1 155/3/1
f 159/3/1 158/3/1 157/3/1
f 160/3/1 158/3/1 159/3/1
f 163/3/1 162/3/1 161/3/1
f 164/3/1 162/3/1 163/3/1
f 167/7/1 166/7/1 165/7/1
f 168/7/1 166/7/1 167/7/1
f 171/3/1 170/3/1 169/3/1
f 172/3/1 170/3/1 171/3/1
f 175/3/1 174/3/1 173/3/1
f 176/3/1 174/3/1 175/3/1
f 179/3/1 178/3/1 177/3/1
f 180/3/1 178/3/1 179/3/1
f 183/3/1 182/3/1 181/3/1
f 184/3/1 182/3/1 183/3/1
f 187/3/1 186/3/1 185/3/1
f 188/3/1 186/3/1 187/3/1
f 191/3/1 190/3/1 189/3/1
f 192/3/1 190/3/1 191/3/1
f 195/3/1 194/3/1 193/3/1
f 196/3/1 194/3/1 195/3/1
f 199/3/1 198/3/1 197/3/1
f 200/3/1 198/3/1 199/3/1
f 203/7/1 202/7/1 201/7/1
f 204/7/1 202/7/1 203/7/1
f 207/3/1 206/3/1 205/3/1
f 208/3/1 206/3/1 207/3/1
f 211/3/1 210/3/1 209/3/1
f 212/3/1 210/3/1 211/3/1
f 215/4/1 214/4/1 213/4/1
f 216/4/1 214/4/1 215/4/1
f 219/4/1 218/4/1 217/4/1
f 220/4/1 218/4/1 219/4/1
f 223/4/1 222/4/1 221/4/1
f 224/4/1 222/4/1 223/4/1
f 227/7/1 226/7/1 225/7/1
f 228/7/1 226/7/1 227/7/1
f 231/4/1 230/4/1 229/4/1
f 232/4/1 230/4/1 231/4/1
f 235/4/1 234/4/1 233/4/1
f 236/4/1 234/4/1 235/4/1
f 239/4/1 238/4/1 237/4/1
f 240/4/1 238/4/1 239/4/1
f 243/4/1 242/4/1 241/4/1
f 244/4/1 242/4/1 243/4/1
f 247/4/1 246/4/1 245/4/1
f 248/4/1 246/4/1 247/4/1
f 251/4/1 250/4/1 249/4/1
f 252/4/1 250/4/1 251/4/1
f 255/4/1 254/4/1 253/4/1
f 256/4/1 254/4/1 255/4/1
f 259/4/1 258/4/1 257/4/1
f 260/4/1 258/4/1 259/4/1
f 263/4/1 262/4/1 261/4/1
f 264/4/1 262/4/1 263/4/1
f 267/6/1 266/6/1 265/6/1
f 268/6/1 266/6/1 267/6/1
f 271/3/1 270/3/1 269/3/1
f 272/3/1 270/3/1 271/3/1
f 275/4/1 274/4/1 273/4/1
f 276/4/1 274/4/1 275/4/1
f 279/4/1 278/4/1 277/4/1
f 280/4/1 278/4/1 279/4/1
f 283/2/1 282/2/1 281/2/1
f 284/2/1 282/2/1 283/2/1
f 287/2/1 286/2/1 285/2/1
f 288/2/1 286/2/1 287/2/1
f 291/5/1 290/5/1 289/5/1
f 292/5/1 290/5/1 291/5/1
f 295/5/1 294/5/1 293/5/1
f 296/5/1 294/5/1 295/5/1
f 299/5/1 298/5/1 297/5/1
f 300/5/1 298/5/1 299/5/1
f 303/5/1 302/5/1 301/5/1
f 304/5/1 302/5/1 303/5/1
f 307/5/1 306/5/1 305/5/1
f 308/5/1 306/5/1 307/5/1
f 311/5/1 310/5/1 309/5/1
f 312/5/1 310/5/1 311/5/1
f 315/5/1 314/5/1 313/5/1
f 316/5/1 314/5/1 315/5/1
f 319/2/1 318/2/1 317/2/1
f 320/2/1 318/2/1 319/2/1
f 323/2/1 322/2/1 321/2/1
f 324/2/1 322/2/1 323/2/1
f 327/5/1 326/5/1 325/5/1
f 328/5/1 326/5/1 327/5/1
f 331/5/1 330/5/1 329/5/1
f 332/5/1 330/5/1 331/5/1
f 335/5/1 334/5/1 333/5/1
f 336/5/1 334/5/1 335/5/1
f 339/5/1 338/5/1 337/5/1
f 340/5/1 338/5/1 339/5/1
f 343/5/1 342/5/1 341/5/1
f 344/5/1 342/5/1 343/5/1
f 347/5/1 346/5/1 345/5/1
f 348/5/1 346/5/1 347/5/1
f 351/7/1 350/7/1 349/7/1
f 352/7/1 350/7/1 351/7/1
f 355/2/1 354/2/1 353/2/1
f 356/2/1 354/2/1 355/2/1
f 359/2/1 358/2/1 357/2/1
f 360/2/1 358/2/1 359/2/1
f 363/2/1 362/2/1 361/2/1
f 364/2/1 362/2/1 363/2/1
f 367/2/1 366/2/1 365/2/1
f 368/2/1 366/2/1 367/2/1
f 371/2/1 370/2/1 369/2/1
f 372/2/1 370/2/1 371/2/1
f 375/2/1 374/2/1 373/2/1
f 376/2/1 374/2/1 375/2/1
f 379/2/1 378/2/1 377/2/1
f 380/2/1 378/2/1 379/2/1
f 383/5/1 382/5/1 381/5/1
f 384/5/1 382/5/1 383/5/1
f 387/5/1 386/5/1 385/5/1
f 388/5/1 386/5/1 387/5/1
f 391/5/1 390/5/1 389/5/1
f 392/5/1 390/5/1 391/5/1
f 395/3/1 394/3/1 393/3/1
f 396/3/1 394/3/1 395/3/1
f 399/2/1 398/2/1 397/2/1
f 400/2/1 398/2/1 399/2/1
f 403/5/1 402/5/1 401/5/1
f 404/5/1 402/5/1 403/5/1
f 407/5/1 406/5/1 405/5/1
f 408/5/1 406/5/1 407/5/1
f 411/5/1 410/5/1 409/5/1
f 412/5/1 410/5/1 411/5/1
f 415/5/1 414/5/1 413/5/1
f 416/5/1 414/5/1 415/5/1
f 419/5/1 418/5/1 417/5/1
f 420/5/1 418/5/1 419/5/1
f 423/2/1 422/2/1 421/2/1
f 424/2/1 422/2/1 423/2/1
f 427/5/1 426/5/1 425/5/1
f 428/5/1 426/5/1 427/5/1
f 431/5/1 430/5/1 429/5/1
f 432/5/1 430/5/1 431/5/1
f 435/5/1 434/5/1 433/5/1
f 436/5/1 434/5/1 435/5/1
f 439/5/1 438/5/1 437/5/1
f 440/5/1 438/5/1 439/5/1
f 443/5/1 442/5/1 441/5/1
f 444/5/1 442/5/1 443/5/1
f 447/5/1 446/5/1 445/5/1
f 448/5/1 446/5/1 447/5/1
f 451/5/1 450/5/1 449/5/1
f 452/5/1 450/5/1 451/5/1
f 455/4/1 454/4/1 453/4/1
f 456/4/1 454/4/1 455/4/1
f 459/5/1 458/5/1 457/5/1
f 460/5/1 458/5/1 459/5/1
f 463/5/1 462/5/1 461/5/1
f 464/5/1 462/5/1 463/5/1
f 467/5/1 466/5/1 465/5/1
f 468/5/1 466/5/1 467/5/1
f 471/5/1 470/5/1 469/5/1
f 472/5/1 470/5/1 471/5/1
f 475/5/1 474/5/1 473/5/1
f 476/5/1 474/5/1 475/5/1
f 479/5/1 478/5/1 477/5/1
f 480/5/1 478/5/1 479/5/1
f 483/5/1 482/5/1 481/5/1
f 484/5/1 482/5/1 483/5/1
f 487/2/1 486/2/1 485/2/1
f 488/2/1 486/2/1 487/2/1
f 491/2/1 490/2/1 489/2/1
f 492/2/1 490/2/1 491/2/1
f 495/5/1 494/5/1 493/5/1
f 496/5/1 494/5/1 495/5/1
f 499/5/1 498/5/1 497/5/1
f 500/5/1 498/5/1 499/5/1
f 503/2/1 502/2/1 501/2/1
f 504/2/1 502/2/1 503/2/1
f 507/5/1 506/5/1 505/5/1
f 508/5/1 506/5/1 507/5/1
f 511/5/1 510/5/1 509/5/1
f 512/5/1 510/5/1 511/5/1
f 515/5/1 514/5/1 513/5/1
f 516/5/1 514/5/1 515/5/1
f 519/5/1 518/5/1 517/5/1
f 520/5/1 518/5/1 519/5/1
f 523/5/1 522/5/1 521/5/1
f 524/5/1 522/5/1 523/5/1
f 527/5/1 526/5/1 525/5/1
f 528/5/1 526/5/1 527/5/1
f 531/5/1 530/5/1 529/5/1
f 532/5/1 530/5/1 531/5/1
f 535/5/1 534/5/1 533/5/1
f 536/5/1 534/5/1 535/5/1
f 539/7/1 538/7/1 537/7/1
f 540/7/1 538/7/1 539/7/1
f 543/2/1 542/2/1 541/2/1
f 544/2/1 542/2/1 543/2/1
f 547/2/1 546/2/1 545/2/1
f 548/2/1 546/2/1 547/2/1
f 551/5/1 550/5/1 549/5/1
f 552/5/1 550/5/1 551/5/1
f 555/5/1 554/5/1 553/5/1
f 556/5/1 554/5/1 555/5/1
f 559/5/1 558/5/1 557/5/1
f 560/5/1 558/5/1 559/5/1
f 563/5/1 562/5/1 561/5/1
f 564/5/1 562/5/1 563/5/1
f 567/5/1 566/5/1 565/5/1
f 568/5/1 566/5/1 567/5/1
f 571/5/1 570/5/1 569/5/1
f 572/5/1 570/5/1 571/5/1
f 575/2/1 574/2/1 573/2/1
f 576/2/1 574/2/1 575/2/1
f 579/2/1 578/2/1 577/2/1
f 580/2/1 578/2/1 579/2/1
f 583/2/1 582/2/1 581/2/1
f 584/2/1 582/2/1 583/2/1
f 587/5/1 586/5/1 585/5/1
f 588/5/1 586/5/1 587/5/1
f 591/5/1 590/5/1 589/5/1
f 592/5/1 590/5/1 591/5/1
f 595/5/1 594/5/1 593/5/1
f 596/5/1 594/5/1 595/5/1
f 599/3/1 598/3/1 597/3/1
f 600/3/1 598/3/1 599/3/1
f 603/5/1 602/5/1 601/5/1
f 604/5/1 602/5/1 603/5/1
f 607/5/1 606/5/1 605/5/1
f 608/5/1 606/5/1 607/5/1
f 611/5/1 610/5/1 609/5/1
f 612/5/1 610/5/1 611/5/1
f 615/5/1 614/5/1 613/5/1
f 616/5/1 614/5/1 615/5/1
f 619/2/1 618/2/1 617/2/1
f 620/2/1 618/2/1 619/2/1
f 623/5/1 622/5/1 621/5/1
f 624/5/1 622/5/1 623/5/1
f 627/5/1 626/5/1 625/5/1
f 628/5/1 626/5/1 627/5/1
f 631/5/1 630/5/1 629/5/1
f 632/5/1 630/5/1 631/5/1
f 635/5/1 634/5/1 633/5/1
f 636/5/1 634/5/1 635/5/1
f 639/4/1 638/4/1 637/4/1
f 640/4/1 638/4/1 639/4/1
f 643/2/1 642/2/1 641/2/1
f 644/2/1 642/2/1 643/2/1
f 647/5/1 646/5/1 645/5/1
f 648/5/1 646/5/1 647/5/1
f 651/5/1 650/5/1 649/5/1
f 652/5/1 650/5/1 651/5/1
f 655/5/1 654/5/1 653/5/1
f 656/5/1 654/5/1 655/5/1
f 659/5/1 658/5/1 657/5/1
f 660/5/1 658/5/1 659/5/1
f 663/5/1 662/5/1 661/5/1
f 664/5/1 662/5/1 663/5/1
f 667/2/1 666/2/1 665/2/1
f 668/2/1 666/2/1 667/2/1
f 671/5/1 670/5/1 669/5/1
f 672/5/1 670/5/1 671/5/1
f 675/5/1 674/5/1 673/5/1
f 676/5/1 674/5/1 675/5/1
f 679/5/1 678/5/1 677/5/1
f 680/5/1 678/5/1 679/5/1
f 683/5/1 682/5/1 681/5/1
f 684/5/1 682/5/1 683/5/1
f 687/2/1 686/2/1 685/2/1
f 688/2/1 686/2/1 687/2/1
f 691/5/1 690/5/1 689/5/1
f 692/5/1 690/5/1 691/5/1
f 695/5/1 694/5/1 693/5/1
f 696/5/1 694/5/1 695/5/1
f 699/5/1 698/5/1 697/5/1
f 700/5/1 698/5/1 699/5/1
f 703/5/1 702/5/1 701/5/1
f 704/5/1 702/5/1 703/5/1
f 707/5/1 706/5/1 705/5/1
f 708/5/1 706/5/1 707/5/1
f 711/5/1 710/5/1 709/5/1
f 712/5/1 710/5/1 711/5/1
f 715/2/1 714/2/1 713/2/1
f 716/2/1 714/2/1 715/2/1
f 719/5/1 718/5/1 717/5/1
f 720/5/1 718/5/1 719/5/1
f 723/5/1 722/5/1 721/5/1
f 724/5/1 722/5/1 723/5/1
f 727/5/1 726/5/1 725/5/1
f 728/5/1 726/5/1 727/5/1
f 731/5/1 730/5/1 729/5/1
f 732/5/1 730/5/1 731/5/1
f 735/7/1 734/7/1 733/7/1
f 736/7/1 734/7/1 735/7/1
f 739/2/1 738/2/1 737/2/1
f 740/2/1 738/2/1 739/2/1
f 743/5/1 742/5/1 741/5/1
f 744/5/1 742/5/1 743/5/1
f 747/5/1 746/5/1 745/5/1
f 748/5/1 746/5/1 747/5/1
f 751/5/1 750/5/1 749/5/1
f 752/5/1 750/5/1 751/5/1
f 755/7/1 754/7/1 753/7/1
f 756/7/1 754/7/1 755/7/1
f 759/7/1 758/7/1 757/7/1
f 760/7/1 758/7/1 759/7/1
f 763/2/1 762/2/1 761/2/1
f 764/2/1 762/2/1 763/2/1
f 767/5/1 766/5/1 765/5/1
f 768/5/1 766/5/1 767/5/1
f 771/2/1 770/2/1 769/2/1
f 772/2/1 770/2/1 771/2/1
f 775/5/1 774/5/1 773/5/1
f 776/5/1 774/5/1 775/5/1
f 779/5/1 778/5/1 777/5/1
f 780/5/1 778/5/1 779/5/1
f 783/5/1 782/5/1 781/5/1
f 784/5/1 782/5/1 783/5/1
f 787/5/1 786/5/1 785/5/1
f 788/5/1 786/5/1 787/5/1
f 791/2/1 790/2/1 789/2/1
f 792/2/1 790/2/1 791/2/1
f 795/5/1 794/5/1 793/5/1
f 796/5/1 794/5/1 795/5/1
f 799/5/1 798/5/1 797/5/1
f 800/5/1 798/5/1 799/5/1
f 803/5/1 802/5/1 801/5/1
f 804/5/1 802/5/1 803/5/1
f 807/5/1 806/5/1 805/5/1
f 808/5/1 806/5/1 807/5/1
f 811/3/1 810/3/1 809/3/1
f 812/3/1 810/3/1 811/3/1
f 815/3/1 814/3/1 813/3/1
f 816/3/1 814/3/1 815/3/1
f 819/5/1 818/5/1 817/5/1
f 820/5/1 818/5/1 819/5/1
f 823/5/1 822/5/1 821/5/1
f 824/5/1 822/5/1 823/5/1
f 827/5/1 826/5/1 825/5/1
f 828/5/1 826/5/1 827/5/1
f 831/5/1 830/5/1 829/5/1
f 832/5/1 830/5/1 831/5/1
f 835/5/1 834/5/1 833/5/1
f 836/5/1 834/5/1 835/5/1
f 839/5/1 838/5/1 837/5/1
f 840/5/1 838/5/1 839/5/1
f 843/3/1 842/3/1 841/3/1
f 844/3/1 842/3/1 843/3/1
f 847/2/1 846/2/1 845/2/1
f 848/2/1 846/2/1 847/2/1
f 851/2/1 850/2/1 849/2/1
f 852/2/1 850/2/1 851/2/1
f 855/5/1 854/5/1 853/5/1
f 856/5/1 854/5/1 855/5/1
f 859/5/1 858/5/1 857/5/1
f 860/5/1 858/5/1 859/5/1
f 863/5/1 862/5/1 861/5/1
f 864/5/1 862/5/1 863/5/1
f 867/5/1 866/5/1 865/5/1
f 868/5/1 866/5/1 867/5/1
f 871/5/1 870/5/1 869/5/1
f 872/5/1 870/5/1 871/5/1
f 875/4/1 874/4/1 873/4/1
f 876/4/1 874/4/1 875/4/1
f 879/4/1 878/4/1 877/4/1
f 880/4/1 878/4/1 879/4/1
f 883/2/1 882/2/1 881/2/1
f 884/2/1 882/2/1 883/2/1
f 887/2/1 886/2/1 885/2/1
f 888/2/1 886/2/1 887/2/1
f 891/5/1 890/5/1 889/5/1
f 892/5/1 890/5/1 891/5/1
f 895/5/1 894/5/1 893/5/1
f 896/5/1 894/5/1 895/5/1
f 899/5/1 898/5/1 897/5/1
f 900/5/1 898/5/1 899/5/1
f 903/5/1 902/5/1 901/5/1
f 904/5/1 902/5/1 903/5/1
f 907/5/1 906/5/1 905/5/1
f 908/5/1 906/5/1 907/5/1
f 911/4/1 910/4/1 909/4/1
f 912/4/1 910/4/1 911/4/1
f 915/2/1 914/2/1 913/2/1
f 916/2/1 914/2/1 915/2/1
f 919/5/1 918/5/1 917/5/1
f 920/5/1 918/5/1 919/5/1
f 923/5/1 922/5/1 921/5/1
f 924/5/1 922/5/1 923/5/1
f 927/5/1 926/5/1 925/5/1
f 928/5/1 926/5/1 927/5/1
f 931/5/1 930/5/1 929/5/1
f 932/5/1 930/5/1 931/5/1
f 935/4/1 934/4/1 933/4/1
f 936/4/1 934/4/1 935/4/1
f 937/3/1 936/3/1 935/3/1
f 938/3/1 936/3/1 937/3/1
f 939/7/1 938/7/1 937/7/1
f 940/7/1 938/7/1 939/7/1
f 943/2/1 942/2/1 941/2/1
f 944/2/1 942/2/1 943/2/1
f 947/2/1 946/2/1 945/2/1
f 948/2/1 946/2/1 947/2/1
f 951/2/1 950/2/1 949/2/1
f 952/2/1 950/2/1 951/2/1
f 955/5/1 954/5/1 953/5/1
f 956/5/1 954/5/1 955/5/1
f 959/5/1 958/5/1 957/5/1
f 960/5/1 958/5/1 959/5/1
f 963/5/1 962/5/1 961/5/1
f 964/5/1 962/5/1 963/5/1
f 967/5/1 966/5/1 965/5/1
f 968/5/1 966/5/1 967/5/1
f 971/5/1 970/5/1 969/5/1
f 972/5/1 970/5/1 971/5/1
f 975/4/1 974/4/1 973/4/1
f 976/4/1 974/4/1 975/4/1
f 979/7/1 978/7/1 977/7/1
f 980/7/1 978/7/1 979/7/1
f 983/2/1 982/2/1 981/2/1
f 984/2/1 982/2/1 983/2/1
f 987/5/1 986/5/1 985/5/1
f 988/5/1 986/5/1 987/5/1
f 991/5/1 990/5/1 989/5/1
f 992/5/1 990/5/1 991/5/1
f 995/5/1 994/5/1 993/5/1
f 996/5/1 994/5/1 995/5/1
f 999/5/1 998/5/1 997/5/1
f 1000/5/1 998/5/1 999/5/1
f 1003/5/1 1002/5/1 1001/5/1
f 1004/5/1 1002/5/1 1003/5/1
f 1007/5/1 1006/5/1 1005/5/1
f 1008/5/1 1006/5/1 1007/5/1
f 1011/2/1 1010/2/1 1009/2/1
f 1012/2/1 1010/2/1 1011/2/1
f 1015/2/1 1014/2/1 1013/2/1
f 1016/2/1 1014/2/1 1015/2/1
f 1019/5/1 1018/5/1 1017/5/1
f 1020/5/1 1018/5/1 1019/5/1
f 1023/5/1 1022/5/1 1021/5/1
f 1024/5/1 1022/5/1 1023/5/1
f 1027/5/1 1026/5/1 1025/5/1
f 1028/5/1 1026/5/1 1027/5/1
f 1031/5/1 1030/5/1 1029/5/1
f 1032/5/1 1030/5/1 1031/5/1
f 1035/5/1 1034/5/1 1033/5/1
f 1036/5/1 1034/5/1 1035/5/1
f 1039/7/1 1038/7/1 1037/7/1
f 1040/7/1 1038/7/1 1039/7/1
f 1043/2/1 1042/2/1 1041/2/1
f 1044/2/1 1042/2/1 1043/2/1
f 1047/2/1 1046/2/1 1045/2/1
f 1048/2/1 1046/2/1 1047/2/1
f 1051/5/1 1050/5/1 1049/5/1
f 1052/5/1 1050/5/1 1051/5/1
f 1055/5/1 1054/5/1 1053/5/1
f 1056/5/1 1054/5/1 1055/5/1
f 1059/5/1 1058/5/1 1057/5/1
f 1060/5/1 1058/5/1 1059/5/1
f 1063/5/1 1062/5/1 1061/5/1
f 1064/5/1 1062/5/1 1063/5/1
f 1067/5/1 1066/5/1 1065/5/1
f 1068/5/1 1066/5/1 1067/5/1
f 1071/5/1 1070/5/1 1069/5/1
f 1072/5/1 1070/5/1 1071/5/1
f 1075/5/1 1074/5/1 1073/5/1
f 1076/5/1 1074/5/1 1075/5/1
f 1079/5/1 1078/5/1 1077/5/1
f 1080/5/1 1078/5/1 1079/5/1
f 1083/5/1 1082/5/1 1081/5/1
f 1084/5/1 1082/5/1 1083/5/1
f 1087/4/1 1086/4/1 1085/4/1
f 1088/4/1 1086/4/1 1087/4/1
f 1089/3/1 1088/3/1 1087/3/1
f 1090/3/1 1088/3/1 1089/3/1
f 1091/7/1 1090/7/1 1089/7/1
f 1092/7/1 1090/7/1 1091/7/1
f 1095/2/1 1094/2/1 1093/2/1
f 1096/2/1 1094/2/1 1095/2/1
f 1099/2/1 1098/2/1 1097/2/1
f 1100/2/1 1098/2/1 1099/2/1
f 1103/5/1 1102/5/1 1101/5/1
f 1104/5/1 1102/5/1 1103/5/1
f 1107/5/1 1106/5/1 1105/5/1
f 1108/5/1 1106/5/1 1107/5/1
f 1111/3/1 1110/3/1 1109/3/1
f 1112/3/1 1110/3/1 1111/3/1
f 1115/2/1 1114/2/1 1113/2/1
f 1116/2/1 1114/2/1 1115/2/1
f 1119/2/1 1118/2/1 1117/2/1
f 1120/2/1 1118/2/1 1119/2/1
f 1123/5/1 1122/5/1 1121/5/1
f 1124/5/1 1122/5/1 1123/5/1
f 1127/5/1 1126/5/1 1125/5/1
f 1128/5/1 1126/5/1 1127/5/1
f 1131/5/1 1130/5/1 1129/5/1
f 1132/5/1 1130/5/1 1131/5/1
f 1135/5/1 1134/5/1 1133/5/1
f 1136/5/1 1134/5/1 1135/5/1
f 1139/5/1 1138/5/1 1137/5/1
f 1140/5/1 1138/5/1 1139/5/1
f 1143/5/1 1142/5/1 1141/5/1
f 1144/5/1 1142/5/1 1143/5/1
f 1147/2/1 1146/2/1 1145/2/1
f 1148/2/1 1146/2/1 1147/2/1
f 1151/2/1 1150/2/1 1149/2/1
f 1152/2/1 1150/2/1 1151/2/1
f 1155/5/1 1154/5/1 1153/5/1
f 1156/5/1 1154/5/1 1155/5/1
f 1159/4/1 1158/4/1 1157/4/1
f 1160/4/1 1158/4/1 1159/4/1
f 1161/3/1 1160/3/1 1159/3/1
f 1162/3/1 1160/3/1 1161/3/1
f 1163/7/1 1162/7/1 1161/7/1
f 1164/7/1 1162/7/1 1163/7/1
f 1167/4/1 1166/4/1 1165/4/1
f 1168/4/1 1166/4/1 1167/4/1
f 1171/2/1 1170/2/1 1169/2/1
f 1172/2/1 1170/2/1 1171/2/1
f 1175/5/1 1174/5/1 1173/5/1
f 1176/5/1 1174/5/1 1175/5/1
f 1179/5/1 1178/5/1 1177/5/1
f 1180/5/1 1178/5/1 1179/5/1
f 1183/5/1 1182/5/1 1181/5/1
f 1184/5/1 1182/5/1 1183/5/1
f 1187/2/1 1186/2/1 1185/2/1
f 1188/2/1 1186/2/1 1187/2/1
f 1191/5/1 1190/5/1 1189/5/1
f 1192/5/1 1190/5/1 1191/5/1
f 1195/5/1 1194/5/1 1193/5/1
f 1196/5/1 1194/5/1 1195/5/1
f 1199/4/1 1198/4/1 1197/4/1
f 1200/4/1 1198/4/1 1199/4/1
f 1201/3/1 1200/3/1 1199/3/1
f 1202/3/1 1200/3/1 1201/3/1
f 1203/7/1 1202/7/1 1201/7/1
f 1204/7/1 1202/7/1 1203/7/1
f 1207/5/1 1206/5/1 1205/5/1
f 1208/5/1 1206/5/1 1207/5/1
f 1211/5/1 1210/5/1 1209/5/1
f 1212/5/1 1210/5/1 1211/5/1
f 1215/5/1 1214/5/1 1213/5/1
f 1216/5/1 1214/5/1 1215/5/1
f 1219/4/1 1218/4/1 1217/4/1
f 1220/4/1 1218/4/1 1219/4/1
f 1223/2/1 1222/2/1 1221/2/1
f 1224/2/1 1222/2/1 1223/2/1
f 1227/2/1 1226/2/1 1225/2/1
f 1228/2/1 1226/2/1 1227/2/1
f 1231/2/1 1230/2/1 1229/2/1
f 1232/2/1 1230/2/1 1231/2/1
f 1235/5/1 1234/5/1 1233/5/1
f 1236/5/1 1234/5/1 1235/5/1
f 1239/5/1 1238/5/1 1237/5/1
f 1240/5/1 1238/5/1 1239/5/1
f 1243/5/1 1242/5/1 1241/5/1
f 1244/5/1 1242/5/1 1243/5/1
f 1247/3/1 1246/3/1 1245/3/1
f 1248/3/1 1246/3/1 1247/3/1
f 1251/2/1 1250/2/1 1249/2/1
f 1252/2/1 1250/2/1 1251/2/1
f 1255/5/1 1254/5/1 1253/5/1
f 1256/5/1 1254/5/1 1255/5/1
f 1259/5/1 1258/5/1 1257/5/1
f 1260/5/1 1258/5/1 1259/5/1
f 1263/7/1 1262/7/1 1261/7/1
f 1264/7/1 1262/7/1 1263/7/1
f 1267/2/1 1266/2/1 1265/2/1
f 1268/2/1 1266/2/1 1267/2/1
f 1271/5/1 1270/5/1 1269/5/1
f 1272/5/1 1270/5/1 1271/5/1
f 1275/2/1 1274/2/1 1273/2/1
f 1276/2/1 1274/2/1 1275/2/1
f 1279/2/1 1278/2/1 1277/2/1
f 1280/2/1 1278/2/1 1279/2/1
f 1283/2/1 1282/2/1 1281/2/1
f 1284/2/1 1282/2/1 1283/2/1
f 1287/5/1 1286/5/1 1285/5/1
f 1288/5/1 1286/5/1 1287/5/1
f 1291/5/1 1290/5/1 1289/5/1
f 1292/5/1 1290/5/1 1291/5/1
f 1295/2/1 1294/2/1 1293/2/1
f 1296/2/1 1294/2/1 1295/2/1
f 1299/2/1 1298/2/1 1297/2/1
f 1300/2/1 1298/2/1 1299/2/1
f 1303/2/1 1302/2/1 1301/2/1
f 1304/2/1 1302/2/1 1303/2/1
f 1307/2/1 1306/2/1 1305/2/1
f 1308/2/1 1306/2/1 1307/2/1
f 1311/2/1 1310/2/1 1309/2/1
f 1312/2/1 1310/2/1 1311/2/1
f 1315/2/1 1314/2/1 1313/2/1
f 1316/2/1 1314/2/1 1315/2/1
f 1319/2/1 1318/2/1 1317/2/1
f 1320/2/1 1318/2/1 1319/2/1
f 1323/2/1 1322/2/1 1321/2/1
f 1324/2/1 1322/2/1 1323/2/1
f 1327/2/1 1326/2/1 1325/2/1
f 1328/2/1 1326/2/1 1327/2/1
f 1331/2/1 1330/2/1 1329/2/1
f 1332/2/1 1330/2/1 1331/2/1
f 1335/2/1 1334/2/1 1333/2/1
f 1336/2/1 1334/2/1 1335/2/1
f 1339/2/1 1338/2/1 1337/2/1
f 1340/2/1 1338/2/1 1339/2/1
f 1343/2/1 1342/2/1 1341/2/1
f 1344/2/1 1342/2/1 1343/2/1
f 1347/2/1 1346/2/1 1345/2/1
f 1348/2/1 1346/2/1 1347/2/1
f 1351/4/1 1350/4/1 1349/4/1
f 1352/4/1 1350/4/1 1351/4/1
f 1355/3/1 1354/3/1 1353/3/1
f 1356/3/1 1354/3/1 1355/3/1
f 1359/7/1 1358/7/1 1357/7/1
f 1360/7/1 1358/7/1 1359/7/1
f 1363/2/1 1362/2/1 1361/2/1
f 1364/2/1 1362/2/1 1363/2/1
f 1367/2/1 1366/2/1 1365/2/1
f 1368/2/1 1366/2/1 1367/2/1
f 1371/2/1 1370/2/1 1369/2/1
f 1372/2/1 1370/2/1 1371/2/1
f 1375/1/1 1374/1/1 1373/1/1
f 1376/1/1 1374/1/1 1375/1/1
f 1379/1/1 1378/1/1 1377/1/1
f 1380/1/1 1378/1/1 1379/1/1
f 1383/1/1 1382/1/1 1381/1/1
f 1384/1/1 1382/1/1 1383/1/1
f 1387/1/1 1386/1/1 1385/1/1
f 1388/1/1 1386/1/1 1387/1/1
f 1391/1/1 1390/1/1 1389/1/1
f 1392/1/1 1390/1/1 1391/1/1
f 1395/1/1 1394/1/1 1393/1/1
f 1396/1/1 1394/1/1 1395/1/1
f 1399/1/1 1398/1/1 1397/1/1
f 1400/1/1 1398/1/1 1399/1/1
f 1403/4/1 1402/4/1 1401/4/1
f 1404/4/1 1402/4/1 1403/4/1
f 1407/3/1 1406/3/1 1405/3/1
f 1408/3/1 1406/3/1 1407/3/1
f 1411/7/1 1410/7/1 1409/7/1
f 1412/7/1 1410/7/1 1411/7/1
f 1415/7/1 1414/7/1 1413/7/1
f 1416/7/1 1414/7/1 1415/7/1
f 1419/1/1 1418/1/1 1417/1/1
f 1420/1/1 1418/1/1 1419/1/1
f 1423/1/1 1422/1/1 1421/1/1
f 1424/1/1 1422/1/1 1423/1/1
f 1427/1/1 1426/1/1 1425/1/1
f 1428/1/1 1426/1/1 1427/1/1
f 1431/1/1 1430/1/1 1429/1/1
f 1432/1/1 1430/1/1 1431/1/1
f 1435/1/1 1434/1/1 1433/1/1
f 1436/1/1 1434/1/1 1435/1/1
f 1439/1/1 1438/1/1 1437/1/1
f 1440/1/1 1438/1/1 1439/1/1
f 1443/1/1 1442/1/1 1441/1/1
f 1444/1/1 1442/1/1 1443/1/1
f 1447/1/1 1446/1/1 1445/1/1
f 1448/1/1 1446/1/1 1447/1/1
f 1451/1/1 1450/1/1 1449/1/1
f 1452/1/1 1450/1/1 1451/1/1
f 1455/1/1 1454/1/1 1453/1/1
f 1456/1/1 1454/1/1 1455/1/1
f 1459/1/1 1458/1/1 1457/1/1
f 1460/1/1 1458/1/1 1459/1/1
f 1463/1/1 1462/1/1 1461/1/1
f 1464/1/1 1462/1/1 1463/1/1
f 1467/1/1 1466/1/1 1465/1/1
f 1468/1/1 1466/1/1 1467/1/1
f 1471/1/1 1470/1/1 1469/1/1
f 1472/1/1 1470/1/1 1471/1/1
f 1475/1/1 1474/1/1 1473/1/1
f 1476/1/1 1474/1/1 1475/1/1
f 1479/1/1 1478/1/1 1477/1/1
f 1480/1/1 1478/1/1 1479/1/1
f 1483/1/1 1482/1/1 1481/1/1
f 1484/1/1 1482/1/1 1483/1/1
f 1487/1/1 1486/1/1 1485/1/1
f 1488/1/1 1486/1/1 1487/1/1
f 1491/1/1 1490/1/1 1489/1/1
f 1492/1/1 1490/1/1 1491/1/1
f 1495/1/1 1494/1/1 1493/1/1
f 1496/1/1 1494/1/1 1495/1/1
f 1499/1/1 1498/1/1 1497/1/1
f 1500/1/1 1498/1/1 1499/1/1
f 1503/1/1 1502/1/1 1501/1/1
f 1504/1/1 1502/1/1 1503/1/1
f 1507/1/1 1506/1/1 1505/1/1
f 1508/1/1 1506/1/1 1507/1/1
f 1511/1/1 1510/1/1 1509/1/1
f 1512/1/1 1510/1/1 1511/1/1
f 1515/1/1 1514/1/1 1513/1/1
f 1516/1/1 1514/1/1 1515/1/1
f 1519/1/1 1518/1/1 1517/1/1
f 1520/1/1 1518/1/1 1519/1/1
f 1523/1/1 1522/1/1 1521/1/1
f 1524/1/1 1522/1/1 1523/1/1
f 1527/1/1 1526/1/1 1525/1/1
f 1528/1/1 1526/1/1 1527/1/1
f 1531/1/1 1530/1/1 1529/1/1
f 1532/1/1 1530/1/1 1531/1/1
f 1535/1/1 1534/1/1 1533/1/1
f 1536/1/1 1534/1/1 1535/1/1
f 1539/1/1 1538/1/1 1537/1/1
f 1540/1/1 1538/1/1 1539/1/1
f 1543/1/1 1542/1/1 1541/1/1
f 1544/1/1 1542/1/1 1543/1/1
f 1547/1/1 1546/1/1 1545/1/1
f 1548/1/1 1546/1/1 1547/1/1
f 1551/1/1 1550/1/1 1549/1/1
f 1552/1/1 1550/1/1 1551/1/1
f 1555/1/1 1554/1/1 1553/1/1
f 1556/1/1 1554/1/1 1555/1/1
f 1559/1/1 1558/1/1 1557/1/1
f 1560/1/1 1558/1/1 1559/1/1
f 1563/1/1 1562/1/1 1561/1/1
f 1564/1/1 1562/1/1 1563/1/1
f 1565/4/2 1566/4/2 1567/4/2
f 1567/4/2 1566/4/2 1568/4/2
f 1569/7/2 1570/7/2 1571/7/2
f 1571/7/2 1570/7/2 1572/7/2
f 1573/3/2 1574/3/2 1575/3/2
f 1575/3/2 1574/3/2 1576/3/2
f 1577/7/2 1578/7/2 1579/7/2
f 1579/7/2 1578/7/2 1580/7/2
f 1581/4/2 1582/4/2 1583/4/2
f 1583/4/2 1582/4/2 1584/4/2
f 1585/3/2 1586/3/2 1587/3/2
f 1587/3/2 1586/3/2 1588/3/2
f 1589/4/2 1590/4/2 1591/4/2
f 1591/4/2 1590/4/2 1592/4/2
f 1593/7/2 1594/7/2 1595/7/2
f 1595/7/2 1594/7/2 1596/7/2
f 1597/7/2 1598/7/2 1599/7/2
f 1599/7/2 1598/7/2 1600/7/2
f 1601/7/2 1602/7/2 1603/7/2
f 1603/7/2 1602/7/2 1604/7/2
f 1605/3/2 1606/3/2 1607/3/2
f 1607/3/2 1606/3/2 1608/3/2
f 1609/3/2 1610/3/2 1611/3/2
f 1611/3/2 1610/3/2 1612/3/2
f 1613/7/2 1614/7/2 1615/7/2
f 1615/7/2 1614/7/2 1616/7/2
f 1617/3/2 1618/3/2 1619/3/2
f 1619/3/2 1618/3/2 1620/3/2
f 1621/3/2 1622/3/2 1623/3/2
f 1623/3/2 1622/3/2 1624/3/2
f 1625/3/2 1626/3/2 1627/3/2
f 1627/3/2 1626/3/2 1628/3/2
f 1629/4/2 1630/4/2 1631/4/2
f 1631/4/2 1630/4/2 1632/4/2
f 1633/4/2 1634/4/2 1635/4/2
f 1635/4/2 1634/4/2 1636/4/2
f 1637/7/2 1638/7/2 1639/7/2
f 1639/7/2 1638/7/2 1640/7/2
f 1641/7/2 1642/7/2 1643/7/2
f 1643/7/2 1642/7/2 1644/7/2
f 1645/7/2 1646/7/2 1647/7/2
f 1647/7/2 1646/7/2 1648/7/2
f 1649/7/2 1650/7/2 1651/7/2
f 1651/7/2 1650/7/2 1652/7/2
f 1653/7/2 1654/7/2 1655/7/2
f 1655/7/2 1654/7/2 1656/7/2
f 1657/4/2 1658/4/2 1659/4/2
f 1659/4/2 1658/4/2 1660/4/2
f 1661/7/2 1662/7/2 1663/7/2
f 1663/7/2 1662/7/2 1664/7/2
f 1665/7/2 1666/7/2 1667/7/2
f 1667/7/2 1666/7/2 1668/7/2
f 1669/7/2 1670/7/2 1671/7/2
f 1671/7/2 1670/7/2 1672/7/2
f 1673/7/2 1674/7/2 1675/7/2
f 1675/7/2 1674/7/2 1676/7/2
f 1677/7/2 1678/7/2 1679/7/2
f 1679/7/2 1678/7/2 1680/7/2
f 1681/7/2 1682/7/2 1683/7/2
f 1683/7/2 1682/7/2 1684/7/2
f 1685/3/2 1686/3/2 1687/3/2
f 1687/3/2 1686/3/2 1688/3/2
f 1689/2/2 1690/2/2 1691/2/2
f 1691/2/2 1690/2/2 1692/2/2
f 1693/3/2 1694/3/2 1695/3/2
f 1695/3/2 1694/3/2 1696/3/2
f 1697/3/2 1698/3/2 1699/3/2
f 1699/3/2 1698/3/2 1700/3/2
f 1701/3/2 1702/3/2 1703/3/2
f 1703/3/2 1702/3/2 1704/3/2
f 1705/7/2 1706/7/2 1707/7/2
f 1707/7/2 1706/7/2 1708/7/2
f 1709/3/2 1710/3/2 1711/3/2
f 1711/3/2 1710/3/2 1712/3/2
f 1713/3/2 1714/3/2 1715/3/2
f 1715/3/2 1714/3/2 1716/3/2
f 1717/3/2 1718/3/2 1719/3/2
f 1719/3/2 1718/3/2 1720/3/2
f 1721/3/2 1722/3/2 1723/3/2
f 1723/3/2 1722/3/2 1724/3/2
f 1725/3/2 1726/3/2 1727/3/2
f 1727/3/2 1726/3/2 1728/3/2
f 1729/3/2 1730/3/2 1731/3/2
f 1731/3/2 1730/3/2 1732/3/2
f 1733/3/2 1734/3/2 1735/3/2
f 1735/3/2 1734/3/2 1736/3/2
f 1737/3/2 1738/3/2 1739/3/2
f 1739/3/2 1738/3/2 1740/3/2
f 1741/3/2 1742/3/2 1743/3/2
f 1743/3/2 1742/3/2 1744/3/2
f 1745/3/2 1746/3/2 1747/3/2
f 1747/3/2 1746/3/2 1748/3/2
f 1749/7/2 1750/7/2 1751/7/2
f 1751/7/2 1750/7/2 1752/7/2
f 1753/3/2 1754/3/2 1755/3/2
f 1755/3/2 1754/3/2 1756/3/2
f 1757/3/2 1758/3/2 1759/3/2
f 1759/3/2 1758/3/2 1760/3/2
f 1761/4/2 1762/4/2 1763/4/2
f 1763/4/2 1762/4/2 1764/4/2
f 1765/4/2 1766/4/2 1767/4/2
f 1767/4/2 1766/4/2 1768/4/2
f 1769/3/2 1770/3/2 1771/3/2
f 1771/3/2 1770/3/2 1772/3/2
f 1773/7/2 1774/7/2 1775/7/2
f 1775/7/2 1774/7/2 1776/7/2
f 1777/2/2 1778/2/2 1779/2/2
f 1779/2/2 1778/2/2 1780/2/2
f 1781/2/2 1782/2/2 1783/2/2
f 1783/2/2 1782/2/2 1784/2/2
f 1785/4/2 1786/4/2 1787/4/2
f 1787/4/2 1786/4/2 1788/4/2
f 1789/4/2 1790/4/2 1791/4/2
f 1791/4/2 1790/4/2 1792/4/2
f 1793/4/2 1794/4/2 1795/4/2
f 1795/4/2 1794/4/2 1796/4/2
f 1797/4/2 1798/4/2 1799/4/2
f 1799/4/2 1798/4/2 1800/4/2
f 1801/4/2 1802/4/2 1803/4/2
f 1803/4/2 1802/4/2 1804/4/2
f 1805/4/2 1806/4/2 1807/4/2
f 1807/4/2 1806/4/2 1808/4/2
f 1809/4/2 1810/4/2 1811/4/2
f 1811/4/2 1810/4/2 1812/4/2
f 1813/4/2 1814/4/2 1815/4/2
f 1815/4/2 1814/4/2 1816/4/2
f 1817/4/2 1818/4/2 1819/4/2
f 1819/4/2 1818/4/2 1820/4/2
f 1821/4/2 1822/4/2 1823/4/2
f 1823/4/2 1822/4/2 1824/4/2
f 1825/6/2 1826/6/2 1827/6/2
f 1827/6/2 1826/6/2 1828/6/2
f 1829/4/2 1830/4/2 1831/4/2
f 1831/4/2 1830/4/2 1832/4/2
f 1833/3/2 1834/3/2 1835/3/2
f 1835/3/2 1834/3/2 1836/3/2
f 1837/4/2 1838/4/2 1839/4/2
f 1839/4/2 1838/4/2 1840/4/2
f 1841/4/2 1842/4/2 1843/4/2
f 1843/4/2 1842/4/2 1844/4/2
f 1845/2/2 1846/2/2 1847/2/2
f 1847/2/2 1846/2/2 1848/2/2
f 1849/2/2 1850/2/2 1851/2/2
f 1851/2/2 1850/2/2 1852/2/2
f 1853/5/2 1854/5/2 1855/5/2
f 1855/5/2 1854/5/2 1856/5/2
f 1857/5/2 1858/5/2 1859/5/2
f 1859/5/2 1858/5/2 1860/5/2
f 1861/5/2 1862/5/2 1863/5/2
f 1863/5/2 1862/5/2 1864/5/2
f 1865/5/2 1866/5/2 1867/5/2
f 1867/5/2 1866/5/2 1868/5/2
f 1869/5/2 1870/5/2 1871/5/2
f 1871/5/2 1870/5/2 1872/5/2
f 1873/5/2 1874/5/2 1875/5/2
f 1875/5/2 1874/5/2 1876/5/2
f 1877/2/2 1878/2/2 1879/2/2
f 1879/2/2 1878/2/2 1880/2/2
f 1881/2/2 1882/2/2 1883/2/2
f 1883/2/2 1882/2/2 1884/2/2
f 1885/5/2 1886/5/2 1887/5/2
f 1887/5/2 1886/5/2 1888/5/2
f 1889/5/2 1890/5/2 1891/5/2
f 1891/5/2 1890/5/2 1892/5/2
f 1893/5/2 1894/5/2 1895/5/2
f 1895/5/2 1894/5/2 1896/5/2
f 1897/7/2 1898/7/2 1899/7/2
f 1899/7/2 1898/7/2 1900/7/2
f 1901/2/2 1902/2/2 1903/2/2
f 1903/2/2 1902/2/2 1904/2/2
f 1905/2/2 1906/2/2 1907/2/2
f 1907/2/2 1906/2/2 1908/2/2
f 1909/2/2 1910/2/2 1911/2/2
f 1911/2/2 1910/2/2 1912/2/2
f 1913/5/2 1914/5/2 1915/5/2
f 1915/5/2 1914/5/2 1916/5/2
f 1917/5/2 1918/5/2 1919/5/2
f 1919/5/2 1918/5/2 1920/5/2
f 1921/5/2 1922/5/2 1923/5/2
f 1923/5/2 1922/5/2 1924/5/2
f 1925/5/2 1926/5/2 1927/5/2
f 1927/5/2 1926/5/2 1928/5/2
f 1929/5/2 1930/5/2 1931/5/2
f 1931/5/2 1930/5/2 1932/5/2
f 1933/5/2 1934/5/2 1935/5/2
f 1935/5/2 1934/5/2 1936/5/2
f 1937/5/2 1938/5/2 1939/5/2
f 1939/5/2 1938/5/2 1940/5/2
f 1941/2/2 1942/2/2 1943/2/2
f 1943/2/2 1942/2/2 1944/2/2
f 1945/2/2 1946/2/2 1947/2/2
f 1947/2/2 1946/2/2 1948/2/2
f 1949/5/2 1950/5/2 1951/5/2
f 1951/5/2 1950/5/2 1952/5/2
f 1953/5/2 1954/5/2 1955/5/2
f 1955/5/2 1954/5/2 1956/5/2
f 1957/5/2 1958/5/2 1959/5/2
f 1959/5/2 1958/5/2 1960/5/2
f 1961/5/2 1962/5/2 1963/5/2
f 1963/5/2 1962/5/2 1964/5/2
f 1965/5/2 1966/5/2 1967/5/2
f 1967/5/2 1966/5/2 1968/5/2
f 1969/3/2 1970/3/2 1971/3/2
f 1971/3/2 1970/3/2 1972/3/2
f 1973/2/2 1974/2/2 1975/2/2
f 1975/2/2 1974/2/2 1976/2/2
f 1977/5/2 1978/5/2 1979/5/2
f 1979/5/2 1978/5/2 1980/5/2
f 1981/5/2 1982/5/2 1983/5/2
f 1983/5/2 1982/5/2 1984/5/2
f 1985/5/2 1986/5/2 1987/5/2
f 1987/5/2 1986/5/2 1988/5/2
f 1989/5/2 1990/5/2 1991/5/2
f 1991/5/2 1990/5/2 1992/5/2
f 1993/5/2 1994/5/2 1995/5/2
f 1995/5/2 1994/5/2 1996/5/2
f 1997/5/2 1998/5/2 1999/5/2
f 1999/5/2 1998/5/2 2000/5/2
f 2001/2/2 2002/2/2 2003/2/2
f 2003/2/2 2002/2/2 2004/2/2
f 2005/2/2 2006/2/2 2007/2/2
f 2007/2/2 2006/2/2 2008/2/2
f 2009/2/2 2010/2/2 2011/2/2
f 2011/2/2 2010/2/2 2012/2/2
f 2013/5/2 2014/5/2 2015/5/2
f 2015/5/2 2014/5/2 2016/5/2
f 2017/5/2 2018/5/2 2019/5/2
f 2019/5/2 2018/5/2 2020/5/2
f 2021/5/2 2022/5/2 2023/5/2
f 2023/5/2 2022/5/2 2024/5/2
f 2025/5/2 2026/5/2 2027/5/2
f 2027/5/2 2026/5/2 2028/5/2
f 2029/5/2 2030/5/2 2031/5/2
f 2031/5/2 2030/5/2 2032/5/2
f 2033/4/2 2034/4/2 2035/4/2
f 2035/4/2 2034/4/2 2036/4/2
f 2037/5/2 2038/5/2 2039/5/2
f 2039/5/2 2038/5/2 2040/5/2
f 2041/5/2 2042/5/2 2043/5/2
f 2043/5/2 2042/5/2 2044/5/2
f 2045/5/2 2046/5/2 2047/5/2
f 2047/5/2 2046/5/2 2048/5/2
f 2049/5/2 2050/5/2 2051/5/2
f 2051/5/2 2050/5/2 2052/5/2
f 2053/5/2 2054/5/2 2055/5/2
f 2055/5/2 2054/5/2 2056/5/2
f 2057/5/2 2058/5/2 2059/5/2
f 2059/5/2 2058/5/2 2060/5/2
f 2061/2/2 2062/2/2 2063/2/2
f 2063/2/2 2062/2/2 2064/2/2
f 2065/2/2 2066/2/2 2067/2/2
f 2067/2/2 2066/2/2 2068/2/2
f 2069/5/2 2070/5/2 2071/5/2
f 2071/5/2 2070/5/2 2072/5/2
f 2073/5/2 2074/5/2 2075/5/2
f 2075/5/2 2074/5/2 2076/5/2
f 2077/2/2 2078/2/2 2079/2/2
f 2079/2/2 2078/2/2 2080/2/2
f 2081/2/2 2082/2/2 2083/2/2
f 2083/2/2 2082/2/2 2084/2/2
f 2085/2/2 2086/2/2 2087/2/2
f 2087/2/2 2086/2/2 2088/2/2
f 2089/5/2 2090/5/2 2091/5/2
f 2091/5/2 2090/5/2 2092/5/2
f 2093/5/2 2094/5/2 2095/5/2
f 2095/5/2 2094/5/2 2096/5/2
f 2097/5/2 2098/5/2 2099/5/2
f 2099/5/2 2098/5/2 2100/5/2
f 2101/5/2 2102/5/2 2103/5/2
f 2103/5/2 2102/5/2 2104/5/2
f 2105/5/2 2106/5/2 2107/5/2
f 2107/5/2 2106/5/2 2108/5/2
f 2109/5/2 2110/5/2 2111/5/2
f 2111/5/2 2110/5/2 2112/5/2
f 2113/5/2 2114/5/2 2115/5/2
f 2115/5/2 2114/5/2 2116/5/2
f 2117/5/2 2118/5/2 2119/5/2
f 2119/5/2 2118/5/2 2120/5/2
f 2121/5/2 2122/5/2 2123/5/2
f 2123/5/2 2122/5/2 2124/5/2
f 2125/7/2 2126/7/2 2127/7/2
f 2127/7/2 2126/7/2 2128/7/2
f 2129/2/2 2130/2/2 2131/2/2
f 2131/2/2 2130/2/2 2132/2/2
f 2133/5/2 2134/5/2 2135/5/2
f 2135/5/2 2134/5/2 2136/5/2
f 2137/5/2 2138/5/2 2139/5/2
f 2139/5/2 2138/5/2 2140/5/2
f 2141/5/2 2142/5/2 2143/5/2
f 2143/5/2 2142/5/2 2144/5/2
f 2145/5/2 2146/5/2 2147/5/2
f 2147/5/2 2146/5/2 2148/5/2
f 2149/5/2 2150/5/2 2151/5/2
f 2151/5/2 2150/5/2 2152/5/2
f 2153/2/2 2154/2/2 2155/2/2
f 2155/2/2 2154/2/2 2156/2/2
f 2157/5/2 2158/5/2 2159/5/2
f 2159/5/2 2158/5/2 2160/5/2
f 2161/5/2 2162/5/2 2163/5/2
f 2163/5/2 2162/5/2 2164/5/2
f 2165/3/2 2166/3/2 2167/3/2
f 2167/3/2 2166/3/2 2168/3/2
f 2169/2/2 2170/2/2 2171/2/2
f 2171/2/2 2170/2/2 2172/2/2
f 2173/5/2 2174/5/2 2175/5/2
f 2175/5/2 2174/5/2 2176/5/2
f 2177/5/2 2178/5/2 2179/5/2
f 2179/5/2 2178/5/2 2180/5/2
f 2181/5/2 2182/5/2 2183/5/2
f 2183/5/2 2182/5/2 2184/5/2
f 2185/5/2 2186/5/2 2187/5/2
f 2187/5/2 2186/5/2 2188/5/2
f 2189/5/2 2190/5/2 2191/5/2
f 2191/5/2 2190/5/2 2192/5/2
f 2193/2/2 2194/2/2 2195/2/2
f 2195/2/2 2194/2/2 2196/2/2
f 2197/5/2 2198/5/2 2199/5/2
f 2199/5/2 2198/5/2 2200/5/2
f 2201/5/2 2202/5/2 2203/5/2
f 2203/5/2 2202/5/2 2204/5/2
f 2205/5/2 2206/5/2 2207/5/2
f 2207/5/2 2206/5/2 2208/5/2
f 2209/5/2 2210/5/2 2211/5/2
f 2211/5/2 2210/5/2 2212/5/2
f 2213/5/2 2214/5/2 2215/5/2
f 2215/5/2 2214/5/2 2216/5/2
f 2217/5/2 2218/5/2 2219/5/2
f 2219/5/2 2218/5/2 2220/5/2
f 2221/5/2 2222/5/2 2223/5/2
f 2223/5/2 2222/5/2 2224/5/2
f 2225/4/2 2226/4/2 2227/4/2
f 2227/4/2 2226/4/2 2228/4/2
f 2229/2/2 2230/2/2 2231/2/2
f 2231/2/2 2230/2/2 2232/2/2
f 2233/5/2 2234/5/2 2235/5/2
f 2235/5/2 2234/5/2 2236/5/2
f 2237/5/2 2238/5/2 2239/5/2
f 2239/5/2 2238/5/2 2240/5/2
f 2241/5/2 2242/5/2 2243/5/2
f 2243/5/2 2242/5/2 2244/5/2
f 2245/5/2 2246/5/2 2247/5/2
f 2247/5/2 2246/5/2 2248/5/2
f 2249/5/2 2250/5/2 2251/5/2
f 2251/5/2 2250/5/2 2252/5/2
f 2253/2/2 2254/2/2 2255/2/2
f 2255/2/2 2254/2/2 2256/2/2
f 2257/2/2 2258/2/2 2259/2/2
f 2259/2/2 2258/2/2 2260/2/2
f 2261/5/2 2262/5/2 2263/5/2
f 2263/5/2 2262/5/2 2264/5/2
f 2265/5/2 2266/5/2 2267/5/2
f 2267/5/2 2266/5/2 2268/5/2
f 2269/5/2 2270/5/2 2271/5/2
f 2271/5/2 2270/5/2 2272/5/2
f 2273/5/2 2274/5/2 2275/5/2
f 2275/5/2 2274/5/2 2276/5/2
f 2277/2/2 2278/2/2 2279/2/2
f 2279/2/2 2278/2/2 2280/2/2
f 2281/2/2 2282/2/2 2283/2/2
f 2283/2/2 2282/2/2 2284/2/2
f 2285/2/2 2286/2/2 2287/2/2
f 2287/2/2 2286/2/2 2288/2/2
f 2289/5/2 2290/5/2 2291/5/2
f 2291/5/2 2290/5/2 2292/5/2
f 2293/5/2 2294/5/2 2295/5/2
f 2295/5/2 2294/5/2 2296/5/2
f 2297/5/2 2298/5/2 2299/5/2
f 2299/5/2 2298/5/2 2300/5/2
f 2301/5/2 2302/5/2 2303/5/2
f 2303/5/2 2302/5/2 2304/5/2
f 2305/5/2 2306/5/2 2307/5/2
f 2307/5/2 2306/5/2 2308/5/2
f 2309/5/2 2310/5/2 2311/5/2
f 2311/5/2 2310/5/2 2312/5/2
f 2313/5/2 2314/5/2 2315/5/2
f 2315/5/2 2314/5/2 2316/5/2
f 2317/5/2 2318/5/2 2319/5/2
f 2319/5/2 2318/5/2 2320/5/2
f 2321/7/2 2322/7/2 2323/7/2
f 2323/7/2 2322/7/2 2324/7/2
f 2325/2/2 2326/2/2 2327/2/2
f 2327/2/2 2326/2/2 2328/2/2
f 2329/5/2 2330/5/2 2331/5/2
f 2331/5/2 2330/5/2 2332/5/2
f 2333/5/2 2334/5/2 2335/5/2
f 2335/5/2 2334/5/2 2336/5/2
f 2337/5/2 2338/5/2 2339/5/2
f 2339/5/2 2338/5/2 2340/5/2
f 2341/5/2 2342/5/2 2343/5/2
f 2343/5/2 2342/5/2 2344/5/2
f 2345/5/2 2346/5/2 2347/5/2
f 2347/5/2 2346/5/2 2348/5/2
f 2349/5/2 2350/5/2 2351/5/2
f 2351/5/2 2350/5/2 2352/5/2
f 2353/5/2 2354/5/2 2355/5/2
f 2355/5/2 2354/5/2 2356/5/2
f 2357/7/2 2358/7/2 2359/7/2
f 2359/7/2 2358/7/2 2360/7/2
f 2361/7/2 2362/7/2 2363/7/2
f 2363/7/2 2362/7/2 2364/7/2
f 2365/2/2 2366/2/2 2367/2/2
f 2367/2/2 2366/2/2 2368/2/2
f 2369/5/2 2370/5/2 2371/5/2
f 2371/5/2 2370/5/2 2372/5/2
f 2373/2/2 2374/2/2 2375/2/2
f 2375/2/2 2374/2/2 2376/2/2
f 2375/5/2 2376/5/2 2377/5/2
f 2377/5/2 2376/5/2 2378/5/2
f 2379/5/2 2380/5/2 2381/5/2
f 2381/5/2 2380/5/2 2382/5/2
f 2383/5/2 2384/5/2 2385/5/2
f 2385/5/2 2384/5/2 2386/5/2
f 2387/5/2 2388/5/2 2389/5/2
f 2389/5/2 2388/5/2 2390/5/2
f 2391/5/2 2392/5/2 2393/5/2
f 2393/5/2 2392/5/2 2394/5/2
f 2395/5/2 2396/5/2 2397/5/2
f 2397/5/2 2396/5/2 2398/5/2
f 2399/5/2 2400/5/2 2401/5/2
f 2401/5/2 2400/5/2 2402/5/2
f 2403/3/2 2404/3/2 2405/3/2
f 2405/3/2 2404/3/2 2406/3/2
f 2407/3/2 2408/3/2 2409/3/2
f 2409/3/2 2408/3/2 2410/3/2
f 2411/2/2 2412/2/2 2413/2/2
f 2413/2/2 2412/2/2 2414/2/2
f 2415/2/2 2416/2/2 2417/2/2
f 2417/2/2 2416/2/2 2418/2/2
f 2419/2/2 2420/2/2 2421/2/2
f 2421/2/2 2420/2/2 2422/2/2
f 2423/5/2 2424/5/2 2425/5/2
f 2425/5/2 2424/5/2 2426/5/2
f 2427/5/2 2428/5/2 2429/5/2
f 2429/5/2 2428/5/2 2430/5/2
f 2431/5/2 2432/5/2 2433/5/2
f 2433/5/2 2432/5/2 2434/5/2
f 2435/5/2 2436/5/2 2437/5/2
f 2437/5/2 2436/5/2 2438/5/2
f 2439/5/2 2440/5/2 2441/5/2
f 2441/5/2 2440/5/2 2442/5/2
f 2443/5/2 2444/5/2 2445/5/2
f 2445/5/2 2444/5/2 2446/5/2
f 2447/5/2 2448/5/2 2449/5/2
f 2449/5/2 2448/5/2 2450/5/2
f 2451/3/2 2452/3/2 2453/3/2
f 2453/3/2 2452/3/2 2454/3/2
f 2455/2/2 2456/2/2 2457/2/2
f 2457/2/2 2456/2/2 2458/2/2
f 2459/2/2 2460/2/2 2461/2/2
f 2461/2/2 2460/2/2 2462/2/2
f 2463/5/2 2464/5/2 2465/5/2
f 2465/5/2 2464/5/2 2466/5/2
f 2467/5/2 2468/5/2 2469/5/2
f 2469/5/2 2468/5/2 2470/5/2
f 2471/5/2 2472/5/2 2473/5/2
f 2473/5/2 2472/5/2 2474/5/2
f 2475/5/2 2476/5/2 2477/5/2
f 2477/5/2 2476/5/2 2478/5/2
f 2479/5/2 2480/5/2 2481/5/2
f 2481/5/2 2480/5/2 2482/5/2
f 2483/4/2 2484/4/2 2485/4/2
f 2485/4/2 2484/4/2 2486/4/2
f 2487/4/2 2488/4/2 2489/4/2
f 2489/4/2 2488/4/2 2490/4/2
f 2491/2/2 2492/2/2 2493/2/2
f 2493/2/2 2492/2/2 2494/2/2
f 2495/2/2 2496/2/2 2497/2/2
f 2497/2/2 2496/2/2 2498/2/2
f 2499/5/2 2500/5/2 2501/5/2
f 2501/5/2 2500/5/2 2502/5/2
f 2503/5/2 2504/5/2 2505/5/2
f 2505/5/2 2504/5/2 2506/5/2
f 2507/5/2 2508/5/2 2509/5/2
f 2509/5/2 2508/5/2 2510/5/2
f 2511/5/2 2512/5/2 2513/5/2
f 2513/5/2 2512/5/2 2514/5/2
f 2515/4/2 2516/4/2 2517/4/2
f 2517/4/2 2516/4/2 2518/4/2
f 2519/2/2 2520/2/2 2521/2/2
f 2521/2/2 2520/2/2 2522/2/2
f 2523/5/2 2524/5/2 2525/5/2
f 2525/5/2 2524/5/2 2526/5/2
f 2527/5/2 2528/5/2 2529/5/2
f 2529/5/2 2528/5/2 2530/5/2
f 2531/5/2 2532/5/2 2533/5/2
f 2533/5/2 2532/5/2 2534/5/2
f 2535/5/2 2536/5/2 2537/5/2
f 2537/5/2 2536/5/2 2538/5/2
f 2539/4/2 2540/4/2 2541/4/2
f 2541/4/2 2540/4/2 2542/4/2
f 2541/3/2 2542/3/2 2543/3/2
f 2543/3/2 2542/3/2 2544/3/2
f 2543/7/2 2544/7/2 2545/7/2
f 2545/7/2 2544/7/2 2546/7/2
f 2547/2/2 2548/2/2 2549/2/2
f 2549/2/2 2548/2/2 2550/2/2
f 2551/2/2 2552/2/2 2553/2/2
f 2553/2/2 2552/2/2 2554/2/2
f 2555/2/2 2556/2/2 2557/2/2
f 2557/2/2 2556/2/2 2558/2/2
f 2559/5/2 2560/5/2 2561/5/2
f 2561/5/2 2560/5/2 2562/5/2
f 2563/5/2 2564/5/2 2565/5/2
f 2565/5/2 2564/5/2 2566/5/2
f 2567/5/2 2568/5/2 2569/5/2
f 2569/5/2 2568/5/2 2570/5/2
f 2571/5/2 2572/5/2 2573/5/2
f 2573/5/2 2572/5/2 2574/5/2
f 2575/5/2 2576/5/2 2577/5/2
f 2577/5/2 2576/5/2 2578/5/2
f 2579/2/2 2580/2/2 2581/2/2
f 2581/2/2 2580/2/2 2582/2/2
f 2583/5/2 2584/5/2 2585/5/2
f 2585/5/2 2584/5/2 2586/5/2
f 2587/5/2 2588/5/2 2589/5/2
f 2589/5/2 2588/5/2 2590/5/2
f 2591/5/2 2592/5/2 2593/5/2
f 2593/5/2 2592/5/2 2594/5/2
f 2595/5/2 2596/5/2 2597/5/2
f 2597/5/2 2596/5/2 2598/5/2
f 2599/5/2 2600/5/2 2601/5/2
f 2601/5/2 2600/5/2 2602/5/2
f 2603/5/2 2604/5/2 2605/5/2
f 2605/5/2 2604/5/2 2606/5/2
f 2607/5/2 2608/5/2 2609/5/2
f 2609/5/2 2608/5/2 2610/5/2
f 2611/2/2 2612/2/2 2613/2/2
f 2613/2/2 2612/2/2 2614/2/2
f 2615/2/2 2616/2/2 2617/2/2
f 2617/2/2 2616/2/2 2618/2/2
f 2619/5/2 2620/5/2 2621/5/2
f 2621/5/2 2620/5/2 2622/5/2
f 2623/5/2 2624/5/2 2625/5/2
f 2625/5/2 2624/5/2 2626/5/2
f 2627/5/2 2628/5/2 2629/5/2
f 2629/5/2 2628/5/2 2630/5/2
f 2631/5/2 2632/5/2 2633/5/2
f 2633/5/2 2632/5/2 2634/5/2
f 2635/5/2 2636/5/2 2637/5/2
f 2637/5/2 2636/5/2 2638/5/2
f 2639/4/2 2640/4/2 2641/4/2
f 2641/4/2 2640/4/2 2642/4/2
f 2643/7/2 2644/7/2 2645/7/2
f 2645/7/2 2644/7/2 2646/7/2
f 2647/7/2 2648/7/2 2649/7/2
f 2649/7/2 2648/7/2 2650/7/2
f 2651/2/2 2652/2/2 2653/2/2
f 2653/2/2 2652/2/2 2654/2/2
f 2655/2/2 2656/2/2 2657/2/2
f 2657/2/2 2656/2/2 2658/2/2
f 2659/5/2 2660/5/2 2661/5/2
f 2661/5/2 2660/5/2 2662/5/2
f 2663/5/2 2664/5/2 2665/5/2
f 2665/5/2 2664/5/2 2666/5/2
f 2667/5/2 2668/5/2 2669/5/2
f 2669/5/2 2668/5/2 2670/5/2
f 2671/5/2 2672/5/2 2673/5/2
f 2673/5/2 2672/5/2 2674/5/2
f 2675/5/2 2676/5/2 2677/5/2
f 2677/5/2 2676/5/2 2678/5/2
f 2679/5/2 2680/5/2 2681/5/2
f 2681/5/2 2680/5/2 2682/5/2
f 2683/4/2 2684/4/2 2685/4/2
f 2685/4/2 2684/4/2 2686/4/2
f 2685/3/2 2686/3/2 2687/3/2
f 2687/3/2 2686/3/2 2688/3/2
f 2687/7/2 2688/7/2 2689/7/2
f 2689/7/2 2688/7/2 2690/7/2
f 2691/2/2 2692/2/2 2693/2/2
f 2693/2/2 2692/2/2 2694/2/2
f 2695/2/2 2696/2/2 2697/2/2
f 2697/2/2 2696/2/2 2698/2/2
f 2699/5/2 2700/5/2 2701/5/2
f 2701/5/2 2700/5/2 2702/5/2
f 2703/5/2 2704/5/2 2705/5/2
f 2705/5/2 2704/5/2 2706/5/2
f 2707/5/2 2708/5/2 2709/5/2
f 2709/5/2 2708/5/2 2710/5/2
f 2711/5/2 2712/5/2 2713/5/2
f 2713/5/2 2712/5/2 2714/5/2
f 2715/5/2 2716/5/2 2717/5/2
f 2717/5/2 2716/5/2 2718/5/2
f 2719/3/2 2720/3/2 2721/3/2
f 2721/3/2 2720/3/2 2722/3/2
f 2723/2/2 2724/2/2 2725/2/2
f 2725/2/2 2724/2/2 2726/2/2
f 2727/2/2 2728/2/2 2729/2/2
f 2729/2/2 2728/2/2 2730/2/2
f 2731/5/2 2732/5/2 2733/5/2
f 2733/5/2 2732/5/2 2734/5/2
f 2735/5/2 2736/5/2 2737/5/2
f 2737/5/2 2736/5/2 2738/5/2
f 2739/5/2 2740/5/2 2741/5/2
f 2741/5/2 2740/5/2 2742/5/2
f 2743/5/2 2744/5/2 2745/5/2
f 2745/5/2 2744/5/2 2746/5/2
f 2747/5/2 2748/5/2 2749/5/2
f 2749/5/2 2748/5/2 2750/5/2
f 2751/2/2 2752/2/2 2753/2/2
f 2753/2/2 2752/2/2 2754/2/2
f 2755/2/2 2756/2/2 2757/2/2
f 2757/2/2 2756/2/2 2758/2/2
f 2759/5/2 2760/5/2 2761/5/2
f 2761/5/2 2760/5/2 2762/5/2
f 2763/5/2 2764/5/2 2765/5/2
f 2765/5/2 2764/5/2 2766/5/2
f 2767/4/2 2768/4/2 2769/4/2
f 2769/4/2 2768/4/2 2770/4/2
f 2769/3/2 2770/3/2 2771/3/2
f 2771/3/2 2770/3/2 2772/3/2
f 2771/7/2 2772/7/2 2773/7/2
f 2773/7/2 2772/7/2 2774/7/2
f 2775/4/2 2776/4/2 2777/4/2
f 2777/4/2 2776/4/2 2778/4/2
f 2779/2/2 2780/2/2 2781/2/2
f 2781/2/2 2780/2/2 2782/2/2
f 2783/5/2 2784/5/2 2785/5/2
f 2785/5/2 2784/5/2 2786/5/2
f 2787/5/2 2788/5/2 2789/5/2
f 2789/5/2 2788/5/2 2790/5/2
f 2791/5/2 2792/5/2 2793/5/2
f 2793/5/2 2792/5/2 2794/5/2
f 2795/5/2 2796/5/2 2797/5/2
f 2797/5/2 2796/5/2 2798/5/2
f 2799/2/2 2800/2/2 2801/2/2
f 2801/2/2 2800/2/2 2802/2/2
f 2803/5/2 2804/5/2 2805/5/2
f 2805/5/2 2804/5/2 2806/5/2
f 2807/4/2 2808/4/2 2809/4/2
f 2809/4/2 2808/4/2 2810/4/2
f 2809/3/2 2810/3/2 2811/3/2
f 2811/3/2 2810/3/2 2812/3/2
f 2811/7/2 2812/7/2 2813/7/2
f 2813/7/2 2812/7/2 2814/7/2
f 2815/5/2 2816/5/2 2817/5/2
f 2817/5/2 2816/5/2 2818/5/2
f 2819/5/2 2820/5/2 2821/5/2
f 2821/5/2 2820/5/2 2822/5/2
f 2823/5/2 2824/5/2 2825/5/2
f 2825/5/2 2824/5/2 2826/5/2
f 2827/2/2 2828/2/2 2829/2/2
f 2829/2/2 2828/2/2 2830/2/2
f 2831/2/2 2832/2/2 2833/2/2
f 2833/2/2 2832/2/2 2834/2/2
f 2835/5/2 2836/5/2 2837/5/2
f 2837/5/2 2836/5/2 2838/5/2
f 2839/5/2 2840/5/2 2841/5/2
f 2841/5/2 2840/5/2 2842/5/2
f 2843/5/2 2844/5/2 2845/5/2
f 2845/5/2 2844/5/2 2846/5/2
f 2847/5/2 2848/5/2 2849/5/2
f 2849/5/2 2848/5/2 2850/5/2
f 2851/2/2 2852/2/2 2853/2/2
f 2853/2/2 2852/2/2 2854/2/2
f 2855/5/2 2856/5/2 2857/5/2
f 2857/5/2 2856/5/2 2858/5/2
f 2859/5/2 2860/5/2 2861/5/2
f 2861/5/2 2860/5/2 2862/5/2
f 2863/5/2 2864/5/2 2865/5/2
f 2865/5/2 2864/5/2 2866/5/2
f 2867/7/2 2868/7/2 2869/7/2
f 2869/7/2 2868/7/2 2870/7/2
f 2871/2/2 2872/2/2 2873/2/2
f 2873/2/2 2872/2/2 2874/2/2
f 2875/3/2 2876/3/2 2877/3/2
f 2877/3/2 2876/3/2 2878/3/2
f 2879/2/2 2880/2/2 2881/2/2
f 2881/2/2 2880/2/2 2882/2/2
f 2883/2/2 2884/2/2 2885/2/2
f 2885/2/2 2884/2/2 2886/2/2
f 2887/2/2 2888/2/2 2889/2/2
f 2889/2/2 2888/2/2 2890/2/2
f 2891/5/2 2892/5/2 2893/5/2
f 2893/5/2 2892/5/2 2894/5/2
f 2895/5/2 2896/5/2 2897/5/2
f 2897/5/2 2896/5/2 2898/5/2
f 2899/5/2 2900/5/2 2901/5/2
f 2901/5/2 2900/5/2 2902/5/2
f 2903/4/2 2904/4/2 2905/4/2
f 2905/4/2 2904/4/2 2906/4/2
f 2907/2/2 2908/2/2 2909/2/2
f 2909/2/2 2908/2/2 2910/2/2
f 2911/2/2 2912/2/2 2913/2/2
f 2913/2/2 2912/2/2 2914/2/2
f 2915/2/2 2916/2/2 2917/2/2
f 2917/2/2 2916/2/2 2918/2/2
f 2919/2/2 2920/2/2 2921/2/2
f 2921/2/2 2920/2/2 2922/2/2
f 2923/2/2 2924/2/2 2925/2/2
f 2925/2/2 2924/2/2 2926/2/2
f 2927/2/2 2928/2/2 2929/2/2
f 2929/2/2 2928/2/2 2930/2/2
f 2931/2/2 2932/2/2 2933/2/2
f 2933/2/2 2932/2/2 2934/2/2
f 2935/2/2 2936/2/2 2937/2/2
f 2937/2/2 2936/2/2 2938/2/2
f 2939/2/2 2940/2/2 2941/2/2
f 2941/2/2 2940/2/2 2942/2/2
f 2943/2/2 2944/2/2 2945/2/2
f 2945/2/2 2944/2/2 2946/2/2
f 2947/2/2 2948/2/2 2949/2/2
f 2949/2/2 2948/2/2 2950/2/2
f 2951/2/2 2952/2/2 2953/2/2
f 2953/2/2 2952/2/2 2954/2/2
f 2955/2/2 2956/2/2 2957/2/2
f 2957/2/2 2956/2/2 2958/2/2
f 2959/2/2 2960/2/2 2961/2/2
f 2961/2/2 2960/2/2 2962/2/2
f 2963/2/2 2964/2/2 2965/2/2
f 2965/2/2 2964/2/2 2966/2/2
f 2967/2/2 2968/2/2 2969/2/2
f 2969/2/2 2968/2/2 2970/2/2
f 2971/2/2 2972/2/2 2973/2/2
f 2973/2/2 2972/2/2 2974/2/2
f 2975/2/2 2976/2/2 2977/2/2
f 2977/2/2 2976/2/2 2978/2/2
f 2979/4/2 2980/4/2 2981/4/2
f 2981/4/2 2980/4/2 2982/4/2
f 2983/3/2 2984/3/2 2985/3/2
f 2985/3/2 2984/3/2 2986/3/2
f 2987/7/2 2988/7/2 2989/7/2
f 2989/7/2 2988/7/2 2990/7/2
f 2991/1/2 2992/1/2 2993/1/2
f 2993/1/2 2992/1/2 2994/1/2
f 2995/1/2 2996/1/2 2997/1/2
f 2997/1/2 2996/1/2 2998/1/2
f 2999/1/2 3000/1/2 3001/1/2
f 3001/1/2 3000/1/2 3002/1/2
f 3003/1/2 3004/1/2 3005/1/2
f 3005/1/2 3004/1/2 3006/1/2
f 3007/1/2 3008/1/2 3009/1/2
f 3009/1/2 3008/1/2 3010/1/2
f 3011/1/2 3012/1/2 3013/1/2
f 3013/1/2 3012/1/2 3014/1/2
f 3015/1/2 3016/1/2 3017/1/2
f 3017/1/2 3016/1/2 3018/1/2
f 3019/7/2 3020/7/2 3021/7/2
f 3021/7/2 3020/7/2 3022/7/2
f 3023/7/2 3024/7/2 3025/7/2
f 3025/7/2 3024/7/2 3026/7/2
f 3027/3/2 3028/3/2 3029/3/2
f 3029/3/2 3028/3/2 3030/3/2
f 3031/4/2 3032/4/2 3033/4/2
f 3033/4/2 3032/4/2 3034/4/2
f 3035/1/2 3036/1/2 3037/1/2
f 3037/1/2 3036/1/2 3038/1/2
f 3039/1/2 3040/1/2 3041/1/2
f 3041/1/2 3040/1/2 3042/1/2
f 3043/1/2 3044/1/2 3045/1/2
f 3045/1/2 3044/1/2 3046/1/2
f 3047/1/2 3048/1/2 3049/1/2
f 3049/1/2 3048/1/2 3050/1/2
f 3051/1/2 3052/1/2 3053/1/2
f 3053/1/2 3052/1/2 3054/1/2
f 3055/1/2 3056/1/2 3057/1/2
f 3057/1/2 3056/1/2 3058/1/2
f 3059/1/2 3060/1/2 3061/1/2
f 3061/1/2 3060/1/2 3062/1/2
f 3063/1/2 3064/1/2 3065/1/2
f 3065/1/2 3064/1/2 3066/1/2
f 3067/1/2 3068/1/2 3069/1/2
f 3069/1/2 3068/1/2 3070/1/2
f 3071/1/2 3072/1/2 3073/1/2
f 3073/1/2 3072/1/2 3074/1/2
f 3075/1/2 3076/1/2 3077/1/2
f 3077/1/2 3076/1/2 3078/1/2
f 3079/1/2 3080/1/2 3081/1/2
f 3081/1/2 3080/1/2 3082/1/2
f 3083/1/2 3084/1/2 3085/1/2
f 3085/1/2 3084/1/2 3086/1/2
f 3087/1/2 3088/1/2 3089/1/2
f 3089/1/2 3088/1/2 3090/1/2
f 3091/1/2 3092/1/2 3093/1/2
f 3093/1/2 3092/1/2 3094/1/2
f 3095/1/2 3096/1/2 3097/1/2
f 3097/1/2 3096/1/2 3098/1/2
f 3099/1/2 3100/1/2 3101/1/2
f 3101/1/2 3100/1/2 3102/1/2
f 3103/1/2 3104/1/2 3105/1/2
f 3105/1/2 3104/1/2 3106/1/2
f 3107/1/2 3108/1/2 3109/1/2
f 3109/1/2 3108/1/2 3110/1/2
f 3111/1/2 3112/1/2 3113/1/2
f 3113/1/2 3112/1/2 3114/1/2
f 3115/1/2 3116/1/2 3117/1/2
f 3117/1/2 3116/1/2 3118/1/2
f 3119/1/2 3120/1/2 3121/1/2
f 3121/1/2 3120/1/2 3122/1/2
f 3123/1/2 3124/1/2 3125/1/2
f 3125/1/2 3124/1/2 3126/1/2
f 3127/1/2 3128/1/2 3129/1/2
f 3129/1/2 3128/1/2 3130/1/2
f 3131/1/2 3132/1/2 3133/1/2
f 3133/1/2 3132/1/2 3134/1/2
f 3135/1/2 3136/1/2 3137/1/2
f 3137/1/2 3136/1/2 3138/1/2
f 3139/1/2 3140/1/2 3141/1/2
f 3141/1/2 3140/1/2 3142/1/2
f 3143/1/2 3144/1/2 3145/1/2
f 3145/1/2 3144/1/2 3146/1/2
f 3147/1/2 3148/1/2 3149/1/2
f 3149/1/2 3148/1/2 3150/1/2
f 3151/1/2 3152/1/2 3153/1/2
f 3153/1/2 3152/1/2 3154/1/2
f 3155/1/2 3156/1/2 3157/1/2
f 3157/1/2 3156/1/2 3158/1/2
f 3159/1/2 3160/1/2 3161/1/2
f 3161/1/2 3160/1/2 3162/1/2
f 3163/1/2 3164/1/2 3165/1/2
f 3165/1/2 3164/1/2 3166/1/2
f 3167/1/2 3168/1/2 3169/1/2
f 3169/1/2 3168/1/2 3170/1/2
f 3171/1/2 3172/1/2 3173/1/2
f 3173/1/2 3172/1/2 3174/1/2
f 3175/1/2 3176/1/2 3177/1/2
f 3177/1/2 3176/1/2 3178/1/2
f 3179/1/2 3180/1/2 3181/1/2
f 3181/1/2 3180/1/2 3182/1/2
f 3183/1/2 3184/1/2 3185/1/2
f 3185/1/2 3184/1/2 3186/1/2
f 3190/4/3 3188/4/3 3187/4/3
f 3191/4/3 3188/4/3 3190/4/3
f 3192/4/3 3188/4/3 3191/4/3
f 3196/3/3 3194/3/3 3193/3/3
f 3199/7/3 3198/7/3 3197/7/3
f 3201/7/3 3199/7/3 3197/7/3
f 3201/7/3 3200/7/3 3199/7/3
f 3202/7/3 3200/7/3 3201/7/3
f 3203/3/3 3196/3/3 3195/3/3
f 3204/3/3 3194/3/3 3196/3/3
f 3204/3/3 3196/3/3 3203/3/3
f 3205/7/3 3201/7/3 3197/7/3
f 3206/7/3 3201/7/3 3205/7/3
f 3207/4/3 3190/4/3 3189/4/3
f 3207/4/3 3191/4/3 3190/4/3
f 3208/4/3 3191/4/3 3207/4/3
f 3209/4/3 3191/4/3 3208/4/3
f 3211/3/3 3194/3/3 3204/3/3
f 3212/3/3 3194/3/3 3211/3/3
f 3215/4/3 3210/4/3 3209/4/3
f 3215/4/3 3209/4/3 3208/4/3
f 3216/4/3 3210/4/3 3215/4/3
f 3218/7/3 3214/7/3 3213/7/3
f 3219/7/3 3214/7/3 3218/7/3
f 3226/7/3 3218/7/3 3217/7/3
f 3227/7/3 3218/7/3 3226/7/3
f 3228/7/3 3220/7/3 3219/7/3
f 3229/7/3 3220/7/3 3228/7/3
f 3234/3/3 3226/3/3 3225/3/3
f 3235/3/3 3226/3/3 3234/3/3
f 3236/3/3 3230/3/3 3229/3/3
f 3237/3/3 3230/3/3 3236/3/3
f 3239/7/3 3232/7/3 3231/7/3
f 3240/7/3 3232/7/3 3239/7/3
f 3241/3/3 3224/3/3 3223/3/3
f 3242/3/3 3224/3/3 3241/3/3
f 3244/3/3 3234/3/3 3233/3/3
f 3245/3/3 3234/3/3 3244/3/3
f 3246/3/3 3238/3/3 3237/3/3
f 3247/3/3 3238/3/3 3246/3/3
f 3249/4/3 3222/4/3 3221/4/3
f 3250/4/3 3222/4/3 3249/4/3
f 3251/4/3 3244/4/3 3243/4/3
f 3252/4/3 3248/4/3 3247/4/3
f 3255/4/3 3251/4/3 3243/4/3
f 3255/4/3 3252/4/3 3251/4/3
f 3256/4/3 3248/4/3 3252/4/3
f 3256/4/3 3252/4/3 3255/4/3
f 3259/7/3 3254/7/3 3253/7/3
f 3260/7/3 3254/7/3 3259/7/3
f 3270/7/3 3258/7/3 3257/7/3
f 3271/7/3 3258/7/3 3270/7/3
f 3277/7/3 3262/7/3 3261/7/3
f 3278/7/3 3262/7/3 3277/7/3
f 3279/7/3 3264/7/3 3263/7/3
f 3280/7/3 3264/7/3 3279/7/3
f 3281/7/3 3266/7/3 3265/7/3
f 3282/7/3 3266/7/3 3281/7/3
f 3292/4/3 3268/4/3 3267/4/3
f 3293/4/3 3268/4/3 3292/4/3
f 3298/7/3 3270/7/3 3269/7/3
f 3299/7/3 3270/7/3 3298/7/3
f 3300/7/3 3272/7/3 3271/7/3
f 3301/7/3 3272/7/3 3300/7/3
f 3308/7/3 3284/7/3 3283/7/3
f 3309/7/3 3284/7/3 3308/7/3
f 3310/7/3 3286/7/3 3285/7/3
f 3311/7/3 3286/7/3 3310/7/3
f 3312/7/3 3288/7/3 3287/7/3
f 3313/7/3 3288/7/3 3312/7/3
f 3314/7/3 3290/7/3 3289/7/3
f 3315/7/3 3290/7/3 3314/7/3
f 3317/3/3 3295/3/3 3294/3/3
f 3318/3/3 3295/3/3 3317/3/3
f 3321/2/3 3297/2/3 3296/2/3
f 3322/2/3 3297/2/3 3321/2/3
f 3328/3/3 3274/3/3 3273/3/3
f 3329/3/3 3274/3/3 3328/3/3
f 3330/3/3 3276/3/3 3275/3/3
f 3331/3/3 3276/3/3 3330/3/3
f 3333/3/3 3303/3/3 3302/3/3
f 3334/3/3 3303/3/3 3333/3/3
f 3343/7/3 3320/7/3 3319/7/3
f 3344/7/3 3320/7/3 3343/7/3
f 3346/3/3 3324/3/3 3323/3/3
f 3347/3/3 3324/3/3 3346/3/3
f 3348/3/3 3326/3/3 3325/3/3
f 3349/3/3 3326/3/3 3348/3/3
f 3350/3/3 3328/3/3 3327/3/3
f 3351/3/3 3328/3/3 3350/3/3
f 3354/3/3 3332/3/3 3331/3/3
f 3355/3/3 3332/3/3 3354/3/3
f 3359/3/3 3305/3/3 3304/3/3
f 3360/3/3 3305/3/3 3359/3/3
f 3361/3/3 3307/3/3 3306/3/3
f 3362/3/3 3307/3/3 3361/3/3
f 3364/3/3 3336/3/3 3335/3/3
f 3365/3/3 3336/3/3 3364/3/3
f 3366/3/3 3338/3/3 3337/3/3
f 3367/3/3 3338/3/3 3366/3/3
f 3368/3/3 3340/3/3 3339/3/3
f 3369/3/3 3340/3/3 3368/3/3
f 3370/3/3 3342/3/3 3341/3/3
f 3371/3/3 3342/3/3 3370/3/3
f 3373/7/3 3345/7/3 3344/7/3
f 3374/7/3 3345/7/3 3373/7/3
f 3377/3/3 3348/3/3 3347/3/3
f 3378/3/3 3348/3/3 3377/3/3
f 3383/3/3 3353/3/3 3352/3/3
f 3384/3/3 3353/3/3 3383/3/3
f 3388/4/3 3359/4/3 3358/4/3
f 3389/4/3 3359/4/3 3388/4/3
f 3392/4/3 3363/4/3 3362/4/3
f 3393/4/3 3363/4/3 3392/4/3
f 3402/3/3 3317/3/3 3316/3/3
f 3403/3/3 3317/3/3 3402/3/3
f 3405/7/3 3373/7/3 3372/7/3
f 3406/7/3 3373/7/3 3405/7/3
f 3407/2/3 3321/2/3 3296/2/3
f 3408/2/3 3321/2/3 3407/2/3
f 3409/2/3 3297/2/3 3322/2/3
f 3410/2/3 3297/2/3 3409/2/3
f 3411/4/3 3376/4/3 3375/4/3
f 3412/4/3 3376/4/3 3411/4/3
f 3413/4/3 3380/4/3 3379/4/3
f 3414/4/3 3380/4/3 3413/4/3
f 3415/4/3 3382/4/3 3381/4/3
f 3416/4/3 3382/4/3 3415/4/3
f 3417/4/3 3385/4/3 3384/4/3
f 3418/4/3 3385/4/3 3417/4/3
f 3419/4/3 3387/4/3 3386/4/3
f 3420/4/3 3387/4/3 3419/4/3
f 3421/4/3 3357/4/3 3356/4/3
f 3422/4/3 3357/4/3 3421/4/3
f 3423/4/3 3391/4/3 3390/4/3
f 3424/4/3 3391/4/3 3423/4/3
f 3425/4/3 3395/4/3 3394/4/3
f 3426/4/3 3395/4/3 3425/4/3
f 3427/4/3 3397/4/3 3396/4/3
f 3428/4/3 3397/4/3 3427/4/3
f 3429/4/3 3399/4/3 3398/4/3
f 3430/4/3 3399/4/3 3429/4/3
f 3431/6/3 3401/6/3 3400/6/3
f 3432/6/3 3401/6/3 3431/6/3
f 3433/4/3 3292/4/3 3291/4/3
f 3434/4/3 3292/4/3 3433/4/3
f 3436/3/3 3404/3/3 3403/3/3
f 3437/3/3 3404/3/3 3436/3/3
f 3440/4/3 3413/4/3 3412/4/3
f 3441/4/3 3413/4/3 3440/4/3
f 3442/4/3 3435/4/3 3434/4/3
f 3443/4/3 3435/4/3 3442/4/3
f 3444/2/3 3439/2/3 3438/2/3
f 3445/2/3 3439/2/3 3444/2/3
f 3461/2/3 3446/2/3 3445/2/3
f 3462/2/3 3446/2/3 3461/2/3
f 3466/5/3 3448/5/3 3447/5/3
f 3467/5/3 3448/5/3 3466/5/3
f 3469/5/3 3452/5/3 3451/5/3
f 3470/5/3 3452/5/3 3469/5/3
f 3473/5/3 3454/5/3 3453/5/3
f 3474/5/3 3454/5/3 3473/5/3
f 3476/5/3 3456/5/3 3455/5/3
f 3477/5/3 3456/5/3 3476/5/3
f 3480/5/3 3458/5/3 3457/5/3
f 3481/5/3 3458/5/3 3480/5/3
f 3483/5/3 3460/5/3 3459/5/3
f 3484/5/3 3460/5/3 3483/5/3
f 3487/2/3 3463/2/3 3462/2/3
f 3488/2/3 3463/2/3 3487/2/3
f 3491/2/3 3465/2/3 3464/2/3
f 3492/2/3 3465/2/3 3491/2/3
f 3494/5/3 3450/5/3 3449/5/3
f 3495/5/3 3450/5/3 3494/5/3
f 3496/5/3 3473/5/3 3453/5/3
f 3497/5/3 3473/5/3 3496/5/3
f 3498/5/3 3454/5/3 3474/5/3
f 3499/5/3 3454/5/3 3498/5/3
f 3500/7/3 3486/7/3 3485/7/3
f 3501/7/3 3486/7/3 3500/7/3
f 3503/2/3 3489/2/3 3488/2/3
f 3504/2/3 3489/2/3 3503/2/3
f 3506/2/3 3491/2/3 3490/2/3
f 3507/2/3 3491/2/3 3506/2/3
f 3508/2/3 3493/2/3 3492/2/3
f 3509/2/3 3493/2/3 3508/2/3
f 3511/5/3 3466/5/3 3447/5/3
f 3512/5/3 3466/5/3 3511/5/3
f 3521/5/3 3476/5/3 3475/5/3
f 3522/5/3 3476/5/3 3521/5/3
f 3523/5/3 3478/5/3 3477/5/3
f 3524/5/3 3478/5/3 3523/5/3
f 3525/5/3 3480/5/3 3479/5/3
f 3526/5/3 3480/5/3 3525/5/3
f 3527/5/3 3482/5/3 3481/5/3
f 3528/5/3 3482/5/3 3527/5/3
f 3529/5/3 3483/5/3 3459/5/3
f 3530/5/3 3483/5/3 3529/5/3
f 3531/5/3 3460/5/3 3484/5/3
f 3532/5/3 3460/5/3 3531/5/3
f 3536/2/3 3503/2/3 3502/2/3
f 3537/2/3 3503/2/3 3536/2/3
f 3540/2/3 3514/2/3 3513/2/3
f 3541/2/3 3514/2/3 3540/2/3
f 3542/5/3 3516/5/3 3515/5/3
f 3543/5/3 3516/5/3 3542/5/3
f 3544/5/3 3518/5/3 3517/5/3
f 3545/5/3 3518/5/3 3544/5/3
f 3546/5/3 3469/5/3 3468/5/3
f 3547/5/3 3469/5/3 3546/5/3
f 3548/5/3 3472/5/3 3471/5/3
f 3549/5/3 3472/5/3 3548/5/3
f 3550/5/3 3520/5/3 3519/5/3
f 3551/5/3 3520/5/3 3550/5/3
f 3559/3/3 3534/3/3 3533/3/3
f 3560/3/3 3534/3/3 3559/3/3
f 3561/2/3 3444/2/3 3438/2/3
f 3562/2/3 3536/2/3 3535/2/3
f 3563/2/3 3536/2/3 3562/2/3
f 3564/5/3 3539/5/3 3538/5/3
f 3565/5/3 3539/5/3 3564/5/3
f 3566/5/3 3448/5/3 3467/5/3
f 3567/5/3 3448/5/3 3566/5/3
f 3574/5/3 3550/5/3 3519/5/3
f 3575/5/3 3552/5/3 3551/5/3
f 3576/5/3 3554/5/3 3553/5/3
f 3577/5/3 3554/5/3 3576/5/3
f 3578/5/3 3554/5/3 3577/5/3
f 3579/5/3 3554/5/3 3578/5/3
f 3581/5/3 3556/5/3 3555/5/3
f 3582/5/3 3556/5/3 3581/5/3
f 3584/5/3 3558/5/3 3557/5/3
f 3585/5/3 3558/5/3 3584/5/3
f 3589/2/3 3561/2/3 3438/2/3
f 3589/2/3 3562/2/3 3561/2/3
f 3590/2/3 3562/2/3 3589/2/3
f 3591/2/3 3506/2/3 3505/2/3
f 3592/2/3 3506/2/3 3591/2/3
f 3593/2/3 3510/2/3 3509/2/3
f 3594/2/3 3510/2/3 3593/2/3
f 3599/5/3 3569/5/3 3568/5/3
f 3600/5/3 3569/5/3 3599/5/3
f 3601/5/3 3573/5/3 3572/5/3
f 3602/5/3 3573/5/3 3601/5/3
f 3603/5/3 3573/5/3 3602/5/3
f 3604/5/3 3573/5/3 3603/5/3
f 3606/5/3 3575/5/3 3574/5/3
f 3606/5/3 3574/5/3 3519/5/3
f 3607/5/3 3552/5/3 3575/5/3
f 3607/5/3 3575/5/3 3606/5/3
f 3609/5/3 3578/5/3 3577/5/3
f 3610/5/3 3578/5/3 3609/5/3
f 3611/5/3 3554/5/3 3579/5/3
f 3612/5/3 3581/5/3 3580/5/3
f 3613/5/3 3583/5/3 3582/5/3
f 3615/5/3 3586/5/3 3585/5/3
f 3616/5/3 3586/5/3 3615/5/3
f 3617/4/3 3588/4/3 3587/4/3
f 3618/4/3 3588/4/3 3617/4/3
f 3623/5/3 3596/5/3 3595/5/3
f 3624/5/3 3596/5/3 3623/5/3
f 3625/5/3 3598/5/3 3597/5/3
f 3626/5/3 3598/5/3 3625/5/3
f 3628/5/3 3571/5/3 3570/5/3
f 3629/5/3 3603/5/3 3602/5/3
f 3630/5/3 3603/5/3 3629/5/3
f 3633/5/3 3610/5/3 3609/5/3
f 3633/5/3 3611/5/3 3610/5/3
f 3633/5/3 3609/5/3 3608/5/3
f 3634/5/3 3554/5/3 3611/5/3
f 3634/5/3 3611/5/3 3633/5/3
f 3635/5/3 3613/5/3 3612/5/3
f 3635/5/3 3612/5/3 3580/5/3
f 3636/5/3 3583/5/3 3613/5/3
f 3636/5/3 3613/5/3 3635/5/3
f 3637/5/3 3615/5/3 3614/5/3
f 3638/5/3 3615/5/3 3637/5/3
f 3639/2/3 3622/2/3 3621/2/3
f 3640/2/3 3622/2/3 3639/2/3
f 3641/2/3 3622/2/3 3640/2/3
f 3642/2/3 3622/2/3 3641/2/3
f 3643/2/3 3622/2/3 3642/2/3
f 3648/5/3 3605/5/3 3604/5/3
f 3649/5/3 3605/5/3 3648/5/3
f 3650/5/3 3632/5/3 3631/5/3
f 3651/5/3 3632/5/3 3650/5/3
f 3658/2/3 3620/2/3 3619/2/3
f 3659/2/3 3620/2/3 3658/2/3
f 3660/2/3 3641/2/3 3640/2/3
f 3661/2/3 3641/2/3 3660/2/3
f 3662/2/3 3643/2/3 3642/2/3
f 3662/2/3 3644/2/3 3643/2/3
f 3663/2/3 3644/2/3 3662/2/3
f 3664/5/3 3623/5/3 3595/5/3
f 3665/5/3 3596/5/3 3624/5/3
f 3666/5/3 3596/5/3 3665/5/3
f 3667/5/3 3646/5/3 3645/5/3
f 3668/5/3 3628/5/3 3627/5/3
f 3669/5/3 3571/5/3 3628/5/3
f 3669/5/3 3628/5/3 3668/5/3
f 3670/5/3 3648/5/3 3647/5/3
f 3671/5/3 3648/5/3 3670/5/3
f 3673/5/3 3632/5/3 3651/5/3
f 3674/5/3 3653/5/3 3652/5/3
f 3675/5/3 3653/5/3 3674/5/3
f 3676/5/3 3655/5/3 3654/5/3
f 3677/5/3 3655/5/3 3676/5/3
f 3678/5/3 3657/5/3 3656/5/3
f 3679/5/3 3657/5/3 3678/5/3
f 3683/2/3 3641/2/3 3661/2/3
f 3685/2/3 3644/2/3 3663/2/3
f 3686/5/3 3666/5/3 3665/5/3
f 3686/5/3 3664/5/3 3595/5/3
f 3686/5/3 3667/5/3 3666/5/3
f 3686/5/3 3665/5/3 3664/5/3
f 3687/5/3 3646/5/3 3667/5/3
f 3687/5/3 3667/5/3 3686/5/3
f 3694/5/3 3673/5/3 3672/5/3
f 3695/5/3 3632/5/3 3673/5/3
f 3695/5/3 3673/5/3 3694/5/3
f 3697/5/3 3653/5/3 3675/5/3
f 3698/5/3 3653/5/3 3697/5/3
f 3700/5/3 3655/5/3 3677/5/3
f 3701/5/3 3655/5/3 3700/5/3
f 3703/5/3 3657/5/3 3679/5/3
f 3704/7/3 3681/7/3 3680/7/3
f 3705/7/3 3681/7/3 3704/7/3
f 3707/2/3 3620/2/3 3659/2/3
f 3709/2/3 3683/2/3 3682/2/3
f 3710/2/3 3641/2/3 3683/2/3
f 3710/2/3 3683/2/3 3709/2/3
f 3711/2/3 3685/2/3 3684/2/3
f 3712/2/3 3644/2/3 3685/2/3
f 3712/2/3 3685/2/3 3711/2/3
f 3713/2/3 3644/2/3 3712/2/3
f 3716/5/3 3689/5/3 3688/5/3
f 3717/5/3 3689/5/3 3716/5/3
f 3718/5/3 3693/5/3 3692/5/3
f 3719/5/3 3693/5/3 3718/5/3
f 3723/5/3 3697/5/3 3696/5/3
f 3724/5/3 3697/5/3 3723/5/3
f 3725/5/3 3700/5/3 3699/5/3
f 3726/5/3 3700/5/3 3725/5/3
f 3727/5/3 3703/5/3 3702/5/3
f 3728/5/3 3657/5/3 3703/5/3
f 3728/5/3 3703/5/3 3727/5/3
f 3731/2/3 3710/2/3 3709/2/3
f 3731/2/3 3711/2/3 3710/2/3
f 3731/2/3 3709/2/3 3708/2/3
f 3731/2/3 3712/2/3 3711/2/3
f 3732/2/3 3712/2/3 3731/2/3
f 3733/5/3 3715/5/3 3714/5/3
f 3734/5/3 3715/5/3 3733/5/3
f 3737/5/3 3722/5/3 3721/5/3
f 3738/5/3 3722/5/3 3737/5/3
f 3745/3/3 3730/3/3 3729/3/3
f 3746/3/3 3730/3/3 3745/3/3
f 3747/2/3 3707/2/3 3706/2/3
f 3748/2/3 3620/2/3 3707/2/3
f 3748/2/3 3707/2/3 3747/2/3
f 3751/5/3 3736/5/3 3735/5/3
f 3752/5/3 3736/5/3 3751/5/3
f 3753/5/3 3691/5/3 3690/5/3
f 3754/5/3 3691/5/3 3753/5/3
f 3756/5/3 3720/5/3 3719/5/3
f 3757/5/3 3720/5/3 3756/5/3
f 3758/5/3 3737/5/3 3721/5/3
f 3759/5/3 3722/5/3 3738/5/3
f 3760/5/3 3722/5/3 3759/5/3
f 3762/5/3 3740/5/3 3739/5/3
f 3763/5/3 3740/5/3 3762/5/3
f 3764/5/3 3742/5/3 3741/5/3
f 3766/5/3 3744/5/3 3743/5/3
f 3767/5/3 3744/5/3 3766/5/3
f 3772/2/3 3750/2/3 3749/2/3
f 3773/2/3 3750/2/3 3772/2/3
f 3777/5/3 3715/5/3 3734/5/3
f 3780/5/3 3756/5/3 3755/5/3
f 3781/5/3 3756/5/3 3780/5/3
f 3782/5/3 3761/5/3 3760/5/3
f 3782/5/3 3758/5/3 3721/5/3
f 3782/5/3 3760/5/3 3759/5/3
f 3782/5/3 3759/5/3 3758/5/3
f 3783/5/3 3761/5/3 3782/5/3
f 3784/5/3 3762/5/3 3739/5/3
f 3785/5/3 3762/5/3 3784/5/3
f 3786/5/3 3740/5/3 3763/5/3
f 3787/5/3 3740/5/3 3786/5/3
f 3788/5/3 3765/5/3 3764/5/3
f 3788/5/3 3764/5/3 3741/5/3
f 3789/5/3 3765/5/3 3788/5/3
f 3790/5/3 3766/5/3 3743/5/3
f 3791/5/3 3766/5/3 3790/5/3
f 3792/5/3 3744/5/3 3767/5/3
f 3793/5/3 3744/5/3 3792/5/3
f 3794/4/3 3769/4/3 3768/4/3
f 3795/4/3 3769/4/3 3794/4/3
f 3797/2/3 3750/2/3 3773/2/3
f 3798/2/3 3750/2/3 3797/2/3
f 3799/5/3 3775/5/3 3774/5/3
f 3800/5/3 3775/5/3 3799/5/3
f 3801/5/3 3777/5/3 3776/5/3
f 3802/5/3 3715/5/3 3777/5/3
f 3802/5/3 3777/5/3 3801/5/3
f 3803/5/3 3779/5/3 3778/5/3
f 3804/5/3 3779/5/3 3803/5/3
f 3811/5/3 3786/5/3 3785/5/3
f 3812/5/3 3786/5/3 3811/5/3
f 3815/5/3 3792/5/3 3791/5/3
f 3816/5/3 3792/5/3 3815/5/3
f 3817/2/3 3771/2/3 3770/2/3
f 3818/2/3 3771/2/3 3817/2/3
f 3820/2/3 3797/2/3 3796/2/3
f 3821/2/3 3797/2/3 3820/2/3
f 3826/5/3 3806/5/3 3805/5/3
f 3827/5/3 3806/5/3 3826/5/3
f 3828/5/3 3810/5/3 3809/5/3
f 3829/5/3 3810/5/3 3828/5/3
f 3834/5/3 3814/5/3 3813/5/3
f 3835/5/3 3814/5/3 3834/5/3
f 3840/2/3 3820/2/3 3819/2/3
f 3842/5/3 3823/5/3 3822/5/3
f 3843/5/3 3823/5/3 3842/5/3
f 3846/5/3 3831/5/3 3830/5/3
f 3847/5/3 3833/5/3 3832/5/3
f 3850/5/3 3837/5/3 3836/5/3
f 3851/5/3 3839/5/3 3838/5/3
f 3854/2/3 3817/2/3 3770/2/3
f 3855/2/3 3817/2/3 3854/2/3
f 3856/2/3 3771/2/3 3818/2/3
f 3857/2/3 3771/2/3 3856/2/3
f 3858/2/3 3841/2/3 3840/2/3
f 3858/2/3 3840/2/3 3819/2/3
f 3859/2/3 3841/2/3 3858/2/3
f 3860/5/3 3842/5/3 3822/5/3
f 3861/5/3 3842/5/3 3860/5/3
f 3862/5/3 3825/5/3 3824/5/3
f 3863/5/3 3825/5/3 3862/5/3
f 3864/5/3 3826/5/3 3805/5/3
f 3865/5/3 3826/5/3 3864/5/3
f 3866/5/3 3808/5/3 3807/5/3
f 3867/5/3 3808/5/3 3866/5/3
f 3869/5/3 3845/5/3 3844/5/3
f 3870/5/3 3845/5/3 3869/5/3
f 3871/5/3 3846/5/3 3830/5/3
f 3871/5/3 3847/5/3 3846/5/3
f 3872/5/3 3833/5/3 3847/5/3
f 3872/5/3 3847/5/3 3871/5/3
f 3874/5/3 3849/5/3 3848/5/3
f 3875/5/3 3849/5/3 3874/5/3
f 3876/5/3 3850/5/3 3836/5/3
f 3876/5/3 3851/5/3 3850/5/3
f 3877/5/3 3839/5/3 3851/5/3
f 3877/5/3 3851/5/3 3876/5/3
f 3879/7/3 3853/7/3 3852/7/3
f 3880/7/3 3853/7/3 3879/7/3
f 3882/2/3 3856/2/3 3855/2/3
f 3883/2/3 3856/2/3 3882/2/3
f 3889/5/3 3823/5/3 3843/5/3
f 3890/5/3 3823/5/3 3889/5/3
f 3894/5/3 3866/5/3 3865/5/3
f 3895/5/3 3866/5/3 3894/5/3
f 3896/5/3 3869/5/3 3868/5/3
f 3897/5/3 3869/5/3 3896/5/3
f 3899/5/3 3871/5/3 3830/5/3
f 3900/5/3 3871/5/3 3899/5/3
f 3901/5/3 3833/5/3 3872/5/3
f 3902/5/3 3833/5/3 3901/5/3
f 3903/5/3 3874/5/3 3873/5/3
f 3904/5/3 3874/5/3 3903/5/3
f 3906/5/3 3876/5/3 3836/5/3
f 3907/5/3 3876/5/3 3906/5/3
f 3908/5/3 3839/5/3 3877/5/3
f 3909/5/3 3839/5/3 3908/5/3
f 3910/7/3 3879/7/3 3878/7/3
f 3911/7/3 3879/7/3 3910/7/3
f 3912/7/3 3881/7/3 3880/7/3
f 3913/7/3 3881/7/3 3912/7/3
f 3916/2/3 3885/2/3 3884/2/3
f 3917/2/3 3885/2/3 3916/2/3
f 3918/5/3 3887/5/3 3886/5/3
f 3919/5/3 3887/5/3 3918/5/3
f 3920/2/3 3889/2/3 3888/2/3
f 3921/5/3 3890/5/3 3889/5/3
f 3921/2/3 3889/2/3 3920/2/3
f 3921/5/3 3891/5/3 3890/5/3
f 3922/5/3 3891/5/3 3921/5/3
f 3927/5/3 3898/5/3 3897/5/3
f 3928/5/3 3898/5/3 3927/5/3
f 3931/5/3 3905/5/3 3904/5/3
f 3932/5/3 3905/5/3 3931/5/3
f 3943/5/3 3924/5/3 3923/5/3
f 3944/5/3 3924/5/3 3943/5/3
f 3945/5/3 3926/5/3 3925/5/3
f 3946/5/3 3926/5/3 3945/5/3
f 3950/5/3 3930/5/3 3929/5/3
f 3951/5/3 3930/5/3 3950/5/3
f 3955/5/3 3934/5/3 3933/5/3
f 3956/5/3 3934/5/3 3955/5/3
f 3957/3/3 3936/3/3 3935/3/3
f 3958/3/3 3936/3/3 3957/3/3
f 3959/3/3 3938/3/3 3937/3/3
f 3960/3/3 3938/3/3 3959/3/3
f 3961/2/3 3915/2/3 3914/2/3
f 3962/2/3 3915/2/3 3961/2/3
f 3963/2/3 3916/2/3 3884/2/3
f 3964/2/3 3916/2/3 3963/2/3
f 3967/2/3 3885/2/3 3917/2/3
f 3968/2/3 3885/2/3 3967/2/3
f 3969/5/3 3940/5/3 3939/5/3
f 3970/5/3 3940/5/3 3969/5/3
f 3971/5/3 3942/5/3 3941/5/3
f 3972/5/3 3942/5/3 3971/5/3
f 3973/5/3 3893/5/3 3892/5/3
f 3974/5/3 3893/5/3 3973/5/3
f 3977/5/3 3948/5/3 3947/5/3
f 3978/5/3 3948/5/3 3977/5/3
f 3979/5/3 3950/5/3 3949/5/3
f 3980/5/3 3950/5/3 3979/5/3
f 3983/5/3 3953/5/3 3952/5/3
f 3984/5/3 3953/5/3 3983/5/3
f 3986/5/3 3955/5/3 3954/5/3
f 3987/5/3 3955/5/3 3986/5/3
f 3991/3/3 3959/3/3 3958/3/3
f 3992/3/3 3959/3/3 3991/3/3
f 3997/2/3 3965/2/3 3964/2/3
f 3998/2/3 3965/2/3 3997/2/3
f 3999/2/3 3967/2/3 3966/2/3
f 4000/2/3 3967/2/3 3999/2/3
f 4007/5/3 3976/5/3 3975/5/3
f 4008/5/3 3976/5/3 4007/5/3
f 4009/5/3 3977/5/3 3947/5/3
f 4010/5/3 3948/5/3 3978/5/3
f 4011/5/3 3981/5/3 3980/5/3
f 4012/5/3 3981/5/3 4011/5/3
f 4013/5/3 3983/5/3 3982/5/3
f 4014/5/3 3983/5/3 4013/5/3
f 4015/5/3 3985/5/3 3984/5/3
f 4016/5/3 3985/5/3 4015/5/3
f 4017/5/3 3988/5/3 3987/5/3
f 4018/5/3 3988/5/3 4017/5/3
f 4019/4/3 3990/4/3 3989/4/3
f 4020/4/3 3990/4/3 4019/4/3
f 4021/4/3 3994/4/3 3993/4/3
f 4022/4/3 3994/4/3 4021/4/3
f 4024/2/3 3996/2/3 3995/2/3
f 4025/2/3 3996/2/3 4024/2/3
f 4026/2/3 3999/2/3 3998/2/3
f 4027/2/3 3999/2/3 4026/2/3
f 4028/5/3 4002/5/3 4001/5/3
f 4029/5/3 4002/5/3 4028/5/3
f 4030/5/3 4004/5/3 4003/5/3
f 4031/5/3 4004/5/3 4030/5/3
f 4036/5/3 4010/5/3 4009/5/3
f 4036/5/3 4009/5/3 3947/5/3
f 4037/5/3 3948/5/3 4010/5/3
f 4037/5/3 4010/5/3 4036/5/3
f 4040/5/3 4015/5/3 4014/5/3
f 4041/5/3 4015/5/3 4040/5/3
f 4048/4/3 4021/4/3 4020/4/3
f 4049/4/3 4021/4/3 4048/4/3
f 4051/2/3 4024/2/3 4023/2/3
f 4052/2/3 4024/2/3 4051/2/3
f 4057/5/3 4006/5/3 4005/5/3
f 4058/5/3 4006/5/3 4057/5/3
f 4059/5/3 4035/5/3 4034/5/3
f 4060/5/3 4035/5/3 4059/5/3
f 4066/5/3 4039/5/3 4038/5/3
f 4067/5/3 4039/5/3 4066/5/3
f 4072/5/3 4043/5/3 4042/5/3
f 4073/5/3 4043/5/3 4072/5/3
f 4075/4/3 4045/4/3 4044/4/3
f 4076/3/3 4046/3/3 4045/3/3
f 4076/4/3 4045/4/3 4075/4/3
f 4077/7/3 4047/7/3 4046/7/3
f 4077/3/3 4046/3/3 4076/3/3
f 4078/7/3 4047/7/3 4077/7/3
f 4081/2/3 4051/2/3 4050/2/3
f 4082/2/3 4051/2/3 4081/2/3
f 4083/2/3 4054/2/3 4053/2/3
f 4084/2/3 4054/2/3 4083/2/3
f 4085/2/3 4056/2/3 4055/2/3
f 4086/2/3 4056/2/3 4085/2/3
f 4087/5/3 4028/5/3 4001/5/3
f 4091/5/3 4061/5/3 4060/5/3
f 4092/5/3 4061/5/3 4091/5/3
f 4093/5/3 4063/5/3 4062/5/3
f 4094/5/3 4063/5/3 4093/5/3
f 4095/5/3 4065/5/3 4064/5/3
f 4096/5/3 4065/5/3 4095/5/3
f 4097/5/3 4066/5/3 4038/5/3
f 4098/5/3 4039/5/3 4067/5/3
f 4099/5/3 4069/5/3 4068/5/3
f 4100/5/3 4069/5/3 4099/5/3
f 4101/5/3 4071/5/3 4070/5/3
f 4102/5/3 4071/5/3 4101/5/3
f 4103/5/3 4072/5/3 4042/5/3
f 4104/5/3 4043/5/3 4073/5/3
f 4105/2/3 4081/2/3 4080/2/3
f 4106/2/3 4081/2/3 4105/2/3
f 4110/5/3 4087/5/3 4001/5/3
f 4110/5/3 4088/5/3 4087/5/3
f 4111/5/3 4088/5/3 4110/5/3
f 4112/5/3 4033/5/3 4032/5/3
f 4113/5/3 4033/5/3 4112/5/3
f 4114/5/3 4090/5/3 4089/5/3
f 4115/5/3 4090/5/3 4114/5/3
f 4119/5/3 4095/5/3 4094/5/3
f 4120/5/3 4095/5/3 4119/5/3
f 4122/5/3 4098/5/3 4097/5/3
f 4122/5/3 4097/5/3 4038/5/3
f 4123/5/3 4039/5/3 4098/5/3
f 4123/5/3 4098/5/3 4122/5/3
f 4125/5/3 4101/5/3 4100/5/3
f 4126/5/3 4101/5/3 4125/5/3
f 4128/5/3 4103/5/3 4042/5/3
f 4128/5/3 4104/5/3 4103/5/3
f 4129/5/3 4043/5/3 4104/5/3
f 4129/5/3 4104/5/3 4128/5/3
f 4132/2/3 4107/2/3 4106/2/3
f 4133/2/3 4107/2/3 4132/2/3
f 4136/2/3 4109/2/3 4108/2/3
f 4137/2/3 4109/2/3 4136/2/3
f 4145/5/3 4117/5/3 4116/5/3
f 4146/5/3 4117/5/3 4145/5/3
f 4148/5/3 4119/5/3 4118/5/3
f 4149/5/3 4119/5/3 4148/5/3
f 4150/5/3 4121/5/3 4120/5/3
f 4151/5/3 4121/5/3 4150/5/3
f 4156/5/3 4125/5/3 4124/5/3
f 4157/5/3 4125/5/3 4156/5/3
f 4158/5/3 4127/5/3 4126/5/3
f 4159/5/3 4127/5/3 4158/5/3
f 4164/4/3 4075/4/3 4074/4/3
f 4165/4/3 4075/4/3 4164/4/3
f 4168/7/3 4079/7/3 4078/7/3
f 4169/7/3 4079/7/3 4168/7/3
f 4170/7/3 4131/7/3 4130/7/3
f 4171/7/3 4131/7/3 4170/7/3
f 4172/2/3 4134/2/3 4133/2/3
f 4173/2/3 4134/2/3 4172/2/3
f 4174/2/3 3996/2/3 4025/2/3
f 4176/2/3 4136/2/3 4135/2/3
f 4177/2/3 4136/2/3 4176/2/3
f 4178/5/3 4139/5/3 4138/5/3
f 4179/5/3 4139/5/3 4178/5/3
f 4180/5/3 4141/5/3 4140/5/3
f 4181/5/3 4141/5/3 4180/5/3
f 4182/5/3 4153/5/3 4152/5/3
f 4183/5/3 4153/5/3 4182/5/3
f 4184/5/3 4155/5/3 4154/5/3
f 4185/5/3 4155/5/3 4184/5/3
f 4186/5/3 4161/5/3 4160/5/3
f 4187/5/3 4161/5/3 4186/5/3
f 4188/5/3 4163/5/3 4162/5/3
f 4189/5/3 4163/5/3 4188/5/3
f 4190/4/3 4166/4/3 4165/4/3
f 4191/3/3 4167/3/3 4166/3/3
f 4191/4/3 4166/4/3 4190/4/3
f 4192/7/3 4168/7/3 4167/7/3
f 4192/3/3 4167/3/3 4191/3/3
f 4193/7/3 4168/7/3 4192/7/3
f 4196/2/3 4174/2/3 4173/2/3
f 4197/2/3 3996/2/3 4174/2/3
f 4197/2/3 4174/2/3 4196/2/3
f 4199/2/3 4176/2/3 4175/2/3
f 4200/2/3 4176/2/3 4199/2/3
f 4205/5/3 4143/5/3 4142/5/3
f 4206/5/3 4143/5/3 4205/5/3
f 4207/5/3 4145/5/3 4144/5/3
f 4208/5/3 4145/5/3 4207/5/3
f 4209/5/3 4147/5/3 4146/5/3
f 4210/5/3 4147/5/3 4209/5/3
f 4212/5/3 4184/5/3 4183/5/3
f 4213/5/3 4184/5/3 4212/5/3
f 4216/5/3 4188/5/3 4187/5/3
f 4217/5/3 4188/5/3 4216/5/3
f 4219/3/3 4195/3/3 4194/3/3
f 4220/3/3 4195/3/3 4219/3/3
f 4223/2/3 4199/2/3 4198/2/3
f 4224/2/3 4199/2/3 4223/2/3
f 4226/2/3 4202/2/3 4201/2/3
f 4227/2/3 4202/2/3 4226/2/3
f 4230/5/3 4209/5/3 4208/5/3
f 4231/5/3 4209/5/3 4230/5/3
f 4232/5/3 4212/5/3 4211/5/3
f 4233/5/3 4212/5/3 4232/5/3
f 4234/5/3 4214/5/3 4213/5/3
f 4235/5/3 4214/5/3 4234/5/3
f 4236/5/3 4216/5/3 4215/5/3
f 4237/5/3 4216/5/3 4236/5/3
f 4238/5/3 4218/5/3 4217/5/3
f 4239/5/3 4218/5/3 4238/5/3
f 4246/2/3 4222/2/3 4221/2/3
f 4247/2/3 4222/2/3 4246/2/3
f 4248/2/3 4225/2/3 4224/2/3
f 4249/2/3 4225/2/3 4248/2/3
f 4252/5/3 4139/5/3 4179/5/3
f 4253/5/3 4204/5/3 4203/5/3
f 4254/5/3 4204/5/3 4253/5/3
f 4255/5/3 4229/5/3 4228/5/3
f 4256/5/3 4229/5/3 4255/5/3
f 4261/4/3 4241/4/3 4240/4/3
f 4262/3/3 4242/3/3 4241/3/3
f 4262/4/3 4241/4/3 4261/4/3
f 4263/7/3 4243/7/3 4242/7/3
f 4263/3/3 4242/3/3 4262/3/3
f 4264/7/3 4243/7/3 4263/7/3
f 4265/4/3 4245/4/3 4244/4/3
f 4266/4/3 4245/4/3 4265/4/3
f 4267/2/3 4250/2/3 4249/2/3
f 4268/2/3 4250/2/3 4267/2/3
f 4270/5/3 4178/5/3 4138/5/3
f 4271/5/3 4178/5/3 4270/5/3
f 4272/5/3 4252/5/3 4251/5/3
f 4273/5/3 4139/5/3 4252/5/3
f 4273/5/3 4252/5/3 4272/5/3
f 4278/5/3 4258/5/3 4257/5/3
f 4279/5/3 4258/5/3 4278/5/3
f 4280/5/3 4260/5/3 4259/5/3
f 4281/5/3 4260/5/3 4280/5/3
f 4282/4/3 4261/4/3 4240/4/3
f 4285/7/3 4243/7/3 4264/7/3
f 4286/2/3 4269/2/3 4268/2/3
f 4287/2/3 4269/2/3 4286/2/3
f 4290/5/3 4275/5/3 4274/5/3
f 4291/5/3 4275/5/3 4290/5/3
f 4292/5/3 4277/5/3 4276/5/3
f 4295/4/3 4282/4/3 4240/4/3
f 4295/4/3 4283/4/3 4282/4/3
f 4296/3/3 4284/3/3 4283/3/3
f 4296/4/3 4283/4/3 4295/4/3
f 4297/7/3 4285/7/3 4284/7/3
f 4297/3/3 4284/3/3 4296/3/3
f 4298/7/3 4243/7/3 4285/7/3
f 4298/7/3 4285/7/3 4297/7/3
f 4307/5/3 4289/5/3 4288/5/3
f 4308/5/3 4289/5/3 4307/5/3
f 4310/5/3 4292/5/3 4291/5/3
f 4311/5/3 4277/5/3 4292/5/3
f 4311/5/3 4292/5/3 4310/5/3
f 4312/5/3 4277/5/3 4311/5/3
f 4314/5/3 4294/5/3 4293/5/3
f 4315/5/3 4294/5/3 4314/5/3
f 4319/2/3 4246/2/3 4221/2/3
f 4320/2/3 4222/2/3 4247/2/3
f 4321/2/3 4304/2/3 4303/2/3
f 4322/2/3 4304/2/3 4321/2/3
f 4323/2/3 4306/2/3 4305/2/3
f 4324/2/3 4306/2/3 4323/2/3
f 4325/5/3 4307/5/3 4288/5/3
f 4326/5/3 4307/5/3 4325/5/3
f 4327/5/3 4310/5/3 4309/5/3
f 4327/5/3 4311/5/3 4310/5/3
f 4328/5/3 4311/5/3 4327/5/3
f 4330/5/3 4314/5/3 4313/5/3
f 4331/5/3 4314/5/3 4330/5/3
f 4332/5/3 4316/5/3 4315/5/3
f 4333/5/3 4316/5/3 4332/5/3
f 4336/2/3 4319/2/3 4221/2/3
f 4336/2/3 4320/2/3 4319/2/3
f 4337/2/3 4222/2/3 4320/2/3
f 4337/2/3 4320/2/3 4336/2/3
f 4339/5/3 4325/5/3 4324/5/3
f 4340/5/3 4325/5/3 4339/5/3
f 4342/5/3 4327/5/3 4309/5/3
f 4343/5/3 4327/5/3 4342/5/3
f 4344/5/3 4329/5/3 4328/5/3
f 4345/5/3 4329/5/3 4344/5/3
f 4346/7/3 4335/7/3 4334/7/3
f 4347/7/3 4335/7/3 4346/7/3
f 4352/2/3 4321/2/3 4303/2/3
f 4353/2/3 4304/2/3 4322/2/3
f 4355/2/3 4339/2/3 4338/2/3
f 4356/2/3 4339/2/3 4355/2/3
f 4359/3/3 4318/3/3 4317/3/3
f 4360/3/3 4318/3/3 4359/3/3
f 4361/2/3 4349/2/3 4348/2/3
f 4364/2/3 4351/2/3 4350/2/3
f 4365/2/3 4351/2/3 4364/2/3
f 4366/2/3 4302/2/3 4301/2/3
f 4367/2/3 4302/2/3 4366/2/3
f 4368/2/3 4352/2/3 4303/2/3
f 4368/2/3 4353/2/3 4352/2/3
f 4369/2/3 4304/2/3 4353/2/3
f 4369/2/3 4353/2/3 4368/2/3
f 4370/5/3 4355/5/3 4354/5/3
f 4371/5/3 4355/5/3 4370/5/3
f 4372/5/3 4341/5/3 4340/5/3
f 4373/5/3 4341/5/3 4372/5/3
f 4374/5/3 4358/5/3 4357/5/3
f 4375/5/3 4358/5/3 4374/5/3
f 4376/4/3 4300/4/3 4299/4/3
f 4377/4/3 4300/4/3 4376/4/3
f 4378/2/3 4362/2/3 4361/2/3
f 4378/2/3 4361/2/3 4348/2/3
f 4379/2/3 4362/2/3 4378/2/3
f 4382/2/3 4364/2/3 4363/2/3
f 4383/2/3 4364/2/3 4382/2/3
f 4388/2/3 4380/2/3 4379/2/3
f 4389/2/3 4382/2/3 4381/2/3
f 4390/2/3 4385/2/3 4384/2/3
f 4391/2/3 4385/2/3 4390/2/3
f 4394/2/3 4387/2/3 4386/2/3
f 4395/2/3 4387/2/3 4394/2/3
f 4396/2/3 4389/2/3 4388/2/3
f 4396/2/3 4388/2/3 4379/2/3
f 4397/2/3 4382/2/3 4389/2/3
f 4397/2/3 4389/2/3 4396/2/3
f 4398/2/3 4392/2/3 4391/2/3
f 4399/2/3 4392/2/3 4398/2/3
f 4400/2/3 4394/2/3 4393/2/3
f 4401/2/3 4394/2/3 4400/2/3
f 4403/2/3 4396/2/3 4379/2/3
f 4404/2/3 4396/2/3 4403/2/3
f 4405/2/3 4382/2/3 4397/2/3
f 4406/2/3 4382/2/3 4405/2/3
f 4409/2/3 4400/2/3 4399/2/3
f 4410/2/3 4400/2/3 4409/2/3
f 4418/2/3 4403/2/3 4402/2/3
f 4419/2/3 4403/2/3 4418/2/3
f 4420/2/3 4407/2/3 4406/2/3
f 4421/2/3 4407/2/3 4420/2/3
f 4424/2/3 4409/2/3 4408/2/3
f 4425/2/3 4409/2/3 4424/2/3
f 4426/2/3 4411/2/3 4410/2/3
f 4427/2/3 4411/2/3 4426/2/3
f 4429/2/3 4418/2/3 4402/2/3
f 4430/2/3 4418/2/3 4429/2/3
f 4431/2/3 4422/2/3 4421/2/3
f 4432/2/3 4422/2/3 4431/2/3
f 4433/2/3 4424/2/3 4423/2/3
f 4434/2/3 4424/2/3 4433/2/3
f 4435/2/3 4428/2/3 4427/2/3
f 4436/2/3 4428/2/3 4435/2/3
f 4437/4/3 4413/4/3 4412/4/3
f 4438/4/3 4413/4/3 4437/4/3
f 4439/3/3 4415/3/3 4414/3/3
f 4440/3/3 4415/3/3 4439/3/3
f 4441/7/3 4417/7/3 4416/7/3
f 4442/7/3 4417/7/3 4441/7/3
f 4446/1/3 4444/1/3 4443/1/3
f 4447/1/3 4444/1/3 4446/1/3
f 4450/1/3 4446/1/3 4445/1/3
f 4451/1/3 4446/1/3 4450/1/3
f 4452/1/3 4448/1/3 4447/1/3
f 4453/1/3 4448/1/3 4452/1/3
f 4455/1/3 4450/1/3 4449/1/3
f 4456/1/3 4450/1/3 4455/1/3
f 4459/1/3 4454/1/3 4453/1/3
f 4460/1/3 4454/1/3 4459/1/3
f 4461/1/3 4457/1/3 4456/1/3
f 4462/1/3 4457/1/3 4461/1/3
f 4463/1/3 4459/1/3 4458/1/3
f 4464/1/3 4459/1/3 4463/1/3
f 4467/4/3 4466/4/3 4465/4/3
f 4469/3/3 4468/3/3 4467/3/3
f 4471/7/3 4470/7/3 4469/7/3
f 4473/7/3 4471/7/3 4469/7/3
f 4473/7/3 4472/7/3 4471/7/3
f 4474/7/3 4472/7/3 4473/7/3
f 4475/3/3 4469/3/3 4467/3/3
f 4475/7/3 4473/7/3 4469/7/3
f 4476/7/3 4473/7/3 4475/7/3
f 4477/4/3 4467/4/3 4465/4/3
f 4477/3/3 4475/3/3 4467/3/3
f 4478/3/3 4475/3/3 4477/3/3
f 4479/4/3 4477/4/3 4465/4/3
f 4480/4/3 4477/4/3 4479/4/3
f 4485/1/3 4484/1/3 4483/1/3
f 4486/1/3 4484/1/3 4485/1/3
f 4487/1/3 4485/1/3 4483/1/3
f 4488/1/3 4485/1/3 4487/1/3
f 4490/1/3 4484/1/3 4486/1/3
f 4491/1/3 4484/1/3 4490/1/3
f 4492/1/3 4482/1/3 4481/1/3
f 4495/1/3 4490/1/3 4489/1/3
f 4496/1/3 4490/1/3 4495/1/3
f 4497/1/3 4493/1/3 4492/1/3
f 4497/1/3 4492/1/3 4481/1/3
f 4498/1/3 4493/1/3 4497/1/3
f 4500/1/3 4495/1/3 4494/1/3
f 4501/1/3 4495/1/3 4500/1/3
f 4503/1/3 4500/1/3 4499/1/3
f 4504/1/3 4500/1/3 4503/1/3
f 4506/1/3 4504/1/3 4503/1/3
f 4506/1/3 4505/1/3 4504/1/3
f 4506/1/3 4503/1/3 4502/1/3
f 4507/1/3 4505/1/3 4506/1/3
f 4510/1/3 4509/1/3 4508/1/3
f 4511/1/3 4509/1/3 4510/1/3
f 4512/1/3 4510/1/3 4508/1/3
f 4513/1/3 4510/1/3 4512/1/3
f 4516/1/3 4509/1/3 4511/1/3
f 4517/1/3 4509/1/3 4516/1/3
f 4518/1/3 4514/1/3 4513/1/3
f 4519/1/3 4514/1/3 4518/1/3
f 4520/1/3 4516/1/3 4515/1/3
f 4521/1/3 4516/1/3 4520/1/3
f 4522/1/3 4520/1/3 4519/1/3
f 4523/1/3 4520/1/3 4522/1/3
f 4526/1/3 4525/1/3 4524/1/3
f 4527/1/3 4525/1/3 4526/1/3
f 4531/1/3 4529/1/3 4528/1/3
f 4532/1/3 4529/1/3 4531/1/3
f 4534/1/3 4531/1/3 4530/1/3
f 4535/1/3 4531/1/3 4534/1/3
f 4537/1/3 4534/1/3 4533/1/3
f 4538/1/3 4534/1/3 4537/1/3
f 4539/1/3 4537/1/3 4536/1/3
f 4540/1/3 4537/1/3 4539/1/3
f 4542/1/3 4541/1/3 4540/1/3
f 4543/1/3 4541/1/3 4542/1/3
f 4545/1/3 4544/1/3 4543/1/3
f 4546/1/3 4544/1/3 4545/1/3
f 4548/1/3 4547/1/3 4546/1/3
f 4549/1/3 4547/1/3 4548/1/3
f 4553/1/3 4551/1/3 4550/1/3
f 4554/1/3 4551/1/3 4553/1/3
f 4556/1/3 4553/1/3 4552/1/3
f 4557/1/3 4553/1/3 4556/1/3
f 4558/1/3 4555/1/3 4554/1/3
f 4559/1/3 4555/1/3 4558/1/3
f 4560/1/3 4558/1/3 4557/1/3
f 4561/1/3 4558/1/3 4560/1/3
f 4566/1/3 4563/1/3 4562/1/3
f 4567/1/3 4563/1/3 4566/1/3
f 4570/1/3 4565/1/3 4564/1/3
f 4571/1/3 4565/1/3 4570/1/3
f 4572/1/3 4568/1/3 4567/1/3
f 4573/1/3 4568/1/3 4572/1/3
f 4576/1/3 4570/1/3 4569/1/3
f 4577/1/3 4570/1/3 4576/1/3
f 4578/1/3 4574/1/3 4573/1/3
f 4579/1/3 4574/1/3 4578/1/3
f 4580/1/3 4576/1/3 4575/1/3
f 4581/1/3 4576/1/3 4580/1/3
f 4583/1/3 4580/1/3 4579/1/3
f 4584/1/3 4580/1/3 4583/1/3
f 4587/1/3 4583/1/3 4582/1/3
f 4588/1/3 4583/1/3 4587/1/3
f 4589/1/3 4585/1/3 4584/1/3
f 4590/1/3 4585/1/3 4589/1/3
f 4593/1/3 4587/1/3 4586/1/3
f 4594/1/3 4587/1/3 4593/1/3
f 4595/1/3 4591/1/3 4590/1/3
f 4596/1/3 4591/1/3 4595/1/3
f 4598/1/3 4593/1/3 4592/1/3
f 4599/1/3 4593/1/3 4598/1/3
f 4600/1/3 4597/1/3 4596/1/3
f 4601/1/3 4597/1/3 4600/1/3
f 4602/4/4 4603/4/4 4605/4/4
f 4605/4/4 4603/4/4 4606/4/4
f 4606/4/4 4603/4/4 4607/4/4
f 4608/3/4 4609/3/4 4611/3/4
f 4612/7/4 4613/7/4 4614/7/4
f 4612/7/4 4614/7/4 4616/7/4
f 4614/7/4 4615/7/4 4616/7/4
f 4616/7/4 4615/7/4 4617/7/4
f 4610/3/4 4611/3/4 4618/3/4
f 4611/3/4 4609/3/4 4619/3/4
f 4618/3/4 4611/3/4 4619/3/4
f 4612/7/4 4616/7/4 4620/7/4
f 4620/7/4 4616/7/4 4621/7/4
f 4604/4/4 4605/4/4 4622/4/4
f 4605/4/4 4606/4/4 4622/4/4
f 4622/4/4 4606/4/4 4623/4/4
f 4623/4/4 4606/4/4 4624/4/4
f 4619/3/4 4609/3/4 4626/3/4
f 4626/3/4 4609/3/4 4627/3/4
f 4624/4/4 4625/4/4 4630/4/4
f 4623/4/4 4624/4/4 4630/4/4
f 4630/4/4 4625/4/4 4631/4/4
f 4628/7/4 4629/7/4 4633/7/4
f 4633/7/4 4629/7/4 4634/7/4
f 4632/7/4 4633/7/4 4641/7/4
f 4641/7/4 4633/7/4 4642/7/4
f 4634/7/4 4635/7/4 4643/7/4
f 4643/7/4 4635/7/4 4644/7/4
f 4640/3/4 4641/3/4 4649/3/4
f 4649/3/4 4641/3/4 4650/3/4
f 4644/3/4 4645/3/4 4651/3/4
f 4651/3/4 4645/3/4 4652/3/4
f 4646/7/4 4647/7/4 4654/7/4
f 4654/7/4 4647/7/4 4655/7/4
f 4638/3/4 4639/3/4 4656/3/4
f 4656/3/4 4639/3/4 4657/3/4
f 4648/3/4 4649/3/4 4659/3/4
f 4659/3/4 4649/3/4 4660/3/4
f 4652/3/4 4653/3/4 4661/3/4
f 4661/3/4 4653/3/4 4662/3/4
f 4636/4/4 4637/4/4 4664/4/4
f 4664/4/4 4637/4/4 4665/4/4
f 4658/4/4 4659/4/4 4666/4/4
f 4662/4/4 4663/4/4 4667/4/4
f 4658/4/4 4666/4/4 4670/4/4
f 4666/4/4 4667/4/4 4670/4/4
f 4667/4/4 4663/4/4 4671/4/4
f 4670/4/4 4667/4/4 4671/4/4
f 4668/7/4 4669/7/4 4674/7/4
f 4674/7/4 4669/7/4 4675/7/4
f 4672/7/4 4673/7/4 4685/7/4
f 4685/7/4 4673/7/4 4686/7/4
f 4676/7/4 4677/7/4 4692/7/4
f 4692/7/4 4677/7/4 4693/7/4
f 4678/7/4 4679/7/4 4694/7/4
f 4694/7/4 4679/7/4 4695/7/4
f 4680/7/4 4681/7/4 4696/7/4
f 4696/7/4 4681/7/4 4697/7/4
f 4682/4/4 4683/4/4 4707/4/4
f 4707/4/4 4683/4/4 4708/4/4
f 4684/7/4 4685/7/4 4713/7/4
f 4713/7/4 4685/7/4 4714/7/4
f 4686/7/4 4687/7/4 4715/7/4
f 4715/7/4 4687/7/4 4716/7/4
f 4698/7/4 4699/7/4 4723/7/4
f 4723/7/4 4699/7/4 4724/7/4
f 4700/7/4 4701/7/4 4725/7/4
f 4725/7/4 4701/7/4 4726/7/4
f 4702/7/4 4703/7/4 4727/7/4
f 4727/7/4 4703/7/4 4728/7/4
f 4704/7/4 4705/7/4 4729/7/4
f 4729/7/4 4705/7/4 4730/7/4
f 4709/3/4 4710/3/4 4732/3/4
f 4732/3/4 4710/3/4 4733/3/4
f 4711/2/4 4712/2/4 4736/2/4
f 4736/2/4 4712/2/4 4737/2/4
f 4688/3/4 4689/3/4 4743/3/4
f 4743/3/4 4689/3/4 4744/3/4
f 4690/3/4 4691/3/4 4745/3/4
f 4745/3/4 4691/3/4 4746/3/4
f 4717/3/4 4718/3/4 4748/3/4
f 4748/3/4 4718/3/4 4749/3/4
f 4734/7/4 4735/7/4 4758/7/4
f 4758/7/4 4735/7/4 4759/7/4
f 4738/3/4 4739/3/4 4761/3/4
f 4761/3/4 4739/3/4 4762/3/4
f 4740/3/4 4741/3/4 4763/3/4
f 4763/3/4 4741/3/4 4764/3/4
f 4742/3/4 4743/3/4 4765/3/4
f 4765/3/4 4743/3/4 4766/3/4
f 4746/3/4 4747/3/4 4769/3/4
f 4769/3/4 4747/3/4 4770/3/4
f 4719/3/4 4720/3/4 4774/3/4
f 4774/3/4 4720/3/4 4775/3/4
f 4721/3/4 4722/3/4 4776/3/4
f 4776/3/4 4722/3/4 4777/3/4
f 4750/3/4 4751/3/4 4779/3/4
f 4779/3/4 4751/3/4 4780/3/4
f 4752/3/4 4753/3/4 4781/3/4
f 4781/3/4 4753/3/4 4782/3/4
f 4754/3/4 4755/3/4 4783/3/4
f 4783/3/4 4755/3/4 4784/3/4
f 4756/3/4 4757/3/4 4785/3/4
f 4785/3/4 4757/3/4 4786/3/4
f 4759/7/4 4760/7/4 4788/7/4
f 4788/7/4 4760/7/4 4789/7/4
f 4762/3/4 4763/3/4 4792/3/4
f 4792/3/4 4763/3/4 4793/3/4
f 4767/3/4 4768/3/4 4798/3/4
f 4798/3/4 4768/3/4 4799/3/4
f 4773/4/4 4774/4/4 4803/4/4
f 4803/4/4 4774/4/4 4804/4/4
f 4777/4/4 4778/4/4 4807/4/4
f 4807/4/4 4778/4/4 4808/4/4
f 4731/3/4 4732/3/4 4817/3/4
f 4817/3/4 4732/3/4 4818/3/4
f 4787/7/4 4788/7/4 4820/7/4
f 4820/7/4 4788/7/4 4821/7/4
f 4711/2/4 4736/2/4 4822/2/4
f 4822/2/4 4736/2/4 4823/2/4
f 4737/2/4 4712/2/4 4824/2/4
f 4824/2/4 4712/2/4 4825/2/4
f 4790/4/4 4791/4/4 4826/4/4
f 4826/4/4 4791/4/4 4827/4/4
f 4794/4/4 4795/4/4 4828/4/4
f 4828/4/4 4795/4/4 4829/4/4
f 4796/4/4 4797/4/4 4830/4/4
f 4830/4/4 4797/4/4 4831/4/4
f 4799/4/4 4800/4/4 4832/4/4
f 4832/4/4 4800/4/4 4833/4/4
f 4801/4/4 4802/4/4 4834/4/4
f 4834/4/4 4802/4/4 4835/4/4
f 4771/4/4 4772/4/4 4836/4/4
f 4836/4/4 4772/4/4 4837/4/4
f 4805/4/4 4806/4/4 4838/4/4
f 4838/4/4 4806/4/4 4839/4/4
f 4809/4/4 4810/4/4 4840/4/4
f 4840/4/4 4810/4/4 4841/4/4
f 4811/4/4 4812/4/4 4842/4/4
f 4842/4/4 4812/4/4 4843/4/4
f 4813/4/4 4814/4/4 4844/4/4
f 4844/4/4 4814/4/4 4845/4/4
f 4815/6/4 4816/6/4 4846/6/4
f 4846/6/4 4816/6/4 4847/6/4
f 4706/4/4 4707/4/4 4848/4/4
f 4848/4/4 4707/4/4 4849/4/4
f 4818/3/4 4819/3/4 4851/3/4
f 4851/3/4 4819/3/4 4852/3/4
f 4827/4/4 4828/4/4 4855/4/4
f 4855/4/4 4828/4/4 4856/4/4
f 4849/4/4 4850/4/4 4857/4/4
f 4857/4/4 4850/4/4 4858/4/4
f 4853/2/4 4854/2/4 4859/2/4
f 4859/2/4 4854/2/4 4860/2/4
f 4860/2/4 4861/2/4 4876/2/4
f 4876/2/4 4861/2/4 4877/2/4
f 4862/5/4 4863/5/4 4881/5/4
f 4881/5/4 4863/5/4 4882/5/4
f 4866/5/4 4867/5/4 4884/5/4
f 4884/5/4 4867/5/4 4885/5/4
f 4868/5/4 4869/5/4 4888/5/4
f 4888/5/4 4869/5/4 4889/5/4
f 4870/5/4 4871/5/4 4891/5/4
f 4891/5/4 4871/5/4 4892/5/4
f 4872/5/4 4873/5/4 4895/5/4
f 4895/5/4 4873/5/4 4896/5/4
f 4874/5/4 4875/5/4 4898/5/4
f 4898/5/4 4875/5/4 4899/5/4
f 4877/2/4 4878/2/4 4902/2/4
f 4902/2/4 4878/2/4 4903/2/4
f 4879/2/4 4880/2/4 4906/2/4
f 4906/2/4 4880/2/4 4907/2/4
f 4864/5/4 4865/5/4 4909/5/4
f 4909/5/4 4865/5/4 4910/5/4
f 4868/5/4 4888/5/4 4911/5/4
f 4911/5/4 4888/5/4 4912/5/4
f 4889/5/4 4869/5/4 4913/5/4
f 4913/5/4 4869/5/4 4914/5/4
f 4900/7/4 4901/7/4 4915/7/4
f 4915/7/4 4901/7/4 4916/7/4
f 4903/2/4 4904/2/4 4918/2/4
f 4918/2/4 4904/2/4 4919/2/4
f 4905/2/4 4906/2/4 4921/2/4
f 4921/2/4 4906/2/4 4922/2/4
f 4907/2/4 4908/2/4 4923/2/4
f 4923/2/4 4908/2/4 4924/2/4
f 4862/5/4 4881/5/4 4926/5/4
f 4926/5/4 4881/5/4 4927/5/4
f 4890/5/4 4891/5/4 4936/5/4
f 4936/5/4 4891/5/4 4937/5/4
f 4892/5/4 4893/5/4 4938/5/4
f 4938/5/4 4893/5/4 4939/5/4
f 4894/5/4 4895/5/4 4940/5/4
f 4940/5/4 4895/5/4 4941/5/4
f 4896/5/4 4897/5/4 4942/5/4
f 4942/5/4 4897/5/4 4943/5/4
f 4874/5/4 4898/5/4 4944/5/4
f 4944/5/4 4898/5/4 4945/5/4
f 4899/5/4 4875/5/4 4946/5/4
f 4946/5/4 4875/5/4 4947/5/4
f 4917/2/4 4918/2/4 4951/2/4
f 4951/2/4 4918/2/4 4952/2/4
f 4928/2/4 4929/2/4 4955/2/4
f 4955/2/4 4929/2/4 4956/2/4
f 4930/5/4 4931/5/4 4957/5/4
f 4957/5/4 4931/5/4 4958/5/4
f 4932/5/4 4933/5/4 4959/5/4
f 4959/5/4 4933/5/4 4960/5/4
f 4883/5/4 4884/5/4 4961/5/4
f 4961/5/4 4884/5/4 4962/5/4
f 4886/5/4 4887/5/4 4963/5/4
f 4963/5/4 4887/5/4 4964/5/4
f 4934/5/4 4935/5/4 4965/5/4
f 4965/5/4 4935/5/4 4966/5/4
f 4948/3/4 4949/3/4 4974/3/4
f 4974/3/4 4949/3/4 4975/3/4
f 4853/2/4 4859/2/4 4976/2/4
f 4950/2/4 4951/2/4 4977/2/4
f 4977/2/4 4951/2/4 4978/2/4
f 4953/5/4 4954/5/4 4979/5/4
f 4979/5/4 4954/5/4 4980/5/4
f 4882/5/4 4863/5/4 4981/5/4
f 4981/5/4 4863/5/4 4982/5/4
f 4934/5/4 4965/5/4 4989/5/4
f 4966/5/4 4967/5/4 4990/5/4
f 4968/5/4 4969/5/4 4991/5/4
f 4991/5/4 4969/5/4 4992/5/4
f 4992/5/4 4969/5/4 4993/5/4
f 4993/5/4 4969/5/4 4994/5/4
f 4970/5/4 4971/5/4 4996/5/4
f 4996/5/4 4971/5/4 4997/5/4
f 4972/5/4 4973/5/4 4999/5/4
f 4999/5/4 4973/5/4 5000/5/4
f 4853/2/4 4976/2/4 5004/2/4
f 4976/2/4 4977/2/4 5004/2/4
f 5004/2/4 4977/2/4 5005/2/4
f 4920/2/4 4921/2/4 5006/2/4
f 5006/2/4 4921/2/4 5007/2/4
f 4924/2/4 4925/2/4 5008/2/4
f 5008/2/4 4925/2/4 5009/2/4
f 4983/5/4 4984/5/4 5014/5/4
f 5014/5/4 4984/5/4 5015/5/4
f 4987/5/4 4988/5/4 5016/5/4
f 5016/5/4 4988/5/4 5017/5/4
f 5017/5/4 4988/5/4 5018/5/4
f 5018/5/4 4988/5/4 5019/5/4
f 4989/5/4 4990/5/4 5021/5/4
f 4934/5/4 4989/5/4 5021/5/4
f 4990/5/4 4967/5/4 5022/5/4
f 5021/5/4 4990/5/4 5022/5/4
f 4992/5/4 4993/5/4 5024/5/4
f 5024/5/4 4993/5/4 5025/5/4
f 4994/5/4 4969/5/4 5026/5/4
f 4995/5/4 4996/5/4 5027/5/4
f 4997/5/4 4998/5/4 5028/5/4
f 5000/5/4 5001/5/4 5030/5/4
f 5030/5/4 5001/5/4 5031/5/4
f 5002/4/4 5003/4/4 5032/4/4
f 5032/4/4 5003/4/4 5033/4/4
f 5010/5/4 5011/5/4 5038/5/4
f 5038/5/4 5011/5/4 5039/5/4
f 5012/5/4 5013/5/4 5040/5/4
f 5040/5/4 5013/5/4 5041/5/4
f 4985/5/4 4986/5/4 5043/5/4
f 5017/5/4 5018/5/4 5044/5/4
f 5044/5/4 5018/5/4 5045/5/4
f 5024/5/4 5025/5/4 5048/5/4
f 5025/5/4 5026/5/4 5048/5/4
f 5023/5/4 5024/5/4 5048/5/4
f 5026/5/4 4969/5/4 5049/5/4
f 5048/5/4 5026/5/4 5049/5/4
f 5027/5/4 5028/5/4 5050/5/4
f 4995/5/4 5027/5/4 5050/5/4
f 5028/5/4 4998/5/4 5051/5/4
f 5050/5/4 5028/5/4 5051/5/4
f 5029/5/4 5030/5/4 5052/5/4
f 5052/5/4 5030/5/4 5053/5/4
f 5036/2/4 5037/2/4 5054/2/4
f 5054/2/4 5037/2/4 5055/2/4
f 5055/2/4 5037/2/4 5056/2/4
f 5056/2/4 5037/2/4 5057/2/4
f 5057/2/4 5037/2/4 5058/2/4
f 5019/5/4 5020/5/4 5063/5/4
f 5063/5/4 5020/5/4 5064/5/4
f 5046/5/4 5047/5/4 5065/5/4
f 5065/5/4 5047/5/4 5066/5/4
f 5034/2/4 5035/2/4 5073/2/4
f 5073/2/4 5035/2/4 5074/2/4
f 5055/2/4 5056/2/4 5075/2/4
f 5075/2/4 5056/2/4 5076/2/4
f 5057/2/4 5058/2/4 5077/2/4
f 5058/2/4 5059/2/4 5077/2/4
f 5077/2/4 5059/2/4 5078/2/4
f 5010/5/4 5038/5/4 5079/5/4
f 5039/5/4 5011/5/4 5080/5/4
f 5080/5/4 5011/5/4 5081/5/4
f 5060/5/4 5061/5/4 5082/5/4
f 5042/5/4 5043/5/4 5083/5/4
f 5043/5/4 4986/5/4 5084/5/4
f 5083/5/4 5043/5/4 5084/5/4
f 5062/5/4 5063/5/4 5085/5/4
f 5085/5/4 5063/5/4 5086/5/4
f 5066/5/4 5047/5/4 5088/5/4
f 5067/5/4 5068/5/4 5089/5/4
f 5089/5/4 5068/5/4 5090/5/4
f 5069/5/4 5070/5/4 5091/5/4
f 5091/5/4 5070/5/4 5092/5/4
f 5071/5/4 5072/5/4 5093/5/4
f 5093/5/4 5072/5/4 5094/5/4
f 5076/2/4 5056/2/4 5098/2/4
f 5078/2/4 5059/2/4 5100/2/4
f 5080/5/4 5081/5/4 5101/5/4
f 5010/5/4 5079/5/4 5101/5/4
f 5081/5/4 5082/5/4 5101/5/4
f 5079/5/4 5080/5/4 5101/5/4
f 5082/5/4 5061/5/4 5102/5/4
f 5101/5/4 5082/5/4 5102/5/4
f 5087/5/4 5088/5/4 5109/5/4
f 5088/5/4 5047/5/4 5110/5/4
f 5109/5/4 5088/5/4 5110/5/4
f 5090/5/4 5068/5/4 5112/5/4
f 5112/5/4 5068/5/4 5113/5/4
f 5092/5/4 5070/5/4 5115/5/4
f 5115/5/4 5070/5/4 5116/5/4
f 5094/5/4 5072/5/4 5118/5/4
f 5095/7/4 5096/7/4 5119/7/4
f 5119/7/4 5096/7/4 5120/7/4
f 5074/2/4 5035/2/4 5122/2/4
f 5097/2/4 5098/2/4 5124/2/4
f 5098/2/4 5056/2/4 5125/2/4
f 5124/2/4 5098/2/4 5125/2/4
f 5099/2/4 5100/2/4 5126/2/4
f 5100/2/4 5059/2/4 5127/2/4
f 5126/2/4 5100/2/4 5127/2/4
f 5127/2/4 5059/2/4 5128/2/4
f 5103/5/4 5104/5/4 5131/5/4
f 5131/5/4 5104/5/4 5132/5/4
f 5107/5/4 5108/5/4 5133/5/4
f 5133/5/4 5108/5/4 5134/5/4
f 5111/5/4 5112/5/4 5138/5/4
f 5138/5/4 5112/5/4 5139/5/4
f 5114/5/4 5115/5/4 5140/5/4
f 5140/5/4 5115/5/4 5141/5/4
f 5117/5/4 5118/5/4 5142/5/4
f 5118/5/4 5072/5/4 5143/5/4
f 5142/5/4 5118/5/4 5143/5/4
f 5124/2/4 5125/2/4 5146/2/4
f 5125/2/4 5126/2/4 5146/2/4
f 5123/2/4 5124/2/4 5146/2/4
f 5126/2/4 5127/2/4 5146/2/4
f 5146/2/4 5127/2/4 5147/2/4
f 5129/5/4 5130/5/4 5148/5/4
f 5148/5/4 5130/5/4 5149/5/4
f 5136/5/4 5137/5/4 5152/5/4
f 5152/5/4 5137/5/4 5153/5/4
f 5144/3/4 5145/3/4 5160/3/4
f 5160/3/4 5145/3/4 5161/3/4
f 5121/2/4 5122/2/4 5162/2/4
f 5122/2/4 5035/2/4 5163/2/4
f 5162/2/4 5122/2/4 5163/2/4
f 5150/5/4 5151/5/4 5166/5/4
f 5166/5/4 5151/5/4 5167/5/4
f 5105/5/4 5106/5/4 5168/5/4
f 5168/5/4 5106/5/4 5169/5/4
f 5134/5/4 5135/5/4 5171/5/4
f 5171/5/4 5135/5/4 5172/5/4
f 5136/5/4 5152/5/4 5173/5/4
f 5153/5/4 5137/5/4 5174/5/4
f 5174/5/4 5137/5/4 5175/5/4
f 5154/5/4 5155/5/4 5177/5/4
f 5177/5/4 5155/5/4 5178/5/4
f 5156/5/4 5157/5/4 5179/5/4
f 5158/5/4 5159/5/4 5181/5/4
f 5181/5/4 5159/5/4 5182/5/4
f 5164/2/4 5165/2/4 5187/2/4
f 5187/2/4 5165/2/4 5188/2/4
f 5149/5/4 5130/5/4 5192/5/4
f 5170/5/4 5171/5/4 5195/5/4
f 5195/5/4 5171/5/4 5196/5/4
f 5175/5/4 5176/5/4 5197/5/4
f 5136/5/4 5173/5/4 5197/5/4
f 5174/5/4 5175/5/4 5197/5/4
f 5173/5/4 5174/5/4 5197/5/4
f 5197/5/4 5176/5/4 5198/5/4
f 5154/5/4 5177/5/4 5199/5/4
f 5199/5/4 5177/5/4 5200/5/4
f 5178/5/4 5155/5/4 5201/5/4
f 5201/5/4 5155/5/4 5202/5/4
f 5179/5/4 5180/5/4 5203/5/4
f 5156/5/4 5179/5/4 5203/5/4
f 5203/5/4 5180/5/4 5204/5/4
f 5158/5/4 5181/5/4 5205/5/4
f 5205/5/4 5181/5/4 5206/5/4
f 5182/5/4 5159/5/4 5207/5/4
f 5207/5/4 5159/5/4 5208/5/4
f 5183/4/4 5184/4/4 5209/4/4
f 5209/4/4 5184/4/4 5210/4/4
f 5188/2/4 5165/2/4 5212/2/4
f 5212/2/4 5165/2/4 5213/2/4
f 5189/5/4 5190/5/4 5214/5/4
f 5214/5/4 5190/5/4 5215/5/4
f 5191/5/4 5192/5/4 5216/5/4
f 5192/5/4 5130/5/4 5217/5/4
f 5216/5/4 5192/5/4 5217/5/4
f 5193/5/4 5194/5/4 5218/5/4
f 5218/5/4 5194/5/4 5219/5/4
f 5200/5/4 5201/5/4 5226/5/4
f 5226/5/4 5201/5/4 5227/5/4
f 5206/5/4 5207/5/4 5230/5/4
f 5230/5/4 5207/5/4 5231/5/4
f 5185/2/4 5186/2/4 5232/2/4
f 5232/2/4 5186/2/4 5233/2/4
f 5211/2/4 5212/2/4 5235/2/4
f 5235/2/4 5212/2/4 5236/2/4
f 5220/5/4 5221/5/4 5241/5/4
f 5241/5/4 5221/5/4 5242/5/4
f 5224/5/4 5225/5/4 5243/5/4
f 5243/5/4 5225/5/4 5244/5/4
f 5228/5/4 5229/5/4 5249/5/4
f 5249/5/4 5229/5/4 5250/5/4
f 5234/2/4 5235/2/4 5255/2/4
f 5237/5/4 5238/5/4 5257/5/4
f 5257/5/4 5238/5/4 5258/5/4
f 5245/5/4 5246/5/4 5261/5/4
f 5247/5/4 5248/5/4 5262/5/4
f 5251/5/4 5252/5/4 5265/5/4
f 5253/5/4 5254/5/4 5266/5/4
f 5185/2/4 5232/2/4 5269/2/4
f 5269/2/4 5232/2/4 5270/2/4
f 5233/2/4 5186/2/4 5271/2/4
f 5271/2/4 5186/2/4 5272/2/4
f 5255/2/4 5256/2/4 5273/2/4
f 5234/2/4 5255/2/4 5273/2/4
f 5273/2/4 5256/2/4 5274/2/4
f 5237/5/4 5257/5/4 5275/5/4
f 5275/5/4 5257/5/4 5276/5/4
f 5239/5/4 5240/5/4 5277/5/4
f 5277/5/4 5240/5/4 5278/5/4
f 5220/5/4 5241/5/4 5279/5/4
f 5279/5/4 5241/5/4 5280/5/4
f 5222/5/4 5223/5/4 5281/5/4
f 5281/5/4 5223/5/4 5282/5/4
f 5259/5/4 5260/5/4 5284/5/4
f 5284/5/4 5260/5/4 5285/5/4
f 5245/5/4 5261/5/4 5286/5/4
f 5261/5/4 5262/5/4 5286/5/4
f 5262/5/4 5248/5/4 5287/5/4
f 5286/5/4 5262/5/4 5287/5/4
f 5263/5/4 5264/5/4 5289/5/4
f 5289/5/4 5264/5/4 5290/5/4
f 5251/5/4 5265/5/4 5291/5/4
f 5265/5/4 5266/5/4 5291/5/4
f 5266/5/4 5254/5/4 5292/5/4
f 5291/5/4 5266/5/4 5292/5/4
f 5267/7/4 5268/7/4 5294/7/4
f 5294/7/4 5268/7/4 5295/7/4
f 5270/2/4 5271/2/4 5297/2/4
f 5297/2/4 5271/2/4 5298/2/4
f 5258/5/4 5238/5/4 5304/5/4
f 5304/5/4 5238/5/4 5305/5/4
f 5280/5/4 5281/5/4 5309/5/4
f 5309/5/4 5281/5/4 5310/5/4
f 5283/5/4 5284/5/4 5311/5/4
f 5311/5/4 5284/5/4 5312/5/4
f 5245/5/4 5286/5/4 5314/5/4
f 5314/5/4 5286/5/4 5315/5/4
f 5287/5/4 5248/5/4 5316/5/4
f 5316/5/4 5248/5/4 5317/5/4
f 5288/5/4 5289/5/4 5318/5/4
f 5318/5/4 5289/5/4 5319/5/4
f 5251/5/4 5291/5/4 5321/5/4
f 5321/5/4 5291/5/4 5322/5/4
f 5292/5/4 5254/5/4 5323/5/4
f 5323/5/4 5254/5/4 5324/5/4
f 5293/7/4 5294/7/4 5325/7/4
f 5325/7/4 5294/7/4 5326/7/4
f 5295/7/4 5296/7/4 5327/7/4
f 5327/7/4 5296/7/4 5328/7/4
f 5299/2/4 5300/2/4 5331/2/4
f 5331/2/4 5300/2/4 5332/2/4
f 5301/5/4 5302/5/4 5333/5/4
f 5333/5/4 5302/5/4 5334/5/4
f 5303/2/4 5304/2/4 5335/2/4
f 5304/5/4 5305/5/4 5336/5/4
f 5335/2/4 5304/2/4 5336/2/4
f 5305/5/4 5306/5/4 5336/5/4
f 5336/5/4 5306/5/4 5337/5/4
f 5312/5/4 5313/5/4 5342/5/4
f 5342/5/4 5313/5/4 5343/5/4
f 5319/5/4 5320/5/4 5346/5/4
f 5346/5/4 5320/5/4 5347/5/4
f 5338/5/4 5339/5/4 5358/5/4
f 5358/5/4 5339/5/4 5359/5/4
f 5340/5/4 5341/5/4 5360/5/4
f 5360/5/4 5341/5/4 5361/5/4
f 5344/5/4 5345/5/4 5365/5/4
f 5365/5/4 5345/5/4 5366/5/4
f 5348/5/4 5349/5/4 5370/5/4
f 5370/5/4 5349/5/4 5371/5/4
f 5350/3/4 5351/3/4 5372/3/4
f 5372/3/4 5351/3/4 5373/3/4
f 5352/3/4 5353/3/4 5374/3/4
f 5374/3/4 5353/3/4 5375/3/4
f 5329/2/4 5330/2/4 5376/2/4
f 5376/2/4 5330/2/4 5377/2/4
f 5299/2/4 5331/2/4 5378/2/4
f 5378/2/4 5331/2/4 5379/2/4
f 5332/2/4 5300/2/4 5382/2/4
f 5382/2/4 5300/2/4 5383/2/4
f 5354/5/4 5355/5/4 5384/5/4
f 5384/5/4 5355/5/4 5385/5/4
f 5356/5/4 5357/5/4 5386/5/4
f 5386/5/4 5357/5/4 5387/5/4
f 5307/5/4 5308/5/4 5388/5/4
f 5388/5/4 5308/5/4 5389/5/4
f 5362/5/4 5363/5/4 5392/5/4
f 5392/5/4 5363/5/4 5393/5/4
f 5364/5/4 5365/5/4 5394/5/4
f 5394/5/4 5365/5/4 5395/5/4
f 5367/5/4 5368/5/4 5398/5/4
f 5398/5/4 5368/5/4 5399/5/4
f 5369/5/4 5370/5/4 5401/5/4
f 5401/5/4 5370/5/4 5402/5/4
f 5373/3/4 5374/3/4 5406/3/4
f 5406/3/4 5374/3/4 5407/3/4
f 5379/2/4 5380/2/4 5412/2/4
f 5412/2/4 5380/2/4 5413/2/4
f 5381/2/4 5382/2/4 5414/2/4
f 5414/2/4 5382/2/4 5415/2/4
f 5390/5/4 5391/5/4 5422/5/4
f 5422/5/4 5391/5/4 5423/5/4
f 5362/5/4 5392/5/4 5424/5/4
f 5393/5/4 5363/5/4 5425/5/4
f 5395/5/4 5396/5/4 5426/5/4
f 5426/5/4 5396/5/4 5427/5/4
f 5397/5/4 5398/5/4 5428/5/4
f 5428/5/4 5398/5/4 5429/5/4
f 5399/5/4 5400/5/4 5430/5/4
f 5430/5/4 5400/5/4 5431/5/4
f 5402/5/4 5403/5/4 5432/5/4
f 5432/5/4 5403/5/4 5433/5/4
f 5404/4/4 5405/4/4 5434/4/4
f 5434/4/4 5405/4/4 5435/4/4
f 5408/4/4 5409/4/4 5436/4/4
f 5436/4/4 5409/4/4 5437/4/4
f 5410/2/4 5411/2/4 5439/2/4
f 5439/2/4 5411/2/4 5440/2/4
f 5413/2/4 5414/2/4 5441/2/4
f 5441/2/4 5414/2/4 5442/2/4
f 5416/5/4 5417/5/4 5443/5/4
f 5443/5/4 5417/5/4 5444/5/4
f 5418/5/4 5419/5/4 5445/5/4
f 5445/5/4 5419/5/4 5446/5/4
f 5424/5/4 5425/5/4 5451/5/4
f 5362/5/4 5424/5/4 5451/5/4
f 5425/5/4 5363/5/4 5452/5/4
f 5451/5/4 5425/5/4 5452/5/4
f 5429/5/4 5430/5/4 5455/5/4
f 5455/5/4 5430/5/4 5456/5/4
f 5435/4/4 5436/4/4 5463/4/4
f 5463/4/4 5436/4/4 5464/4/4
f 5438/2/4 5439/2/4 5466/2/4
f 5466/2/4 5439/2/4 5467/2/4
f 5420/5/4 5421/5/4 5472/5/4
f 5472/5/4 5421/5/4 5473/5/4
f 5449/5/4 5450/5/4 5474/5/4
f 5474/5/4 5450/5/4 5475/5/4
f 5453/5/4 5454/5/4 5481/5/4
f 5481/5/4 5454/5/4 5482/5/4
f 5457/5/4 5458/5/4 5487/5/4
f 5487/5/4 5458/5/4 5488/5/4
f 5459/4/4 5460/4/4 5490/4/4
f 5460/3/4 5461/3/4 5491/3/4
f 5490/4/4 5460/4/4 5491/4/4
f 5461/7/4 5462/7/4 5492/7/4
f 5491/3/4 5461/3/4 5492/3/4
f 5492/7/4 5462/7/4 5493/7/4
f 5465/2/4 5466/2/4 5496/2/4
f 5496/2/4 5466/2/4 5497/2/4
f 5468/2/4 5469/2/4 5498/2/4
f 5498/2/4 5469/2/4 5499/2/4
f 5470/2/4 5471/2/4 5500/2/4
f 5500/2/4 5471/2/4 5501/2/4
f 5416/5/4 5443/5/4 5502/5/4
f 5475/5/4 5476/5/4 5506/5/4
f 5506/5/4 5476/5/4 5507/5/4
f 5477/5/4 5478/5/4 5508/5/4
f 5508/5/4 5478/5/4 5509/5/4
f 5479/5/4 5480/5/4 5510/5/4
f 5510/5/4 5480/5/4 5511/5/4
f 5453/5/4 5481/5/4 5512/5/4
f 5482/5/4 5454/5/4 5513/5/4
f 5483/5/4 5484/5/4 5514/5/4
f 5514/5/4 5484/5/4 5515/5/4
f 5485/5/4 5486/5/4 5516/5/4
f 5516/5/4 5486/5/4 5517/5/4
f 5457/5/4 5487/5/4 5518/5/4
f 5488/5/4 5458/5/4 5519/5/4
f 5495/2/4 5496/2/4 5520/2/4
f 5520/2/4 5496/2/4 5521/2/4
f 5416/5/4 5502/5/4 5525/5/4
f 5502/5/4 5503/5/4 5525/5/4
f 5525/5/4 5503/5/4 5526/5/4
f 5447/5/4 5448/5/4 5527/5/4
f 5527/5/4 5448/5/4 5528/5/4
f 5504/5/4 5505/5/4 5529/5/4
f 5529/5/4 5505/5/4 5530/5/4
f 5509/5/4 5510/5/4 5534/5/4
f 5534/5/4 5510/5/4 5535/5/4
f 5512/5/4 5513/5/4 5537/5/4
f 5453/5/4 5512/5/4 5537/5/4
f 5513/5/4 5454/5/4 5538/5/4
f 5537/5/4 5513/5/4 5538/5/4
f 5515/5/4 5516/5/4 5540/5/4
f 5540/5/4 5516/5/4 5541/5/4
f 5457/5/4 5518/5/4 5543/5/4
f 5518/5/4 5519/5/4 5543/5/4
f 5519/5/4 5458/5/4 5544/5/4
f 5543/5/4 5519/5/4 5544/5/4
f 5521/2/4 5522/2/4 5547/2/4
f 5547/2/4 5522/2/4 5548/2/4
f 5523/2/4 5524/2/4 5551/2/4
f 5551/2/4 5524/2/4 5552/2/4
f 5531/5/4 5532/5/4 5560/5/4
f 5560/5/4 5532/5/4 5561/5/4
f 5533/5/4 5534/5/4 5563/5/4
f 5563/5/4 5534/5/4 5564/5/4
f 5535/5/4 5536/5/4 5565/5/4
f 5565/5/4 5536/5/4 5566/5/4
f 5539/5/4 5540/5/4 5571/5/4
f 5571/5/4 5540/5/4 5572/5/4
f 5541/5/4 5542/5/4 5573/5/4
f 5573/5/4 5542/5/4 5574/5/4
f 5489/4/4 5490/4/4 5579/4/4
f 5579/4/4 5490/4/4 5580/4/4
f 5493/7/4 5494/7/4 5583/7/4
f 5583/7/4 5494/7/4 5584/7/4
f 5545/7/4 5546/7/4 5585/7/4
f 5585/7/4 5546/7/4 5586/7/4
f 5548/2/4 5549/2/4 5587/2/4
f 5587/2/4 5549/2/4 5588/2/4
f 5440/2/4 5411/2/4 5589/2/4
f 5550/2/4 5551/2/4 5591/2/4
f 5591/2/4 5551/2/4 5592/2/4
f 5553/5/4 5554/5/4 5593/5/4
f 5593/5/4 5554/5/4 5594/5/4
f 5555/5/4 5556/5/4 5595/5/4
f 5595/5/4 5556/5/4 5596/5/4
f 5567/5/4 5568/5/4 5597/5/4
f 5597/5/4 5568/5/4 5598/5/4
f 5569/5/4 5570/5/4 5599/5/4
f 5599/5/4 5570/5/4 5600/5/4
f 5575/5/4 5576/5/4 5601/5/4
f 5601/5/4 5576/5/4 5602/5/4
f 5577/5/4 5578/5/4 5603/5/4
f 5603/5/4 5578/5/4 5604/5/4
f 5580/4/4 5581/4/4 5605/4/4
f 5581/3/4 5582/3/4 5606/3/4
f 5605/4/4 5581/4/4 5606/4/4
f 5582/7/4 5583/7/4 5607/7/4
f 5606/3/4 5582/3/4 5607/3/4
f 5607/7/4 5583/7/4 5608/7/4
f 5588/2/4 5589/2/4 5611/2/4
f 5589/2/4 5411/2/4 5612/2/4
f 5611/2/4 5589/2/4 5612/2/4
f 5590/2/4 5591/2/4 5614/2/4
f 5614/2/4 5591/2/4 5615/2/4
f 5557/5/4 5558/5/4 5620/5/4
f 5620/5/4 5558/5/4 5621/5/4
f 5559/5/4 5560/5/4 5622/5/4
f 5622/5/4 5560/5/4 5623/5/4
f 5561/5/4 5562/5/4 5624/5/4
f 5624/5/4 5562/5/4 5625/5/4
f 5598/5/4 5599/5/4 5627/5/4
f 5627/5/4 5599/5/4 5628/5/4
f 5602/5/4 5603/5/4 5631/5/4
f 5631/5/4 5603/5/4 5632/5/4
f 5609/3/4 5610/3/4 5634/3/4
f 5634/3/4 5610/3/4 5635/3/4
f 5613/2/4 5614/2/4 5638/2/4
f 5638/2/4 5614/2/4 5639/2/4
f 5616/2/4 5617/2/4 5641/2/4
f 5641/2/4 5617/2/4 5642/2/4
f 5623/5/4 5624/5/4 5645/5/4
f 5645/5/4 5624/5/4 5646/5/4
f 5626/5/4 5627/5/4 5647/5/4
f 5647/5/4 5627/5/4 5648/5/4
f 5628/5/4 5629/5/4 5649/5/4
f 5649/5/4 5629/5/4 5650/5/4
f 5630/5/4 5631/5/4 5651/5/4
f 5651/5/4 5631/5/4 5652/5/4
f 5632/5/4 5633/5/4 5653/5/4
f 5653/5/4 5633/5/4 5654/5/4
f 5636/2/4 5637/2/4 5661/2/4
f 5661/2/4 5637/2/4 5662/2/4
f 5639/2/4 5640/2/4 5663/2/4
f 5663/2/4 5640/2/4 5664/2/4
f 5594/5/4 5554/5/4 5667/5/4
f 5618/5/4 5619/5/4 5668/5/4
f 5668/5/4 5619/5/4 5669/5/4
f 5643/5/4 5644/5/4 5670/5/4
f 5670/5/4 5644/5/4 5671/5/4
f 5655/4/4 5656/4/4 5676/4/4
f 5656/3/4 5657/3/4 5677/3/4
f 5676/4/4 5656/4/4 5677/4/4
f 5657/7/4 5658/7/4 5678/7/4
f 5677/3/4 5657/3/4 5678/3/4
f 5678/7/4 5658/7/4 5679/7/4
f 5659/4/4 5660/4/4 5680/4/4
f 5680/4/4 5660/4/4 5681/4/4
f 5664/2/4 5665/2/4 5682/2/4
f 5682/2/4 5665/2/4 5683/2/4
f 5553/5/4 5593/5/4 5685/5/4
f 5685/5/4 5593/5/4 5686/5/4
f 5666/5/4 5667/5/4 5687/5/4
f 5667/5/4 5554/5/4 5688/5/4
f 5687/5/4 5667/5/4 5688/5/4
f 5672/5/4 5673/5/4 5693/5/4
f 5693/5/4 5673/5/4 5694/5/4
f 5674/5/4 5675/5/4 5695/5/4
f 5695/5/4 5675/5/4 5696/5/4
f 5655/4/4 5676/4/4 5697/4/4
f 5679/7/4 5658/7/4 5700/7/4
f 5683/2/4 5684/2/4 5701/2/4
f 5701/2/4 5684/2/4 5702/2/4
f 5689/5/4 5690/5/4 5705/5/4
f 5705/5/4 5690/5/4 5706/5/4
f 5691/5/4 5692/5/4 5707/5/4
f 5655/4/4 5697/4/4 5710/4/4
f 5697/4/4 5698/4/4 5710/4/4
f 5698/3/4 5699/3/4 5711/3/4
f 5710/4/4 5698/4/4 5711/4/4
f 5699/7/4 5700/7/4 5712/7/4
f 5711/3/4 5699/3/4 5712/3/4
f 5700/7/4 5658/7/4 5713/7/4
f 5712/7/4 5700/7/4 5713/7/4
f 5703/5/4 5704/5/4 5722/5/4
f 5722/5/4 5704/5/4 5723/5/4
f 5706/5/4 5707/5/4 5725/5/4
f 5707/5/4 5692/5/4 5726/5/4
f 5725/5/4 5707/5/4 5726/5/4
f 5726/5/4 5692/5/4 5727/5/4
f 5708/5/4 5709/5/4 5729/5/4
f 5729/5/4 5709/5/4 5730/5/4
f 5636/2/4 5661/2/4 5734/2/4
f 5662/2/4 5637/2/4 5735/2/4
f 5718/2/4 5719/2/4 5736/2/4
f 5736/2/4 5719/2/4 5737/2/4
f 5720/2/4 5721/2/4 5738/2/4
f 5738/2/4 5721/2/4 5739/2/4
f 5703/5/4 5722/5/4 5740/5/4
f 5740/5/4 5722/5/4 5741/5/4
f 5724/5/4 5725/5/4 5742/5/4
f 5725/5/4 5726/5/4 5742/5/4
f 5742/5/4 5726/5/4 5743/5/4
f 5728/5/4 5729/5/4 5745/5/4
f 5745/5/4 5729/5/4 5746/5/4
f 5730/5/4 5731/5/4 5747/5/4
f 5747/5/4 5731/5/4 5748/5/4
f 5636/2/4 5734/2/4 5751/2/4
f 5734/2/4 5735/2/4 5751/2/4
f 5735/2/4 5637/2/4 5752/2/4
f 5751/2/4 5735/2/4 5752/2/4
f 5739/5/4 5740/5/4 5754/5/4
f 5754/5/4 5740/5/4 5755/5/4
f 5724/5/4 5742/5/4 5757/5/4
f 5757/5/4 5742/5/4 5758/5/4
f 5743/5/4 5744/5/4 5759/5/4
f 5759/5/4 5744/5/4 5760/5/4
f 5749/7/4 5750/7/4 5761/7/4
f 5761/7/4 5750/7/4 5762/7/4
f 5718/2/4 5736/2/4 5767/2/4
f 5737/2/4 5719/2/4 5768/2/4
f 5753/2/4 5754/2/4 5770/2/4
f 5770/2/4 5754/2/4 5771/2/4
f 5732/3/4 5733/3/4 5774/3/4
f 5774/3/4 5733/3/4 5775/3/4
f 5763/2/4 5764/2/4 5776/2/4
f 5765/2/4 5766/2/4 5779/2/4
f 5779/2/4 5766/2/4 5780/2/4
f 5716/2/4 5717/2/4 5781/2/4
f 5781/2/4 5717/2/4 5782/2/4
f 5718/2/4 5767/2/4 5783/2/4
f 5767/2/4 5768/2/4 5783/2/4
f 5768/2/4 5719/2/4 5784/2/4
f 5783/2/4 5768/2/4 5784/2/4
f 5769/5/4 5770/5/4 5785/5/4
f 5785/5/4 5770/5/4 5786/5/4
f 5755/5/4 5756/5/4 5787/5/4
f 5787/5/4 5756/5/4 5788/5/4
f 5772/5/4 5773/5/4 5789/5/4
f 5789/5/4 5773/5/4 5790/5/4
f 5714/4/4 5715/4/4 5791/4/4
f 5791/4/4 5715/4/4 5792/4/4
f 5776/2/4 5777/2/4 5793/2/4
f 5763/2/4 5776/2/4 5793/2/4
f 5793/2/4 5777/2/4 5794/2/4
f 5778/2/4 5779/2/4 5797/2/4
f 5797/2/4 5779/2/4 5798/2/4
f 5794/2/4 5795/2/4 5803/2/4
f 5796/2/4 5797/2/4 5804/2/4
f 5799/2/4 5800/2/4 5805/2/4
f 5805/2/4 5800/2/4 5806/2/4
f 5801/2/4 5802/2/4 5809/2/4
f 5809/2/4 5802/2/4 5810/2/4
f 5803/2/4 5804/2/4 5811/2/4
f 5794/2/4 5803/2/4 5811/2/4
f 5804/2/4 5797/2/4 5812/2/4
f 5811/2/4 5804/2/4 5812/2/4
f 5806/2/4 5807/2/4 5813/2/4
f 5813/2/4 5807/2/4 5814/2/4
f 5808/2/4 5809/2/4 5815/2/4
f 5815/2/4 5809/2/4 5816/2/4
f 5794/2/4 5811/2/4 5818/2/4
f 5818/2/4 5811/2/4 5819/2/4
f 5812/2/4 5797/2/4 5820/2/4
f 5820/2/4 5797/2/4 5821/2/4
f 5814/2/4 5815/2/4 5824/2/4
f 5824/2/4 5815/2/4 5825/2/4
f 5817/2/4 5818/2/4 5833/2/4
f 5833/2/4 5818/2/4 5834/2/4
f 5821/2/4 5822/2/4 5835/2/4
f 5835/2/4 5822/2/4 5836/2/4
f 5823/2/4 5824/2/4 5839/2/4
f 5839/2/4 5824/2/4 5840/2/4
f 5825/2/4 5826/2/4 5841/2/4
f 5841/2/4 5826/2/4 5842/2/4
f 5817/2/4 5833/2/4 5844/2/4
f 5844/2/4 5833/2/4 5845/2/4
f 5836/2/4 5837/2/4 5846/2/4
f 5846/2/4 5837/2/4 5847/2/4
f 5838/2/4 5839/2/4 5848/2/4
f 5848/2/4 5839/2/4 5849/2/4
f 5842/2/4 5843/2/4 5850/2/4
f 5850/2/4 5843/2/4 5851/2/4
f 5827/4/4 5828/4/4 5852/4/4
f 5852/4/4 5828/4/4 5853/4/4
f 5829/3/4 5830/3/4 5854/3/4
f 5854/3/4 5830/3/4 5855/3/4
f 5831/7/4 5832/7/4 5856/7/4
f 5856/7/4 5832/7/4 5857/7/4
f 5858/1/4 5859/1/4 5861/1/4
f 5861/1/4 5859/1/4 5862/1/4
f 5860/1/4 5861/1/4 5865/1/4
f 5865/1/4 5861/1/4 5866/1/4
f 5862/1/4 5863/1/4 5867/1/4
f 5867/1/4 5863/1/4 5868/1/4
f 5864/1/4 5865/1/4 5870/1/4
f 5870/1/4 5865/1/4 5871/1/4
f 5868/1/4 5869/1/4 5874/1/4
f 5874/1/4 5869/1/4 5875/1/4
f 5871/1/4 5872/1/4 5876/1/4
f 5876/1/4 5872/1/4 5877/1/4
f 5873/1/4 5874/1/4 5878/1/4
f 5878/1/4 5874/1/4 5879/1/4
f 5880/4/4 5881/4/4 5882/4/4
f 5882/3/4 5883/3/4 5884/3/4
f 5884/7/4 5885/7/4 5886/7/4
f 5884/7/4 5886/7/4 5888/7/4
f 5886/7/4 5887/7/4 5888/7/4
f 5888/7/4 5887/7/4 5889/7/4
f 5882/3/4 5884/3/4 5890/3/4
f 5884/7/4 5888/7/4 5890/7/4
f 5890/7/4 5888/7/4 5891/7/4
f 5880/4/4 5882/4/4 5892/4/4
f 5882/3/4 5890/3/4 5892/3/4
f 5892/3/4 5890/3/4 5893/3/4
f 5880/4/4 5892/4/4 5894/4/4
f 5894/4/4 5892/4/4 5895/4/4
f 5898/1/4 5899/1/4 5900/1/4
f 5900/1/4 5899/1/4 5901/1/4
f 5898/1/4 5900/1/4 5902/1/4
f 5902/1/4 5900/1/4 5903/1/4
f 5901/1/4 5899/1/4 5905/1/4
f 5905/1/4 5899/1/4 5906/1/4
f 5896/1/4 5897/1/4 5907/1/4
f 5904/1/4 5905/1/4 5910/1/4
f 5910/1/4 5905/1/4 5911/1/4
f 5907/1/4 5908/1/4 5912/1/4
f 5896/1/4 5907/1/4 5912/1/4
f 5912/1/4 5908/1/4 5913/1/4
f 5909/1/4 5910/1/4 5915/1/4
f 5915/1/4 5910/1/4 5916/1/4
f 5914/1/4 5915/1/4 5918/1/4
f 5918/1/4 5915/1/4 5919/1/4
f 5918/1/4 5919/1/4 5921/1/4
f 5919/1/4 5920/1/4 5921/1/4
f 5917/1/4 5918/1/4 5921/1/4
f 5921/1/4 5920/1/4 5922/1/4
f 5923/1/4 5924/1/4 5925/1/4
f 5925/1/4 5924/1/4 5926/1/4
f 5923/1/4 5925/1/4 5927/1/4
f 5927/1/4 5925/1/4 5928/1/4
f 5926/1/4 5924/1/4 5931/1/4
f 5931/1/4 5924/1/4 5932/1/4
f 5928/1/4 5929/1/4 5933/1/4
f 5933/1/4 5929/1/4 5934/1/4
f 5930/1/4 5931/1/4 5935/1/4
f 5935/1/4 5931/1/4 5936/1/4
f 5934/1/4 5935/1/4 5937/1/4
f 5937/1/4 5935/1/4 5938/1/4
f 5939/1/4 5940/1/4 5941/1/4
f 5941/1/4 5940/1/4 5942/1/4
f 5943/1/4 5944/1/4 5946/1/4
f 5946/1/4 5944/1/4 5947/1/4
f 5945/1/4 5946/1/4 5949/1/4
f 5949/1/4 5946/1/4 5950/1/4
f 5948/1/4 5949/1/4 5952/1/4
f 5952/1/4 5949/1/4 5953/1/4
f 5951/1/4 5952/1/4 5954/1/4
f 5954/1/4 5952/1/4 5955/1/4
f 5955/1/4 5956/1/4 5957/1/4
f 5957/1/4 5956/1/4 5958/1/4
f 5958/1/4 5959/1/4 5960/1/4
f 5960/1/4 5959/1/4 5961/1/4
f 5961/1/4 5962/1/4 5963/1/4
f 5963/1/4 5962/1/4 5964/1/4
f 5965/1/4 5966/1/4 5968/1/4
f 5968/1/4 5966/1/4 5969/1/4
f 5967/1/4 5968/1/4 5971/1/4
f 5971/1/4 5968/1/4 5972/1/4
f 5969/1/4 5970/1/4 5973/1/4
f 5973/1/4 5970/1/4 5974/1/4
f 5972/1/4 5973/1/4 5975/1/4
f 5975/1/4 5973/1/4 5976/1/4
f 5977/1/4 5978/1/4 5981/1/4
f 5981/1/4 5978/1/4 5982/1/4
f 5979/1/4 5980/1/4 5985/1/4
f 5985/1/4 5980/1/4 5986/1/4
f 5982/1/4 5983/1/4 5987/1/4
f 5987/1/4 5983/1/4 5988/1/4
f 5984/1/4 5985/1/4 5991/1/4
f 5991/1/4 5985/1/4 5992/1/4
f 5988/1/4 5989/1/4 5993/1/4
f 5993/1/4 5989/1/4 5994/1/4
f 5990/1/4 5991/1/4 5995/1/4
f 5995/1/4 5991/1/4 5996/1/4
f 5994/1/4 5995/1/4 5998/1/4
f 5998/1/4 5995/1/4 5999/1/4
f 5997/1/4 5998/1/4 6002/1/4
f 6002/1/4 5998/1/4 6003/1/4
f 5999/1/4 6000/1/4 6004/1/4
f 6004/1/4 6000/1/4 6005/1/4
f 6001/1/4 6002/1/4 6008/1/4
f 6008/1/4 6002/1/4 6009/1/4
f 6005/1/4 6006/1/4 6010/1/4
f 6010/1/4 6006/1/4 6011/1/4
f 6007/1/4 6008/1/4 6013/1/4
f 6013/1/4 6008/1/4 6014/1/4
f 6011/1/4 6012/1/4 6015/1/4
f 6015/1/4 6012/1/4 6016/1/4
f 6021/4/5 6018/4/5 6017/4/5
f 6022/4/5 6018/4/5 6021/4/5
f 6023/4/5 6020/4/5 6019/4/5
f 6024/4/5 6020/4/5 6023/4/5
f 6029/4/5 6026/4/5 6025/4/5
f 6030/4/5 6026/4/5 6029/4/5
f 6031/4/5 6028/4/5 6027/4/5
f 6032/4/5 6028/4/5 6031/4/5
f 6037/7/5 6034/7/5 6033/7/5
f 6038/7/5 6034/7/5 6037/7/5
f 6039/7/5 6036/7/5 6035/7/5
f 6040/7/5 6036/7/5 6039/7/5
f 6055/4/5 6042/4/5 6041/4/5
f 6056/4/5 6042/4/5 6055/4/5
f 6057/4/5 6044/4/5 6043/4/5
f 6058/4/5 6044/4/5 6057/4/5
f 6059/4/5 6046/4/5 6045/4/5
f 6060/4/5 6046/4/5 6059/4/5
f 6061/7/5 6048/7/5 6047/7/5
f 6062/7/5 6048/7/5 6061/7/5
f 6063/3/5 6050/3/5 6049/3/5
f 6064/3/5 6050/3/5 6063/3/5
f 6065/4/5 6052/4/5 6051/4/5
f 6066/4/5 6052/4/5 6065/4/5
f 6067/4/5 6054/4/5 6053/4/5
f 6068/4/5 6054/4/5 6067/4/5
f 6087/4/5 6070/4/5 6069/4/5
f 6088/4/5 6070/4/5 6087/4/5
f 6089/4/5 6072/4/5 6071/4/5
f 6090/4/5 6072/4/5 6089/4/5
f 6091/4/5 6074/4/5 6073/4/5
f 6092/4/5 6074/4/5 6091/4/5
f 6093/4/5 6076/4/5 6075/4/5
f 6094/4/5 6076/4/5 6093/4/5
f 6095/3/5 6078/3/5 6077/3/5
f 6096/3/5 6078/3/5 6095/3/5
f 6097/4/5 6080/4/5 6079/4/5
f 6098/4/5 6080/4/5 6097/4/5
f 6099/4/5 6082/4/5 6081/4/5
f 6100/4/5 6082/4/5 6099/4/5
f 6101/4/5 6084/4/5 6083/4/5
f 6102/4/5 6084/4/5 6101/4/5
f 6103/4/5 6086/4/5 6085/4/5
f 6104/4/5 6086/4/5 6103/4/5
f 6113/3/5 6106/3/5 6105/3/5
f 6114/3/5 6106/3/5 6113/3/5
f 6115/7/5 6108/7/5 6107/7/5
f 6116/7/5 6108/7/5 6115/7/5
f 6117/3/5 6110/3/5 6109/3/5
f 6118/3/5 6110/3/5 6117/3/5
f 6119/3/5 6112/3/5 6111/3/5
f 6120/3/5 6112/3/5 6119/3/5
f 6143/3/5 6122/3/5 6121/3/5
f 6144/3/5 6122/3/5 6143/3/5
f 6145/3/5 6124/3/5 6123/3/5
f 6146/3/5 6124/3/5 6145/3/5
f 6147/3/5 6126/3/5 6125/3/5
f 6148/3/5 6126/3/5 6147/3/5
f 6149/3/5 6128/3/5 6127/3/5
f 6150/3/5 6128/3/5 6149/3/5
f 6151/7/5 6130/7/5 6129/7/5
f 6152/7/5 6130/7/5 6151/7/5
f 6153/3/5 6132/3/5 6131/3/5
f 6154/3/5 6132/3/5 6153/3/5
f 6155/4/5 6134/4/5 6133/4/5
f 6156/4/5 6134/4/5 6155/4/5
f 6157/7/5 6136/7/5 6135/7/5
f 6158/7/5 6136/7/5 6157/7/5
f 6159/7/5 6138/7/5 6137/7/5
f 6160/7/5 6138/7/5 6159/7/5
f 6161/3/5 6140/3/5 6139/3/5
f 6162/3/5 6140/3/5 6161/3/5
f 6163/3/5 6142/3/5 6141/3/5
f 6164/3/5 6142/3/5 6163/3/5
f 6171/3/5 6166/3/5 6165/3/5
f 6172/3/5 6166/3/5 6171/3/5
f 6173/3/5 6168/3/5 6167/3/5
f 6174/3/5 6168/3/5 6173/3/5
f 6175/7/5 6170/7/5 6169/7/5
f 6176/7/5 6170/7/5 6175/7/5
f 6187/7/5 6178/7/5 6177/7/5
f 6188/7/5 6178/7/5 6187/7/5
f 6189/7/5 6180/7/5 6179/7/5
f 6190/7/5 6180/7/5 6189/7/5
f 6191/3/5 6182/3/5 6181/3/5
f 6192/3/5 6182/3/5 6191/3/5
f 6193/7/5 6184/7/5 6183/7/5
f 6194/7/5 6184/7/5 6193/7/5
f 6195/7/5 6186/7/5 6185/7/5
f 6196/7/5 6186/7/5 6195/7/5
f 6205/7/5 6198/7/5 6197/7/5
f 6206/7/5 6198/7/5 6205/7/5
f 6207/7/5 6200/7/5 6199/7/5
f 6208/7/5 6200/7/5 6207/7/5
f 6209/7/5 6202/7/5 6201/7/5
f 6210/7/5 6202/7/5 6209/7/5
f 6211/4/5 6204/4/5 6203/4/5
f 6212/4/5 6204/4/5 6211/4/5
f 6235/4/5 6214/4/5 6213/4/5
f 6236/4/5 6214/4/5 6235/4/5
f 6237/2/5 6216/2/5 6215/2/5
f 6238/2/5 6216/2/5 6237/2/5
f 6239/2/5 6218/2/5 6217/2/5
f 6240/2/5 6218/2/5 6239/2/5
f 6241/2/5 6220/2/5 6219/2/5
f 6242/2/5 6220/2/5 6241/2/5
f 6243/2/5 6222/2/5 6221/2/5
f 6244/2/5 6222/2/5 6243/2/5
f 6245/2/5 6224/2/5 6223/2/5
f 6246/2/5 6224/2/5 6245/2/5
f 6247/2/5 6226/2/5 6225/2/5
f 6248/2/5 6226/2/5 6247/2/5
f 6249/2/5 6228/2/5 6227/2/5
f 6250/2/5 6228/2/5 6249/2/5
f 6251/2/5 6230/2/5 6229/2/5
f 6252/2/5 6230/2/5 6251/2/5
f 6253/2/5 6232/2/5 6231/2/5
f 6254/2/5 6232/2/5 6253/2/5
f 6255/2/5 6234/2/5 6233/2/5
f 6256/2/5 6234/2/5 6255/2/5
f 6261/3/5 6258/3/5 6257/3/5
f 6262/3/5 6258/3/5 6261/3/5
f 6263/2/5 6260/2/5 6259/2/5
f 6264/2/5 6260/2/5 6263/2/5
f 6271/3/5 6266/3/5 6265/3/5
f 6272/3/5 6266/3/5 6271/3/5
f 6273/2/5 6268/2/5 6267/2/5
f 6274/2/5 6268/2/5 6273/2/5
f 6275/2/5 6270/2/5 6269/2/5
f 6276/2/5 6270/2/5 6275/2/5
f 6285/7/5 6278/7/5 6277/7/5
f 6286/7/5 6278/7/5 6285/7/5
f 6287/2/5 6280/2/5 6279/2/5
f 6288/2/5 6280/2/5 6287/2/5
f 6289/2/5 6282/2/5 6281/2/5
f 6290/2/5 6282/2/5 6289/2/5
f 6291/2/5 6284/2/5 6283/2/5
f 6292/2/5 6284/2/5 6291/2/5
f 6299/7/5 6294/7/5 6293/7/5
f 6300/7/5 6294/7/5 6299/7/5
f 6301/2/5 6296/2/5 6295/2/5
f 6302/2/5 6296/2/5 6301/2/5
f 6303/2/5 6298/2/5 6297/2/5
f 6304/2/5 6298/2/5 6303/2/5
f 6315/7/5 6306/7/5 6305/7/5
f 6316/7/5 6306/7/5 6315/7/5
f 6317/2/5 6308/2/5 6307/2/5
f 6318/2/5 6308/2/5 6317/2/5
f 6319/2/5 6310/2/5 6309/2/5
f 6320/2/5 6310/2/5 6319/2/5
f 6321/2/5 6312/2/5 6311/2/5
f 6322/2/5 6312/2/5 6321/2/5
f 6323/2/5 6314/2/5 6313/2/5
f 6324/2/5 6314/2/5 6323/2/5
f 6335/3/5 6326/3/5 6325/3/5
f 6336/3/5 6326/3/5 6335/3/5
f 6337/2/5 6328/2/5 6327/2/5
f 6338/2/5 6328/2/5 6337/2/5
f 6339/2/5 6330/2/5 6329/2/5
f 6340/2/5 6330/2/5 6339/2/5
f 6341/2/5 6332/2/5 6331/2/5
f 6342/2/5 6332/2/5 6341/2/5
f 6343/2/5 6334/2/5 6333/2/5
f 6344/2/5 6334/2/5 6343/2/5
f 6361/3/5 6346/3/5 6345/3/5
f 6362/3/5 6346/3/5 6361/3/5
f 6363/2/5 6348/2/5 6347/2/5
f 6364/2/5 6348/2/5 6363/2/5
f 6365/2/5 6350/2/5 6349/2/5
f 6366/2/5 6350/2/5 6365/2/5
f 6367/2/5 6352/2/5 6351/2/5
f 6368/2/5 6352/2/5 6367/2/5
f 6369/2/5 6354/2/5 6353/2/5
f 6370/2/5 6354/2/5 6369/2/5
f 6371/2/5 6356/2/5 6355/2/5
f 6372/2/5 6356/2/5 6371/2/5
f 6373/2/5 6358/2/5 6357/2/5
f 6374/2/5 6358/2/5 6373/2/5
f 6375/2/5 6360/2/5 6359/2/5
f 6376/2/5 6360/2/5 6375/2/5
f 6381/4/5 6378/4/5 6377/4/5
f 6382/4/5 6378/4/5 6381/4/5
f 6383/2/5 6380/2/5 6379/2/5
f 6384/2/5 6380/2/5 6383/2/5
f 6409/4/5 6386/4/5 6385/4/5
f 6410/4/5 6386/4/5 6409/4/5
f 6411/2/5 6388/2/5 6387/2/5
f 6412/2/5 6388/2/5 6411/2/5
f 6413/2/5 6390/2/5 6389/2/5
f 6414/2/5 6390/2/5 6413/2/5
f 6415/2/5 6392/2/5 6391/2/5
f 6416/2/5 6392/2/5 6415/2/5
f 6417/2/5 6394/2/5 6393/2/5
f 6418/2/5 6394/2/5 6417/2/5
f 6419/2/5 6396/2/5 6395/2/5
f 6420/2/5 6396/2/5 6419/2/5
f 6421/2/5 6398/2/5 6397/2/5
f 6422/2/5 6398/2/5 6421/2/5
f 6423/2/5 6400/2/5 6399/2/5
f 6424/2/5 6400/2/5 6423/2/5
f 6425/2/5 6402/2/5 6401/2/5
f 6426/2/5 6402/2/5 6425/2/5
f 6427/2/5 6404/2/5 6403/2/5
f 6428/2/5 6404/2/5 6427/2/5
f 6429/2/5 6406/2/5 6405/2/5
f 6430/2/5 6406/2/5 6429/2/5
f 6431/2/5 6408/2/5 6407/2/5
f 6432/2/5 6408/2/5 6431/2/5
f 6445/3/5 6434/3/5 6433/3/5
f 6446/3/5 6434/3/5 6445/3/5
f 6447/4/5 6436/4/5 6435/4/5
f 6448/4/5 6436/4/5 6447/4/5
f 6449/2/5 6438/2/5 6437/2/5
f 6450/2/5 6438/2/5 6449/2/5
f 6451/2/5 6440/2/5 6439/2/5
f 6452/2/5 6440/2/5 6451/2/5
f 6453/2/5 6442/2/5 6441/2/5
f 6454/2/5 6442/2/5 6453/2/5
f 6455/2/5 6444/2/5 6443/2/5
f 6456/2/5 6444/2/5 6455/2/5
f 6477/7/5 6458/7/5 6457/7/5
f 6478/7/5 6458/7/5 6477/7/5
f 6479/3/5 6460/3/5 6459/3/5
f 6480/3/5 6460/3/5 6479/3/5
f 6481/2/5 6462/2/5 6461/2/5
f 6482/2/5 6462/2/5 6481/2/5
f 6483/2/5 6464/2/5 6463/2/5
f 6484/2/5 6464/2/5 6483/2/5
f 6485/2/5 6466/2/5 6465/2/5
f 6486/2/5 6466/2/5 6485/2/5
f 6487/2/5 6468/2/5 6467/2/5
f 6488/2/5 6468/2/5 6487/2/5
f 6489/2/5 6470/2/5 6469/2/5
f 6490/2/5 6470/2/5 6489/2/5
f 6491/2/5 6472/2/5 6471/2/5
f 6492/2/5 6472/2/5 6491/2/5
f 6493/2/5 6474/2/5 6473/2/5
f 6494/2/5 6474/2/5 6493/2/5
f 6495/2/5 6476/2/5 6475/2/5
f 6496/2/5 6476/2/5 6495/2/5
f 6507/7/5 6498/7/5 6497/7/5
f 6508/7/5 6498/7/5 6507/7/5
f 6509/2/5 6500/2/5 6499/2/5
f 6510/2/5 6500/2/5 6509/2/5
f 6511/2/5 6502/2/5 6501/2/5
f 6512/2/5 6502/2/5 6511/2/5
f 6513/2/5 6504/2/5 6503/2/5
f 6514/2/5 6504/2/5 6513/2/5
f 6515/2/5 6506/2/5 6505/2/5
f 6516/2/5 6506/2/5 6515/2/5
f 6523/7/5 6518/7/5 6517/7/5
f 6524/7/5 6518/7/5 6523/7/5
f 6525/2/5 6520/2/5 6519/2/5
f 6526/2/5 6520/2/5 6525/2/5
f 6527/2/5 6522/2/5 6521/2/5
f 6528/2/5 6522/2/5 6527/2/5
f 6549/3/5 6530/3/5 6529/3/5
f 6550/3/5 6530/3/5 6549/3/5
f 6551/2/5 6532/2/5 6531/2/5
f 6552/2/5 6532/2/5 6551/2/5
f 6553/2/5 6534/2/5 6533/2/5
f 6554/2/5 6534/2/5 6553/2/5
f 6555/2/5 6536/2/5 6535/2/5
f 6556/2/5 6536/2/5 6555/2/5
f 6557/2/5 6538/2/5 6537/2/5
f 6558/2/5 6538/2/5 6557/2/5
f 6559/2/5 6540/2/5 6539/2/5
f 6560/2/5 6540/2/5 6559/2/5
f 6561/2/5 6542/2/5 6541/2/5
f 6562/2/5 6542/2/5 6561/2/5
f 6563/2/5 6544/2/5 6543/2/5
f 6564/2/5 6544/2/5 6563/2/5
f 6565/2/5 6546/2/5 6545/2/5
f 6566/2/5 6546/2/5 6565/2/5
f 6567/2/5 6548/2/5 6547/2/5
f 6568/2/5 6548/2/5 6567/2/5
f 6581/4/5 6570/4/5 6569/4/5
f 6582/4/5 6570/4/5 6581/4/5
f 6583/2/5 6572/2/5 6571/2/5
f 6584/2/5 6572/2/5 6583/2/5
f 6585/2/5 6574/2/5 6573/2/5
f 6586/2/5 6574/2/5 6585/2/5
f 6587/2/5 6576/2/5 6575/2/5
f 6588/2/5 6576/2/5 6587/2/5
f 6589/2/5 6578/2/5 6577/2/5
f 6590/2/5 6578/2/5 6589/2/5
f 6591/2/5 6580/2/5 6579/2/5
f 6592/2/5 6580/2/5 6591/2/5
f 6597/2/5 6594/2/5 6593/2/5
f 6598/2/5 6594/2/5 6597/2/5
f 6599/5/5 6596/5/5 6595/5/5
f 6600/5/5 6596/5/5 6599/5/5
f 6627/3/5 6602/3/5 6601/3/5
f 6628/3/5 6602/3/5 6627/3/5
f 6629/4/5 6604/4/5 6603/4/5
f 6630/4/5 6604/4/5 6629/4/5
f 6631/5/5 6606/5/5 6605/5/5
f 6632/5/5 6606/5/5 6631/5/5
f 6633/5/5 6608/5/5 6607/5/5
f 6634/5/5 6608/5/5 6633/5/5
f 6635/5/5 6610/5/5 6609/5/5
f 6636/5/5 6610/5/5 6635/5/5
f 6637/5/5 6612/5/5 6611/5/5
f 6638/5/5 6612/5/5 6637/5/5
f 6639/5/5 6614/5/5 6613/5/5
f 6640/5/5 6614/5/5 6639/5/5
f 6641/5/5 6616/5/5 6615/5/5
f 6642/5/5 6616/5/5 6641/5/5
f 6643/5/5 6618/5/5 6617/5/5
f 6644/5/5 6618/5/5 6643/5/5
f 6645/5/5 6620/5/5 6619/5/5
f 6646/5/5 6620/5/5 6645/5/5
f 6647/5/5 6622/5/5 6621/5/5
f 6648/5/5 6622/5/5 6647/5/5
f 6649/5/5 6624/5/5 6623/5/5
f 6650/5/5 6624/5/5 6649/5/5
f 6651/2/5 6626/2/5 6625/2/5
f 6652/2/5 6626/2/5 6651/2/5
f 6657/3/5 6654/3/5 6653/3/5
f 6658/3/5 6654/3/5 6657/3/5
f 6659/5/5 6656/5/5 6655/5/5
f 6660/5/5 6656/5/5 6659/5/5
f 6681/7/5 6662/7/5 6661/7/5
f 6682/7/5 6662/7/5 6681/7/5
f 6683/3/5 6664/3/5 6663/3/5
f 6684/3/5 6664/3/5 6683/3/5
f 6685/2/5 6666/2/5 6665/2/5
f 6686/2/5 6666/2/5 6685/2/5
f 6687/5/5 6668/5/5 6667/5/5
f 6688/5/5 6668/5/5 6687/5/5
f 6689/5/5 6670/5/5 6669/5/5
f 6690/5/5 6670/5/5 6689/5/5
f 6691/2/5 6672/2/5 6671/2/5
f 6692/2/5 6672/2/5 6691/2/5
f 6693/2/5 6674/2/5 6673/2/5
f 6694/2/5 6674/2/5 6693/2/5
f 6695/5/5 6676/5/5 6675/5/5
f 6696/5/5 6676/5/5 6695/5/5
f 6697/5/5 6678/5/5 6677/5/5
f 6698/5/5 6678/5/5 6697/5/5
f 6699/5/5 6680/5/5 6679/5/5
f 6700/5/5 6680/5/5 6699/5/5
f 6705/3/5 6702/3/5 6701/3/5
f 6706/3/5 6702/3/5 6705/3/5
f 6707/4/5 6704/4/5 6703/4/5
f 6708/4/5 6704/4/5 6707/4/5
f 6727/3/5 6710/3/5 6709/3/5
f 6728/3/5 6710/3/5 6727/3/5
f 6729/5/5 6712/5/5 6711/5/5
f 6730/5/5 6712/5/5 6729/5/5
f 6731/5/5 6714/5/5 6713/5/5
f 6732/5/5 6714/5/5 6731/5/5
f 6733/5/5 6716/5/5 6715/5/5
f 6734/5/5 6716/5/5 6733/5/5
f 6735/5/5 6718/5/5 6717/5/5
f 6736/5/5 6718/5/5 6735/5/5
f 6737/5/5 6720/5/5 6719/5/5
f 6738/5/5 6720/5/5 6737/5/5
f 6739/5/5 6722/5/5 6721/5/5
f 6740/5/5 6722/5/5 6739/5/5
f 6741/5/5 6724/5/5 6723/5/5
f 6742/5/5 6724/5/5 6741/5/5
f 6743/5/5 6726/5/5 6725/5/5
f 6744/5/5 6726/5/5 6743/5/5
f 6749/4/5 6746/4/5 6745/4/5
f 6750/4/5 6746/4/5 6749/4/5
f 6751/5/5 6748/5/5 6747/5/5
f 6752/5/5 6748/5/5 6751/5/5
f 6787/7/5 6754/7/5 6753/7/5
f 6788/7/5 6754/7/5 6787/7/5
f 6789/3/5 6756/3/5 6755/3/5
f 6790/3/5 6756/3/5 6789/3/5
f 6791/4/5 6758/4/5 6757/4/5
f 6792/4/5 6758/4/5 6791/4/5
f 6793/5/5 6760/5/5 6759/5/5
f 6794/5/5 6760/5/5 6793/5/5
f 6795/5/5 6762/5/5 6761/5/5
f 6796/5/5 6762/5/5 6795/5/5
f 6797/5/5 6764/5/5 6763/5/5
f 6798/5/5 6764/5/5 6797/5/5
f 6799/5/5 6766/5/5 6765/5/5
f 6800/5/5 6766/5/5 6799/5/5
f 6801/5/5 6768/5/5 6767/5/5
f 6802/5/5 6768/5/5 6801/5/5
f 6803/5/5 6770/5/5 6769/5/5
f 6804/5/5 6770/5/5 6803/5/5
f 6805/5/5 6772/5/5 6771/5/5
f 6806/5/5 6772/5/5 6805/5/5
f 6807/5/5 6774/5/5 6773/5/5
f 6808/5/5 6774/5/5 6807/5/5
f 6809/5/5 6776/5/5 6775/5/5
f 6810/5/5 6776/5/5 6809/5/5
f 6811/5/5 6778/5/5 6777/5/5
f 6812/5/5 6778/5/5 6811/5/5
f 6813/5/5 6780/5/5 6779/5/5
f 6814/5/5 6780/5/5 6813/5/5
f 6815/5/5 6782/5/5 6781/5/5
f 6816/5/5 6782/5/5 6815/5/5
f 6817/5/5 6784/5/5 6783/5/5
f 6818/5/5 6784/5/5 6817/5/5
f 6819/5/5 6786/5/5 6785/5/5
f 6820/5/5 6786/5/5 6819/5/5
f 6823/5/5 6822/5/5 6821/5/5
f 6824/5/5 6822/5/5 6823/5/5
f 6837/5/5 6826/5/5 6825/5/5
f 6838/5/5 6826/5/5 6837/5/5
f 6839/5/5 6828/5/5 6827/5/5
f 6840/5/5 6828/5/5 6839/5/5
f 6841/5/5 6830/5/5 6829/5/5
f 6842/5/5 6830/5/5 6841/5/5
f 6843/5/5 6832/5/5 6831/5/5
f 6844/5/5 6832/5/5 6843/5/5
f 6845/5/5 6834/5/5 6833/5/5
f 6846/5/5 6834/5/5 6845/5/5
f 6847/5/5 6836/5/5 6835/5/5
f 6848/5/5 6836/5/5 6847/5/5
f 6857/7/5 6850/7/5 6849/7/5
f 6858/7/5 6850/7/5 6857/7/5
f 6859/5/5 6852/5/5 6851/5/5
f 6860/5/5 6852/5/5 6859/5/5
f 6861/5/5 6854/5/5 6853/5/5
f 6862/5/5 6854/5/5 6861/5/5
f 6863/5/5 6856/5/5 6855/5/5
f 6864/5/5 6856/5/5 6863/5/5
f 6889/4/5 6866/4/5 6865/4/5
f 6890/4/5 6866/4/5 6889/4/5
f 6891/5/5 6868/5/5 6867/5/5
f 6892/5/5 6868/5/5 6891/5/5
f 6893/5/5 6870/5/5 6869/5/5
f 6894/5/5 6870/5/5 6893/5/5
f 6895/5/5 6872/5/5 6871/5/5
f 6896/5/5 6872/5/5 6895/5/5
f 6897/5/5 6874/5/5 6873/5/5
f 6898/5/5 6874/5/5 6897/5/5
f 6899/5/5 6876/5/5 6875/5/5
f 6900/5/5 6876/5/5 6899/5/5
f 6901/5/5 6878/5/5 6877/5/5
f 6902/5/5 6878/5/5 6901/5/5
f 6903/5/5 6880/5/5 6879/5/5
f 6904/5/5 6880/5/5 6903/5/5
f 6905/5/5 6882/5/5 6881/5/5
f 6906/5/5 6882/5/5 6905/5/5
f 6907/5/5 6884/5/5 6883/5/5
f 6908/5/5 6884/5/5 6907/5/5
f 6909/5/5 6886/5/5 6885/5/5
f 6910/5/5 6886/5/5 6909/5/5
f 6911/5/5 6888/5/5 6887/5/5
f 6912/5/5 6888/5/5 6911/5/5
f 6927/3/5 6914/3/5 6913/3/5
f 6928/3/5 6914/3/5 6927/3/5
f 6929/5/5 6916/5/5 6915/5/5
f 6930/5/5 6916/5/5 6929/5/5
f 6931/5/5 6918/5/5 6917/5/5
f 6932/5/5 6918/5/5 6931/5/5
f 6933/5/5 6920/5/5 6919/5/5
f 6934/5/5 6920/5/5 6933/5/5
f 6935/5/5 6922/5/5 6921/5/5
f 6936/5/5 6922/5/5 6935/5/5
f 6937/5/5 6924/5/5 6923/5/5
f 6938/5/5 6924/5/5 6937/5/5
f 6939/5/5 6926/5/5 6925/5/5
f 6940/5/5 6926/5/5 6939/5/5
f 6949/7/5 6942/7/5 6941/7/5
f 6950/7/5 6942/7/5 6949/7/5
f 6951/4/5 6944/4/5 6943/4/5
f 6952/4/5 6944/4/5 6951/4/5
f 6953/5/5 6946/5/5 6945/5/5
f 6954/5/5 6946/5/5 6953/5/5
f 6955/5/5 6948/5/5 6947/5/5
f 6956/5/5 6948/5/5 6955/5/5
f 6963/3/5 6958/3/5 6957/3/5
f 6964/3/5 6958/3/5 6963/3/5
f 6965/5/5 6960/5/5 6959/5/5
f 6966/5/5 6960/5/5 6965/5/5
f 6967/5/5 6962/5/5 6961/5/5
f 6968/5/5 6962/5/5 6967/5/5
f 6983/4/5 6970/4/5 6969/4/5
f 6984/4/5 6970/4/5 6983/4/5
f 6985/5/5 6972/5/5 6971/5/5
f 6986/5/5 6972/5/5 6985/5/5
f 6987/5/5 6974/5/5 6973/5/5
f 6988/5/5 6974/5/5 6987/5/5
f 6989/5/5 6976/5/5 6975/5/5
f 6990/5/5 6976/5/5 6989/5/5
f 6991/5/5 6978/5/5 6977/5/5
f 6992/5/5 6978/5/5 6991/5/5
f 6993/5/5 6980/5/5 6979/5/5
f 6994/5/5 6980/5/5 6993/5/5
f 6995/5/5 6982/5/5 6981/5/5
f 6996/5/5 6982/5/5 6995/5/5
f 7017/5/5 6998/5/5 6997/5/5
f 7018/5/5 6998/5/5 7017/5/5
f 7019/5/5 7000/5/5 6999/5/5
f 7020/5/5 7000/5/5 7019/5/5
f 7021/5/5 7002/5/5 7001/5/5
f 7022/5/5 7002/5/5 7021/5/5
f 7023/5/5 7004/5/5 7003/5/5
f 7024/5/5 7004/5/5 7023/5/5
f 7025/5/5 7006/5/5 7005/5/5
f 7026/5/5 7006/5/5 7025/5/5
f 7027/5/5 7008/5/5 7007/5/5
f 7028/5/5 7008/5/5 7027/5/5
f 7029/5/5 7010/5/5 7009/5/5
f 7030/5/5 7010/5/5 7029/5/5
f 7031/5/5 7012/5/5 7011/5/5
f 7032/5/5 7012/5/5 7031/5/5
f 7033/5/5 7014/5/5 7013/5/5
f 7034/5/5 7014/5/5 7033/5/5
f 7035/5/5 7016/5/5 7015/5/5
f 7036/5/5 7016/5/5 7035/5/5
f 7049/7/5 7038/7/5 7037/7/5
f 7050/7/5 7038/7/5 7049/7/5
f 7051/3/5 7040/3/5 7039/3/5
f 7052/3/5 7040/3/5 7051/3/5
f 7053/4/5 7042/4/5 7041/4/5
f 7054/4/5 7042/4/5 7053/4/5
f 7055/5/5 7044/5/5 7043/5/5
f 7056/5/5 7044/5/5 7055/5/5
f 7057/5/5 7046/5/5 7045/5/5
f 7058/5/5 7046/5/5 7057/5/5
f 7059/5/5 7048/5/5 7047/5/5
f 7060/5/5 7048/5/5 7059/5/5
f 7075/5/5 7062/5/5 7061/5/5
f 7076/5/5 7062/5/5 7075/5/5
f 7077/5/5 7064/5/5 7063/5/5
f 7078/5/5 7064/5/5 7077/5/5
f 7079/5/5 7066/5/5 7065/5/5
f 7080/5/5 7066/5/5 7079/5/5
f 7081/5/5 7068/5/5 7067/5/5
f 7082/5/5 7068/5/5 7081/5/5
f 7083/5/5 7070/5/5 7069/5/5
f 7084/5/5 7070/5/5 7083/5/5
f 7085/5/5 7072/5/5 7071/5/5
f 7086/5/5 7072/5/5 7085/5/5
f 7087/5/5 7074/5/5 7073/5/5
f 7088/5/5 7074/5/5 7087/5/5
f 7117/7/5 7090/7/5 7089/7/5
f 7118/7/5 7090/7/5 7117/7/5
f 7119/3/5 7092/3/5 7091/3/5
f 7120/3/5 7092/3/5 7119/3/5
f 7121/4/5 7094/4/5 7093/4/5
f 7122/4/5 7094/4/5 7121/4/5
f 7123/5/5 7096/5/5 7095/5/5
f 7124/5/5 7096/5/5 7123/5/5
f 7125/5/5 7098/5/5 7097/5/5
f 7126/5/5 7098/5/5 7125/5/5
f 7127/5/5 7100/5/5 7099/5/5
f 7128/5/5 7100/5/5 7127/5/5
f 7129/5/5 7102/5/5 7101/5/5
f 7130/5/5 7102/5/5 7129/5/5
f 7131/5/5 7104/5/5 7103/5/5
f 7132/5/5 7104/5/5 7131/5/5
f 7133/5/5 7106/5/5 7105/5/5
f 7134/5/5 7106/5/5 7133/5/5
f 7135/5/5 7108/5/5 7107/5/5
f 7136/5/5 7108/5/5 7135/5/5
f 7137/5/5 7110/5/5 7109/5/5
f 7138/5/5 7110/5/5 7137/5/5
f 7139/5/5 7112/5/5 7111/5/5
f 7140/5/5 7112/5/5 7139/5/5
f 7141/5/5 7114/5/5 7113/5/5
f 7142/5/5 7114/5/5 7141/5/5
f 7143/5/5 7116/5/5 7115/5/5
f 7144/5/5 7116/5/5 7143/5/5
f 7155/5/5 7146/5/5 7145/5/5
f 7156/5/5 7146/5/5 7155/5/5
f 7157/5/5 7148/5/5 7147/5/5
f 7158/5/5 7148/5/5 7157/5/5
f 7159/5/5 7150/5/5 7149/5/5
f 7160/5/5 7150/5/5 7159/5/5
f 7161/5/5 7152/5/5 7151/5/5
f 7162/5/5 7152/5/5 7161/5/5
f 7163/5/5 7154/5/5 7153/5/5
f 7164/5/5 7154/5/5 7163/5/5
f 7167/5/5 7166/5/5 7165/5/5
f 7168/5/5 7166/5/5 7167/5/5
f 7187/5/5 7170/5/5 7169/5/5
f 7188/5/5 7170/5/5 7187/5/5
f 7189/5/5 7172/5/5 7171/5/5
f 7190/5/5 7172/5/5 7189/5/5
f 7191/5/5 7174/5/5 7173/5/5
f 7192/5/5 7174/5/5 7191/5/5
f 7193/5/5 7176/5/5 7175/5/5
f 7194/5/5 7176/5/5 7193/5/5
f 7195/5/5 7178/5/5 7177/5/5
f 7196/5/5 7178/5/5 7195/5/5
f 7197/5/5 7180/5/5 7179/5/5
f 7198/5/5 7180/5/5 7197/5/5
f 7199/5/5 7182/5/5 7181/5/5
f 7200/5/5 7182/5/5 7199/5/5
f 7201/5/5 7184/5/5 7183/5/5
f 7202/5/5 7184/5/5 7201/5/5
f 7203/5/5 7186/5/5 7185/5/5
f 7204/5/5 7186/5/5 7203/5/5
f 7225/5/5 7206/5/5 7205/5/5
f 7226/5/5 7206/5/5 7225/5/5
f 7227/5/5 7208/5/5 7207/5/5
f 7228/5/5 7208/5/5 7227/5/5
f 7229/5/5 7210/5/5 7209/5/5
f 7230/5/5 7210/5/5 7229/5/5
f 7231/5/5 7212/5/5 7211/5/5
f 7232/5/5 7212/5/5 7231/5/5
f 7233/5/5 7214/5/5 7213/5/5
f 7234/5/5 7214/5/5 7233/5/5
f 7235/5/5 7216/5/5 7215/5/5
f 7236/5/5 7216/5/5 7235/5/5
f 7237/5/5 7218/5/5 7217/5/5
f 7238/5/5 7218/5/5 7237/5/5
f 7239/5/5 7220/5/5 7219/5/5
f 7240/5/5 7220/5/5 7239/5/5
f 7241/5/5 7222/5/5 7221/5/5
f 7242/5/5 7222/5/5 7241/5/5
f 7243/5/5 7224/5/5 7223/5/5
f 7244/5/5 7224/5/5 7243/5/5
f 7265/7/5 7246/7/5 7245/7/5
f 7266/7/5 7246/7/5 7265/7/5
f 7267/3/5 7248/3/5 7247/3/5
f 7268/3/5 7248/3/5 7267/3/5
f 7269/4/5 7250/4/5 7249/4/5
f 7270/4/5 7250/4/5 7269/4/5
f 7271/5/5 7252/5/5 7251/5/5
f 7272/5/5 7252/5/5 7271/5/5
f 7273/5/5 7254/5/5 7253/5/5
f 7274/5/5 7254/5/5 7273/5/5
f 7275/5/5 7256/5/5 7255/5/5
f 7276/5/5 7256/5/5 7275/5/5
f 7277/5/5 7258/5/5 7257/5/5
f 7278/5/5 7258/5/5 7277/5/5
f 7279/5/5 7260/5/5 7259/5/5
f 7280/5/5 7260/5/5 7279/5/5
f 7281/5/5 7262/5/5 7261/5/5
f 7282/5/5 7262/5/5 7281/5/5
f 7283/5/5 7264/5/5 7263/5/5
f 7284/5/5 7264/5/5 7283/5/5
f 7297/5/5 7286/5/5 7285/5/5
f 7298/5/5 7286/5/5 7297/5/5
f 7299/5/5 7288/5/5 7287/5/5
f 7300/5/5 7288/5/5 7299/5/5
f 7301/5/5 7290/5/5 7289/5/5
f 7302/5/5 7290/5/5 7301/5/5
f 7303/5/5 7292/5/5 7291/5/5
f 7304/5/5 7292/5/5 7303/5/5
f 7305/5/5 7294/5/5 7293/5/5
f 7306/5/5 7294/5/5 7305/5/5
f 7307/5/5 7296/5/5 7295/5/5
f 7308/5/5 7296/5/5 7307/5/5
f 7329/1/5 7310/1/5 7309/1/5
f 7330/1/5 7310/1/5 7329/1/5
f 7331/4/5 7312/4/5 7311/4/5
f 7332/4/5 7312/4/5 7331/4/5
f 7333/1/5 7314/1/5 7313/1/5
f 7334/1/5 7314/1/5 7333/1/5
f 7335/1/5 7316/1/5 7315/1/5
f 7336/1/5 7316/1/5 7335/1/5
f 7337/1/5 7318/1/5 7317/1/5
f 7338/1/5 7318/1/5 7337/1/5
f 7339/1/5 7320/1/5 7319/1/5
f 7340/1/5 7320/1/5 7339/1/5
f 7341/1/5 7322/1/5 7321/1/5
f 7342/1/5 7322/1/5 7341/1/5
f 7343/1/5 7324/1/5 7323/1/5
f 7344/1/5 7324/1/5 7343/1/5
f 7345/1/5 7326/1/5 7325/1/5
f 7346/1/5 7326/1/5 7345/1/5
f 7347/1/5 7328/1/5 7327/1/5
f 7348/1/5 7328/1/5 7347/1/5
f 7367/1/5 7350/1/5 7349/1/5
f 7368/1/5 7350/1/5 7367/1/5
f 7369/1/5 7352/1/5 7351/1/5
f 7370/1/5 7352/1/5 7369/1/5
f 7371/1/5 7354/1/5 7353/1/5
f 7372/1/5 7354/1/5 7371/1/5
f 7373/1/5 7356/1/5 7355/1/5
f 7374/1/5 7356/1/5 7373/1/5
f 7375/1/5 7358/1/5 7357/1/5
f 7376/1/5 7358/1/5 7375/1/5
f 7377/1/5 7360/1/5 7359/1/5
f 7378/1/5 7360/1/5 7377/1/5
f 7379/1/5 7362/1/5 7361/1/5
f 7380/1/5 7362/1/5 7379/1/5
f 7381/1/5 7364/1/5 7363/1/5
f 7382/1/5 7364/1/5 7381/1/5
f 7383/1/5 7366/1/5 7365/1/5
f 7384/1/5 7366/1/5 7383/1/5
f 7395/1/5 7386/1/5 7385/1/5
f 7396/1/5 7386/1/5 7395/1/5
f 7397/1/5 7388/1/5 7387/1/5
f 7398/1/5 7388/1/5 7397/1/5
f 7399/1/5 7390/1/5 7389/1/5
f 7400/1/5 7390/1/5 7399/1/5
f 7401/1/5 7392/1/5 7391/1/5
f 7402/1/5 7392/1/5 7401/1/5
f 7403/1/5 7394/1/5 7393/1/5
f 7404/1/5 7394/1/5 7403/1/5
f 7441/7/5 7406/7/5 7405/7/5
f 7442/7/5 7406/7/5 7441/7/5
f 7443/3/5 7408/3/5 7407/3/5
f 7444/3/5 7408/3/5 7443/3/5
f 7445/6/5 7410/6/5 7409/6/5
f 7446/6/5 7410/6/5 7445/6/5
f 7447/5/5 7412/5/5 7411/5/5
f 7448/5/5 7412/5/5 7447/5/5
f 7449/5/5 7414/5/5 7413/5/5
f 7450/5/5 7414/5/5 7449/5/5
f 7451/5/5 7416/5/5 7415/5/5
f 7452/5/5 7416/5/5 7451/5/5
f 7453/5/5 7418/5/5 7417/5/5
f 7454/5/5 7418/5/5 7453/5/5
f 7455/5/5 7420/5/5 7419/5/5
f 7456/5/5 7420/5/5 7455/5/5
f 7457/5/5 7422/5/5 7421/5/5
f 7458/5/5 7422/5/5 7457/5/5
f 7459/5/5 7424/5/5 7423/5/5
f 7460/5/5 7424/5/5 7459/5/5
f 7461/5/5 7426/5/5 7425/5/5
f 7462/5/5 7426/5/5 7461/5/5
f 7463/5/5 7428/5/5 7427/5/5
f 7464/5/5 7428/5/5 7463/5/5
f 7465/5/5 7430/5/5 7429/5/5
f 7466/5/5 7430/5/5 7465/5/5
f 7467/5/5 7432/5/5 7431/5/5
f 7468/5/5 7432/5/5 7467/5/5
f 7469/1/5 7434/1/5 7433/1/5
f 7470/1/5 7434/1/5 7469/1/5
f 7471/1/5 7436/1/5 7435/1/5
f 7472/1/5 7436/1/5 7471/1/5
f 7473/1/5 7438/1/5 7437/1/5
f 7474/1/5 7438/1/5 7473/1/5
f 7475/1/5 7440/1/5 7439/1/5
f 7476/1/5 7440/1/5 7475/1/5
f 7491/5/5 7478/5/5 7477/5/5
f 7492/5/5 7478/5/5 7491/5/5
f 7493/5/5 7480/5/5 7479/5/5
f 7494/5/5 7480/5/5 7493/5/5
f 7495/5/5 7482/5/5 7481/5/5
f 7496/5/5 7482/5/5 7495/5/5
f 7497/5/5 7484/5/5 7483/5/5
f 7498/5/5 7484/5/5 7497/5/5
f 7499/1/5 7486/1/5 7485/1/5
f 7500/1/5 7486/1/5 7499/1/5
f 7501/1/5 7488/1/5 7487/1/5
f 7502/1/5 7488/1/5 7501/1/5
f 7503/1/5 7490/1/5 7489/1/5
f 7504/1/5 7490/1/5 7503/1/5
f 7539/5/5 7506/5/5 7505/5/5
f 7540/5/5 7506/5/5 7539/5/5
f 7541/5/5 7508/5/5 7507/5/5
f 7542/5/5 7508/5/5 7541/5/5
f 7543/5/5 7510/5/5 7509/5/5
f 7544/5/5 7510/5/5 7543/5/5
f 7545/5/5 7512/5/5 7511/5/5
f 7546/5/5 7512/5/5 7545/5/5
f 7547/5/5 7514/5/5 7513/5/5
f 7548/5/5 7514/5/5 7547/5/5
f 7549/5/5 7516/5/5 7515/5/5
f 7550/5/5 7516/5/5 7549/5/5
f 7551/5/5 7518/5/5 7517/5/5
f 7552/5/5 7518/5/5 7551/5/5
f 7553/5/5 7520/5/5 7519/5/5
f 7554/5/5 7520/5/5 7553/5/5
f 7555/5/5 7522/5/5 7521/5/5
f 7556/5/5 7522/5/5 7555/5/5
f 7557/1/5 7524/1/5 7523/1/5
f 7558/1/5 7524/1/5 7557/1/5
f 7559/1/5 7526/1/5 7525/1/5
f 7560/1/5 7526/1/5 7559/1/5
f 7561/1/5 7528/1/5 7527/1/5
f 7562/1/5 7528/1/5 7561/1/5
f 7563/1/5 7530/1/5 7529/1/5
f 7564/1/5 7530/1/5 7563/1/5
f 7565/1/5 7532/1/5 7531/1/5
f 7566/1/5 7532/1/5 7565/1/5
f 7567/1/5 7534/1/5 7533/1/5
f 7568/1/5 7534/1/5 7567/1/5
f 7569/1/5 7536/1/5 7535/1/5
f 7570/1/5 7536/1/5 7569/1/5
f 7571/1/5 7538/1/5 7537/1/5
f 7572/1/5 7538/1/5 7571/1/5
f 7585/1/5 7574/1/5 7573/1/5
f 7586/1/5 7574/1/5 7585/1/5
f 7587/1/5 7576/1/5 7575/1/5
f 7588/1/5 7576/1/5 7587/1/5
f 7589/1/5 7578/1/5 7577/1/5
f 7590/1/5 7578/1/5 7589/1/5
f 7591/1/5 7580/1/5 7579/1/5
f 7592/1/5 7580/1/5 7591/1/5
f 7593/1/5 7582/1/5 7581/1/5
f 7594/1/5 7582/1/5 7593/1/5
f 7595/1/5 7584/1/5 7583/1/5
f 7596/1/5 7584/1/5 7595/1/5
f 7597/4/6 7598/4/6 7601/4/6
f 7601/4/6 7598/4/6 7602/4/6
f 7599/4/6 7600/4/6 7603/4/6
f 7603/4/6 7600/4/6 7604/4/6
f 7605/7/6 7606/7/6 7609/7/6
f 7609/7/6 7606/7/6 7610/7/6
f 7607/7/6 7608/7/6 7611/7/6
f 7611/7/6 7608/7/6 7612/7/6
f 7613/7/6 7614/7/6 7617/7/6
f 7617/7/6 7614/7/6 7618/7/6
f 7615/7/6 7616/7/6 7619/7/6
f 7619/7/6 7616/7/6 7620/7/6
f 7621/4/6 7622/4/6 7625/4/6
f 7625/4/6 7622/4/6 7626/4/6
f 7623/4/6 7624/4/6 7627/4/6
f 7627/4/6 7624/4/6 7628/4/6
f 7629/4/6 7630/4/6 7643/4/6
f 7643/4/6 7630/4/6 7644/4/6
f 7631/4/6 7632/4/6 7645/4/6
f 7645/4/6 7632/4/6 7646/4/6
f 7633/4/6 7634/4/6 7647/4/6
f 7647/4/6 7634/4/6 7648/4/6
f 7635/4/6 7636/4/6 7649/4/6
f 7649/4/6 7636/4/6 7650/4/6
f 7637/3/6 7638/3/6 7651/3/6
f 7651/3/6 7638/3/6 7652/3/6
f 7639/4/6 7640/4/6 7653/4/6
f 7653/4/6 7640/4/6 7654/4/6
f 7641/4/6 7642/4/6 7655/4/6
f 7655/4/6 7642/4/6 7656/4/6
f 7657/4/6 7658/4/6 7665/4/6
f 7665/4/6 7658/4/6 7666/4/6
f 7659/4/6 7660/4/6 7667/4/6
f 7667/4/6 7660/4/6 7668/4/6
f 7661/3/6 7662/3/6 7669/3/6
f 7669/3/6 7662/3/6 7670/3/6
f 7663/7/6 7664/7/6 7671/7/6
f 7671/7/6 7664/7/6 7672/7/6
f 7673/3/6 7674/3/6 7691/3/6
f 7691/3/6 7674/3/6 7692/3/6
f 7675/3/6 7676/3/6 7693/3/6
f 7693/3/6 7676/3/6 7694/3/6
f 7677/7/6 7678/7/6 7695/7/6
f 7695/7/6 7678/7/6 7696/7/6
f 7679/3/6 7680/3/6 7697/3/6
f 7697/3/6 7680/3/6 7698/3/6
f 7681/4/6 7682/4/6 7699/4/6
f 7699/4/6 7682/4/6 7700/4/6
f 7683/7/6 7684/7/6 7701/7/6
f 7701/7/6 7684/7/6 7702/7/6
f 7685/7/6 7686/7/6 7703/7/6
f 7703/7/6 7686/7/6 7704/7/6
f 7687/3/6 7688/3/6 7705/3/6
f 7705/3/6 7688/3/6 7706/3/6
f 7689/3/6 7690/3/6 7707/3/6
f 7707/3/6 7690/3/6 7708/3/6
f 7709/3/6 7710/3/6 7725/3/6
f 7725/3/6 7710/3/6 7726/3/6
f 7711/3/6 7712/3/6 7727/3/6
f 7727/3/6 7712/3/6 7728/3/6
f 7713/7/6 7714/7/6 7729/7/6
f 7729/7/6 7714/7/6 7730/7/6
f 7715/3/6 7716/3/6 7731/3/6
f 7731/3/6 7716/3/6 7732/3/6
f 7717/4/6 7718/4/6 7733/4/6
f 7733/4/6 7718/4/6 7734/4/6
f 7719/7/6 7720/7/6 7735/7/6
f 7735/7/6 7720/7/6 7736/7/6
f 7721/3/6 7722/3/6 7737/3/6
f 7737/3/6 7722/3/6 7738/3/6
f 7723/3/6 7724/3/6 7739/3/6
f 7739/3/6 7724/3/6 7740/3/6
f 7741/7/6 7742/7/6 7755/7/6
f 7755/7/6 7742/7/6 7756/7/6
f 7743/7/6 7744/7/6 7757/7/6
f 7757/7/6 7744/7/6 7758/7/6
f 7745/3/6 7746/3/6 7759/3/6
f 7759/3/6 7746/3/6 7760/3/6
f 7747/4/6 7748/4/6 7761/4/6
f 7761/4/6 7748/4/6 7762/4/6
f 7749/4/6 7750/4/6 7763/4/6
f 7763/4/6 7750/4/6 7764/4/6
f 7751/7/6 7752/7/6 7765/7/6
f 7765/7/6 7752/7/6 7766/7/6
f 7753/7/6 7754/7/6 7767/7/6
f 7767/7/6 7754/7/6 7768/7/6
f 7769/7/6 7770/7/6 7777/7/6
f 7777/7/6 7770/7/6 7778/7/6
f 7771/7/6 7772/7/6 7779/7/6
f 7779/7/6 7772/7/6 7780/7/6
f 7773/7/6 7774/7/6 7781/7/6
f 7781/7/6 7774/7/6 7782/7/6
f 7775/4/6 7776/4/6 7783/4/6
f 7783/4/6 7776/4/6 7784/4/6
f 7785/7/6 7786/7/6 7789/7/6
f 7789/7/6 7786/7/6 7790/7/6
f 7787/7/6 7788/7/6 7791/7/6
f 7791/7/6 7788/7/6 7792/7/6
f 7793/4/6 7794/4/6 7797/4/6
f 7797/4/6 7794/4/6 7798/4/6
f 7795/2/6 7796/2/6 7799/2/6
f 7799/2/6 7796/2/6 7800/2/6
f 7801/3/6 7802/3/6 7815/3/6
f 7815/3/6 7802/3/6 7816/3/6
f 7803/2/6 7804/2/6 7817/2/6
f 7817/2/6 7804/2/6 7818/2/6
f 7805/2/6 7806/2/6 7819/2/6
f 7819/2/6 7806/2/6 7820/2/6
f 7807/2/6 7808/2/6 7821/2/6
f 7821/2/6 7808/2/6 7822/2/6
f 7809/2/6 7810/2/6 7823/2/6
f 7823/2/6 7810/2/6 7824/2/6
f 7811/2/6 7812/2/6 7825/2/6
f 7825/2/6 7812/2/6 7826/2/6
f 7813/2/6 7814/2/6 7827/2/6
f 7827/2/6 7814/2/6 7828/2/6
f 7829/3/6 7830/3/6 7839/3/6
f 7839/3/6 7830/3/6 7840/3/6
f 7831/2/6 7832/2/6 7841/2/6
f 7841/2/6 7832/2/6 7842/2/6
f 7833/2/6 7834/2/6 7843/2/6
f 7843/2/6 7834/2/6 7844/2/6
f 7835/2/6 7836/2/6 7845/2/6
f 7845/2/6 7836/2/6 7846/2/6
f 7837/2/6 7838/2/6 7847/2/6
f 7847/2/6 7838/2/6 7848/2/6
f 7849/7/6 7850/7/6 7859/7/6
f 7859/7/6 7850/7/6 7860/7/6
f 7851/2/6 7852/2/6 7861/2/6
f 7861/2/6 7852/2/6 7862/2/6
f 7853/2/6 7854/2/6 7863/2/6
f 7863/2/6 7854/2/6 7864/2/6
f 7855/2/6 7856/2/6 7865/2/6
f 7865/2/6 7856/2/6 7866/2/6
f 7857/2/6 7858/2/6 7867/2/6
f 7867/2/6 7858/2/6 7868/2/6
f 7869/7/6 7870/7/6 7875/7/6
f 7875/7/6 7870/7/6 7876/7/6
f 7871/2/6 7872/2/6 7877/2/6
f 7877/2/6 7872/2/6 7878/2/6
f 7873/2/6 7874/2/6 7879/2/6
f 7879/2/6 7874/2/6 7880/2/6
f 7881/7/6 7882/7/6 7889/7/6
f 7889/7/6 7882/7/6 7890/7/6
f 7883/2/6 7884/2/6 7891/2/6
f 7891/2/6 7884/2/6 7892/2/6
f 7885/2/6 7886/2/6 7893/2/6
f 7893/2/6 7886/2/6 7894/2/6
f 7887/2/6 7888/2/6 7895/2/6
f 7895/2/6 7888/2/6 7896/2/6
f 7897/3/6 7898/3/6 7907/3/6
f 7907/3/6 7898/3/6 7908/3/6
f 7899/2/6 7900/2/6 7909/2/6
f 7909/2/6 7900/2/6 7910/2/6
f 7901/2/6 7902/2/6 7911/2/6
f 7911/2/6 7902/2/6 7912/2/6
f 7903/2/6 7904/2/6 7913/2/6
f 7913/2/6 7904/2/6 7914/2/6
f 7905/2/6 7906/2/6 7915/2/6
f 7915/2/6 7906/2/6 7916/2/6
f 7917/3/6 7918/3/6 7921/3/6
f 7921/3/6 7918/3/6 7922/3/6
f 7919/2/6 7920/2/6 7923/2/6
f 7923/2/6 7920/2/6 7924/2/6
f 7925/4/6 7926/4/6 7945/4/6
f 7945/4/6 7926/4/6 7946/4/6
f 7927/2/6 7928/2/6 7947/2/6
f 7947/2/6 7928/2/6 7948/2/6
f 7929/2/6 7930/2/6 7949/2/6
f 7949/2/6 7930/2/6 7950/2/6
f 7931/2/6 7932/2/6 7951/2/6
f 7951/2/6 7932/2/6 7952/2/6
f 7933/2/6 7934/2/6 7953/2/6
f 7953/2/6 7934/2/6 7954/2/6
f 7935/2/6 7936/2/6 7955/2/6
f 7955/2/6 7936/2/6 7956/2/6
f 7937/2/6 7938/2/6 7957/2/6
f 7957/2/6 7938/2/6 7958/2/6
f 7939/2/6 7940/2/6 7959/2/6
f 7959/2/6 7940/2/6 7960/2/6
f 7941/2/6 7942/2/6 7961/2/6
f 7961/2/6 7942/2/6 7962/2/6
f 7943/2/6 7944/2/6 7963/2/6
f 7963/2/6 7944/2/6 7964/2/6
f 7965/4/6 7966/4/6 7975/4/6
f 7975/4/6 7966/4/6 7976/4/6
f 7967/2/6 7968/2/6 7977/2/6
f 7977/2/6 7968/2/6 7978/2/6
f 7969/2/6 7970/2/6 7979/2/6
f 7979/2/6 7970/2/6 7980/2/6
f 7971/2/6 7972/2/6 7981/2/6
f 7981/2/6 7972/2/6 7982/2/6
f 7973/2/6 7974/2/6 7983/2/6
f 7983/2/6 7974/2/6 7984/2/6
f 7985/3/6 7986/3/6 7997/3/6
f 7997/3/6 7986/3/6 7998/3/6
f 7987/2/6 7988/2/6 7999/2/6
f 7999/2/6 7988/2/6 8000/2/6
f 7989/2/6 7990/2/6 8001/2/6
f 8001/2/6 7990/2/6 8002/2/6
f 7991/2/6 7992/2/6 8003/2/6
f 8003/2/6 7992/2/6 8004/2/6
f 7993/2/6 7994/2/6 8005/2/6
f 8005/2/6 7994/2/6 8006/2/6
f 7995/2/6 7996/2/6 8007/2/6
f 8007/2/6 7996/2/6 8008/2/6
f 8009/7/6 8010/7/6 8021/7/6
f 8021/7/6 8010/7/6 8022/7/6
f 8011/2/6 8012/2/6 8023/2/6
f 8023/2/6 8012/2/6 8024/2/6
f 8013/2/6 8014/2/6 8025/2/6
f 8025/2/6 8014/2/6 8026/2/6
f 8015/2/6 8016/2/6 8027/2/6
f 8027/2/6 8016/2/6 8028/2/6
f 8017/2/6 8018/2/6 8029/2/6
f 8029/2/6 8018/2/6 8030/2/6
f 8019/2/6 8020/2/6 8031/2/6
f 8031/2/6 8020/2/6 8032/2/6
f 8033/7/6 8034/7/6 8039/7/6
f 8039/7/6 8034/7/6 8040/7/6
f 8035/2/6 8036/2/6 8041/2/6
f 8041/2/6 8036/2/6 8042/2/6
f 8037/2/6 8038/2/6 8043/2/6
f 8043/2/6 8038/2/6 8044/2/6
f 8045/7/6 8046/7/6 8065/7/6
f 8065/7/6 8046/7/6 8066/7/6
f 8047/3/6 8048/3/6 8067/3/6
f 8067/3/6 8048/3/6 8068/3/6
f 8049/2/6 8050/2/6 8069/2/6
f 8069/2/6 8050/2/6 8070/2/6
f 8051/2/6 8052/2/6 8071/2/6
f 8071/2/6 8052/2/6 8072/2/6
f 8053/2/6 8054/2/6 8073/2/6
f 8073/2/6 8054/2/6 8074/2/6
f 8055/2/6 8056/2/6 8075/2/6
f 8075/2/6 8056/2/6 8076/2/6
f 8057/2/6 8058/2/6 8077/2/6
f 8077/2/6 8058/2/6 8078/2/6
f 8059/2/6 8060/2/6 8079/2/6
f 8079/2/6 8060/2/6 8080/2/6
f 8061/2/6 8062/2/6 8081/2/6
f 8081/2/6 8062/2/6 8082/2/6
f 8063/2/6 8064/2/6 8083/2/6
f 8083/2/6 8064/2/6 8084/2/6
f 8085/3/6 8086/3/6 8097/3/6
f 8097/3/6 8086/3/6 8098/3/6
f 8087/4/6 8088/4/6 8099/4/6
f 8099/4/6 8088/4/6 8100/4/6
f 8089/2/6 8090/2/6 8101/2/6
f 8101/2/6 8090/2/6 8102/2/6
f 8091/2/6 8092/2/6 8103/2/6
f 8103/2/6 8092/2/6 8104/2/6
f 8093/2/6 8094/2/6 8105/2/6
f 8105/2/6 8094/2/6 8106/2/6
f 8095/2/6 8096/2/6 8107/2/6
f 8107/2/6 8096/2/6 8108/2/6
f 8109/4/6 8110/4/6 8133/4/6
f 8133/4/6 8110/4/6 8134/4/6
f 8111/2/6 8112/2/6 8135/2/6
f 8135/2/6 8112/2/6 8136/2/6
f 8113/2/6 8114/2/6 8137/2/6
f 8137/2/6 8114/2/6 8138/2/6
f 8115/2/6 8116/2/6 8139/2/6
f 8139/2/6 8116/2/6 8140/2/6
f 8117/2/6 8118/2/6 8141/2/6
f 8141/2/6 8118/2/6 8142/2/6
f 8119/2/6 8120/2/6 8143/2/6
f 8143/2/6 8120/2/6 8144/2/6
f 8121/2/6 8122/2/6 8145/2/6
f 8145/2/6 8122/2/6 8146/2/6
f 8123/2/6 8124/2/6 8147/2/6
f 8147/2/6 8124/2/6 8148/2/6
f 8125/2/6 8126/2/6 8149/2/6
f 8149/2/6 8126/2/6 8150/2/6
f 8127/2/6 8128/2/6 8151/2/6
f 8151/2/6 8128/2/6 8152/2/6
f 8129/2/6 8130/2/6 8153/2/6
f 8153/2/6 8130/2/6 8154/2/6
f 8131/2/6 8132/2/6 8155/2/6
f 8155/2/6 8132/2/6 8156/2/6
f 8157/5/6 8158/5/6 8159/5/6
f 8159/5/6 8158/5/6 8160/5/6
f 8161/3/6 8162/3/6 8185/3/6
f 8185/3/6 8162/3/6 8186/3/6
f 8163/4/6 8164/4/6 8187/4/6
f 8187/4/6 8164/4/6 8188/4/6
f 8165/5/6 8166/5/6 8189/5/6
f 8189/5/6 8166/5/6 8190/5/6
f 8167/5/6 8168/5/6 8191/5/6
f 8191/5/6 8168/5/6 8192/5/6
f 8169/5/6 8170/5/6 8193/5/6
f 8193/5/6 8170/5/6 8194/5/6
f 8171/5/6 8172/5/6 8195/5/6
f 8195/5/6 8172/5/6 8196/5/6
f 8173/5/6 8174/5/6 8197/5/6
f 8197/5/6 8174/5/6 8198/5/6
f 8175/5/6 8176/5/6 8199/5/6
f 8199/5/6 8176/5/6 8200/5/6
f 8177/5/6 8178/5/6 8201/5/6
f 8201/5/6 8178/5/6 8202/5/6
f 8179/5/6 8180/5/6 8203/5/6
f 8203/5/6 8180/5/6 8204/5/6
f 8181/2/6 8182/2/6 8205/2/6
f 8205/2/6 8182/2/6 8206/2/6
f 8183/2/6 8184/2/6 8207/2/6
f 8207/2/6 8184/2/6 8208/2/6
f 8209/3/6 8210/3/6 8213/3/6
f 8213/3/6 8210/3/6 8214/3/6
f 8211/5/6 8212/5/6 8215/5/6
f 8215/5/6 8212/5/6 8216/5/6
f 8217/7/6 8218/7/6 8233/7/6
f 8233/7/6 8218/7/6 8234/7/6
f 8219/3/6 8220/3/6 8235/3/6
f 8235/3/6 8220/3/6 8236/3/6
f 8221/2/6 8222/2/6 8237/2/6
f 8237/2/6 8222/2/6 8238/2/6
f 8223/5/6 8224/5/6 8239/5/6
f 8239/5/6 8224/5/6 8240/5/6
f 8225/5/6 8226/5/6 8241/5/6
f 8241/5/6 8226/5/6 8242/5/6
f 8227/2/6 8228/2/6 8243/2/6
f 8243/2/6 8228/2/6 8244/2/6
f 8229/5/6 8230/5/6 8245/5/6
f 8245/5/6 8230/5/6 8246/5/6
f 8231/5/6 8232/5/6 8247/5/6
f 8247/5/6 8232/5/6 8248/5/6
f 8249/3/6 8250/3/6 8255/3/6
f 8255/3/6 8250/3/6 8256/3/6
f 8251/4/6 8252/4/6 8257/4/6
f 8257/4/6 8252/4/6 8258/4/6
f 8253/5/6 8254/5/6 8259/5/6
f 8259/5/6 8254/5/6 8260/5/6
f 8261/3/6 8262/3/6 8283/3/6
f 8283/3/6 8262/3/6 8284/3/6
f 8263/5/6 8264/5/6 8285/5/6
f 8285/5/6 8264/5/6 8286/5/6
f 8265/5/6 8266/5/6 8287/5/6
f 8287/5/6 8266/5/6 8288/5/6
f 8267/5/6 8268/5/6 8289/5/6
f 8289/5/6 8268/5/6 8290/5/6
f 8269/5/6 8270/5/6 8291/5/6
f 8291/5/6 8270/5/6 8292/5/6
f 8271/5/6 8272/5/6 8293/5/6
f 8293/5/6 8272/5/6 8294/5/6
f 8273/5/6 8274/5/6 8295/5/6
f 8295/5/6 8274/5/6 8296/5/6
f 8275/5/6 8276/5/6 8297/5/6
f 8297/5/6 8276/5/6 8298/5/6
f 8277/5/6 8278/5/6 8299/5/6
f 8299/5/6 8278/5/6 8300/5/6
f 8279/5/6 8280/5/6 8301/5/6
f 8301/5/6 8280/5/6 8302/5/6
f 8281/5/6 8282/5/6 8303/5/6
f 8303/5/6 8282/5/6 8304/5/6
f 8305/4/6 8306/4/6 8311/4/6
f 8311/4/6 8306/4/6 8312/4/6
f 8307/5/6 8308/5/6 8313/5/6
f 8313/5/6 8308/5/6 8314/5/6
f 8309/5/6 8310/5/6 8315/5/6
f 8315/5/6 8310/5/6 8316/5/6
f 8317/7/6 8318/7/6 8333/7/6
f 8333/7/6 8318/7/6 8334/7/6
f 8319/5/6 8320/5/6 8335/5/6
f 8335/5/6 8320/5/6 8336/5/6
f 8321/5/6 8322/5/6 8337/5/6
f 8337/5/6 8322/5/6 8338/5/6
f 8323/5/6 8324/5/6 8339/5/6
f 8339/5/6 8324/5/6 8340/5/6
f 8325/5/6 8326/5/6 8341/5/6
f 8341/5/6 8326/5/6 8342/5/6
f 8327/5/6 8328/5/6 8343/5/6
f 8343/5/6 8328/5/6 8344/5/6
f 8329/5/6 8330/5/6 8345/5/6
f 8345/5/6 8330/5/6 8346/5/6
f 8331/5/6 8332/5/6 8347/5/6
f 8347/5/6 8332/5/6 8348/5/6
f 8349/5/6 8350/5/6 8355/5/6
f 8355/5/6 8350/5/6 8356/5/6
f 8351/5/6 8352/5/6 8357/5/6
f 8357/5/6 8352/5/6 8358/5/6
f 8353/5/6 8354/5/6 8359/5/6
f 8359/5/6 8354/5/6 8360/5/6
f 8361/5/6 8362/5/6 8363/5/6
f 8363/5/6 8362/5/6 8364/5/6
f 8365/7/6 8366/7/6 8395/7/6
f 8395/7/6 8366/7/6 8396/7/6
f 8367/3/6 8368/3/6 8397/3/6
f 8397/3/6 8368/3/6 8398/3/6
f 8369/4/6 8370/4/6 8399/4/6
f 8399/4/6 8370/4/6 8400/4/6
f 8371/5/6 8372/5/6 8401/5/6
f 8401/5/6 8372/5/6 8402/5/6
f 8373/5/6 8374/5/6 8403/5/6
f 8403/5/6 8374/5/6 8404/5/6
f 8375/5/6 8376/5/6 8405/5/6
f 8405/5/6 8376/5/6 8406/5/6
f 8377/5/6 8378/5/6 8407/5/6
f 8407/5/6 8378/5/6 8408/5/6
f 8379/5/6 8380/5/6 8409/5/6
f 8409/5/6 8380/5/6 8410/5/6
f 8381/5/6 8382/5/6 8411/5/6
f 8411/5/6 8382/5/6 8412/5/6
f 8383/5/6 8384/5/6 8413/5/6
f 8413/5/6 8384/5/6 8414/5/6
f 8385/5/6 8386/5/6 8415/5/6
f 8415/5/6 8386/5/6 8416/5/6
f 8387/5/6 8388/5/6 8417/5/6
f 8417/5/6 8388/5/6 8418/5/6
f 8389/5/6 8390/5/6 8419/5/6
f 8419/5/6 8390/5/6 8420/5/6
f 8391/5/6 8392/5/6 8421/5/6
f 8421/5/6 8392/5/6 8422/5/6
f 8393/5/6 8394/5/6 8423/5/6
f 8423/5/6 8394/5/6 8424/5/6
f 8425/4/6 8426/4/6 8435/4/6
f 8435/4/6 8426/4/6 8436/4/6
f 8427/5/6 8428/5/6 8437/5/6
f 8437/5/6 8428/5/6 8438/5/6
f 8429/5/6 8430/5/6 8439/5/6
f 8439/5/6 8430/5/6 8440/5/6
f 8431/5/6 8432/5/6 8441/5/6
f 8441/5/6 8432/5/6 8442/5/6
f 8433/5/6 8434/5/6 8443/5/6
f 8443/5/6 8434/5/6 8444/5/6
f 8445/3/6 8446/3/6 8453/3/6
f 8453/3/6 8446/3/6 8454/3/6
f 8447/5/6 8448/5/6 8455/5/6
f 8455/5/6 8448/5/6 8456/5/6
f 8449/5/6 8450/5/6 8457/5/6
f 8457/5/6 8450/5/6 8458/5/6
f 8451/5/6 8452/5/6 8459/5/6
f 8459/5/6 8452/5/6 8460/5/6
f 8461/7/6 8462/7/6 8473/7/6
f 8473/7/6 8462/7/6 8474/7/6
f 8463/4/6 8464/4/6 8475/4/6
f 8475/4/6 8464/4/6 8476/4/6
f 8465/5/6 8466/5/6 8477/5/6
f 8477/5/6 8466/5/6 8478/5/6
f 8467/5/6 8468/5/6 8479/5/6
f 8479/5/6 8468/5/6 8480/5/6
f 8469/5/6 8470/5/6 8481/5/6
f 8481/5/6 8470/5/6 8482/5/6
f 8471/5/6 8472/5/6 8483/5/6
f 8483/5/6 8472/5/6 8484/5/6
f 8485/3/6 8486/3/6 8501/3/6
f 8501/3/6 8486/3/6 8502/3/6
f 8487/5/6 8488/5/6 8503/5/6
f 8503/5/6 8488/5/6 8504/5/6
f 8489/5/6 8490/5/6 8505/5/6
f 8505/5/6 8490/5/6 8506/5/6
f 8491/5/6 8492/5/6 8507/5/6
f 8507/5/6 8492/5/6 8508/5/6
f 8493/5/6 8494/5/6 8509/5/6
f 8509/5/6 8494/5/6 8510/5/6
f 8495/5/6 8496/5/6 8511/5/6
f 8511/5/6 8496/5/6 8512/5/6
f 8497/5/6 8498/5/6 8513/5/6
f 8513/5/6 8498/5/6 8514/5/6
f 8499/5/6 8500/5/6 8515/5/6
f 8515/5/6 8500/5/6 8516/5/6
f 8517/4/6 8518/4/6 8539/4/6
f 8539/4/6 8518/4/6 8540/4/6
f 8519/5/6 8520/5/6 8541/5/6
f 8541/5/6 8520/5/6 8542/5/6
f 8521/5/6 8522/5/6 8543/5/6
f 8543/5/6 8522/5/6 8544/5/6
f 8523/5/6 8524/5/6 8545/5/6
f 8545/5/6 8524/5/6 8546/5/6
f 8525/5/6 8526/5/6 8547/5/6
f 8547/5/6 8526/5/6 8548/5/6
f 8527/5/6 8528/5/6 8549/5/6
f 8549/5/6 8528/5/6 8550/5/6
f 8529/5/6 8530/5/6 8551/5/6
f 8551/5/6 8530/5/6 8552/5/6
f 8531/5/6 8532/5/6 8553/5/6
f 8553/5/6 8532/5/6 8554/5/6
f 8533/5/6 8534/5/6 8555/5/6
f 8555/5/6 8534/5/6 8556/5/6
f 8535/5/6 8536/5/6 8557/5/6
f 8557/5/6 8536/5/6 8558/5/6
f 8537/5/6 8538/5/6 8559/5/6
f 8559/5/6 8538/5/6 8560/5/6
f 8561/5/6 8562/5/6 8575/5/6
f 8575/5/6 8562/5/6 8576/5/6
f 8563/5/6 8564/5/6 8577/5/6
f 8577/5/6 8564/5/6 8578/5/6
f 8565/5/6 8566/5/6 8579/5/6
f 8579/5/6 8566/5/6 8580/5/6
f 8567/5/6 8568/5/6 8581/5/6
f 8581/5/6 8568/5/6 8582/5/6
f 8569/5/6 8570/5/6 8583/5/6
f 8583/5/6 8570/5/6 8584/5/6
f 8571/5/6 8572/5/6 8585/5/6
f 8585/5/6 8572/5/6 8586/5/6
f 8573/5/6 8574/5/6 8587/5/6
f 8587/5/6 8574/5/6 8588/5/6
f 8589/7/6 8590/7/6 8599/7/6
f 8599/7/6 8590/7/6 8600/7/6
f 8591/3/6 8592/3/6 8601/3/6
f 8601/3/6 8592/3/6 8602/3/6
f 8593/4/6 8594/4/6 8603/4/6
f 8603/4/6 8594/4/6 8604/4/6
f 8595/5/6 8596/5/6 8605/5/6
f 8605/5/6 8596/5/6 8606/5/6
f 8597/5/6 8598/5/6 8607/5/6
f 8607/5/6 8598/5/6 8608/5/6
f 8609/5/6 8610/5/6 8629/5/6
f 8629/5/6 8610/5/6 8630/5/6
f 8611/5/6 8612/5/6 8631/5/6
f 8631/5/6 8612/5/6 8632/5/6
f 8613/5/6 8614/5/6 8633/5/6
f 8633/5/6 8614/5/6 8634/5/6
f 8615/5/6 8616/5/6 8635/5/6
f 8635/5/6 8616/5/6 8636/5/6
f 8617/5/6 8618/5/6 8637/5/6
f 8637/5/6 8618/5/6 8638/5/6
f 8619/5/6 8620/5/6 8639/5/6
f 8639/5/6 8620/5/6 8640/5/6
f 8621/5/6 8622/5/6 8641/5/6
f 8641/5/6 8622/5/6 8642/5/6
f 8623/5/6 8624/5/6 8643/5/6
f 8643/5/6 8624/5/6 8644/5/6
f 8625/5/6 8626/5/6 8645/5/6
f 8645/5/6 8626/5/6 8646/5/6
f 8627/5/6 8628/5/6 8647/5/6
f 8647/5/6 8628/5/6 8648/5/6
f 8649/5/6 8650/5/6 8651/5/6
f 8651/5/6 8650/5/6 8652/5/6
f 8653/5/6 8654/5/6 8665/5/6
f 8665/5/6 8654/5/6 8666/5/6
f 8655/5/6 8656/5/6 8667/5/6
f 8667/5/6 8656/5/6 8668/5/6
f 8657/5/6 8658/5/6 8669/5/6
f 8669/5/6 8658/5/6 8670/5/6
f 8659/5/6 8660/5/6 8671/5/6
f 8671/5/6 8660/5/6 8672/5/6
f 8661/5/6 8662/5/6 8673/5/6
f 8673/5/6 8662/5/6 8674/5/6
f 8663/5/6 8664/5/6 8675/5/6
f 8675/5/6 8664/5/6 8676/5/6
f 8677/5/6 8678/5/6 8683/5/6
f 8683/5/6 8678/5/6 8684/5/6
f 8679/5/6 8680/5/6 8685/5/6
f 8685/5/6 8680/5/6 8686/5/6
f 8681/5/6 8682/5/6 8687/5/6
f 8687/5/6 8682/5/6 8688/5/6
f 8689/5/6 8690/5/6 8697/5/6
f 8697/5/6 8690/5/6 8698/5/6
f 8691/5/6 8692/5/6 8699/5/6
f 8699/5/6 8692/5/6 8700/5/6
f 8693/5/6 8694/5/6 8701/5/6
f 8701/5/6 8694/5/6 8702/5/6
f 8695/5/6 8696/5/6 8703/5/6
f 8703/5/6 8696/5/6 8704/5/6
f 8705/7/6 8706/7/6 8731/7/6
f 8731/7/6 8706/7/6 8732/7/6
f 8707/3/6 8708/3/6 8733/3/6
f 8733/3/6 8708/3/6 8734/3/6
f 8709/4/6 8710/4/6 8735/4/6
f 8735/4/6 8710/4/6 8736/4/6
f 8711/5/6 8712/5/6 8737/5/6
f 8737/5/6 8712/5/6 8738/5/6
f 8713/5/6 8714/5/6 8739/5/6
f 8739/5/6 8714/5/6 8740/5/6
f 8715/5/6 8716/5/6 8741/5/6
f 8741/5/6 8716/5/6 8742/5/6
f 8717/5/6 8718/5/6 8743/5/6
f 8743/5/6 8718/5/6 8744/5/6
f 8719/5/6 8720/5/6 8745/5/6
f 8745/5/6 8720/5/6 8746/5/6
f 8721/5/6 8722/5/6 8747/5/6
f 8747/5/6 8722/5/6 8748/5/6
f 8723/5/6 8724/5/6 8749/5/6
f 8749/5/6 8724/5/6 8750/5/6
f 8725/5/6 8726/5/6 8751/5/6
f 8751/5/6 8726/5/6 8752/5/6
f 8727/5/6 8728/5/6 8753/5/6
f 8753/5/6 8728/5/6 8754/5/6
f 8729/5/6 8730/5/6 8755/5/6
f 8755/5/6 8730/5/6 8756/5/6
f 8757/5/6 8758/5/6 8769/5/6
f 8769/5/6 8758/5/6 8770/5/6
f 8759/5/6 8760/5/6 8771/5/6
f 8771/5/6 8760/5/6 8772/5/6
f 8761/5/6 8762/5/6 8773/5/6
f 8773/5/6 8762/5/6 8774/5/6
f 8763/5/6 8764/5/6 8775/5/6
f 8775/5/6 8764/5/6 8776/5/6
f 8765/5/6 8766/5/6 8777/5/6
f 8777/5/6 8766/5/6 8778/5/6
f 8767/5/6 8768/5/6 8779/5/6
f 8779/5/6 8768/5/6 8780/5/6
f 8781/7/6 8782/7/6 8807/7/6
f 8807/7/6 8782/7/6 8808/7/6
f 8783/3/6 8784/3/6 8809/3/6
f 8809/3/6 8784/3/6 8810/3/6
f 8785/4/6 8786/4/6 8811/4/6
f 8811/4/6 8786/4/6 8812/4/6
f 8787/5/6 8788/5/6 8813/5/6
f 8813/5/6 8788/5/6 8814/5/6
f 8789/5/6 8790/5/6 8815/5/6
f 8815/5/6 8790/5/6 8816/5/6
f 8791/5/6 8792/5/6 8817/5/6
f 8817/5/6 8792/5/6 8818/5/6
f 8793/5/6 8794/5/6 8819/5/6
f 8819/5/6 8794/5/6 8820/5/6
f 8795/5/6 8796/5/6 8821/5/6
f 8821/5/6 8796/5/6 8822/5/6
f 8797/5/6 8798/5/6 8823/5/6
f 8823/5/6 8798/5/6 8824/5/6
f 8799/5/6 8800/5/6 8825/5/6
f 8825/5/6 8800/5/6 8826/5/6
f 8801/5/6 8802/5/6 8827/5/6
f 8827/5/6 8802/5/6 8828/5/6
f 8803/5/6 8804/5/6 8829/5/6
f 8829/5/6 8804/5/6 8830/5/6
f 8805/5/6 8806/5/6 8831/5/6
f 8831/5/6 8806/5/6 8832/5/6
f 8833/5/6 8834/5/6 8847/5/6
f 8847/5/6 8834/5/6 8848/5/6
f 8835/5/6 8836/5/6 8849/5/6
f 8849/5/6 8836/5/6 8850/5/6
f 8837/5/6 8838/5/6 8851/5/6
f 8851/5/6 8838/5/6 8852/5/6
f 8839/5/6 8840/5/6 8853/5/6
f 8853/5/6 8840/5/6 8854/5/6
f 8841/5/6 8842/5/6 8855/5/6
f 8855/5/6 8842/5/6 8856/5/6
f 8843/5/6 8844/5/6 8857/5/6
f 8857/5/6 8844/5/6 8858/5/6
f 8845/5/6 8846/5/6 8859/5/6
f 8859/5/6 8846/5/6 8860/5/6
f 8861/1/6 8862/1/6 8875/1/6
f 8875/1/6 8862/1/6 8876/1/6
f 8863/1/6 8864/1/6 8877/1/6
f 8877/1/6 8864/1/6 8878/1/6
f 8865/1/6 8866/1/6 8879/1/6
f 8879/1/6 8866/1/6 8880/1/6
f 8867/1/6 8868/1/6 8881/1/6
f 8881/1/6 8868/1/6 8882/1/6
f 8869/1/6 8870/1/6 8883/1/6
f 8883/1/6 8870/1/6 8884/1/6
f 8871/1/6 8872/1/6 8885/1/6
f 8885/1/6 8872/1/6 8886/1/6
f 8873/1/6 8874/1/6 8887/1/6
f 8887/1/6 8874/1/6 8888/1/6
f 8889/1/6 8890/1/6 8905/1/6
f 8905/1/6 8890/1/6 8906/1/6
f 8891/1/6 8892/1/6 8907/1/6
f 8907/1/6 8892/1/6 8908/1/6
f 8893/4/6 8894/4/6 8909/4/6
f 8909/4/6 8894/4/6 8910/4/6
f 8895/4/6 8896/4/6 8911/4/6
f 8911/4/6 8896/4/6 8912/4/6
f 8897/1/6 8898/1/6 8913/1/6
f 8913/1/6 8898/1/6 8914/1/6
f 8899/1/6 8900/1/6 8915/1/6
f 8915/1/6 8900/1/6 8916/1/6
f 8901/1/6 8902/1/6 8917/1/6
f 8917/1/6 8902/1/6 8918/1/6
f 8903/1/6 8904/1/6 8919/1/6
f 8919/1/6 8904/1/6 8920/1/6
f 8921/1/6 8922/1/6 8931/1/6
f 8931/1/6 8922/1/6 8932/1/6
f 8923/1/6 8924/1/6 8933/1/6
f 8933/1/6 8924/1/6 8934/1/6
f 8925/1/6 8926/1/6 8935/1/6
f 8935/1/6 8926/1/6 8936/1/6
f 8927/1/6 8928/1/6 8937/1/6
f 8937/1/6 8928/1/6 8938/1/6
f 8929/1/6 8930/1/6 8939/1/6
f 8939/1/6 8930/1/6 8940/1/6
f 8941/5/6 8942/5/6 8965/5/6
f 8965/5/6 8942/5/6 8966/5/6
f 8943/5/6 8944/5/6 8967/5/6
f 8967/5/6 8944/5/6 8968/5/6
f 8945/5/6 8946/5/6 8969/5/6
f 8969/5/6 8946/5/6 8970/5/6
f 8947/5/6 8948/5/6 8971/5/6
f 8971/5/6 8948/5/6 8972/5/6
f 8949/5/6 8950/5/6 8973/5/6
f 8973/5/6 8950/5/6 8974/5/6
f 8951/5/6 8952/5/6 8975/5/6
f 8975/5/6 8952/5/6 8976/5/6
f 8953/5/6 8954/5/6 8977/5/6
f 8977/5/6 8954/5/6 8978/5/6
f 8955/5/6 8956/5/6 8979/5/6
f 8979/5/6 8956/5/6 8980/5/6
f 8957/3/6 8958/3/6 8981/3/6
f 8981/3/6 8958/3/6 8982/3/6
f 8959/3/6 8960/3/6 8983/3/6
f 8983/3/6 8960/3/6 8984/3/6
f 8961/1/6 8962/1/6 8985/1/6
f 8985/1/6 8962/1/6 8986/1/6
f 8963/1/6 8964/1/6 8987/1/6
f 8987/1/6 8964/1/6 8988/1/6
f 8989/5/6 8990/5/6 9011/5/6
f 9011/5/6 8990/5/6 9012/5/6
f 8991/5/6 8992/5/6 9013/5/6
f 9013/5/6 8992/5/6 9014/5/6
f 8993/5/6 8994/5/6 9015/5/6
f 9015/5/6 8994/5/6 9016/5/6
f 8995/5/6 8996/5/6 9017/5/6
f 9017/5/6 8996/5/6 9018/5/6
f 8997/1/6 8998/1/6 9019/1/6
f 9019/1/6 8998/1/6 9020/1/6
f 8999/1/6 9000/1/6 9021/1/6
f 9021/1/6 9000/1/6 9022/1/6
f 9001/1/6 9002/1/6 9023/1/6
f 9023/1/6 9002/1/6 9024/1/6
f 9003/1/6 9004/1/6 9025/1/6
f 9025/1/6 9004/1/6 9026/1/6
f 9005/1/6 9006/1/6 9027/1/6
f 9027/1/6 9006/1/6 9028/1/6
f 9007/1/6 9008/1/6 9029/1/6
f 9029/1/6 9008/1/6 9030/1/6
f 9009/1/6 9010/1/6 9031/1/6
f 9031/1/6 9010/1/6 9032/1/6
f 9033/7/6 9034/7/6 9079/7/6
f 9079/7/6 9034/7/6 9080/7/6
f 9035/3/6 9036/3/6 9081/3/6
f 9081/3/6 9036/3/6 9082/3/6
f 9037/6/6 9038/6/6 9083/6/6
f 9083/6/6 9038/6/6 9084/6/6
f 9039/5/6 9040/5/6 9085/5/6
f 9085/5/6 9040/5/6 9086/5/6
f 9041/5/6 9042/5/6 9087/5/6
f 9087/5/6 9042/5/6 9088/5/6
f 9043/5/6 9044/5/6 9089/5/6
f 9089/5/6 9044/5/6 9090/5/6
f 9045/5/6 9046/5/6 9091/5/6
f 9091/5/6 9046/5/6 9092/5/6
f 9047/5/6 9048/5/6 9093/5/6
f 9093/5/6 9048/5/6 9094/5/6
f 9049/5/6 9050/5/6 9095/5/6
f 9095/5/6 9050/5/6 9096/5/6
f 9051/5/6 9052/5/6 9097/5/6
f 9097/5/6 9052/5/6 9098/5/6
f 9053/5/6 9054/5/6 9099/5/6
f 9099/5/6 9054/5/6 9100/5/6
f 9055/5/6 9056/5/6 9101/5/6
f 9101/5/6 9056/5/6 9102/5/6
f 9057/5/6 9058/5/6 9103/5/6
f 9103/5/6 9058/5/6 9104/5/6
f 9059/1/6 9060/1/6 9105/1/6
f 9105/1/6 9060/1/6 9106/1/6
f 9061/1/6 9062/1/6 9107/1/6
f 9107/1/6 9062/1/6 9108/1/6
f 9063/7/6 9064/7/6 9109/7/6
f 9109/7/6 9064/7/6 9110/7/6
f 9065/7/6 9066/7/6 9111/7/6
f 9111/7/6 9066/7/6 9112/7/6
f 9067/1/6 9068/1/6 9113/1/6
f 9113/1/6 9068/1/6 9114/1/6
f 9069/1/6 9070/1/6 9115/1/6
f 9115/1/6 9070/1/6 9116/1/6
f 9071/1/6 9072/1/6 9117/1/6
f 9117/1/6 9072/1/6 9118/1/6
f 9073/1/6 9074/1/6 9119/1/6
f 9119/1/6 9074/1/6 9120/1/6
f 9075/1/6 9076/1/6 9121/1/6
f 9121/1/6 9076/1/6 9122/1/6
f 9077/1/6 9078/1/6 9123/1/6
f 9123/1/6 9078/1/6 9124/1/6
f 9125/1/6 9126/1/6 9147/1/6
f 9147/1/6 9126/1/6 9148/1/6
f 9127/7/6 9128/7/6 9149/7/6
f 9149/7/6 9128/7/6 9150/7/6
f 9129/1/6 9130/1/6 9151/1/6
f 9151/1/6 9130/1/6 9152/1/6
f 9131/1/6 9132/1/6 9153/1/6
f 9153/1/6 9132/1/6 9154/1/6
f 9133/1/6 9134/1/6 9155/1/6
f 9155/1/6 9134/1/6 9156/1/6
f 9135/1/6 9136/1/6 9157/1/6
f 9157/1/6 9136/1/6 9158/1/6
f 9137/1/6 9138/1/6 9159/1/6
f 9159/1/6 9138/1/6 9160/1/6
f 9139/1/6 9140/1/6 9161/1/6
f 9161/1/6 9140/1/6 9162/1/6
f 9141/1/6 9142/1/6 9163/1/6
f 9163/1/6 9142/1/6 9164/1/6
f 9143/1/6 9144/1/6 9165/1/6
f 9165/1/6 9144/1/6 9166/1/6
f 9145/1/6 9146/1/6 9167/1/6
f 9167/1/6 9146/1/6 9168/1/6
