# MagicaVoxel @ Ephtracy

# group
o gacha

# material
mtllib bedroom-desk-view-television-7-gacha.mtl
usemtl palette

# normals
vn -1 0 0
vn 1 0 0
vn 0 0 1
vn 0 0 -1
vn 0 -1 0
vn 0 1 0

# texcoords
vt 0.857422 0.5
vt 0.861328 0.5
vt 0.888672 0.5
vt 0.908203 0.5
vt 0.947266 0.5
vt 0.958984 0.5
vt 0.970703 0.5
vt 0.974609 0.5
vt 0.978516 0.5
vt 0.982422 0.5
vt 0.990234 0.5
vt 0.994141 0.5

# verts
v -0.9 0 11
v -0.9 0 4.8
v -0.9 0.1 11
v -0.9 0.1 10.2
v -0.9 0.4 10.2
v -0.9 0.4 10
v -0.9 0.6 10
v -0.9 0.6 9.8
v -0.9 0.8 9.8
v -0.9 0.8 9.6
v -0.9 1 9.6
v -0.9 1 9.4
v -0.9 1.2 9.4
v -0.9 1.2 9.2
v -0.9 1.5 9.2
v -0.9 1.5 9.1
v -0.9 1.6 9.1
v -0.9 1.6 6
v -0.9 1.8 6
v -0.9 1.8 5.8
v -0.9 2 5.8
v -0.9 2 5.6
v -0.9 2.2 5.6
v -0.9 2.2 5.4
v -0.9 2.4 5.4
v -0.9 2.4 4.8
v -0.8 0 4.8
v -0.8 0 4.7
v -0.8 0.1 11
v -0.8 0.1 10.2
v -0.8 0.2 11
v -0.8 0.2 10.3
v -0.8 0.4 10.3
v -0.8 0.4 10.2
v -0.8 0.4 10.1
v -0.8 0.4 10
v -0.8 0.6 10.1
v -0.8 0.6 10
v -0.8 0.6 9.9
v -0.8 0.6 9.8
v -0.8 0.8 9.9
v -0.8 0.8 9.8
v -0.8 0.8 9.7
v -0.8 0.8 9.6
v -0.8 1 9.7
v -0.8 1 9.6
v -0.8 1 9.4
v -0.8 1.2 9.6
v -0.8 1.2 9.4
v -0.8 1.2 9.3
v -0.8 1.2 9.2
v -0.8 1.4 9.3
v -0.8 1.4 9.2
v -0.8 1.6 8.9
v -0.8 1.6 6
v -0.8 1.7 8.9
v -0.8 1.7 6
v -0.8 1.8 6
v -0.8 1.8 5.8
v -0.8 1.9 6
v -0.8 1.9 5.8
v -0.8 2 5.8
v -0.8 2 5.6
v -0.8 2.1 5.8
v -0.8 2.1 5.6
v -0.8 2.2 5.6
v -0.8 2.2 5.4
v -0.8 2.3 5.6
v -0.8 2.3 5.4
v -0.8 2.4 5.4
v -0.8 2.4 4.8
v -0.8 2.5 5.4
v -0.8 2.5 4.7
v -0.7 0 11.2
v -0.7 0 11
v -0.7 0 4.7
v -0.7 0 4.6
v -0.7 0.1 11.2
v -0.7 0.1 11.1
v -0.7 0.2 11.1
v -0.7 0.2 11
v -0.7 0.2 10.6
v -0.7 0.2 10.3
v -0.7 0.4 10.6
v -0.7 0.4 10.4
v -0.7 0.4 10.3
v -0.7 0.4 10.1
v -0.7 0.6 10.4
v -0.7 0.6 10.2
v -0.7 0.6 10.1
v -0.7 0.6 9.9
v -0.7 0.8 10.2
v -0.7 0.8 10
v -0.7 0.8 9.9
v -0.7 0.8 9.7
v -0.7 1 10
v -0.7 1 9.8
v -0.7 1 9.7
v -0.7 1 9.6
v -0.7 1.2 9.8
v -0.7 1.2 9.6
v -0.7 1.2 9.4
v -0.7 1.2 9.3
v -0.7 1.4 9.4
v -0.7 1.4 9.3
v -0.7 1.6 9
v -0.7 1.6 8.9
v -0.7 1.7 9
v -0.7 1.7 8.9
v -0.7 1.7 6
v -0.7 1.8 8.9
v -0.7 1.8 6
v -0.7 1.9 6
v -0.7 1.9 5.8
v -0.7 2 6
v -0.7 2 5.8
v -0.7 2.1 5.8
v -0.7 2.1 5.6
v -0.7 2.2 5.8
v -0.7 2.2 5.6
v -0.7 2.3 5.6
v -0.7 2.3 5.4
v -0.7 2.4 5.6
v -0.7 2.4 5.4
v -0.7 2.5 5.4
v -0.7 2.5 4.7
v -0.7 2.6 5.4
v -0.7 2.6 4.6
v -0.6 0.2 10.7
v -0.6 0.2 10.6
v -0.6 0.4 10.7
v -0.6 0.4 10.6
v -0.6 0.4 10.5
v -0.6 0.4 10.4
v -0.6 0.6 10.5
v -0.6 0.6 10.4
v -0.6 0.6 10.3
v -0.6 0.6 10.2
v -0.6 0.8 10.3
v -0.6 0.8 10.2
v -0.6 0.8 10.1
v -0.6 0.8 10
v -0.6 1 10.1
v -0.6 1 10
v -0.6 1 9.9
v -0.6 1 9.8
v -0.6 1.2 9.9
v -0.6 1.2 9.8
v -0.6 1.2 9.7
v -0.6 1.2 9.6
v -0.6 1.4 9.7
v -0.6 1.4 9.6
v -0.6 1.4 9.3
v -0.6 1.4 9.2
v -0.6 1.5 9.3
v -0.6 1.5 9.2
v -0.6 1.5 9.1
v -0.6 1.6 9.2
v -0.6 1.6 9.1
v -0.6 1.7 9
v -0.6 1.7 8.9
v -0.6 1.8 9
v -0.6 1.8 8.9
v -0.6 1.8 6
v -0.6 1.9 8.9
v -0.6 1.9 6
v -0.5 0.2 10.8
v -0.5 0.2 10.7
v -0.5 0.4 10.8
v -0.5 0.4 10.7
v -0.5 0.4 10.6
v -0.5 0.4 10.5
v -0.5 0.6 10.6
v -0.5 0.6 10.5
v -0.5 0.6 10.4
v -0.5 0.6 10.3
v -0.5 0.8 10.4
v -0.5 0.8 10.3
v -0.5 0.8 10.2
v -0.5 0.8 10.1
v -0.5 1 10.2
v -0.5 1 10.1
v -0.5 1 10
v -0.5 1 9.9
v -0.5 1.2 10
v -0.5 1.2 9.9
v -0.5 1.2 9.8
v -0.5 1.2 9.7
v -0.5 1.2 9.6
v -0.5 1.2 9.4
v -0.5 1.4 9.8
v -0.5 1.4 9.7
v -0.5 1.4 9.6
v -0.5 1.4 9.4
v -0.5 1.4 9.3
v -0.5 1.5 9.4
v -0.5 1.5 9.3
v -0.5 1.5 9.2
v -0.5 1.6 9.3
v -0.5 1.6 9.2
v -0.5 1.8 9
v -0.5 1.8 8.9
v -0.5 1.9 8.9
v -0.5 1.9 6.2
v -0.5 1.9 6
v -0.5 2 6
v -0.5 6.8 9
v -0.5 6.8 8.9
v -0.5 6.8 8.4
v -0.5 6.9 8.9
v -0.5 6.9 8.4
v -0.5 7 8.4
v -0.5 7 8.3
v -0.5 7 8.2
v -0.5 7 8
v -0.5 7.1 8.3
v -0.5 7.1 8.2
v -0.5 7.1 8
v -0.5 7.2 8
v -0.5 7.2 7.9
v -0.5 7.2 7.6
v -0.5 7.3 7.9
v -0.5 7.3 7.6
v -0.5 7.4 7.6
v -0.5 7.4 7.5
v -0.5 7.4 7.2
v -0.5 7.5 7.5
v -0.5 7.5 7.2
v -0.5 7.6 7.2
v -0.5 7.6 7.1
v -0.5 7.6 6.8
v -0.5 7.7 7.1
v -0.5 7.7 6.8
v -0.5 7.8 6.8
v -0.5 7.8 6.7
v -0.5 7.8 6.6
v -0.5 7.9 6.7
v -0.5 7.9 6.6
v -0.5 8 6.6
v -0.5 8 6.5
v -0.5 8 6.4
v -0.5 10.4 6.8
v -0.5 10.4 6.6
v -0.5 10.4 6.5
v -0.5 10.4 6.4
v -0.5 10.8 7
v -0.5 10.8 6.8
v -0.5 10.8 6.6
v -0.5 11 7.2
v -0.5 11 7
v -0.5 11 6.8
v -0.5 11.2 9
v -0.5 11.2 8.2
v -0.5 11.2 7.4
v -0.5 11.2 7.2
v -0.5 11.2 7
v -0.5 11.4 9
v -0.5 11.4 8.2
v -0.5 11.4 7.4
v -0.5 11.8 9
v -0.5 11.8 6.2
v -0.5 11.8 6
v -0.4 1.6 9.1
v -0.4 1.6 9
v -0.4 1.8 9.1
v -0.4 1.8 9
v -0.4 2 6
v -0.4 2 5.8
v -0.4 2.1 6
v -0.4 2.1 5.9
v -0.4 2.1 5.8
v -0.4 2.2 5.8
v -0.4 2.2 5.6
v -0.4 2.3 5.8
v -0.4 2.3 5.6
v -0.4 2.4 5.6
v -0.4 2.4 5.4
v -0.4 2.5 5.6
v -0.4 2.5 5.4
v -0.4 2.6 5.4
v -0.4 2.6 5.1
v -0.4 2.7 5.4
v -0.4 2.7 5.1
v -0.4 6.8 9.1
v -0.4 6.8 9
v -0.4 6.8 8.9
v -0.4 6.9 9
v -0.4 6.9 8.9
v -0.4 6.9 8.4
v -0.4 7 8.9
v -0.4 7 8.6
v -0.4 7 8.4
v -0.4 7 8.3
v -0.4 7.1 8.6
v -0.4 7.1 8.4
v -0.4 7.1 8.3
v -0.4 7.1 8.2
v -0.4 7.1 8
v -0.4 7.2 8.4
v -0.4 7.2 8.2
v -0.4 7.2 8
v -0.4 7.2 7.9
v -0.4 7.3 7.9
v -0.4 7.3 7.6
v -0.4 7.4 8
v -0.4 7.4 7.6
v -0.4 7.4 7.5
v -0.4 7.5 7.5
v -0.4 7.5 7.2
v -0.4 7.6 7.6
v -0.4 7.6 7.2
v -0.4 7.6 7.1
v -0.4 7.7 7.1
v -0.4 7.7 6.8
v -0.4 7.8 7.2
v -0.4 7.8 6.8
v -0.4 7.8 6.7
v -0.4 7.9 6.7
v -0.4 7.9 6.6
v -0.4 8 6.8
v -0.4 8 6.6
v -0.4 8 6.5
v -0.4 10.4 6.6
v -0.4 10.4 6.5
v -0.4 11.4 9.1
v -0.4 11.4 9
v -0.4 11.6 6
v -0.4 11.6 5.9
v -0.4 11.8 9
v -0.4 11.8 6.2
v -0.4 11.8 6
v -0.4 11.9 9.1
v -0.4 11.9 6.2
v -0.4 11.9 6
v -0.3 1.6 9.2
v -0.3 1.6 9.1
v -0.3 1.8 9.1
v -0.3 2.1 5.9
v -0.3 2.1 5.8
v -0.3 2.3 5.8
v -0.3 2.3 5.6
v -0.3 2.5 5.6
v -0.3 2.5 5.4
v -0.3 2.7 5.4
v -0.3 2.7 5.2
v -0.3 6.8 9.2
v -0.3 6.8 9.1
v -0.3 6.8 9
v -0.3 6.9 9.1
v -0.3 6.9 9
v -0.3 7 8.7
v -0.3 7 8.6
v -0.3 7.1 8.7
v -0.3 7.1 8.6
v -0.3 7.1 8.4
v -0.3 7.2 9
v -0.3 7.2 8.6
v -0.3 7.2 8.4
v -0.3 7.2 8.2
v -0.3 7.2 8
v -0.3 7.4 9.2
v -0.3 7.4 9
v -0.3 7.4 8
v -0.3 7.4 7.6
v -0.3 7.6 9.4
v -0.3 7.6 9.2
v -0.3 7.6 7.6
v -0.3 7.6 7.2
v -0.3 7.8 9.6
v -0.3 7.8 9.4
v -0.3 7.8 7.2
v -0.3 7.8 6.8
v -0.3 8 9.8
v -0.3 8 9.6
v -0.3 8 6.8
v -0.3 8 6.6
v -0.3 8.6 10
v -0.3 8.6 9.8
v -0.3 9.8 10
v -0.3 9.8 9.8
v -0.3 10.4 9.8
v -0.3 10.4 9.6
v -0.3 10.4 6.8
v -0.3 10.4 6.6
v -0.3 10.6 9.6
v -0.3 10.6 9.4
v -0.3 10.8 9.4
v -0.3 10.8 9.2
v -0.3 10.8 7
v -0.3 10.8 6.8
v -0.3 11 9.2
v -0.3 11 9
v -0.3 11 7.2
v -0.3 11 7
v -0.3 11.2 9.2
v -0.3 11.2 9
v -0.3 11.2 8.2
v -0.3 11.2 7.4
v -0.3 11.2 7.2
v -0.3 11.4 9.2
v -0.3 11.4 9.1
v -0.3 11.4 9
v -0.3 11.6 5.9
v -0.3 11.6 5.2
v -0.3 11.8 9.2
v -0.3 11.8 9.1
v -0.3 11.9 9
v -0.3 11.9 6.2
v -0.3 11.9 6
v -0.3 12 9
v -0.3 12 6.2
v -0.3 12 6
v -0.2 2.6 5.1
v -0.2 2.6 4.9
v -0.2 2.7 5.2
v -0.2 2.7 5.1
v -0.2 2.7 4.9
v -0.2 6.9 9
v -0.2 6.9 8.9
v -0.2 7 9
v -0.2 7 8.9
v -0.2 7 8.8
v -0.2 7 8.7
v -0.2 7.1 8.8
v -0.2 7.1 8.7
v -0.2 7.1 8.6
v -0.2 7.2 9.1
v -0.2 7.2 9
v -0.2 7.2 8.7
v -0.2 7.2 8.6
v -0.2 7.4 9.3
v -0.2 7.4 9.2
v -0.2 7.4 9.1
v -0.2 7.4 9
v -0.2 7.6 9.5
v -0.2 7.6 9.4
v -0.2 7.6 9.3
v -0.2 7.6 9.2
v -0.2 7.8 9.7
v -0.2 7.8 9.6
v -0.2 7.8 9.5
v -0.2 7.8 9.4
v -0.2 8 9.9
v -0.2 8 9.8
v -0.2 8 9.7
v -0.2 8 9.6
v -0.2 8.6 10.1
v -0.2 8.6 10
v -0.2 8.6 9.9
v -0.2 8.6 9.8
v -0.2 9.8 10.1
v -0.2 9.8 10
v -0.2 9.8 9.9
v -0.2 9.8 9.8
v -0.2 10.4 9.9
v -0.2 10.4 9.8
v -0.2 10.4 9.7
v -0.2 10.4 9.6
v -0.2 10.6 9.7
v -0.2 10.6 9.6
v -0.2 10.6 9.4
v -0.2 10.8 9.6
v -0.2 10.8 9.4
v -0.2 10.8 9.3
v -0.2 10.8 9.2
v -0.2 11 9.3
v -0.2 11 9.2
v -0.2 11 9.1
v -0.2 11 9
v -0.2 11.2 9.1
v -0.2 11.2 9
v -0.2 11.6 6
v -0.2 11.6 5.2
v -0.2 11.6 5.1
v -0.2 11.7 6
v -0.2 11.7 5.2
v -0.1 2.7 5.1
v -0.1 2.7 5
v -0.1 6.8 9.2
v -0.1 6.8 9.1
v -0.1 6.9 9.2
v -0.1 6.9 9.1
v -0.1 6.9 9
v -0.1 7 9.1
v -0.1 7 9
v -0.1 7 8.9
v -0.1 7 8.8
v -0.1 7.1 8.8
v -0.1 7.1 8.7
v -0.1 7.2 9.2
v -0.1 7.2 9.1
v -0.1 7.2 9
v -0.1 7.2 8.7
v -0.1 7.4 9.4
v -0.1 7.4 9.3
v -0.1 7.4 9.2
v -0.1 7.4 9.1
v -0.1 7.6 9.6
v -0.1 7.6 9.5
v -0.1 7.6 9.4
v -0.1 7.6 9.3
v -0.1 7.8 9.8
v -0.1 7.8 9.7
v -0.1 7.8 9.6
v -0.1 7.8 9.5
v -0.1 8 10
v -0.1 8 9.9
v -0.1 8 9.8
v -0.1 8 9.7
v -0.1 8.6 10.2
v -0.1 8.6 10.1
v -0.1 8.6 10
v -0.1 8.6 9.9
v -0.1 9.8 10.2
v -0.1 9.8 10.1
v -0.1 9.8 10
v -0.1 9.8 9.9
v -0.1 10.4 10
v -0.1 10.4 9.9
v -0.1 10.4 9.8
v -0.1 10.4 9.7
v -0.1 10.6 9.8
v -0.1 10.6 9.7
v -0.1 10.8 9.4
v -0.1 10.8 9.3
v -0.1 11 9.4
v -0.1 11 9.3
v -0.1 11 9.2
v -0.1 11 9.1
v -0.1 11.2 9.2
v -0.1 11.2 9.1
v -0.1 11.5 5.1
v -0.1 11.5 5
v -0.1 11.7 6
v -0.1 11.7 5.3
v -0.1 11.8 6
v -0.1 11.8 5.3
v 0 7.2 9.3
v 0 7.2 9.2
v 0 7.4 9.5
v 0 7.4 9.4
v 0 7.4 9.3
v 0 7.4 9.2
v 0 7.6 9.7
v 0 7.6 9.6
v 0 7.6 9.5
v 0 7.6 9.4
v 0 7.8 9.9
v 0 7.8 9.8
v 0 7.8 9.7
v 0 7.8 9.6
v 0 8 10.1
v 0 8 10
v 0 8 9.9
v 0 8 9.8
v 0 8.6 10.3
v 0 8.6 10.2
v 0 8.6 10.1
v 0 8.6 10
v 0 9.8 10.3
v 0 9.8 10.2
v 0 9.8 10
v 0 10.3 10.2
v 0 10.3 10
v 0.1 7.2 9.4
v 0.1 7.2 9.3
v 0.1 7.4 9.6
v 0.1 7.4 9.5
v 0.1 7.4 9.4
v 0.1 7.4 9.3
v 0.1 7.6 9.8
v 0.1 7.6 9.7
v 0.1 7.6 9.6
v 0.1 7.6 9.5
v 0.1 7.8 10
v 0.1 7.8 9.9
v 0.1 7.8 9.8
v 0.1 7.8 9.7
v 0.1 8 10.2
v 0.1 8 10.1
v 0.1 8 10
v 0.1 8 9.9
v 0.1 8.3 10.3
v 0.1 8.3 10.2
v 0.1 8.6 10.4
v 0.1 8.6 10.3
v 0.1 8.6 10.1
v 0.1 9.8 10.4
v 0.1 9.8 10.3
v 0.1 9.8 10.2
v 0.1 10.1 10.3
v 0.1 10.1 10.2
v 0.7 4 9.5
v 0.7 4 9.2
v 0.7 4.6 9.4
v 0.7 4.6 9.3
v 0.7 4.7 9.4
v 0.7 4.7 9.3
v 0.7 5 9.5
v 0.7 5 9.2
v 0.9 3.6 9.5
v 0.9 3.6 9.2
v 0.9 4 9.5
v 0.9 4 9.2
v 0.9 4.2 9.6
v 0.9 4.2 9.4
v 0.9 4.3 9.7
v 0.9 4.3 9.6
v 0.9 4.6 9.4
v 0.9 4.7 9.7
v 0.9 4.7 9.6
v 0.9 4.7 9.4
v 0.9 4.8 9.6
v 0.9 4.8 9.4
v 0.9 5 9.5
v 0.9 5 9.2
v 0.9 5.4 9.5
v 0.9 5.4 9.2
v 1 4.2 9.7
v 1 4.2 9.6
v 1 4.3 9.8
v 1 4.3 9.7
v 1 4.3 9.6
v 1 4.7 9.8
v 1 4.7 9.7
v 1 4.7 9.6
v 1 4.8 9.7
v 1 4.8 9.6
v 1.1 3.8 9.6
v 1.1 3.8 9.4
v 1.1 3.9 9.7
v 1.1 3.9 9.6
v 1.1 4.2 9.8
v 1.1 4.2 9.7
v 1.1 4.2 9.4
v 1.1 4.3 9.8
v 1.1 4.3 9.7
v 1.1 4.7 9.8
v 1.1 4.7 9.7
v 1.1 4.8 9.8
v 1.1 4.8 9.7
v 1.1 4.8 9.4
v 1.1 5.1 9.7
v 1.1 5.1 9.6
v 1.1 5.2 9.6
v 1.1 5.2 9.4
v 1.2 3.8 9.7
v 1.2 3.8 9.6
v 1.2 3.9 9.8
v 1.2 3.9 9.7
v 1.2 3.9 9.6
v 1.2 4.2 9.8
v 1.2 4.2 9.7
v 1.2 4.8 9.8
v 1.2 4.8 9.7
v 1.2 5.1 9.8
v 1.2 5.1 9.7
v 1.2 5.1 9.6
v 1.2 5.2 9.7
v 1.2 5.2 9.6
v 1.3 3.4 9.5
v 1.3 3.4 9.2
v 1.3 3.6 9.5
v 1.3 3.6 9.2
v 1.3 5.4 9.5
v 1.3 5.4 9.2
v 1.3 5.6 9.5
v 1.3 5.6 9.2
v 1.5 3.6 9.8
v 1.5 3.6 9.4
v 1.5 3.7 10
v 1.5 3.7 9.8
v 1.5 3.8 9.7
v 1.5 3.8 9.4
v 1.5 3.9 9.8
v 1.5 3.9 9.7
v 1.5 5.1 9.8
v 1.5 5.1 9.7
v 1.5 5.2 9.7
v 1.5 5.2 9.4
v 1.5 5.3 10
v 1.5 5.3 9.8
v 1.5 5.4 9.8
v 1.5 5.4 9.4
v 1.6 3.6 9.9
v 1.6 3.6 9.8
v 1.6 3.7 10.1
v 1.6 3.7 10
v 1.6 3.7 9.9
v 1.6 3.7 9.8
v 1.6 3.8 10.2
v 1.6 3.8 10.1
v 1.6 5.2 10.2
v 1.6 5.2 10.1
v 1.6 5.3 10.1
v 1.6 5.3 10
v 1.6 5.3 9.9
v 1.6 5.3 9.8
v 1.6 5.4 9.9
v 1.6 5.4 9.8
v 1.7 3.6 10.1
v 1.7 3.6 9.9
v 1.7 3.7 10.2
v 1.7 3.7 10.1
v 1.7 3.7 9.9
v 1.7 3.8 10.2
v 1.7 3.8 10.1
v 1.7 4.6 9.4
v 1.7 4.6 9.3
v 1.7 5.2 10.2
v 1.7 5.2 10.1
v 1.7 5.3 10.2
v 1.7 5.3 10.1
v 1.7 5.3 9.9
v 1.7 5.4 10.1
v 1.7 5.4 9.9
v 1.7 5.4 9.4
v 1.7 5.5 9.4
v 1.7 5.6 9.4
v 1.7 5.6 9.3
v 2.2 5.3 9.5
v 2.2 5.3 9.4
v 2.2 5.5 9.5
v 2.2 5.5 9.4
v 2.2 6.4 9.1
v 2.2 6.4 9
v 2.2 6.7 9.1
v 2.2 6.7 9
v 2.3 6.4 9.2
v 2.3 6.4 9.1
v 2.3 6.8 9.2
v 2.3 6.8 9.1
v 2.4 3.5 9.5
v 2.4 3.5 9.4
v 2.4 3.7 9.5
v 2.4 3.7 9.4
v 2.6 3.7 9.5
v 2.6 3.7 9.4
v 2.6 4.1 9.5
v 2.6 4.1 9.4
v 2.6 4.9 9.5
v 2.6 4.9 9.4
v 2.6 5.3 9.5
v 2.6 5.3 9.4
v 2.8 4.1 9.5
v 2.8 4.1 9.4
v 2.8 4.9 9.5
v 2.8 4.9 9.4
v 3.9 0.6 10.5
v 3.9 0.6 10.4
v 3.9 0.8 10.4
v 3.9 0.8 10.2
v 3.9 1 10.2
v 3.9 1 10
v 3.9 1.2 10
v 3.9 1.2 9.8
v 3.9 1.4 10.5
v 3.9 1.4 9.8
v 4 0.6 10.6
v 4 0.6 10.5
v 4 1.4 10.6
v 4 1.4 10.5
v 4.1 0.4 10.7
v 4.1 0.4 10.6
v 4.1 1.4 10.7
v 4.1 1.4 10.6
v 4.2 0.4 10.8
v 4.2 0.4 10.7
v 4.2 1.4 10.8
v 4.2 1.4 10.7
v 4.3 0.2 10.9
v 4.3 0.2 10.8
v 4.3 1.4 10.9
v 4.3 1.4 10.8
v 4.3 4.5 9.3
v 4.3 4.5 9.2
v 4.3 6.3 9.3
v 4.3 6.3 9.2
v 4.4 0.2 11
v 4.4 0.2 10.9
v 4.4 1.4 11
v 4.4 1.4 10.9
v 4.4 4.4 9.3
v 4.4 4.4 9.2
v 4.4 4.5 9.3
v 4.4 4.5 9.2
v 4.4 6.3 9.3
v 4.4 6.3 9.2
v 4.4 6.4 9.3
v 4.4 6.4 9.2
v 4.5 4.6 9.3
v 4.5 4.6 9.2
v 4.5 6.2 9.3
v 4.5 6.2 9.2
v 4.6 4.7 9.4
v 4.6 4.7 9.3
v 4.6 6.1 9.4
v 4.6 6.1 9.3
v 4.7 0.2 11.1
v 4.7 0.2 11
v 4.7 1.4 11.1
v 4.7 1.4 11
v 4.8 0.1 11.2
v 4.8 0.1 11.1
v 4.8 0.2 11.2
v 4.8 0.2 11.1
v 4.8 1.4 11.2
v 4.8 1.4 11.1
v 4.9 4.8 9.4
v 4.9 4.8 9.2
v 4.9 6 9.4
v 4.9 6 9.2
v 5.2 1.3 11.1
v 5.2 1.3 11
v 5.2 1.4 11.1
v 5.2 1.4 11
v 5.3 0.4 11
v 5.3 0.4 10.8
v 5.3 0.4 9.8
v 5.3 0.4 9.4
v 5.3 0.6 10.8
v 5.3 0.6 9.8
v 5.3 0.6 9.4
v 5.3 1.3 10.9
v 5.3 1.3 10.8
v 5.3 1.4 11
v 5.3 1.4 10.9
v 5.3 3.6 9.2
v 5.3 3.6 9
v 5.3 3.6 8.2
v 5.3 3.8 9.2
v 5.3 3.8 9
v 5.3 3.8 8.2
v 5.6 1.3 10.9
v 5.6 1.3 10.8
v 5.6 1.4 10.9
v 5.6 1.4 10.8
v 5.7 0.2 10.8
v 5.7 0.2 10.6
v 5.7 0.4 10.8
v 5.7 0.4 10.6
v 5.7 0.6 10.8
v 5.7 0.6 10.6
v 5.7 0.7 10.6
v 5.7 1.3 10.7
v 5.7 1.3 10.6
v 5.7 1.4 10.8
v 5.7 1.4 10.7
v 5.7 3.4 9.2
v 5.7 3.4 9
v 5.7 3.4 8.2
v 5.7 3.6 9.2
v 5.7 3.6 9
v 5.7 3.6 8.2
v 5.8 1.3 10.7
v 5.8 1.3 10.6
v 5.8 1.4 10.7
v 5.8 1.4 10.6
v 5.8 4.5 9.3
v 5.8 4.5 9.2
v 5.8 6.3 9.3
v 5.8 6.3 9.2
v 5.9 0.2 10.6
v 5.9 0.2 10.4
v 5.9 0.4 10.6
v 5.9 0.4 10.4
v 5.9 0.7 10.6
v 5.9 0.7 10.5
v 5.9 0.8 10.5
v 5.9 0.8 10.2
v 5.9 0.9 10.2
v 5.9 0.9 10.1
v 5.9 1 10.1
v 5.9 1 9.8
v 5.9 1.2 9.8
v 5.9 1.2 9.6
v 5.9 1.3 10.5
v 5.9 1.3 9.6
v 5.9 1.4 10.6
v 5.9 1.4 10.5
v 5.9 3.2 9.2
v 5.9 3.2 9
v 5.9 3.2 8.2
v 5.9 3.4 9.2
v 5.9 3.4 9
v 5.9 3.4 8.2
v 6 1.3 10.5
v 6 1.3 9.6
v 6 1.4 10.5
v 6 1.4 9.6
v 6.1 1.4 9.2
v 6.1 1.4 9
v 6.1 1.4 8.2
v 6.1 3.2 9.2
v 6.1 3.2 9
v 6.1 3.2 8.2
v 6.1 11.4 9.2
v 6.1 11.4 9
v 6.1 11.4 8.6
v 6.1 11.6 9.2
v 6.1 11.6 8.6
v 6.3 11.2 9.2
v 6.3 11.2 9
v 6.3 11.4 9.2
v 6.3 11.4 9
v 6.5 1.4 9.4
v 6.5 1.4 9.2
v 6.5 1.5 9.4
v 6.5 1.5 9.3
v 6.5 1.6 9.3
v 6.5 1.6 9.2
v -0.3 1.4 9.4
v -0.3 1.4 9.2
v -0.3 1.5 9.4
v -0.3 1.5 9.3
v -0.3 1.6 9.3
v -0.3 1.6 9.2
v -0.1 11.2 9.2
v -0.1 11.2 9
v -0.1 11.4 9.2
v -0.1 11.4 9
v 0.1 11.4 9.2
v 0.1 11.4 9
v 0.1 11.4 8.6
v 0.1 11.6 9.2
v 0.1 11.6 8.6
v 0.8 4.1 9.5
v 0.8 4.1 9.4
v 0.8 4.6 9.4
v 0.8 4.7 9.4
v 0.8 4.9 9.5
v 0.8 4.9 9.4
v 1 3.7 9.5
v 1 3.7 9.4
v 1 4.1 9.5
v 1 4.1 9.4
v 1 4.9 9.5
v 1 4.9 9.4
v 1 5.3 9.5
v 1 5.3 9.4
v 1.3 6.4 9.2
v 1.3 6.4 9.1
v 1.3 6.8 9.2
v 1.3 6.8 9.1
v 1.4 3.5 9.5
v 1.4 3.5 9.4
v 1.4 3.7 9.5
v 1.4 3.7 9.4
v 1.4 5.3 9.5
v 1.4 5.3 9.4
v 1.4 5.5 9.5
v 1.4 5.5 9.4
v 1.4 6.4 9.1
v 1.4 6.4 9
v 1.4 6.7 9.1
v 1.4 6.7 9
v 1.6 4.7 9.4
v 1.6 4.7 9.3
v 1.6 5.4 9.4
v 1.6 5.5 9.4
v 1.6 5.6 9.4
v 1.6 5.6 9.3
v 1.9 3.6 10.1
v 1.9 3.6 9.9
v 1.9 3.7 10.2
v 1.9 3.7 10.1
v 1.9 3.7 9.9
v 1.9 3.8 10.2
v 1.9 3.8 10.1
v 1.9 5.2 10.2
v 1.9 5.2 10.1
v 1.9 5.3 10.2
v 1.9 5.3 10.1
v 1.9 5.3 9.9
v 1.9 5.4 10.1
v 1.9 5.4 9.9
v 2 3.6 9.9
v 2 3.6 9.8
v 2 3.7 10.1
v 2 3.7 10
v 2 3.7 9.9
v 2 3.7 9.8
v 2 3.8 10.2
v 2 3.8 10.1
v 2 5.2 10.2
v 2 5.2 10.1
v 2 5.3 10.1
v 2 5.3 10
v 2 5.3 9.9
v 2 5.3 9.8
v 2 5.4 9.9
v 2 5.4 9.8
v 2.1 3.6 9.8
v 2.1 3.6 9.4
v 2.1 3.7 10
v 2.1 3.7 9.8
v 2.1 3.8 9.7
v 2.1 3.8 9.4
v 2.1 3.9 9.8
v 2.1 3.9 9.7
v 2.1 5.1 9.8
v 2.1 5.1 9.7
v 2.1 5.2 9.7
v 2.1 5.2 9.4
v 2.1 5.3 10
v 2.1 5.3 9.8
v 2.1 5.4 9.8
v 2.1 5.4 9.4
v 2.3 5.4 9.5
v 2.3 5.4 9.2
v 2.3 5.6 9.5
v 2.3 5.6 9.2
v 2.4 3.8 9.7
v 2.4 3.8 9.6
v 2.4 3.9 9.8
v 2.4 3.9 9.7
v 2.4 3.9 9.6
v 2.4 4.2 9.8
v 2.4 4.2 9.7
v 2.4 4.8 9.8
v 2.4 4.8 9.7
v 2.4 5.1 9.8
v 2.4 5.1 9.7
v 2.4 5.1 9.6
v 2.4 5.2 9.7
v 2.4 5.2 9.6
v 2.5 3.4 9.5
v 2.5 3.4 9.2
v 2.5 3.6 9.5
v 2.5 3.6 9.2
v 2.5 3.8 9.6
v 2.5 3.8 9.4
v 2.5 3.9 9.7
v 2.5 3.9 9.6
v 2.5 4.2 9.8
v 2.5 4.2 9.7
v 2.5 4.2 9.4
v 2.5 4.3 9.8
v 2.5 4.3 9.7
v 2.5 4.7 9.8
v 2.5 4.7 9.7
v 2.5 4.8 9.8
v 2.5 4.8 9.7
v 2.5 4.8 9.4
v 2.5 5.1 9.7
v 2.5 5.1 9.6
v 2.5 5.2 9.6
v 2.5 5.2 9.4
v 2.6 4.2 9.7
v 2.6 4.2 9.6
v 2.6 4.3 9.8
v 2.6 4.3 9.7
v 2.6 4.3 9.6
v 2.6 4.7 9.8
v 2.6 4.7 9.7
v 2.6 4.7 9.6
v 2.6 4.8 9.7
v 2.6 4.8 9.6
v 2.7 3.6 9.5
v 2.7 3.6 9.2
v 2.7 4 9.5
v 2.7 4 9.2
v 2.7 4.2 9.6
v 2.7 4.2 9.4
v 2.7 4.3 9.7
v 2.7 4.3 9.6
v 2.7 4.7 9.7
v 2.7 4.7 9.6
v 2.7 4.8 9.6
v 2.7 4.8 9.4
v 2.7 5 9.5
v 2.7 5 9.2
v 2.7 5.4 9.5
v 2.7 5.4 9.2
v 2.9 4 9.5
v 2.9 4 9.2
v 2.9 5 9.5
v 2.9 5 9.2
v 3.9 1.4 9.2
v 3.9 1.4 9
v 3.9 1.4 8.2
v 3.9 3.2 9.2
v 3.9 3.2 9
v 3.9 3.2 8.2
v 4 1.3 10.5
v 4 1.3 9.6
v 4 1.4 10.5
v 4 1.4 9.6
v 4.1 0.7 10.6
v 4.1 0.7 10.5
v 4.1 0.8 10.5
v 4.1 0.8 10.2
v 4.1 0.9 10.2
v 4.1 0.9 10.1
v 4.1 1 10.1
v 4.1 1 9.8
v 4.1 1.2 9.8
v 4.1 1.2 9.6
v 4.1 1.3 10.5
v 4.1 1.3 9.6
v 4.1 1.4 10.6
v 4.1 1.4 10.5
v 4.1 3.2 9.2
v 4.1 3.2 9
v 4.1 3.2 8.2
v 4.1 3.4 9.2
v 4.1 3.4 9
v 4.1 3.4 8.2
v 4.2 1.3 10.7
v 4.2 1.3 10.6
v 4.2 1.4 10.7
v 4.2 1.4 10.6
v 4.3 0.6 10.8
v 4.3 0.6 10.6
v 4.3 0.7 10.6
v 4.3 1.3 10.7
v 4.3 1.3 10.6
v 4.3 1.4 10.8
v 4.3 1.4 10.7
v 4.3 3.4 9.2
v 4.3 3.4 9
v 4.3 3.4 8.2
v 4.3 3.6 9.2
v 4.3 3.6 9
v 4.3 3.6 8.2
v 4.4 1.3 10.9
v 4.4 1.3 10.8
v 4.4 1.4 10.9
v 4.4 1.4 10.8
v 4.4 4.5 9.3
v 4.4 4.5 9.2
v 4.4 6.3 9.3
v 4.4 6.3 9.2
v 4.7 0.4 11
v 4.7 0.4 10.8
v 4.7 0.4 9.8
v 4.7 0.4 9.4
v 4.7 0.6 10.8
v 4.7 0.6 9.8
v 4.7 0.6 9.4
v 4.7 1.3 10.9
v 4.7 1.3 10.8
v 4.7 1.4 11
v 4.7 1.4 10.9
v 4.7 3.6 9.2
v 4.7 3.6 9
v 4.7 3.6 8.2
v 4.7 3.8 9.2
v 4.7 3.8 9
v 4.7 3.8 8.2
v 4.7 4.8 9.4
v 4.7 4.8 9.2
v 4.7 6 9.4
v 4.7 6 9.2
v 4.8 1.3 11.1
v 4.8 1.3 11
v 4.8 1.4 11.1
v 4.8 1.4 11
v 5.2 0.1 11.2
v 5.2 0.1 11.1
v 5.2 0.2 11.2
v 5.2 0.2 11.1
v 5.2 1.4 11.2
v 5.2 1.4 11.1
v 5.3 0.2 11.1
v 5.3 0.2 11
v 5.3 1.4 11.1
v 5.3 1.4 11
v 5.5 0.2 10.8
v 5.5 0.2 10.6
v 5.5 0.4 10.8
v 5.5 0.4 10.6
v 5.6 0.2 11
v 5.6 0.2 10.9
v 5.6 1.4 11
v 5.6 1.4 10.9
v 5.6 4.7 9.4
v 5.6 4.7 9.3
v 5.6 6.1 9.4
v 5.6 6.1 9.3
v 5.7 0.2 10.9
v 5.7 0.2 10.8
v 5.7 0.2 10.6
v 5.7 0.2 10.4
v 5.7 0.4 10.6
v 5.7 0.4 10.4
v 5.7 1.4 10.9
v 5.7 1.4 10.8
v 5.7 4.6 9.3
v 5.7 4.6 9.2
v 5.7 6.2 9.3
v 5.7 6.2 9.2
v 5.8 0.4 10.8
v 5.8 0.4 10.7
v 5.8 1.4 10.8
v 5.8 1.4 10.7
v 5.8 4.4 9.3
v 5.8 4.4 9.2
v 5.8 4.5 9.3
v 5.8 4.5 9.2
v 5.8 6.3 9.3
v 5.8 6.3 9.2
v 5.8 6.4 9.3
v 5.8 6.4 9.2
v 5.9 0.4 10.7
v 5.9 0.4 10.6
v 5.9 1.4 10.7
v 5.9 1.4 10.6
v 5.9 4.5 9.3
v 5.9 4.5 9.2
v 5.9 6.3 9.3
v 5.9 6.3 9.2
v 6 0.6 10.6
v 6 0.6 10.5
v 6 1.4 10.6
v 6 1.4 10.5
v 6.1 0.6 10.5
v 6.1 0.6 10.4
v 6.1 0.8 10.4
v 6.1 0.8 10.2
v 6.1 1 10.2
v 6.1 1 10
v 6.1 1.2 10
v 6.1 1.2 9.8
v 6.1 1.4 10.5
v 6.1 1.4 9.8
v 6.1 7.2 9.4
v 6.1 7.2 9.3
v 6.1 7.4 9.6
v 6.1 7.4 9.5
v 6.1 7.4 9.4
v 6.1 7.4 9.3
v 6.1 7.6 9.8
v 6.1 7.6 9.7
v 6.1 7.6 9.6
v 6.1 7.6 9.5
v 6.1 7.8 10
v 6.1 7.8 9.9
v 6.1 7.8 9.8
v 6.1 7.8 9.7
v 6.1 8 10.2
v 6.1 8 10.1
v 6.1 8 10
v 6.1 8 9.9
v 6.1 8.3 10.3
v 6.1 8.3 10.2
v 6.1 8.6 10.4
v 6.1 8.6 10.3
v 6.1 8.6 10.1
v 6.1 9.8 10.4
v 6.1 9.8 10.3
v 6.1 9.8 10.2
v 6.1 10.1 10.3
v 6.1 10.1 10.2
v 6.2 7.2 9.3
v 6.2 7.2 9.2
v 6.2 7.4 9.5
v 6.2 7.4 9.4
v 6.2 7.4 9.3
v 6.2 7.4 9.2
v 6.2 7.6 9.7
v 6.2 7.6 9.6
v 6.2 7.6 9.5
v 6.2 7.6 9.4
v 6.2 7.8 9.9
v 6.2 7.8 9.8
v 6.2 7.8 9.7
v 6.2 7.8 9.6
v 6.2 8 10.1
v 6.2 8 10
v 6.2 8 9.9
v 6.2 8 9.8
v 6.2 8.6 10.3
v 6.2 8.6 10.2
v 6.2 8.6 10.1
v 6.2 8.6 10
v 6.2 9.8 10.3
v 6.2 9.8 10.2
v 6.2 9.8 10
v 6.2 10.3 10.2
v 6.2 10.3 10
v 6.3 2.7 5.1
v 6.3 2.7 5
v 6.3 6.8 9.2
v 6.3 6.8 9.1
v 6.3 6.9 9.2
v 6.3 6.9 9.1
v 6.3 6.9 9
v 6.3 7 9.1
v 6.3 7 9
v 6.3 7 8.9
v 6.3 7 8.8
v 6.3 7.1 8.8
v 6.3 7.1 8.7
v 6.3 7.2 9.2
v 6.3 7.2 9.1
v 6.3 7.2 9
v 6.3 7.2 8.7
v 6.3 7.4 9.4
v 6.3 7.4 9.3
v 6.3 7.4 9.2
v 6.3 7.4 9.1
v 6.3 7.6 9.6
v 6.3 7.6 9.5
v 6.3 7.6 9.4
v 6.3 7.6 9.3
v 6.3 7.8 9.8
v 6.3 7.8 9.7
v 6.3 7.8 9.6
v 6.3 7.8 9.5
v 6.3 8 10
v 6.3 8 9.9
v 6.3 8 9.8
v 6.3 8 9.7
v 6.3 8.6 10.2
v 6.3 8.6 10.1
v 6.3 8.6 10
v 6.3 8.6 9.9
v 6.3 9.8 10.2
v 6.3 9.8 10.1
v 6.3 10.4 9.8
v 6.3 10.4 9.7
v 6.3 10.6 9.8
v 6.3 10.6 9.7
v 6.3 10.6 9.6
v 6.3 10.6 9.5
v 6.3 10.8 9.6
v 6.3 10.8 9.5
v 6.3 10.8 9.4
v 6.3 10.8 9.3
v 6.3 11 9.4
v 6.3 11 9.3
v 6.3 11 9.2
v 6.3 11 9.1
v 6.3 11.2 9.2
v 6.3 11.2 9.1
v 6.3 11.5 5.1
v 6.3 11.5 5
v 6.3 11.7 6
v 6.3 11.7 5.3
v 6.3 11.8 6
v 6.3 11.8 5.3
v 6.4 2.6 5.1
v 6.4 2.6 4.9
v 6.4 2.7 5.2
v 6.4 2.7 5.1
v 6.4 2.7 4.9
v 6.4 6.9 9
v 6.4 6.9 8.9
v 6.4 7 9
v 6.4 7 8.9
v 6.4 7 8.8
v 6.4 7 8.7
v 6.4 7.1 8.8
v 6.4 7.1 8.7
v 6.4 7.1 8.6
v 6.4 7.2 9.1
v 6.4 7.2 9
v 6.4 7.2 8.7
v 6.4 7.2 8.6
v 6.4 7.4 9.3
v 6.4 7.4 9.2
v 6.4 7.4 9.1
v 6.4 7.4 9
v 6.4 7.6 9.5
v 6.4 7.6 9.4
v 6.4 7.6 9.3
v 6.4 7.6 9.2
v 6.4 7.8 9.7
v 6.4 7.8 9.6
v 6.4 7.8 9.5
v 6.4 7.8 9.4
v 6.4 8 9.9
v 6.4 8 9.8
v 6.4 8 9.7
v 6.4 8 9.6
v 6.4 8.6 10.1
v 6.4 8.6 10
v 6.4 8.6 9.9
v 6.4 8.6 9.8
v 6.4 9.8 10.1
v 6.4 9.8 10
v 6.4 9.8 9.9
v 6.4 10.4 10
v 6.4 10.4 9.9
v 6.4 10.4 9.7
v 6.4 10.4 9.6
v 6.4 10.6 9.7
v 6.4 10.6 9.6
v 6.4 10.6 9.5
v 6.4 10.6 9.4
v 6.4 10.8 9.5
v 6.4 10.8 9.4
v 6.4 10.8 9.3
v 6.4 10.8 9.2
v 6.4 11 9.3
v 6.4 11 9.2
v 6.4 11 9.1
v 6.4 11 9
v 6.4 11.2 9.1
v 6.4 11.2 9
v 6.4 11.6 6
v 6.4 11.6 5.2
v 6.4 11.6 5.1
v 6.4 11.7 6
v 6.4 11.7 5.2
v 6.5 1.6 9.2
v 6.5 1.6 9.1
v 6.5 1.8 9.1
v 6.5 2.1 5.9
v 6.5 2.1 5.8
v 6.5 2.3 5.8
v 6.5 2.3 5.6
v 6.5 2.5 5.6
v 6.5 2.5 5.4
v 6.5 2.7 5.4
v 6.5 2.7 5.2
v 6.5 6.8 9.2
v 6.5 6.8 9.1
v 6.5 6.8 9
v 6.5 6.9 9.1
v 6.5 6.9 9
v 6.5 7 8.7
v 6.5 7 8.6
v 6.5 7.1 8.7
v 6.5 7.1 8.6
v 6.5 7.1 8.4
v 6.5 7.2 9
v 6.5 7.2 8.6
v 6.5 7.2 8.4
v 6.5 7.2 8.2
v 6.5 7.2 8
v 6.5 7.4 9.2
v 6.5 7.4 9
v 6.5 7.4 8
v 6.5 7.4 7.6
v 6.5 7.6 9.4
v 6.5 7.6 9.2
v 6.5 7.6 7.6
v 6.5 7.6 7.2
v 6.5 7.8 9.6
v 6.5 7.8 9.4
v 6.5 7.8 7.2
v 6.5 7.8 6.8
v 6.5 8 9.8
v 6.5 8 9.6
v 6.5 8 6.8
v 6.5 8 6.6
v 6.5 8.6 10
v 6.5 8.6 9.8
v 6.5 9.8 10
v 6.5 9.8 9.9
v 6.5 10.4 9.9
v 6.5 10.4 9.6
v 6.5 10.4 6.8
v 6.5 10.4 6.6
v 6.5 10.6 9.6
v 6.5 10.6 9.4
v 6.5 10.8 9.4
v 6.5 10.8 9.2
v 6.5 10.8 7
v 6.5 10.8 6.8
v 6.5 11 9.2
v 6.5 11 9
v 6.5 11 7.2
v 6.5 11 7
v 6.5 11.2 9.2
v 6.5 11.2 9
v 6.5 11.2 8.2
v 6.5 11.2 7.4
v 6.5 11.2 7.2
v 6.5 11.4 9.2
v 6.5 11.4 9.1
v 6.5 11.4 9
v 6.5 11.6 5.9
v 6.5 11.6 5.2
v 6.5 11.8 9.2
v 6.5 11.8 9.1
v 6.5 11.9 9
v 6.5 11.9 6.2
v 6.5 11.9 6
v 6.5 12 9
v 6.5 12 6.2
v 6.5 12 6
v 6.6 1.6 9.1
v 6.6 1.6 9
v 6.6 1.8 9.1
v 6.6 1.8 9
v 6.6 2 6
v 6.6 2 5.8
v 6.6 2.1 6
v 6.6 2.1 5.9
v 6.6 2.1 5.8
v 6.6 2.2 5.8
v 6.6 2.2 5.6
v 6.6 2.3 5.8
v 6.6 2.3 5.6
v 6.6 2.4 5.6
v 6.6 2.4 5.4
v 6.6 2.5 5.6
v 6.6 2.5 5.4
v 6.6 2.6 5.4
v 6.6 2.6 5.1
v 6.6 2.7 5.4
v 6.6 2.7 5.1
v 6.6 6.8 9.1
v 6.6 6.8 9
v 6.6 6.8 8.9
v 6.6 6.9 9
v 6.6 6.9 8.9
v 6.6 6.9 8.4
v 6.6 7 8.9
v 6.6 7 8.6
v 6.6 7 8.4
v 6.6 7 8.3
v 6.6 7.1 8.6
v 6.6 7.1 8.4
v 6.6 7.1 8.3
v 6.6 7.1 8.2
v 6.6 7.1 8
v 6.6 7.2 8.4
v 6.6 7.2 8.2
v 6.6 7.2 8
v 6.6 7.2 7.9
v 6.6 7.3 7.9
v 6.6 7.3 7.6
v 6.6 7.4 8
v 6.6 7.4 7.6
v 6.6 7.4 7.5
v 6.6 7.5 7.5
v 6.6 7.5 7.2
v 6.6 7.6 7.6
v 6.6 7.6 7.2
v 6.6 7.6 7.1
v 6.6 7.7 7.1
v 6.6 7.7 6.8
v 6.6 7.8 7.2
v 6.6 7.8 6.8
v 6.6 7.8 6.7
v 6.6 7.9 6.7
v 6.6 7.9 6.6
v 6.6 8 6.8
v 6.6 8 6.6
v 6.6 8 6.5
v 6.6 10.4 6.6
v 6.6 10.4 6.5
v 6.6 11.4 9.1
v 6.6 11.4 9
v 6.6 11.6 6
v 6.6 11.6 5.9
v 6.6 11.8 9
v 6.6 11.8 6.2
v 6.6 11.8 6
v 6.6 11.9 9.1
v 6.6 11.9 6.2
v 6.6 11.9 6
v 6.7 0.2 10.8
v 6.7 0.2 10.7
v 6.7 0.4 10.8
v 6.7 0.4 10.7
v 6.7 0.4 10.6
v 6.7 0.4 10.5
v 6.7 0.6 10.6
v 6.7 0.6 10.5
v 6.7 0.6 10.4
v 6.7 0.6 10.3
v 6.7 0.8 10.4
v 6.7 0.8 10.3
v 6.7 0.8 10.2
v 6.7 0.8 10.1
v 6.7 1 10.2
v 6.7 1 10.1
v 6.7 1 10
v 6.7 1 9.9
v 6.7 1.2 10
v 6.7 1.2 9.9
v 6.7 1.2 9.8
v 6.7 1.2 9.7
v 6.7 1.4 9.8
v 6.7 1.4 9.7
v 6.7 1.4 9.4
v 6.7 1.4 9.3
v 6.7 1.5 9.4
v 6.7 1.5 9.3
v 6.7 1.5 9.2
v 6.7 1.6 9.3
v 6.7 1.6 9.2
v 6.7 1.8 9
v 6.7 1.8 8.9
v 6.7 1.9 8.9
v 6.7 1.9 6.2
v 6.7 1.9 6
v 6.7 2 6
v 6.7 6.8 9
v 6.7 6.8 8.9
v 6.7 6.8 8.4
v 6.7 6.9 8.9
v 6.7 6.9 8.4
v 6.7 7 8.4
v 6.7 7 8.3
v 6.7 7 8.2
v 6.7 7 8
v 6.7 7.1 8.3
v 6.7 7.1 8.2
v 6.7 7.1 8
v 6.7 7.2 8
v 6.7 7.2 7.9
v 6.7 7.2 7.6
v 6.7 7.3 7.9
v 6.7 7.3 7.6
v 6.7 7.4 7.6
v 6.7 7.4 7.5
v 6.7 7.4 7.2
v 6.7 7.5 7.5
v 6.7 7.5 7.2
v 6.7 7.6 7.2
v 6.7 7.6 7.1
v 6.7 7.6 6.8
v 6.7 7.7 7.1
v 6.7 7.7 6.8
v 6.7 7.8 6.8
v 6.7 7.8 6.7
v 6.7 7.8 6.6
v 6.7 7.9 6.7
v 6.7 7.9 6.6
v 6.7 8 6.6
v 6.7 8 6.5
v 6.7 8 6.4
v 6.7 10.4 6.8
v 6.7 10.4 6.6
v 6.7 10.4 6.5
v 6.7 10.4 6.4
v 6.7 10.8 7
v 6.7 10.8 6.8
v 6.7 10.8 6.6
v 6.7 11 7.2
v 6.7 11 7
v 6.7 11 6.8
v 6.7 11.2 9
v 6.7 11.2 8.2
v 6.7 11.2 7.4
v 6.7 11.2 7.2
v 6.7 11.2 7
v 6.7 11.4 9
v 6.7 11.4 8.2
v 6.7 11.4 7.4
v 6.7 11.8 9
v 6.7 11.8 6.2
v 6.7 11.8 6
v 6.8 0.2 10.7
v 6.8 0.2 10.6
v 6.8 0.4 10.7
v 6.8 0.4 10.6
v 6.8 0.4 10.5
v 6.8 0.4 10.4
v 6.8 0.6 10.5
v 6.8 0.6 10.4
v 6.8 0.6 10.3
v 6.8 0.6 10.2
v 6.8 0.8 10.3
v 6.8 0.8 10.2
v 6.8 0.8 10.1
v 6.8 0.8 10
v 6.8 1 10.1
v 6.8 1 10
v 6.8 1 9.9
v 6.8 1 9.8
v 6.8 1.2 9.9
v 6.8 1.2 9.8
v 6.8 1.2 9.7
v 6.8 1.2 9.6
v 6.8 1.4 9.7
v 6.8 1.4 9.6
v 6.8 1.4 9.3
v 6.8 1.4 9.2
v 6.8 1.5 9.3
v 6.8 1.5 9.2
v 6.8 1.5 9.1
v 6.8 1.6 9.2
v 6.8 1.6 9.1
v 6.8 1.7 9
v 6.8 1.7 8.9
v 6.8 1.8 9
v 6.8 1.8 8.9
v 6.8 1.8 6
v 6.8 1.9 8.9
v 6.8 1.9 6
v 6.9 0 11.2
v 6.9 0 11
v 6.9 0 4.7
v 6.9 0 4.6
v 6.9 0.1 11.2
v 6.9 0.1 11.1
v 6.9 0.2 11.1
v 6.9 0.2 11
v 6.9 0.2 10.6
v 6.9 0.2 10.3
v 6.9 0.4 10.6
v 6.9 0.4 10.4
v 6.9 0.4 10.3
v 6.9 0.4 10.1
v 6.9 0.6 10.4
v 6.9 0.6 10.2
v 6.9 0.6 10.1
v 6.9 0.6 9.9
v 6.9 0.8 10.2
v 6.9 0.8 10
v 6.9 0.8 9.9
v 6.9 0.8 9.7
v 6.9 1 10
v 6.9 1 9.8
v 6.9 1 9.7
v 6.9 1 9.6
v 6.9 1.2 9.8
v 6.9 1.2 9.6
v 6.9 1.2 9.3
v 6.9 1.4 9.6
v 6.9 1.4 9.3
v 6.9 1.6 9
v 6.9 1.6 8.9
v 6.9 1.7 9
v 6.9 1.7 8.9
v 6.9 1.7 6
v 6.9 1.8 8.9
v 6.9 1.8 6
v 6.9 1.9 6
v 6.9 1.9 5.8
v 6.9 2 6
v 6.9 2 5.8
v 6.9 2.1 5.8
v 6.9 2.1 5.6
v 6.9 2.2 5.8
v 6.9 2.2 5.6
v 6.9 2.3 5.6
v 6.9 2.3 5.4
v 6.9 2.4 5.6
v 6.9 2.4 5.4
v 6.9 2.5 5.4
v 6.9 2.5 4.7
v 6.9 2.6 5.4
v 6.9 2.6 4.6
v 7 0 4.8
v 7 0 4.7
v 7 0.1 11
v 7 0.1 10.2
v 7 0.2 11
v 7 0.2 10.3
v 7 0.4 10.3
v 7 0.4 10.2
v 7 0.4 10.1
v 7 0.4 10
v 7 0.6 10.1
v 7 0.6 10
v 7 0.6 9.9
v 7 0.6 9.8
v 7 0.8 9.9
v 7 0.8 9.8
v 7 0.8 9.7
v 7 0.8 9.6
v 7 1 9.7
v 7 1 9.6
v 7 1 9.4
v 7 1.2 9.6
v 7 1.2 9.4
v 7 1.2 9.3
v 7 1.2 9.2
v 7 1.4 9.3
v 7 1.4 9.2
v 7 1.6 8.9
v 7 1.6 6
v 7 1.7 8.9
v 7 1.7 6
v 7 1.8 6
v 7 1.8 5.8
v 7 1.9 6
v 7 1.9 5.8
v 7 2 5.8
v 7 2 5.6
v 7 2.1 5.8
v 7 2.1 5.6
v 7 2.2 5.6
v 7 2.2 5.4
v 7 2.3 5.6
v 7 2.3 5.4
v 7 2.4 5.4
v 7 2.4 4.8
v 7 2.5 5.4
v 7 2.5 4.7
v 7.1 0 11
v 7.1 0 4.8
v 7.1 0.1 11
v 7.1 0.1 10.2
v 7.1 0.4 10.2
v 7.1 0.4 10
v 7.1 0.6 10
v 7.1 0.6 9.8
v 7.1 0.8 9.8
v 7.1 0.8 9.6
v 7.1 1 9.6
v 7.1 1 9.4
v 7.1 1.2 9.4
v 7.1 1.2 9.2
v 7.1 1.5 9.2
v 7.1 1.5 9.1
v 7.1 1.6 9.1
v 7.1 1.6 6
v 7.1 1.8 6
v 7.1 1.8 5.8
v 7.1 2 5.8
v 7.1 2 5.6
v 7.1 2.2 5.6
v 7.1 2.2 5.4
v 7.1 2.4 5.4
v 7.1 2.4 4.8
v -0.7 0 11.2
v -0.7 0.1 11.2
v 4.8 0.1 11.2
v 4.8 0.2 11.2
v 4.8 1.4 11.2
v 5.2 0.1 11.2
v 5.2 0.2 11.2
v 5.2 1.4 11.2
v 6.9 0 11.2
v 6.9 0.1 11.2
v -0.7 0.1 11.1
v -0.7 0.2 11.1
v 4.7 0.2 11.1
v 4.7 1.4 11.1
v 4.8 0.1 11.1
v 4.8 0.2 11.1
v 4.8 1.4 11.1
v 5.2 0.1 11.1
v 5.2 0.2 11.1
v 5.2 1.4 11.1
v 5.3 0.2 11.1
v 5.3 1.4 11.1
v 6.9 0.1 11.1
v 6.9 0.2 11.1
v -0.9 0 11
v -0.9 0.1 11
v -0.8 0.1 11
v -0.8 0.2 11
v -0.7 0 11
v -0.7 0.2 11
v 4.4 0.2 11
v 4.4 1.4 11
v 4.7 0.2 11
v 4.7 1.4 11
v 5.3 0.2 11
v 5.3 1.4 11
v 5.6 0.2 11
v 5.6 1.4 11
v 6.9 0 11
v 6.9 0.2 11
v 7 0.1 11
v 7 0.2 11
v 7.1 0 11
v 7.1 0.1 11
v 4.3 0.2 10.9
v 4.3 1.4 10.9
v 4.4 0.2 10.9
v 4.4 1.4 10.9
v 5.6 0.2 10.9
v 5.6 1.4 10.9
v 5.7 0.2 10.9
v 5.7 1.4 10.9
v -0.5 0.2 10.8
v -0.5 0.4 10.8
v 4.2 0.2 10.8
v 4.2 0.4 10.8
v 4.2 1.4 10.8
v 4.3 0.2 10.8
v 4.3 1.4 10.8
v 4.7 0.4 10.8
v 4.7 0.6 10.8
v 5.3 0.4 10.8
v 5.3 0.6 10.8
v 5.7 0.2 10.8
v 5.7 1.4 10.8
v 5.8 0.2 10.8
v 5.8 0.4 10.8
v 5.8 1.4 10.8
v 6.7 0.2 10.8
v 6.7 0.4 10.8
v -0.6 0.2 10.7
v -0.6 0.4 10.7
v -0.5 0.2 10.7
v -0.5 0.4 10.7
v 4.1 0.4 10.7
v 4.1 1.4 10.7
v 4.2 0.4 10.7
v 4.2 1.4 10.7
v 5.8 0.4 10.7
v 5.8 1.4 10.7
v 5.9 0.4 10.7
v 5.9 1.4 10.7
v 6.7 0.2 10.7
v 6.7 0.4 10.7
v 6.8 0.2 10.7
v 6.8 0.4 10.7
v -0.7 0.2 10.6
v -0.7 0.4 10.6
v -0.6 0.2 10.6
v -0.6 0.4 10.6
v -0.5 0.4 10.6
v -0.5 0.6 10.6
v 4 0.4 10.6
v 4 0.6 10.6
v 4 1.4 10.6
v 4.1 0.4 10.6
v 4.1 1.4 10.6
v 4.3 0.6 10.6
v 4.3 0.7 10.6
v 5.5 0.2 10.6
v 5.5 0.4 10.6
v 5.7 0.2 10.6
v 5.7 0.4 10.6
v 5.7 0.6 10.6
v 5.7 0.7 10.6
v 5.9 0.4 10.6
v 5.9 1.4 10.6
v 6 0.4 10.6
v 6 0.6 10.6
v 6 1.4 10.6
v 6.7 0.4 10.6
v 6.7 0.6 10.6
v 6.8 0.2 10.6
v 6.8 0.4 10.6
v 6.9 0.2 10.6
v 6.9 0.4 10.6
v -0.6 0.4 10.5
v -0.6 0.6 10.5
v -0.5 0.4 10.5
v -0.5 0.6 10.5
v 3.9 0.6 10.5
v 3.9 1.4 10.5
v 4 0.6 10.5
v 4 1.4 10.5
v 4.1 0.7 10.5
v 4.1 0.8 10.5
v 5.9 0.7 10.5
v 5.9 0.8 10.5
v 6 0.6 10.5
v 6 1.4 10.5
v 6.1 0.6 10.5
v 6.1 1.4 10.5
v 6.7 0.4 10.5
v 6.7 0.6 10.5
v 6.8 0.4 10.5
v 6.8 0.6 10.5
v -0.7 0.4 10.4
v -0.7 0.6 10.4
v -0.6 0.4 10.4
v -0.6 0.6 10.4
v -0.5 0.6 10.4
v -0.5 0.8 10.4
v 0.1 8.6 10.4
v 0.1 9.8 10.4
v 3.9 0.6 10.4
v 3.9 0.8 10.4
v 5.7 0.2 10.4
v 5.7 0.4 10.4
v 5.9 0.2 10.4
v 5.9 0.4 10.4
v 6.1 0.6 10.4
v 6.1 0.8 10.4
v 6.1 8.6 10.4
v 6.1 9.8 10.4
v 6.7 0.6 10.4
v 6.7 0.8 10.4
v 6.8 0.4 10.4
v 6.8 0.6 10.4
v 6.9 0.4 10.4
v 6.9 0.6 10.4
v -0.8 0.2 10.3
v -0.8 0.4 10.3
v -0.7 0.2 10.3
v -0.7 0.4 10.3
v -0.6 0.6 10.3
v -0.6 0.8 10.3
v -0.5 0.6 10.3
v -0.5 0.8 10.3
v 0 8.6 10.3
v 0 9.8 10.3
v 0.1 8.3 10.3
v 0.1 8.6 10.3
v 0.1 9.8 10.3
v 0.1 10.1 10.3
v 6.1 8.3 10.3
v 6.1 8.6 10.3
v 6.1 9.8 10.3
v 6.1 10.1 10.3
v 6.2 8.6 10.3
v 6.2 9.8 10.3
v 6.7 0.6 10.3
v 6.7 0.8 10.3
v 6.8 0.6 10.3
v 6.8 0.8 10.3
v 6.9 0.2 10.3
v 6.9 0.4 10.3
v 7 0.2 10.3
v 7 0.4 10.3
v -0.9 0.1 10.2
v -0.9 0.4 10.2
v -0.8 0.1 10.2
v -0.8 0.4 10.2
v -0.7 0.6 10.2
v -0.7 0.8 10.2
v -0.6 0.6 10.2
v -0.6 0.8 10.2
v -0.5 0.8 10.2
v -0.5 1 10.2
v -0.1 8.6 10.2
v -0.1 9.8 10.2
v 0 8.6 10.2
v 0 9.8 10.2
v 0 10.3 10.2
v 0.1 8 10.2
v 0.1 8.3 10.2
v 0.1 9.8 10.2
v 0.1 10.1 10.2
v 1.6 3.8 10.2
v 1.6 5.2 10.2
v 1.7 3.7 10.2
v 1.7 3.8 10.2
v 1.7 5.2 10.2
v 1.7 5.3 10.2
v 1.9 3.7 10.2
v 1.9 3.8 10.2
v 1.9 5.2 10.2
v 1.9 5.3 10.2
v 2 3.8 10.2
v 2 5.2 10.2
v 3.9 0.8 10.2
v 3.9 1 10.2
v 4.1 0.8 10.2
v 4.1 0.9 10.2
v 5.9 0.8 10.2
v 5.9 0.9 10.2
v 6.1 0.8 10.2
v 6.1 1 10.2
v 6.1 8 10.2
v 6.1 8.3 10.2
v 6.1 9.8 10.2
v 6.1 10.1 10.2
v 6.2 8.6 10.2
v 6.2 9.8 10.2
v 6.2 10.3 10.2
v 6.3 8.6 10.2
v 6.3 9.8 10.2
v 6.7 0.8 10.2
v 6.7 1 10.2
v 6.8 0.6 10.2
v 6.8 0.8 10.2
v 6.9 0.6 10.2
v 6.9 0.8 10.2
v 7 0.1 10.2
v 7 0.4 10.2
v 7.1 0.1 10.2
v 7.1 0.4 10.2
v -0.8 0.4 10.1
v -0.8 0.6 10.1
v -0.7 0.4 10.1
v -0.7 0.6 10.1
v -0.6 0.8 10.1
v -0.6 1 10.1
v -0.5 0.8 10.1
v -0.5 1 10.1
v -0.2 8.6 10.1
v -0.2 9.8 10.1
v -0.1 8.6 10.1
v -0.1 9.8 10.1
v 0 8 10.1
v 0 8.6 10.1
v 0.1 8 10.1
v 0.1 8.6 10.1
v 1.6 3.7 10.1
v 1.6 3.8 10.1
v 1.6 5.2 10.1
v 1.6 5.3 10.1
v 1.7 3.6 10.1
v 1.7 3.7 10.1
v 1.7 3.8 10.1
v 1.7 5.2 10.1
v 1.7 5.3 10.1
v 1.7 5.4 10.1
v 1.9 3.6 10.1
v 1.9 3.7 10.1
v 1.9 3.8 10.1
v 1.9 5.2 10.1
v 1.9 5.3 10.1
v 1.9 5.4 10.1
v 2 3.7 10.1
v 2 3.8 10.1
v 2 5.2 10.1
v 2 5.3 10.1
v 4.1 0.9 10.1
v 4.1 1 10.1
v 5.9 0.9 10.1
v 5.9 1 10.1
v 6.1 8 10.1
v 6.1 8.6 10.1
v 6.2 8 10.1
v 6.2 8.6 10.1
v 6.3 8.6 10.1
v 6.3 9.8 10.1
v 6.4 8.6 10.1
v 6.4 9.8 10.1
v 6.7 0.8 10.1
v 6.7 1 10.1
v 6.8 0.8 10.1
v 6.8 1 10.1
v 6.9 0.4 10.1
v 6.9 0.6 10.1
v 7 0.4 10.1
v 7 0.6 10.1
v -0.9 0.4 10
v -0.9 0.6 10
v -0.8 0.4 10
v -0.8 0.6 10
v -0.7 0.8 10
v -0.7 1 10
v -0.6 0.8 10
v -0.6 1 10
v -0.5 1 10
v -0.5 1.2 10
v -0.3 8.6 10
v -0.3 9.8 10
v -0.2 8.6 10
v -0.2 9.8 10
v -0.1 8 10
v -0.1 8.6 10
v -0.1 9.8 10
v -0.1 10.4 10
v 0 8 10
v 0 8.6 10
v 0 9.8 10
v 0 10.3 10
v 0.1 7.8 10
v 0.1 8 10
v 1.5 3.7 10
v 1.5 5.3 10
v 1.6 3.7 10
v 1.6 5.3 10
v 2 3.7 10
v 2 5.3 10
v 2.1 3.7 10
v 2.1 5.3 10
v 3.9 1 10
v 3.9 1.2 10
v 6.1 1 10
v 6.1 1.2 10
v 6.1 7.8 10
v 6.1 8 10
v 6.2 8 10
v 6.2 8.6 10
v 6.2 9.8 10
v 6.2 10.3 10
v 6.3 8 10
v 6.3 8.6 10
v 6.4 8.6 10
v 6.4 9.8 10
v 6.4 10.4 10
v 6.5 8.6 10
v 6.5 9.8 10
v 6.7 1 10
v 6.7 1.2 10
v 6.8 0.8 10
v 6.8 1 10
v 6.9 0.8 10
v 6.9 1 10
v 7 0.4 10
v 7 0.6 10
v 7.1 0.4 10
v 7.1 0.6 10
v -0.8 0.6 9.9
v -0.8 0.8 9.9
v -0.7 0.6 9.9
v -0.7 0.8 9.9
v -0.6 1 9.9
v -0.6 1.2 9.9
v -0.5 1 9.9
v -0.5 1.2 9.9
v -0.2 8 9.9
v -0.2 8.6 9.9
v -0.2 9.8 9.9
v -0.2 10.4 9.9
v -0.1 8 9.9
v -0.1 8.6 9.9
v -0.1 9.8 9.9
v -0.1 10.4 9.9
v 0 7.8 9.9
v 0 8 9.9
v 0.1 7.8 9.9
v 0.1 8 9.9
v 1.6 3.6 9.9
v 1.6 3.7 9.9
v 1.6 5.3 9.9
v 1.6 5.4 9.9
v 1.7 3.6 9.9
v 1.7 3.7 9.9
v 1.7 5.3 9.9
v 1.7 5.4 9.9
v 1.9 3.6 9.9
v 1.9 3.7 9.9
v 1.9 5.3 9.9
v 1.9 5.4 9.9
v 2 3.6 9.9
v 2 3.7 9.9
v 2 5.3 9.9
v 2 5.4 9.9
v 6.1 7.8 9.9
v 6.1 8 9.9
v 6.2 7.8 9.9
v 6.2 8 9.9
v 6.3 8 9.9
v 6.3 8.6 9.9
v 6.4 8 9.9
v 6.4 8.6 9.9
v 6.4 9.8 9.9
v 6.4 10.4 9.9
v 6.5 9.8 9.9
v 6.5 10.4 9.9
v 6.7 1 9.9
v 6.7 1.2 9.9
v 6.8 1 9.9
v 6.8 1.2 9.9
v 6.9 0.6 9.9
v 6.9 0.8 9.9
v 7 0.6 9.9
v 7 0.8 9.9
v -0.9 0.6 9.8
v -0.9 0.8 9.8
v -0.8 0.6 9.8
v -0.8 0.8 9.8
v -0.7 1 9.8
v -0.7 1.2 9.8
v -0.6 1 9.8
v -0.6 1.2 9.8
v -0.5 1.2 9.8
v -0.5 1.4 9.8
v -0.3 8 9.8
v -0.3 8.6 9.8
v -0.3 9.8 9.8
v -0.3 10.4 9.8
v -0.2 8 9.8
v -0.2 8.6 9.8
v -0.2 9.8 9.8
v -0.2 10.4 9.8
v -0.1 7.8 9.8
v -0.1 8 9.8
v -0.1 10.4 9.8
v -0.1 10.6 9.8
v 0 7.8 9.8
v 0 8 9.8
v 0.1 7.6 9.8
v 0.1 7.8 9.8
v 1 4.3 9.8
v 1 4.7 9.8
v 1.1 4.2 9.8
v 1.1 4.3 9.8
v 1.1 4.7 9.8
v 1.1 4.8 9.8
v 1.2 3.9 9.8
v 1.2 4.2 9.8
v 1.2 4.8 9.8
v 1.2 5.1 9.8
v 1.5 3.6 9.8
v 1.5 3.7 9.8
v 1.5 3.9 9.8
v 1.5 5.1 9.8
v 1.5 5.3 9.8
v 1.5 5.4 9.8
v 1.6 3.6 9.8
v 1.6 3.7 9.8
v 1.6 5.3 9.8
v 1.6 5.4 9.8
v 2 3.6 9.8
v 2 3.7 9.8
v 2 5.3 9.8
v 2 5.4 9.8
v 2.1 3.6 9.8
v 2.1 3.7 9.8
v 2.1 3.9 9.8
v 2.1 5.1 9.8
v 2.1 5.3 9.8
v 2.1 5.4 9.8
v 2.4 3.9 9.8
v 2.4 4.2 9.8
v 2.4 4.8 9.8
v 2.4 5.1 9.8
v 2.5 4.2 9.8
v 2.5 4.3 9.8
v 2.5 4.7 9.8
v 2.5 4.8 9.8
v 2.6 4.3 9.8
v 2.6 4.7 9.8
v 3.9 1.2 9.8
v 3.9 1.4 9.8
v 4.1 1 9.8
v 4.1 1.2 9.8
v 5.9 1 9.8
v 5.9 1.2 9.8
v 6.1 1.2 9.8
v 6.1 1.4 9.8
v 6.1 7.6 9.8
v 6.1 7.8 9.8
v 6.2 7.8 9.8
v 6.2 8 9.8
v 6.3 7.8 9.8
v 6.3 8 9.8
v 6.3 10.4 9.8
v 6.3 10.6 9.8
v 6.4 8 9.8
v 6.4 8.6 9.8
v 6.5 8 9.8
v 6.5 8.6 9.8
v 6.7 1.2 9.8
v 6.7 1.4 9.8
v 6.8 1 9.8
v 6.8 1.2 9.8
v 6.9 1 9.8
v 6.9 1.2 9.8
v 7 0.6 9.8
v 7 0.8 9.8
v 7.1 0.6 9.8
v 7.1 0.8 9.8
v -0.8 0.8 9.7
v -0.8 1 9.7
v -0.7 0.8 9.7
v -0.7 1 9.7
v -0.6 1.2 9.7
v -0.6 1.4 9.7
v -0.5 1.2 9.7
v -0.5 1.4 9.7
v -0.2 7.8 9.7
v -0.2 8 9.7
v -0.2 10.4 9.7
v -0.2 10.6 9.7
v -0.1 7.8 9.7
v -0.1 8 9.7
v -0.1 10.4 9.7
v -0.1 10.6 9.7
v 0 7.6 9.7
v 0 7.8 9.7
v 0.1 7.6 9.7
v 0.1 7.8 9.7
v 0.9 4.3 9.7
v 0.9 4.7 9.7
v 1 4.2 9.7
v 1 4.3 9.7
v 1 4.7 9.7
v 1 4.8 9.7
v 1.1 3.9 9.7
v 1.1 4.2 9.7
v 1.1 4.3 9.7
v 1.1 4.7 9.7
v 1.1 4.8 9.7
v 1.1 5.1 9.7
v 1.2 3.8 9.7
v 1.2 3.9 9.7
v 1.2 4.2 9.7
v 1.2 4.8 9.7
v 1.2 5.1 9.7
v 1.2 5.2 9.7
v 1.5 3.8 9.7
v 1.5 3.9 9.7
v 1.5 5.1 9.7
v 1.5 5.2 9.7
v 2.1 3.8 9.7
v 2.1 3.9 9.7
v 2.1 5.1 9.7
v 2.1 5.2 9.7
v 2.4 3.8 9.7
v 2.4 3.9 9.7
v 2.4 4.2 9.7
v 2.4 4.8 9.7
v 2.4 5.1 9.7
v 2.4 5.2 9.7
v 2.5 3.9 9.7
v 2.5 4.2 9.7
v 2.5 4.3 9.7
v 2.5 4.7 9.7
v 2.5 4.8 9.7
v 2.5 5.1 9.7
v 2.6 4.2 9.7
v 2.6 4.3 9.7
v 2.6 4.7 9.7
v 2.6 4.8 9.7
v 2.7 4.3 9.7
v 2.7 4.7 9.7
v 6.1 7.6 9.7
v 6.1 7.8 9.7
v 6.2 7.6 9.7
v 6.2 7.8 9.7
v 6.3 7.8 9.7
v 6.3 8 9.7
v 6.3 10.4 9.7
v 6.3 10.6 9.7
v 6.4 7.8 9.7
v 6.4 8 9.7
v 6.4 10.4 9.7
v 6.4 10.6 9.7
v 6.7 1.2 9.7
v 6.7 1.4 9.7
v 6.8 1.2 9.7
v 6.8 1.4 9.7
v 6.9 0.8 9.7
v 6.9 1 9.7
v 7 0.8 9.7
v 7 1 9.7
v -0.9 0.8 9.6
v -0.9 1 9.6
v -0.8 0.8 9.6
v -0.8 1 9.6
v -0.8 1.2 9.6
v -0.7 1 9.6
v -0.7 1.2 9.6
v -0.3 7.8 9.6
v -0.3 8 9.6
v -0.3 10.4 9.6
v -0.3 10.6 9.6
v -0.2 7.8 9.6
v -0.2 8 9.6
v -0.2 10.4 9.6
v -0.2 10.6 9.6
v -0.2 10.8 9.6
v -0.1 7.6 9.6
v -0.1 7.8 9.6
v 0 7.6 9.6
v 0 7.8 9.6
v 0.1 7.4 9.6
v 0.1 7.6 9.6
v 0.9 4.2 9.6
v 0.9 4.3 9.6
v 0.9 4.7 9.6
v 0.9 4.8 9.6
v 1 4.2 9.6
v 1 4.3 9.6
v 1 4.7 9.6
v 1 4.8 9.6
v 1.1 3.8 9.6
v 1.1 3.9 9.6
v 1.1 5.1 9.6
v 1.1 5.2 9.6
v 1.2 3.8 9.6
v 1.2 3.9 9.6
v 1.2 5.1 9.6
v 1.2 5.2 9.6
v 2.4 3.8 9.6
v 2.4 3.9 9.6
v 2.4 5.1 9.6
v 2.4 5.2 9.6
v 2.5 3.8 9.6
v 2.5 3.9 9.6
v 2.5 5.1 9.6
v 2.5 5.2 9.6
v 2.6 4.2 9.6
v 2.6 4.3 9.6
v 2.6 4.7 9.6
v 2.6 4.8 9.6
v 2.7 4.2 9.6
v 2.7 4.3 9.6
v 2.7 4.7 9.6
v 2.7 4.8 9.6
v 4 1.3 9.6
v 4 1.4 9.6
v 4.1 1.2 9.6
v 4.1 1.3 9.6
v 5.9 1.2 9.6
v 5.9 1.3 9.6
v 6 1.3 9.6
v 6 1.4 9.6
v 6.1 7.4 9.6
v 6.1 7.6 9.6
v 6.2 7.6 9.6
v 6.2 7.8 9.6
v 6.3 7.6 9.6
v 6.3 7.8 9.6
v 6.3 10.6 9.6
v 6.3 10.8 9.6
v 6.4 7.8 9.6
v 6.4 8 9.6
v 6.4 10.4 9.6
v 6.4 10.6 9.6
v 6.5 7.8 9.6
v 6.5 8 9.6
v 6.5 10.4 9.6
v 6.5 10.6 9.6
v 6.8 1.2 9.6
v 6.8 1.4 9.6
v 6.9 1 9.6
v 6.9 1.2 9.6
v 6.9 1.4 9.6
v 7 0.8 9.6
v 7 1 9.6
v 7 1.2 9.6
v 7.1 0.8 9.6
v 7.1 1 9.6
v -0.2 7.6 9.5
v -0.2 7.8 9.5
v -0.1 7.6 9.5
v -0.1 7.8 9.5
v 0 7.4 9.5
v 0 7.6 9.5
v 0.1 7.4 9.5
v 0.1 7.6 9.5
v 0.7 4 9.5
v 0.7 5 9.5
v 0.8 4.1 9.5
v 0.8 4.9 9.5
v 0.9 3.6 9.5
v 0.9 4 9.5
v 0.9 5 9.5
v 0.9 5.4 9.5
v 1 3.7 9.5
v 1 4.1 9.5
v 1 4.9 9.5
v 1 5.3 9.5
v 1.3 3.4 9.5
v 1.3 3.6 9.5
v 1.3 5.4 9.5
v 1.3 5.6 9.5
v 1.4 3.5 9.5
v 1.4 3.7 9.5
v 1.4 5.3 9.5
v 1.4 5.5 9.5
v 2.2 5.3 9.5
v 2.2 5.5 9.5
v 2.3 5.4 9.5
v 2.3 5.6 9.5
v 2.4 3.5 9.5
v 2.4 3.7 9.5
v 2.5 3.4 9.5
v 2.5 3.6 9.5
v 2.6 3.7 9.5
v 2.6 4.1 9.5
v 2.6 4.9 9.5
v 2.6 5.3 9.5
v 2.7 3.6 9.5
v 2.7 4 9.5
v 2.7 5 9.5
v 2.7 5.4 9.5
v 2.8 4.1 9.5
v 2.8 4.9 9.5
v 2.9 4 9.5
v 2.9 5 9.5
v 6.1 7.4 9.5
v 6.1 7.6 9.5
v 6.2 7.4 9.5
v 6.2 7.6 9.5
v 6.3 7.6 9.5
v 6.3 7.8 9.5
v 6.3 10.6 9.5
v 6.3 10.8 9.5
v 6.4 7.6 9.5
v 6.4 7.8 9.5
v 6.4 10.6 9.5
v 6.4 10.8 9.5
v -0.9 1 9.4
v -0.9 1.2 9.4
v -0.8 1 9.4
v -0.8 1.2 9.4
v -0.7 1.2 9.4
v -0.7 1.4 9.4
v -0.5 1.2 9.4
v -0.5 1.4 9.4
v -0.5 1.5 9.4
v -0.3 1.4 9.4
v -0.3 1.5 9.4
v -0.3 7.6 9.4
v -0.3 7.8 9.4
v -0.3 10.6 9.4
v -0.3 10.8 9.4
v -0.2 7.6 9.4
v -0.2 7.8 9.4
v -0.2 10.6 9.4
v -0.2 10.8 9.4
v -0.1 7.4 9.4
v -0.1 7.6 9.4
v -0.1 10.8 9.4
v -0.1 11 9.4
v 0 7.4 9.4
v 0 7.6 9.4
v 0.1 7.2 9.4
v 0.1 7.4 9.4
v 0.8 4.1 9.4
v 0.8 4.6 9.4
v 0.8 4.7 9.4
v 0.8 4.9 9.4
v 0.9 4.2 9.4
v 0.9 4.6 9.4
v 0.9 4.7 9.4
v 0.9 4.8 9.4
v 1 3.7 9.4
v 1 4.1 9.4
v 1 4.9 9.4
v 1 5.3 9.4
v 1.1 3.8 9.4
v 1.1 4.2 9.4
v 1.1 4.8 9.4
v 1.1 5.2 9.4
v 1.4 3.5 9.4
v 1.4 3.7 9.4
v 1.4 5.3 9.4
v 1.4 5.5 9.4
v 1.5 3.6 9.4
v 1.5 3.8 9.4
v 1.5 5.2 9.4
v 1.5 5.4 9.4
v 1.6 5.4 9.4
v 1.6 5.5 9.4
v 1.7 5.4 9.4
v 1.7 5.5 9.4
v 2.1 3.6 9.4
v 2.1 3.8 9.4
v 2.1 5.2 9.4
v 2.1 5.4 9.4
v 2.2 5.3 9.4
v 2.2 5.5 9.4
v 2.4 3.5 9.4
v 2.4 3.7 9.4
v 2.5 3.8 9.4
v 2.5 4.2 9.4
v 2.5 4.8 9.4
v 2.5 5.2 9.4
v 2.6 3.7 9.4
v 2.6 4.1 9.4
v 2.6 4.9 9.4
v 2.6 5.3 9.4
v 2.7 4.2 9.4
v 2.7 4.8 9.4
v 2.8 4.1 9.4
v 2.8 4.9 9.4
v 4.6 4.7 9.4
v 4.6 6.1 9.4
v 4.7 0.4 9.4
v 4.7 0.6 9.4
v 4.7 4.8 9.4
v 4.7 6 9.4
v 4.9 4.8 9.4
v 4.9 6 9.4
v 5 4.9 9.4
v 5 5.2 9.4
v 5 5.4 9.4
v 5 5.5 9.4
v 5 5.7 9.4
v 5 6 9.4
v 5.1 4.8 9.4
v 5.1 4.9 9.4
v 5.1 5.2 9.4
v 5.1 5.3 9.4
v 5.1 5.8 9.4
v 5.1 5.9 9.4
v 5.3 0.4 9.4
v 5.3 0.6 9.4
v 5.4 4.8 9.4
v 5.4 4.9 9.4
v 5.4 5 9.4
v 5.4 5.1 9.4
v 5.4 5.2 9.4
v 5.4 5.3 9.4
v 5.4 5.4 9.4
v 5.4 5.5 9.4
v 5.4 5.7 9.4
v 5.4 5.8 9.4
v 5.5 4.9 9.4
v 5.5 5 9.4
v 5.5 5.1 9.4
v 5.5 5.2 9.4
v 5.5 5.5 9.4
v 5.5 5.7 9.4
v 5.5 5.9 9.4
v 5.5 6 9.4
v 5.6 4.7 9.4
v 5.6 6.1 9.4
v 6.1 7.2 9.4
v 6.1 7.4 9.4
v 6.2 7.4 9.4
v 6.2 7.6 9.4
v 6.3 7.4 9.4
v 6.3 7.6 9.4
v 6.3 10.8 9.4
v 6.3 11 9.4
v 6.4 7.6 9.4
v 6.4 7.8 9.4
v 6.4 10.6 9.4
v 6.4 10.8 9.4
v 6.5 1.4 9.4
v 6.5 1.5 9.4
v 6.5 7.6 9.4
v 6.5 7.8 9.4
v 6.5 10.6 9.4
v 6.5 10.8 9.4
v 6.7 1.4 9.4
v 6.7 1.5 9.4
v 7 1 9.4
v 7 1.2 9.4
v 7.1 1 9.4
v 7.1 1.2 9.4
v -0.8 1.2 9.3
v -0.8 1.4 9.3
v -0.7 1.2 9.3
v -0.7 1.4 9.3
v -0.6 1.4 9.3
v -0.6 1.5 9.3
v -0.5 1.4 9.3
v -0.5 1.5 9.3
v -0.5 1.6 9.3
v -0.3 1.5 9.3
v -0.3 1.6 9.3
v -0.2 7.4 9.3
v -0.2 7.6 9.3
v -0.2 10.8 9.3
v -0.2 11 9.3
v -0.1 7.4 9.3
v -0.1 7.6 9.3
v -0.1 10.8 9.3
v -0.1 11 9.3
v 0 7.2 9.3
v 0 7.4 9.3
v 0.1 7.2 9.3
v 0.1 7.4 9.3
v 0.7 4.6 9.3
v 0.7 4.7 9.3
v 1.6 4.7 9.3
v 1.6 5.6 9.3
v 1.7 4.6 9.3
v 1.7 5.6 9.3
v 4.3 4.5 9.3
v 4.3 6.3 9.3
v 4.4 4.4 9.3
v 4.4 4.5 9.3
v 4.4 6.3 9.3
v 4.4 6.4 9.3
v 4.5 4.6 9.3
v 4.5 6.2 9.3
v 4.6 4.7 9.3
v 4.6 6.1 9.3
v 5.6 4.7 9.3
v 5.6 6.1 9.3
v 5.7 4.6 9.3
v 5.7 6.2 9.3
v 5.8 4.4 9.3
v 5.8 4.5 9.3
v 5.8 6.3 9.3
v 5.8 6.4 9.3
v 5.9 4.5 9.3
v 5.9 6.3 9.3
v 6.1 7.2 9.3
v 6.1 7.4 9.3
v 6.2 7.2 9.3
v 6.2 7.4 9.3
v 6.3 7.4 9.3
v 6.3 7.6 9.3
v 6.3 10.8 9.3
v 6.3 11 9.3
v 6.4 7.4 9.3
v 6.4 7.6 9.3
v 6.4 10.8 9.3
v 6.4 11 9.3
v 6.5 1.5 9.3
v 6.5 1.6 9.3
v 6.7 1.4 9.3
v 6.7 1.5 9.3
v 6.7 1.6 9.3
v 6.8 1.4 9.3
v 6.8 1.5 9.3
v 6.9 1.2 9.3
v 6.9 1.4 9.3
v 7 1.2 9.3
v 7 1.4 9.3
v -0.9 1.2 9.2
v -0.9 1.5 9.2
v -0.8 1.2 9.2
v -0.8 1.4 9.2
v -0.6 1.4 9.2
v -0.6 1.5 9.2
v -0.6 1.6 9.2
v -0.5 1.5 9.2
v -0.5 1.6 9.2
v -0.3 1.4 9.2
v -0.3 1.6 9.2
v -0.3 6.8 9.2
v -0.3 7.4 9.2
v -0.3 7.6 9.2
v -0.3 10.8 9.2
v -0.3 11 9.2
v -0.3 11.2 9.2
v -0.3 11.4 9.2
v -0.3 11.8 9.2
v -0.2 7.4 9.2
v -0.2 7.6 9.2
v -0.2 10.8 9.2
v -0.2 11 9.2
v -0.1 6.8 9.2
v -0.1 6.9 9.2
v -0.1 7.2 9.2
v -0.1 7.4 9.2
v -0.1 11 9.2
v -0.1 11.2 9.2
v -0.1 11.4 9.2
v 0 7.2 9.2
v 0 7.4 9.2
v 0.1 11.4 9.2
v 0.1 11.6 9.2
v 0.7 4 9.2
v 0.7 5 9.2
v 0.7 6.4 9.2
v 0.9 3.6 9.2
v 0.9 4 9.2
v 0.9 5 9.2
v 0.9 5.4 9.2
v 1.3 3.4 9.2
v 1.3 3.6 9.2
v 1.3 5.4 9.2
v 1.3 5.6 9.2
v 1.3 6.4 9.2
v 1.3 6.8 9.2
v 2.3 5.4 9.2
v 2.3 5.6 9.2
v 2.3 6.4 9.2
v 2.3 6.8 9.2
v 2.5 3.4 9.2
v 2.5 3.6 9.2
v 2.7 3.6 9.2
v 2.7 4 9.2
v 2.7 5 9.2
v 2.7 5.4 9.2
v 2.9 4 9.2
v 2.9 5 9.2
v 2.9 6.4 9.2
v 3.9 1.4 9.2
v 3.9 3.2 9.2
v 4.1 3.2 9.2
v 4.1 3.4 9.2
v 4.3 3.4 9.2
v 4.3 3.6 9.2
v 4.3 4.5 9.2
v 4.3 6.3 9.2
v 4.4 4.4 9.2
v 4.4 4.5 9.2
v 4.4 6.3 9.2
v 4.4 6.4 9.2
v 4.5 4.6 9.2
v 4.5 6.2 9.2
v 4.7 3.6 9.2
v 4.7 3.8 9.2
v 4.7 4.8 9.2
v 4.7 6 9.2
v 4.9 4.8 9.2
v 4.9 6 9.2
v 5.3 3.6 9.2
v 5.3 3.8 9.2
v 5.7 3.4 9.2
v 5.7 3.6 9.2
v 5.7 4.6 9.2
v 5.7 6.2 9.2
v 5.8 4.4 9.2
v 5.8 4.5 9.2
v 5.8 6.3 9.2
v 5.8 6.4 9.2
v 5.9 3.2 9.2
v 5.9 3.4 9.2
v 5.9 4.5 9.2
v 5.9 6.3 9.2
v 6.1 1.4 9.2
v 6.1 3.2 9.2
v 6.1 11.4 9.2
v 6.1 11.6 9.2
v 6.2 7.2 9.2
v 6.2 7.4 9.2
v 6.3 6.8 9.2
v 6.3 6.9 9.2
v 6.3 7.2 9.2
v 6.3 7.4 9.2
v 6.3 11 9.2
v 6.3 11.2 9.2
v 6.3 11.4 9.2
v 6.4 7.4 9.2
v 6.4 7.6 9.2
v 6.4 10.8 9.2
v 6.4 11 9.2
v 6.5 1.4 9.2
v 6.5 1.6 9.2
v 6.5 6.8 9.2
v 6.5 7.4 9.2
v 6.5 7.6 9.2
v 6.5 10.8 9.2
v 6.5 11 9.2
v 6.5 11.2 9.2
v 6.5 11.4 9.2
v 6.5 11.8 9.2
v 6.7 1.5 9.2
v 6.7 1.6 9.2
v 6.8 1.4 9.2
v 6.8 1.5 9.2
v 6.8 1.6 9.2
v 7 1.2 9.2
v 7 1.4 9.2
v 7.1 1.2 9.2
v 7.1 1.5 9.2
v -0.9 1.5 9.1
v -0.9 1.6 9.1
v -0.6 1.5 9.1
v -0.6 1.6 9.1
v -0.4 1.6 9.1
v -0.4 1.8 9.1
v -0.4 6.8 9.1
v -0.4 11.4 9.1
v -0.4 11.9 9.1
v -0.3 1.6 9.1
v -0.3 1.8 9.1
v -0.3 6.8 9.1
v -0.3 6.9 9.1
v -0.3 11.4 9.1
v -0.3 11.8 9.1
v -0.2 7.2 9.1
v -0.2 7.4 9.1
v -0.2 11 9.1
v -0.2 11.2 9.1
v -0.1 6.8 9.1
v -0.1 6.9 9.1
v -0.1 7 9.1
v -0.1 7.2 9.1
v -0.1 7.4 9.1
v -0.1 11 9.1
v -0.1 11.2 9.1
v 1.3 6.4 9.1
v 1.3 6.8 9.1
v 1.4 6.4 9.1
v 1.4 6.7 9.1
v 2.2 6.4 9.1
v 2.2 6.7 9.1
v 2.3 6.4 9.1
v 2.3 6.8 9.1
v 6.3 6.8 9.1
v 6.3 6.9 9.1
v 6.3 7 9.1
v 6.3 7.2 9.1
v 6.3 7.4 9.1
v 6.3 11 9.1
v 6.3 11.2 9.1
v 6.4 7.2 9.1
v 6.4 7.4 9.1
v 6.4 11 9.1
v 6.4 11.2 9.1
v 6.5 1.6 9.1
v 6.5 1.8 9.1
v 6.5 6.8 9.1
v 6.5 6.9 9.1
v 6.5 11.4 9.1
v 6.5 11.8 9.1
v 6.6 1.6 9.1
v 6.6 1.8 9.1
v 6.6 6.8 9.1
v 6.6 11.4 9.1
v 6.6 11.9 9.1
v 6.8 1.5 9.1
v 6.8 1.6 9.1
v 7.1 1.5 9.1
v 7.1 1.6 9.1
v -0.7 1.6 9
v -0.7 1.7 9
v -0.6 1.7 9
v -0.6 1.8 9
v -0.5 1.8 9
v -0.5 6.8 9
v -0.5 11.2 9
v -0.5 11.4 9
v -0.5 11.8 9
v -0.4 1.6 9
v -0.4 1.8 9
v -0.4 6.8 9
v -0.4 6.9 9
v -0.4 11.4 9
v -0.4 11.8 9
v -0.3 6.8 9
v -0.3 6.9 9
v -0.3 7.2 9
v -0.3 7.4 9
v -0.3 11 9
v -0.3 11.2 9
v -0.3 11.4 9
v -0.3 11.9 9
v -0.3 12 9
v -0.2 6.9 9
v -0.2 7 9
v -0.2 7.2 9
v -0.2 7.4 9
v -0.2 11 9
v -0.2 11.2 9
v -0.1 6.9 9
v -0.1 7 9
v -0.1 7.2 9
v -0.1 11.2 9
v -0.1 11.4 9
v 0.1 11.4 9
v 1.4 6.4 9
v 1.4 6.7 9
v 2.2 6.4 9
v 2.2 6.7 9
v 6.1 11.4 9
v 6.3 6.9 9
v 6.3 7 9
v 6.3 7.2 9
v 6.3 11.2 9
v 6.3 11.4 9
v 6.4 6.9 9
v 6.4 7 9
v 6.4 7.2 9
v 6.4 7.4 9
v 6.4 11 9
v 6.4 11.2 9
v 6.5 6.8 9
v 6.5 6.9 9
v 6.5 7.2 9
v 6.5 7.4 9
v 6.5 11 9
v 6.5 11.2 9
v 6.5 11.4 9
v 6.5 11.9 9
v 6.5 12 9
v 6.6 1.6 9
v 6.6 1.8 9
v 6.6 6.8 9
v 6.6 6.9 9
v 6.6 11.4 9
v 6.6 11.8 9
v 6.7 1.8 9
v 6.7 6.8 9
v 6.7 11.2 9
v 6.7 11.4 9
v 6.7 11.8 9
v 6.8 1.7 9
v 6.8 1.8 9
v 6.9 1.6 9
v 6.9 1.7 9
v -0.8 1.6 8.9
v -0.8 1.7 8.9
v -0.7 1.6 8.9
v -0.7 1.7 8.9
v -0.7 1.8 8.9
v -0.6 1.7 8.9
v -0.6 1.8 8.9
v -0.6 1.9 8.9
v -0.5 1.8 8.9
v -0.5 1.9 8.9
v -0.5 6.8 8.9
v -0.5 6.9 8.9
v -0.4 6.8 8.9
v -0.4 6.9 8.9
v -0.4 7 8.9
v -0.3 6.9 8.9
v -0.3 7 8.9
v -0.2 6.9 8.9
v -0.2 7 8.9
v 6.4 6.9 8.9
v 6.4 7 8.9
v 6.5 6.9 8.9
v 6.5 7 8.9
v 6.6 6.8 8.9
v 6.6 6.9 8.9
v 6.6 7 8.9
v 6.7 1.8 8.9
v 6.7 1.9 8.9
v 6.7 6.8 8.9
v 6.7 6.9 8.9
v 6.8 1.7 8.9
v 6.8 1.8 8.9
v 6.8 1.9 8.9
v 6.9 1.6 8.9
v 6.9 1.7 8.9
v 6.9 1.8 8.9
v 7 1.6 8.9
v 7 1.7 8.9
v -0.2 7 8.8
v -0.2 7.1 8.8
v -0.1 7 8.8
v -0.1 7.1 8.8
v 6.3 7 8.8
v 6.3 7.1 8.8
v 6.4 7 8.8
v 6.4 7.1 8.8
v -0.3 7 8.7
v -0.3 7.1 8.7
v -0.2 7 8.7
v -0.2 7.1 8.7
v -0.2 7.2 8.7
v -0.1 7.1 8.7
v -0.1 7.2 8.7
v 6.3 7.1 8.7
v 6.3 7.2 8.7
v 6.4 7 8.7
v 6.4 7.1 8.7
v 6.4 7.2 8.7
v 6.5 7 8.7
v 6.5 7.1 8.7
v -0.4 7 8.6
v -0.4 7.1 8.6
v -0.3 7 8.6
v -0.3 7.1 8.6
v -0.3 7.2 8.6
v -0.2 7.1 8.6
v -0.2 7.2 8.6
v 0.1 11.4 8.6
v 0.1 11.6 8.6
v 6.1 11.4 8.6
v 6.1 11.6 8.6
v 6.4 7.1 8.6
v 6.4 7.2 8.6
v 6.5 7 8.6
v 6.5 7.1 8.6
v 6.5 7.2 8.6
v 6.6 7 8.6
v 6.6 7.1 8.6
v -0.5 6.9 8.4
v -0.5 7 8.4
v -0.4 6.9 8.4
v -0.4 7 8.4
v -0.4 7.1 8.4
v -0.4 7.2 8.4
v -0.3 7.1 8.4
v -0.3 7.2 8.4
v 6.5 7.1 8.4
v 6.5 7.2 8.4
v 6.6 6.9 8.4
v 6.6 7 8.4
v 6.6 7.1 8.4
v 6.6 7.2 8.4
v 6.7 6.9 8.4
v 6.7 7 8.4
v -0.5 7 8.3
v -0.5 7.1 8.3
v -0.4 7 8.3
v -0.4 7.1 8.3
v 6.6 7 8.3
v 6.6 7.1 8.3
v 6.7 7 8.3
v 6.7 7.1 8.3
v 3.9 1.4 8.2
v 3.9 3.2 8.2
v 4.1 3.2 8.2
v 4.1 3.4 8.2
v 4.3 3.4 8.2
v 4.3 3.6 8.2
v 4.7 3.6 8.2
v 4.7 3.8 8.2
v 5.3 3.6 8.2
v 5.3 3.8 8.2
v 5.7 3.4 8.2
v 5.7 3.6 8.2
v 5.9 3.2 8.2
v 5.9 3.4 8.2
v 6.1 1.4 8.2
v 6.1 3.2 8.2
v -0.5 7.1 8
v -0.5 7.2 8
v -0.4 7.1 8
v -0.4 7.2 8
v -0.4 7.4 8
v -0.3 7.2 8
v -0.3 7.4 8
v 6.5 7.2 8
v 6.5 7.4 8
v 6.6 7.1 8
v 6.6 7.2 8
v 6.6 7.4 8
v 6.7 7.1 8
v 6.7 7.2 8
v -0.5 7.2 7.9
v -0.5 7.3 7.9
v -0.4 7.2 7.9
v -0.4 7.3 7.9
v 6.6 7.2 7.9
v 6.6 7.3 7.9
v 6.7 7.2 7.9
v 6.7 7.3 7.9
v -0.5 7.3 7.6
v -0.5 7.4 7.6
v -0.4 7.3 7.6
v -0.4 7.4 7.6
v -0.4 7.6 7.6
v -0.3 7.4 7.6
v -0.3 7.6 7.6
v 6.5 7.4 7.6
v 6.5 7.6 7.6
v 6.6 7.3 7.6
v 6.6 7.4 7.6
v 6.6 7.6 7.6
v 6.7 7.3 7.6
v 6.7 7.4 7.6
v -0.5 7.4 7.5
v -0.5 7.5 7.5
v -0.4 7.4 7.5
v -0.4 7.5 7.5
v 6.6 7.4 7.5
v 6.6 7.5 7.5
v 6.7 7.4 7.5
v 6.7 7.5 7.5
v -0.5 7.5 7.2
v -0.5 7.6 7.2
v -0.5 11 7.2
v -0.5 11.2 7.2
v -0.4 7.5 7.2
v -0.4 7.6 7.2
v -0.4 7.8 7.2
v -0.3 7.6 7.2
v -0.3 7.8 7.2
v -0.3 11 7.2
v -0.3 11.2 7.2
v 6.5 7.6 7.2
v 6.5 7.8 7.2
v 6.5 11 7.2
v 6.5 11.2 7.2
v 6.6 7.5 7.2
v 6.6 7.6 7.2
v 6.6 7.8 7.2
v 6.7 7.5 7.2
v 6.7 7.6 7.2
v 6.7 11 7.2
v 6.7 11.2 7.2
v -0.5 7.6 7.1
v -0.5 7.7 7.1
v -0.4 7.6 7.1
v -0.4 7.7 7.1
v 6.6 7.6 7.1
v 6.6 7.7 7.1
v 6.7 7.6 7.1
v 6.7 7.7 7.1
v -0.5 10.8 7
v -0.5 11 7
v -0.3 10.8 7
v -0.3 11 7
v 6.5 10.8 7
v 6.5 11 7
v 6.7 10.8 7
v 6.7 11 7
v -0.5 7.7 6.8
v -0.5 7.8 6.8
v -0.5 10.4 6.8
v -0.5 10.8 6.8
v -0.4 7.7 6.8
v -0.4 7.8 6.8
v -0.4 8 6.8
v -0.3 7.8 6.8
v -0.3 8 6.8
v -0.3 10.4 6.8
v -0.3 10.8 6.8
v 6.5 7.8 6.8
v 6.5 8 6.8
v 6.5 10.4 6.8
v 6.5 10.8 6.8
v 6.6 7.7 6.8
v 6.6 7.8 6.8
v 6.6 8 6.8
v 6.7 7.7 6.8
v 6.7 7.8 6.8
v 6.7 10.4 6.8
v 6.7 10.8 6.8
v -0.5 7.8 6.7
v -0.5 7.9 6.7
v -0.4 7.8 6.7
v -0.4 7.9 6.7
v 6.6 7.8 6.7
v 6.6 7.9 6.7
v 6.7 7.8 6.7
v 6.7 7.9 6.7
v -0.5 7.9 6.6
v -0.5 8 6.6
v -0.4 7.9 6.6
v -0.4 8 6.6
v -0.4 10.4 6.6
v -0.3 8 6.6
v -0.3 10.4 6.6
v 6.5 8 6.6
v 6.5 10.4 6.6
v 6.6 7.9 6.6
v 6.6 8 6.6
v 6.6 10.4 6.6
v 6.7 7.9 6.6
v 6.7 8 6.6
v -0.5 8 6.5
v -0.5 10.4 6.5
v -0.4 8 6.5
v -0.4 10.4 6.5
v 6.6 8 6.5
v 6.6 10.4 6.5
v 6.7 8 6.5
v 6.7 10.4 6.5
v -0.9 1.6 6
v -0.9 1.8 6
v -0.8 1.6 6
v -0.8 1.7 6
v -0.8 1.8 6
v -0.8 1.9 6
v -0.7 1.7 6
v -0.7 1.8 6
v -0.7 1.9 6
v -0.7 2 6
v -0.6 1.8 6
v -0.6 1.9 6
v -0.5 1.9 6
v -0.5 2 6
v 6.7 1.9 6
v 6.7 2 6
v 6.8 1.8 6
v 6.8 1.9 6
v 6.9 1.7 6
v 6.9 1.8 6
v 6.9 1.9 6
v 6.9 2 6
v 7 1.6 6
v 7 1.7 6
v 7 1.8 6
v 7 1.9 6
v 7.1 1.6 6
v 7.1 1.8 6
v -0.9 1.8 5.8
v -0.9 2 5.8
v -0.8 1.8 5.8
v -0.8 1.9 5.8
v -0.8 2 5.8
v -0.8 2.1 5.8
v -0.7 1.9 5.8
v -0.7 2 5.8
v -0.7 2.1 5.8
v -0.7 2.2 5.8
v -0.4 2 5.8
v -0.4 2.1 5.8
v -0.4 2.2 5.8
v -0.4 2.3 5.8
v -0.3 2.1 5.8
v -0.3 2.3 5.8
v 6.5 2.1 5.8
v 6.5 2.3 5.8
v 6.6 2 5.8
v 6.6 2.1 5.8
v 6.6 2.2 5.8
v 6.6 2.3 5.8
v 6.9 1.9 5.8
v 6.9 2 5.8
v 6.9 2.1 5.8
v 6.9 2.2 5.8
v 7 1.8 5.8
v 7 1.9 5.8
v 7 2 5.8
v 7 2.1 5.8
v 7.1 1.8 5.8
v 7.1 2 5.8
v -0.9 2 5.6
v -0.9 2.2 5.6
v -0.8 2 5.6
v -0.8 2.1 5.6
v -0.8 2.2 5.6
v -0.8 2.3 5.6
v -0.7 2.1 5.6
v -0.7 2.2 5.6
v -0.7 2.3 5.6
v -0.7 2.4 5.6
v -0.4 2.2 5.6
v -0.4 2.3 5.6
v -0.4 2.4 5.6
v -0.4 2.5 5.6
v -0.3 2.3 5.6
v -0.3 2.5 5.6
v 6.5 2.3 5.6
v 6.5 2.5 5.6
v 6.6 2.2 5.6
v 6.6 2.3 5.6
v 6.6 2.4 5.6
v 6.6 2.5 5.6
v 6.9 2.1 5.6
v 6.9 2.2 5.6
v 6.9 2.3 5.6
v 6.9 2.4 5.6
v 7 2 5.6
v 7 2.1 5.6
v 7 2.2 5.6
v 7 2.3 5.6
v 7.1 2 5.6
v 7.1 2.2 5.6
v -0.9 2.2 5.4
v -0.9 2.4 5.4
v -0.8 2.2 5.4
v -0.8 2.3 5.4
v -0.8 2.4 5.4
v -0.8 2.5 5.4
v -0.7 2.3 5.4
v -0.7 2.4 5.4
v -0.7 2.5 5.4
v -0.7 2.6 5.4
v -0.4 2.4 5.4
v -0.4 2.5 5.4
v -0.4 2.6 5.4
v -0.4 2.7 5.4
v -0.3 2.5 5.4
v -0.3 2.7 5.4
v 6.5 2.5 5.4
v 6.5 2.7 5.4
v 6.6 2.4 5.4
v 6.6 2.5 5.4
v 6.6 2.6 5.4
v 6.6 2.7 5.4
v 6.9 2.3 5.4
v 6.9 2.4 5.4
v 6.9 2.5 5.4
v 6.9 2.6 5.4
v 7 2.2 5.4
v 7 2.3 5.4
v 7 2.4 5.4
v 7 2.5 5.4
v 7.1 2.2 5.4
v 7.1 2.4 5.4
v 4.8 1.3 11.1
v 4.8 1.4 11.1
v 5.2 1.3 11.1
v 5.2 1.4 11.1
v 4.7 0.4 11
v 4.7 1.4 11
v 4.8 1.3 11
v 4.8 1.4 11
v 5.2 1.3 11
v 5.2 1.4 11
v 5.3 0.4 11
v 5.3 1.4 11
v 4.4 1.3 10.9
v 4.4 1.4 10.9
v 4.7 1.3 10.9
v 4.7 1.4 10.9
v 5.3 1.3 10.9
v 5.3 1.4 10.9
v 5.6 1.3 10.9
v 5.6 1.4 10.9
v 4.3 0.6 10.8
v 4.3 1.4 10.8
v 4.4 1.3 10.8
v 4.4 1.4 10.8
v 4.7 0.6 10.8
v 4.7 1.3 10.8
v 5.3 0.6 10.8
v 5.3 1.3 10.8
v 5.5 0.2 10.8
v 5.5 0.4 10.8
v 5.6 1.3 10.8
v 5.6 1.4 10.8
v 5.7 0.2 10.8
v 5.7 0.4 10.8
v 5.7 0.6 10.8
v 5.7 1.4 10.8
v 4.2 1.3 10.7
v 4.2 1.4 10.7
v 4.3 1.3 10.7
v 4.3 1.4 10.7
v 5.7 1.3 10.7
v 5.7 1.4 10.7
v 5.8 1.3 10.7
v 5.8 1.4 10.7
v 4.1 0.7 10.6
v 4.1 1.4 10.6
v 4.2 1.3 10.6
v 4.2 1.4 10.6
v 4.3 0.7 10.6
v 4.3 1.3 10.6
v 5.7 0.2 10.6
v 5.7 0.4 10.6
v 5.7 0.7 10.6
v 5.7 1.3 10.6
v 5.8 1.3 10.6
v 5.8 1.4 10.6
v 5.9 0.2 10.6
v 5.9 0.4 10.6
v 5.9 0.7 10.6
v 5.9 1.4 10.6
v 4 1.3 10.5
v 4 1.4 10.5
v 4.1 1.3 10.5
v 4.1 1.4 10.5
v 5.9 1.3 10.5
v 5.9 1.4 10.5
v 6 1.3 10.5
v 6 1.4 10.5
v 4.7 0.4 9.8
v 4.7 0.6 9.8
v 5.3 0.4 9.8
v 5.3 0.6 9.8
v -0.6 1.2 9.6
v -0.6 1.4 9.6
v -0.5 1.2 9.6
v -0.5 1.4 9.6
v 0.7 4.6 9.4
v 0.7 4.7 9.4
v 0.8 4.6 9.4
v 0.8 4.7 9.4
v 0.9 4.6 9.4
v 0.9 4.7 9.4
v 1.6 4.7 9.4
v 1.6 5.4 9.4
v 1.6 5.5 9.4
v 1.6 5.6 9.4
v 1.7 4.6 9.4
v 1.7 5.4 9.4
v 1.7 5.5 9.4
v 1.7 5.6 9.4
v -0.5 2 6
v -0.5 11.8 6
v -0.4 2 6
v -0.4 2.1 6
v -0.4 11.6 6
v -0.4 11.8 6
v -0.4 11.9 6
v -0.3 11.9 6
v -0.3 12 6
v -0.2 11.6 6
v -0.2 11.7 6
v -0.1 11.7 6
v -0.1 11.8 6
v 6.3 11.7 6
v 6.3 11.8 6
v 6.4 11.6 6
v 6.4 11.7 6
v 6.5 11.9 6
v 6.5 12 6
v 6.6 2 6
v 6.6 2.1 6
v 6.6 11.6 6
v 6.6 11.8 6
v 6.6 11.9 6
v 6.7 2 6
v 6.7 11.8 6
v -0.4 2.1 5.9
v -0.4 11.6 5.9
v -0.3 2.1 5.9
v -0.3 11.6 5.9
v 6.5 2.1 5.9
v 6.5 11.6 5.9
v 6.6 2.1 5.9
v 6.6 11.6 5.9
v -0.1 11.7 5.3
v -0.1 11.8 5.3
v 6.3 11.7 5.3
v 6.3 11.8 5.3
v -0.3 2.7 5.2
v -0.3 11.6 5.2
v -0.2 2.7 5.2
v -0.2 11.6 5.2
v -0.2 11.7 5.2
v 6.4 2.7 5.2
v 6.4 11.6 5.2
v 6.4 11.7 5.2
v 6.5 2.7 5.2
v 6.5 11.6 5.2
v -0.4 2.6 5.1
v -0.4 2.7 5.1
v -0.2 2.6 5.1
v -0.2 2.7 5.1
v -0.2 11.6 5.1
v -0.1 2.7 5.1
v -0.1 11.5 5.1
v 6.3 2.7 5.1
v 6.3 11.5 5.1
v 6.4 2.6 5.1
v 6.4 2.7 5.1
v 6.4 11.6 5.1
v 6.6 2.6 5.1
v 6.6 2.7 5.1
v -0.1 2.7 5
v -0.1 11.5 5
v 6.3 2.7 5
v 6.3 11.5 5
v -0.2 2.6 4.9
v -0.2 2.7 4.9
v 6.4 2.6 4.9
v 6.4 2.7 4.9
v -0.9 0 4.8
v -0.9 2.4 4.8
v -0.8 0 4.8
v -0.8 2.4 4.8
v 7 0 4.8
v 7 2.4 4.8
v 7.1 0 4.8
v 7.1 2.4 4.8
v -0.8 0 4.7
v -0.8 2.5 4.7
v -0.7 0 4.7
v -0.7 2.5 4.7
v 6.9 0 4.7
v 6.9 2.5 4.7
v 7 0 4.7
v 7 2.5 4.7
v -0.7 0 4.6
v -0.7 2.6 4.6
v 6.9 0 4.6
v 6.9 2.6 4.6
v -0.7 0 11.2
v 6.9 0 11.2
v -0.9 0 11
v -0.7 0 11
v 6.9 0 11
v 7.1 0 11
v -0.9 0 4.8
v -0.8 0 4.8
v 7 0 4.8
v 7.1 0 4.8
v -0.8 0 4.7
v -0.7 0 4.7
v 6.9 0 4.7
v 7 0 4.7
v -0.7 0 4.6
v 6.9 0 4.6
v 5.5 0.4 10.8
v 5.7 0.4 10.8
v 5.5 0.4 10.6
v 5.7 0.4 10.6
v 5.9 0.4 10.6
v 5.7 0.4 10.4
v 5.9 0.4 10.4
v 4.7 0.6 9.8
v 5.3 0.6 9.8
v 4.7 0.6 9.4
v 5.3 0.6 9.4
v 3.9 3.2 9.2
v 4.1 3.2 9.2
v 5.9 3.2 9.2
v 6.1 3.2 9.2
v 3.9 3.2 9
v 4.1 3.2 9
v 5.9 3.2 9
v 6.1 3.2 9
v 3.9 3.2 8.2
v 4.1 3.2 8.2
v 5.9 3.2 8.2
v 6.1 3.2 8.2
v 1.3 3.4 9.5
v 2.5 3.4 9.5
v 1.3 3.4 9.2
v 2.5 3.4 9.2
v 4.1 3.4 9.2
v 4.3 3.4 9.2
v 5.7 3.4 9.2
v 5.9 3.4 9.2
v 4.1 3.4 9
v 4.3 3.4 9
v 5.7 3.4 9
v 5.9 3.4 9
v 4.1 3.4 8.2
v 4.3 3.4 8.2
v 5.7 3.4 8.2
v 5.9 3.4 8.2
v 1.7 3.6 10.1
v 1.9 3.6 10.1
v 1.6 3.6 9.9
v 1.7 3.6 9.9
v 1.9 3.6 9.9
v 2 3.6 9.9
v 1.5 3.6 9.8
v 1.6 3.6 9.8
v 2 3.6 9.8
v 2.1 3.6 9.8
v 0.9 3.6 9.5
v 1.3 3.6 9.5
v 2.5 3.6 9.5
v 2.7 3.6 9.5
v 1.5 3.6 9.4
v 2.1 3.6 9.4
v 0.9 3.6 9.2
v 1.3 3.6 9.2
v 2.5 3.6 9.2
v 2.7 3.6 9.2
v 4.3 3.6 9.2
v 4.7 3.6 9.2
v 5.3 3.6 9.2
v 5.7 3.6 9.2
v 4.3 3.6 9
v 4.7 3.6 9
v 5.3 3.6 9
v 5.7 3.6 9
v 4.3 3.6 8.2
v 4.7 3.6 8.2
v 5.3 3.6 8.2
v 5.7 3.6 8.2
v 1.7 3.7 10.2
v 1.9 3.7 10.2
v 1.6 3.7 10.1
v 1.7 3.7 10.1
v 1.9 3.7 10.1
v 2 3.7 10.1
v 1.5 3.7 10
v 1.6 3.7 10
v 2 3.7 10
v 2.1 3.7 10
v 1.6 3.7 9.9
v 1.7 3.7 9.9
v 1.9 3.7 9.9
v 2 3.7 9.9
v 1.5 3.7 9.8
v 1.6 3.7 9.8
v 2 3.7 9.8
v 2.1 3.7 9.8
v 1.6 3.8 10.2
v 1.7 3.8 10.2
v 1.9 3.8 10.2
v 2 3.8 10.2
v 1.6 3.8 10.1
v 1.7 3.8 10.1
v 1.9 3.8 10.1
v 2 3.8 10.1
v 1.2 3.8 9.7
v 1.5 3.8 9.7
v 2.1 3.8 9.7
v 2.4 3.8 9.7
v 1.1 3.8 9.6
v 1.2 3.8 9.6
v 2.4 3.8 9.6
v 2.5 3.8 9.6
v 1.1 3.8 9.4
v 1.5 3.8 9.4
v 2.1 3.8 9.4
v 2.5 3.8 9.4
v 4.7 3.8 9.2
v 5.3 3.8 9.2
v 4.7 3.8 9
v 5.3 3.8 9
v 4.7 3.8 8.2
v 5.3 3.8 8.2
v 1.2 3.9 9.8
v 1.5 3.9 9.8
v 2.1 3.9 9.8
v 2.4 3.9 9.8
v 1.1 3.9 9.7
v 1.2 3.9 9.7
v 1.5 3.9 9.7
v 2.1 3.9 9.7
v 2.4 3.9 9.7
v 2.5 3.9 9.7
v 1.1 3.9 9.6
v 1.2 3.9 9.6
v 2.4 3.9 9.6
v 2.5 3.9 9.6
v 0.7 4 9.5
v 0.9 4 9.5
v 2.7 4 9.5
v 2.9 4 9.5
v 0.7 4 9.2
v 0.9 4 9.2
v 2.7 4 9.2
v 2.9 4 9.2
v 1.1 4.2 9.8
v 1.2 4.2 9.8
v 2.4 4.2 9.8
v 2.5 4.2 9.8
v 1 4.2 9.7
v 1.1 4.2 9.7
v 1.2 4.2 9.7
v 2.4 4.2 9.7
v 2.5 4.2 9.7
v 2.6 4.2 9.7
v 0.9 4.2 9.6
v 1 4.2 9.6
v 2.6 4.2 9.6
v 2.7 4.2 9.6
v 0.9 4.2 9.4
v 1.1 4.2 9.4
v 2.5 4.2 9.4
v 2.7 4.2 9.4
v 1 4.3 9.8
v 1.1 4.3 9.8
v 2.5 4.3 9.8
v 2.6 4.3 9.8
v 0.9 4.3 9.7
v 1 4.3 9.7
v 1.1 4.3 9.7
v 2.5 4.3 9.7
v 2.6 4.3 9.7
v 2.7 4.3 9.7
v 0.9 4.3 9.6
v 1 4.3 9.6
v 2.6 4.3 9.6
v 2.7 4.3 9.6
v 4.4 4.4 9.3
v 5.8 4.4 9.3
v 4.4 4.4 9.2
v 5.8 4.4 9.2
v 4.3 4.5 9.3
v 4.4 4.5 9.3
v 5.8 4.5 9.3
v 5.9 4.5 9.3
v 4.3 4.5 9.2
v 4.4 4.5 9.2
v 5.8 4.5 9.2
v 5.9 4.5 9.2
v 4.5 4.6 9.3
v 5.7 4.6 9.3
v 4.5 4.6 9.2
v 5.7 4.6 9.2
v 0.7 4.7 9.4
v 0.8 4.7 9.4
v 0.9 4.7 9.4
v 1.6 4.7 9.4
v 4.6 4.7 9.4
v 5.6 4.7 9.4
v 0.7 4.7 9.3
v 1.6 4.7 9.3
v 4.6 4.7 9.3
v 5.6 4.7 9.3
v 0.8 4.9 9.5
v 1 4.9 9.5
v 2.6 4.9 9.5
v 2.8 4.9 9.5
v 0.8 4.9 9.4
v 1 4.9 9.4
v 2.6 4.9 9.4
v 2.8 4.9 9.4
v 1 5.3 9.5
v 1.4 5.3 9.5
v 2.2 5.3 9.5
v 2.6 5.3 9.5
v 1 5.3 9.4
v 1.4 5.3 9.4
v 2.2 5.3 9.4
v 2.6 5.3 9.4
v 1.4 5.5 9.5
v 2.2 5.5 9.5
v 1.4 5.5 9.4
v 1.6 5.5 9.4
v 1.7 5.5 9.4
v 2.2 5.5 9.4
v 4.7 6 9.4
v 4.9 6 9.4
v 4.7 6 9.2
v 4.9 6 9.2
v 4.4 6.3 9.3
v 5.8 6.3 9.3
v 4.4 6.3 9.2
v 5.8 6.3 9.2
v 1.4 6.7 9.1
v 2.2 6.7 9.1
v 1.4 6.7 9
v 2.2 6.7 9
v 1.3 6.8 9.2
v 2.3 6.8 9.2
v 1.3 6.8 9.1
v 2.3 6.8 9.1
v 0.1 7.2 9.4
v 6.1 7.2 9.4
v 0 7.2 9.3
v 0.1 7.2 9.3
v 6.1 7.2 9.3
v 6.2 7.2 9.3
v -0.1 7.2 9.2
v 0 7.2 9.2
v 6.2 7.2 9.2
v 6.3 7.2 9.2
v -0.2 7.2 9.1
v -0.1 7.2 9.1
v 6.3 7.2 9.1
v 6.4 7.2 9.1
v -0.3 7.2 9
v -0.2 7.2 9
v -0.1 7.2 9
v 6.3 7.2 9
v 6.4 7.2 9
v 6.5 7.2 9
v -0.2 7.2 8.7
v -0.1 7.2 8.7
v 6.3 7.2 8.7
v 6.4 7.2 8.7
v -0.3 7.2 8.6
v -0.2 7.2 8.6
v 6.4 7.2 8.6
v 6.5 7.2 8.6
v 0.1 7.4 9.6
v 6.1 7.4 9.6
v 0 7.4 9.5
v 0.1 7.4 9.5
v 6.1 7.4 9.5
v 6.2 7.4 9.5
v -0.1 7.4 9.4
v 0 7.4 9.4
v 0.1 7.4 9.4
v 6.1 7.4 9.4
v 6.2 7.4 9.4
v 6.3 7.4 9.4
v -0.2 7.4 9.3
v -0.1 7.4 9.3
v 0 7.4 9.3
v 0.1 7.4 9.3
v 6.1 7.4 9.3
v 6.2 7.4 9.3
v 6.3 7.4 9.3
v 6.4 7.4 9.3
v -0.3 7.4 9.2
v -0.2 7.4 9.2
v -0.1 7.4 9.2
v 0 7.4 9.2
v 6.2 7.4 9.2
v 6.3 7.4 9.2
v 6.4 7.4 9.2
v 6.5 7.4 9.2
v -0.2 7.4 9.1
v -0.1 7.4 9.1
v 6.3 7.4 9.1
v 6.4 7.4 9.1
v -0.3 7.4 9
v -0.2 7.4 9
v 6.4 7.4 9
v 6.5 7.4 9
v 0.1 7.6 9.8
v 6.1 7.6 9.8
v 0 7.6 9.7
v 0.1 7.6 9.7
v 6.1 7.6 9.7
v 6.2 7.6 9.7
v -0.1 7.6 9.6
v 0 7.6 9.6
v 0.1 7.6 9.6
v 6.1 7.6 9.6
v 6.2 7.6 9.6
v 6.3 7.6 9.6
v -0.2 7.6 9.5
v -0.1 7.6 9.5
v 0 7.6 9.5
v 0.1 7.6 9.5
v 6.1 7.6 9.5
v 6.2 7.6 9.5
v 6.3 7.6 9.5
v 6.4 7.6 9.5
v -0.3 7.6 9.4
v -0.2 7.6 9.4
v -0.1 7.6 9.4
v 0 7.6 9.4
v 6.2 7.6 9.4
v 6.3 7.6 9.4
v 6.4 7.6 9.4
v 6.5 7.6 9.4
v -0.2 7.6 9.3
v -0.1 7.6 9.3
v 6.3 7.6 9.3
v 6.4 7.6 9.3
v -0.3 7.6 9.2
v -0.2 7.6 9.2
v 6.4 7.6 9.2
v 6.5 7.6 9.2
v 0.1 7.8 10
v 6.1 7.8 10
v 0 7.8 9.9
v 0.1 7.8 9.9
v 6.1 7.8 9.9
v 6.2 7.8 9.9
v -0.1 7.8 9.8
v 0 7.8 9.8
v 0.1 7.8 9.8
v 6.1 7.8 9.8
v 6.2 7.8 9.8
v 6.3 7.8 9.8
v -0.2 7.8 9.7
v -0.1 7.8 9.7
v 0 7.8 9.7
v 0.1 7.8 9.7
v 6.1 7.8 9.7
v 6.2 7.8 9.7
v 6.3 7.8 9.7
v 6.4 7.8 9.7
v -0.3 7.8 9.6
v -0.2 7.8 9.6
v -0.1 7.8 9.6
v 0 7.8 9.6
v 6.2 7.8 9.6
v 6.3 7.8 9.6
v 6.4 7.8 9.6
v 6.5 7.8 9.6
v -0.2 7.8 9.5
v -0.1 7.8 9.5
v 6.3 7.8 9.5
v 6.4 7.8 9.5
v -0.3 7.8 9.4
v -0.2 7.8 9.4
v 6.4 7.8 9.4
v 6.5 7.8 9.4
v 0.1 8 10.2
v 6.1 8 10.2
v 0 8 10.1
v 0.1 8 10.1
v 6.1 8 10.1
v 6.2 8 10.1
v -0.1 8 10
v 0 8 10
v 0.1 8 10
v 6.1 8 10
v 6.2 8 10
v 6.3 8 10
v -0.2 8 9.9
v -0.1 8 9.9
v 0 8 9.9
v 0.1 8 9.9
v 6.1 8 9.9
v 6.2 8 9.9
v 6.3 8 9.9
v 6.4 8 9.9
v -0.3 8 9.8
v -0.2 8 9.8
v -0.1 8 9.8
v 0 8 9.8
v 6.2 8 9.8
v 6.3 8 9.8
v 6.4 8 9.8
v 6.5 8 9.8
v -0.2 8 9.7
v -0.1 8 9.7
v 6.3 8 9.7
v 6.4 8 9.7
v -0.3 8 9.6
v -0.2 8 9.6
v 6.4 8 9.6
v 6.5 8 9.6
v 0.1 8.3 10.3
v 6.1 8.3 10.3
v 0.1 8.3 10.2
v 6.1 8.3 10.2
v 0.1 8.6 10.4
v 6.1 8.6 10.4
v 0 8.6 10.3
v 0.1 8.6 10.3
v 6.1 8.6 10.3
v 6.2 8.6 10.3
v -0.1 8.6 10.2
v 0 8.6 10.2
v 6.2 8.6 10.2
v 6.3 8.6 10.2
v -0.2 8.6 10.1
v -0.1 8.6 10.1
v 0 8.6 10.1
v 0.1 8.6 10.1
v 6.1 8.6 10.1
v 6.2 8.6 10.1
v 6.3 8.6 10.1
v 6.4 8.6 10.1
v -0.3 8.6 10
v -0.2 8.6 10
v -0.1 8.6 10
v 0 8.6 10
v 6.2 8.6 10
v 6.3 8.6 10
v 6.4 8.6 10
v 6.5 8.6 10
v -0.2 8.6 9.9
v -0.1 8.6 9.9
v 6.3 8.6 9.9
v 6.4 8.6 9.9
v -0.3 8.6 9.8
v -0.2 8.6 9.8
v 6.4 8.6 9.8
v 6.5 8.6 9.8
v -0.5 10.4 6.8
v -0.3 10.4 6.8
v 6.5 10.4 6.8
v 6.7 10.4 6.8
v -0.5 10.4 6.6
v -0.4 10.4 6.6
v -0.3 10.4 6.6
v 6.5 10.4 6.6
v 6.6 10.4 6.6
v 6.7 10.4 6.6
v -0.5 10.4 6.5
v -0.4 10.4 6.5
v 6.6 10.4 6.5
v 6.7 10.4 6.5
v -0.5 10.8 7
v -0.3 10.8 7
v 6.5 10.8 7
v 6.7 10.8 7
v -0.5 10.8 6.8
v -0.3 10.8 6.8
v 6.5 10.8 6.8
v 6.7 10.8 6.8
v -0.5 11 7.2
v -0.3 11 7.2
v 6.5 11 7.2
v 6.7 11 7.2
v -0.5 11 7
v -0.3 11 7
v 6.5 11 7
v 6.7 11 7
v -0.3 11.2 9.2
v -0.1 11.2 9.2
v 6.3 11.2 9.2
v 6.5 11.2 9.2
v -0.2 11.2 9.1
v -0.1 11.2 9.1
v 6.3 11.2 9.1
v 6.4 11.2 9.1
v -0.5 11.2 9
v -0.3 11.2 9
v -0.2 11.2 9
v 6.4 11.2 9
v 6.5 11.2 9
v 6.7 11.2 9
v -0.5 11.2 8.2
v -0.3 11.2 8.2
v 6.5 11.2 8.2
v 6.7 11.2 8.2
v -0.5 11.2 7.4
v -0.3 11.2 7.4
v 6.5 11.2 7.4
v 6.7 11.2 7.4
v -0.5 11.2 7.2
v -0.3 11.2 7.2
v 6.5 11.2 7.2
v 6.7 11.2 7.2
v -0.1 11.4 9.2
v 0.1 11.4 9.2
v 6.1 11.4 9.2
v 6.3 11.4 9.2
v -0.4 11.4 9.1
v -0.3 11.4 9.1
v 6.5 11.4 9.1
v 6.6 11.4 9.1
v -0.4 11.4 9
v -0.3 11.4 9
v -0.1 11.4 9
v 0.1 11.4 9
v 6.1 11.4 9
v 6.3 11.4 9
v 6.5 11.4 9
v 6.6 11.4 9
v 0.1 11.6 9.2
v 6.1 11.6 9.2
v 0.1 11.6 8.6
v 6.1 11.6 8.6
v -0.7 0.1 11.2
v 4.8 0.1 11.2
v 5.2 0.1 11.2
v 6.9 0.1 11.2
v -0.7 0.1 11.1
v 4.8 0.1 11.1
v 5.2 0.1 11.1
v 6.9 0.1 11.1
v -0.9 0.1 11
v -0.8 0.1 11
v 7 0.1 11
v 7.1 0.1 11
v -0.9 0.1 10.2
v -0.8 0.1 10.2
v 7 0.1 10.2
v 7.1 0.1 10.2
v -0.7 0.2 11.1
v 4.7 0.2 11.1
v 5.3 0.2 11.1
v 6.9 0.2 11.1
v -0.8 0.2 11
v -0.7 0.2 11
v 4.4 0.2 11
v 4.7 0.2 11
v 5.3 0.2 11
v 5.6 0.2 11
v 6.9 0.2 11
v 7 0.2 11
v 4.3 0.2 10.9
v 4.4 0.2 10.9
v 5.6 0.2 10.9
v 5.7 0.2 10.9
v -0.5 0.2 10.8
v 4.2 0.2 10.8
v 4.3 0.2 10.8
v 5.5 0.2 10.8
v 5.7 0.2 10.8
v 5.8 0.2 10.8
v 6.7 0.2 10.8
v -0.6 0.2 10.7
v -0.5 0.2 10.7
v 6.7 0.2 10.7
v 6.8 0.2 10.7
v -0.7 0.2 10.6
v -0.6 0.2 10.6
v 5.5 0.2 10.6
v 5.7 0.2 10.6
v 5.9 0.2 10.6
v 6.8 0.2 10.6
v 6.9 0.2 10.6
v 5.7 0.2 10.4
v 5.9 0.2 10.4
v -0.8 0.2 10.3
v -0.7 0.2 10.3
v 6.9 0.2 10.3
v 7 0.2 10.3
v 4.7 0.4 11
v 5.3 0.4 11
v -0.5 0.4 10.8
v 4.2 0.4 10.8
v 4.7 0.4 10.8
v 5.3 0.4 10.8
v 5.8 0.4 10.8
v 6.7 0.4 10.8
v -0.6 0.4 10.7
v -0.5 0.4 10.7
v 4.1 0.4 10.7
v 4.2 0.4 10.7
v 5.8 0.4 10.7
v 5.9 0.4 10.7
v 6.7 0.4 10.7
v 6.8 0.4 10.7
v -0.7 0.4 10.6
v -0.6 0.4 10.6
v -0.5 0.4 10.6
v 4 0.4 10.6
v 4.1 0.4 10.6
v 5.9 0.4 10.6
v 6 0.4 10.6
v 6.7 0.4 10.6
v 6.8 0.4 10.6
v 6.9 0.4 10.6
v -0.6 0.4 10.5
v -0.5 0.4 10.5
v 6.7 0.4 10.5
v 6.8 0.4 10.5
v -0.7 0.4 10.4
v -0.6 0.4 10.4
v 6.8 0.4 10.4
v 6.9 0.4 10.4
v -0.8 0.4 10.3
v -0.7 0.4 10.3
v 6.9 0.4 10.3
v 7 0.4 10.3
v -0.9 0.4 10.2
v -0.8 0.4 10.2
v 7 0.4 10.2
v 7.1 0.4 10.2
v -0.8 0.4 10.1
v -0.7 0.4 10.1
v 6.9 0.4 10.1
v 7 0.4 10.1
v -0.9 0.4 10
v -0.8 0.4 10
v 7 0.4 10
v 7.1 0.4 10
v 4.7 0.4 9.8
v 5.3 0.4 9.8
v 4.7 0.4 9.4
v 5.3 0.4 9.4
v 4.3 0.6 10.8
v 4.7 0.6 10.8
v 5.3 0.6 10.8
v 5.7 0.6 10.8
v -0.5 0.6 10.6
v 4 0.6 10.6
v 4.3 0.6 10.6
v 5.7 0.6 10.6
v 6 0.6 10.6
v 6.7 0.6 10.6
v -0.6 0.6 10.5
v -0.5 0.6 10.5
v 3.9 0.6 10.5
v 4 0.6 10.5
v 6 0.6 10.5
v 6.1 0.6 10.5
v 6.7 0.6 10.5
v 6.8 0.6 10.5
v -0.7 0.6 10.4
v -0.6 0.6 10.4
v -0.5 0.6 10.4
v 3.9 0.6 10.4
v 6.1 0.6 10.4
v 6.7 0.6 10.4
v 6.8 0.6 10.4
v 6.9 0.6 10.4
v -0.6 0.6 10.3
v -0.5 0.6 10.3
v 6.7 0.6 10.3
v 6.8 0.6 10.3
v -0.7 0.6 10.2
v -0.6 0.6 10.2
v 6.8 0.6 10.2
v 6.9 0.6 10.2
v -0.8 0.6 10.1
v -0.7 0.6 10.1
v 6.9 0.6 10.1
v 7 0.6 10.1
v -0.9 0.6 10
v -0.8 0.6 10
v 7 0.6 10
v 7.1 0.6 10
v -0.8 0.6 9.9
v -0.7 0.6 9.9
v 6.9 0.6 9.9
v 7 0.6 9.9
v -0.9 0.6 9.8
v -0.8 0.6 9.8
v 7 0.6 9.8
v 7.1 0.6 9.8
v 4.1 0.7 10.6
v 4.3 0.7 10.6
v 5.7 0.7 10.6
v 5.9 0.7 10.6
v 4.1 0.7 10.5
v 5.9 0.7 10.5
v 4.1 0.8 10.5
v 5.9 0.8 10.5
v -0.5 0.8 10.4
v 3.9 0.8 10.4
v 6.1 0.8 10.4
v 6.7 0.8 10.4
v -0.6 0.8 10.3
v -0.5 0.8 10.3
v 6.7 0.8 10.3
v 6.8 0.8 10.3
v -0.7 0.8 10.2
v -0.6 0.8 10.2
v -0.5 0.8 10.2
v 3.9 0.8 10.2
v 4.1 0.8 10.2
v 5.9 0.8 10.2
v 6.1 0.8 10.2
v 6.7 0.8 10.2
v 6.8 0.8 10.2
v 6.9 0.8 10.2
v -0.6 0.8 10.1
v -0.5 0.8 10.1
v 6.7 0.8 10.1
v 6.8 0.8 10.1
v -0.7 0.8 10
v -0.6 0.8 10
v 6.8 0.8 10
v 6.9 0.8 10
v -0.8 0.8 9.9
v -0.7 0.8 9.9
v 6.9 0.8 9.9
v 7 0.8 9.9
v -0.9 0.8 9.8
v -0.8 0.8 9.8
v 7 0.8 9.8
v 7.1 0.8 9.8
v -0.8 0.8 9.7
v -0.7 0.8 9.7
v 6.9 0.8 9.7
v 7 0.8 9.7
v -0.9 0.8 9.6
v -0.8 0.8 9.6
v 7 0.8 9.6
v 7.1 0.8 9.6
v 4.1 0.9 10.2
v 5.9 0.9 10.2
v 4.1 0.9 10.1
v 5.9 0.9 10.1
v -0.5 1 10.2
v 3.9 1 10.2
v 6.1 1 10.2
v 6.7 1 10.2
v -0.6 1 10.1
v -0.5 1 10.1
v 4.1 1 10.1
v 5.9 1 10.1
v 6.7 1 10.1
v 6.8 1 10.1
v -0.7 1 10
v -0.6 1 10
v -0.5 1 10
v 3.9 1 10
v 6.1 1 10
v 6.7 1 10
v 6.8 1 10
v 6.9 1 10
v -0.6 1 9.9
v -0.5 1 9.9
v 6.7 1 9.9
v 6.8 1 9.9
v -0.7 1 9.8
v -0.6 1 9.8
v 4.1 1 9.8
v 5.9 1 9.8
v 6.8 1 9.8
v 6.9 1 9.8
v -0.8 1 9.7
v -0.7 1 9.7
v 6.9 1 9.7
v 7 1 9.7
v -0.9 1 9.6
v -0.8 1 9.6
v -0.7 1 9.6
v 6.9 1 9.6
v 7 1 9.6
v 7.1 1 9.6
v -0.9 1 9.4
v -0.8 1 9.4
v 7 1 9.4
v 7.1 1 9.4
v -0.5 1.2 10
v 3.9 1.2 10
v 6.1 1.2 10
v 6.7 1.2 10
v -0.6 1.2 9.9
v -0.5 1.2 9.9
v 6.7 1.2 9.9
v 6.8 1.2 9.9
v -0.7 1.2 9.8
v -0.6 1.2 9.8
v -0.5 1.2 9.8
v 3.9 1.2 9.8
v 4.1 1.2 9.8
v 5.9 1.2 9.8
v 6.1 1.2 9.8
v 6.7 1.2 9.8
v 6.8 1.2 9.8
v 6.9 1.2 9.8
v -0.6 1.2 9.7
v -0.5 1.2 9.7
v 6.7 1.2 9.7
v 6.8 1.2 9.7
v -0.8 1.2 9.6
v -0.7 1.2 9.6
v -0.6 1.2 9.6
v -0.5 1.2 9.6
v 4.1 1.2 9.6
v 5.9 1.2 9.6
v 6.8 1.2 9.6
v 6.9 1.2 9.6
v 7 1.2 9.6
v -0.9 1.2 9.4
v -0.8 1.2 9.4
v -0.7 1.2 9.4
v -0.5 1.2 9.4
v 7 1.2 9.4
v 7.1 1.2 9.4
v -0.8 1.2 9.3
v -0.7 1.2 9.3
v 6.9 1.2 9.3
v 7 1.2 9.3
v -0.9 1.2 9.2
v -0.8 1.2 9.2
v 7 1.2 9.2
v 7.1 1.2 9.2
v 4.8 1.3 11.1
v 5.2 1.3 11.1
v 4.8 1.3 11
v 5.2 1.3 11
v 4.4 1.3 10.9
v 4.7 1.3 10.9
v 5.3 1.3 10.9
v 5.6 1.3 10.9
v 4.4 1.3 10.8
v 4.7 1.3 10.8
v 5.3 1.3 10.8
v 5.6 1.3 10.8
v 4.2 1.3 10.7
v 4.3 1.3 10.7
v 5.7 1.3 10.7
v 5.8 1.3 10.7
v 4.2 1.3 10.6
v 4.3 1.3 10.6
v 5.7 1.3 10.6
v 5.8 1.3 10.6
v 4 1.3 10.5
v 4.1 1.3 10.5
v 5.9 1.3 10.5
v 6 1.3 10.5
v 4 1.3 9.6
v 4.1 1.3 9.6
v 5.9 1.3 9.6
v 6 1.3 9.6
v 4.8 1.4 11.2
v 5.2 1.4 11.2
v 4.7 1.4 11.1
v 4.8 1.4 11.1
v 5.2 1.4 11.1
v 5.3 1.4 11.1
v 4.4 1.4 11
v 4.7 1.4 11
v 4.8 1.4 11
v 5.2 1.4 11
v 5.3 1.4 11
v 5.6 1.4 11
v 4.3 1.4 10.9
v 4.4 1.4 10.9
v 4.7 1.4 10.9
v 5.3 1.4 10.9
v 5.6 1.4 10.9
v 5.7 1.4 10.9
v 4.2 1.4 10.8
v 4.3 1.4 10.8
v 4.4 1.4 10.8
v 5.6 1.4 10.8
v 5.7 1.4 10.8
v 5.8 1.4 10.8
v 4.1 1.4 10.7
v 4.2 1.4 10.7
v 4.3 1.4 10.7
v 5.7 1.4 10.7
v 5.8 1.4 10.7
v 5.9 1.4 10.7
v 4 1.4 10.6
v 4.1 1.4 10.6
v 4.2 1.4 10.6
v 5.8 1.4 10.6
v 5.9 1.4 10.6
v 6 1.4 10.6
v 3.9 1.4 10.5
v 4 1.4 10.5
v 4.1 1.4 10.5
v 5.9 1.4 10.5
v 6 1.4 10.5
v 6.1 1.4 10.5
v -0.5 1.4 9.8
v 3.9 1.4 9.8
v 6.1 1.4 9.8
v 6.7 1.4 9.8
v -0.6 1.4 9.7
v -0.5 1.4 9.7
v 6.7 1.4 9.7
v 6.8 1.4 9.7
v -0.6 1.4 9.6
v -0.5 1.4 9.6
v 4 1.4 9.6
v 6 1.4 9.6
v 6.8 1.4 9.6
v 6.9 1.4 9.6
v -0.7 1.4 9.4
v -0.5 1.4 9.4
v -0.3 1.4 9.4
v 4.1 1.4 9.4
v 5.9 1.4 9.4
v 6.5 1.4 9.4
v 6.7 1.4 9.4
v -0.8 1.4 9.3
v -0.7 1.4 9.3
v -0.6 1.4 9.3
v -0.5 1.4 9.3
v 6.7 1.4 9.3
v 6.8 1.4 9.3
v 6.9 1.4 9.3
v 7 1.4 9.3
v -0.8 1.4 9.2
v -0.6 1.4 9.2
v -0.3 1.4 9.2
v 3.9 1.4 9.2
v 6.1 1.4 9.2
v 6.5 1.4 9.2
v 6.8 1.4 9.2
v 7 1.4 9.2
v 3.9 1.4 9
v 4.1 1.4 9
v 5.9 1.4 9
v 6.1 1.4 9
v 3.9 1.4 8.2
v 6.1 1.4 8.2
v -0.5 1.5 9.4
v -0.3 1.5 9.4
v 6.5 1.5 9.4
v 6.7 1.5 9.4
v -0.6 1.5 9.3
v -0.5 1.5 9.3
v -0.3 1.5 9.3
v 6.5 1.5 9.3
v 6.7 1.5 9.3
v 6.8 1.5 9.3
v -0.9 1.5 9.2
v -0.6 1.5 9.2
v -0.5 1.5 9.2
v 6.7 1.5 9.2
v 6.8 1.5 9.2
v 7.1 1.5 9.2
v -0.9 1.5 9.1
v -0.6 1.5 9.1
v 6.8 1.5 9.1
v 7.1 1.5 9.1
v -0.5 1.6 9.3
v -0.3 1.6 9.3
v 6.5 1.6 9.3
v 6.7 1.6 9.3
v -0.6 1.6 9.2
v -0.5 1.6 9.2
v -0.3 1.6 9.2
v 6.5 1.6 9.2
v 6.7 1.6 9.2
v 6.8 1.6 9.2
v -0.9 1.6 9.1
v -0.6 1.6 9.1
v -0.4 1.6 9.1
v -0.3 1.6 9.1
v 6.5 1.6 9.1
v 6.6 1.6 9.1
v 6.8 1.6 9.1
v 7.1 1.6 9.1
v -0.7 1.6 9
v -0.4 1.6 9
v 6.6 1.6 9
v 6.9 1.6 9
v -0.8 1.6 8.9
v -0.7 1.6 8.9
v 6.9 1.6 8.9
v 7 1.6 8.9
v -0.9 1.6 6
v -0.8 1.6 6
v 7 1.6 6
v 7.1 1.6 6
v -0.7 1.7 9
v -0.6 1.7 9
v 6.8 1.7 9
v 6.9 1.7 9
v -0.8 1.7 8.9
v -0.7 1.7 8.9
v -0.6 1.7 8.9
v 6.8 1.7 8.9
v 6.9 1.7 8.9
v 7 1.7 8.9
v -0.8 1.7 6
v -0.7 1.7 6
v 6.9 1.7 6
v 7 1.7 6
v -0.6 1.8 9
v -0.5 1.8 9
v 6.7 1.8 9
v 6.8 1.8 9
v -0.7 1.8 8.9
v -0.6 1.8 8.9
v -0.5 1.8 8.9
v 6.7 1.8 8.9
v 6.8 1.8 8.9
v 6.9 1.8 8.9
v -0.9 1.8 6
v -0.8 1.8 6
v -0.7 1.8 6
v -0.6 1.8 6
v 6.8 1.8 6
v 6.9 1.8 6
v 7 1.8 6
v 7.1 1.8 6
v -0.9 1.8 5.8
v -0.8 1.8 5.8
v 7 1.8 5.8
v 7.1 1.8 5.8
v -0.6 1.9 8.9
v -0.5 1.9 8.9
v 6.7 1.9 8.9
v 6.8 1.9 8.9
v -0.5 1.9 6.2
v 6.7 1.9 6.2
v -0.8 1.9 6
v -0.7 1.9 6
v -0.6 1.9 6
v -0.5 1.9 6
v 6.7 1.9 6
v 6.8 1.9 6
v 6.9 1.9 6
v 7 1.9 6
v -0.8 1.9 5.8
v -0.7 1.9 5.8
v 6.9 1.9 5.8
v 7 1.9 5.8
v -0.7 2 6
v -0.5 2 6
v -0.4 2 6
v 6.6 2 6
v 6.7 2 6
v 6.9 2 6
v -0.9 2 5.8
v -0.8 2 5.8
v -0.7 2 5.8
v -0.4 2 5.8
v 6.6 2 5.8
v 6.9 2 5.8
v 7 2 5.8
v 7.1 2 5.8
v -0.9 2 5.6
v -0.8 2 5.6
v 7 2 5.6
v 7.1 2 5.6
v -0.4 2.1 5.9
v -0.3 2.1 5.9
v 6.5 2.1 5.9
v 6.6 2.1 5.9
v -0.8 2.1 5.8
v -0.7 2.1 5.8
v -0.4 2.1 5.8
v -0.3 2.1 5.8
v 6.5 2.1 5.8
v 6.6 2.1 5.8
v 6.9 2.1 5.8
v 7 2.1 5.8
v -0.8 2.1 5.6
v -0.7 2.1 5.6
v 6.9 2.1 5.6
v 7 2.1 5.6
v -0.7 2.2 5.8
v -0.4 2.2 5.8
v 6.6 2.2 5.8
v 6.9 2.2 5.8
v -0.9 2.2 5.6
v -0.8 2.2 5.6
v -0.7 2.2 5.6
v -0.4 2.2 5.6
v 6.6 2.2 5.6
v 6.9 2.2 5.6
v 7 2.2 5.6
v 7.1 2.2 5.6
v -0.9 2.2 5.4
v -0.8 2.2 5.4
v 7 2.2 5.4
v 7.1 2.2 5.4
v -0.4 2.3 5.8
v -0.3 2.3 5.8
v 6.5 2.3 5.8
v 6.6 2.3 5.8
v -0.8 2.3 5.6
v -0.7 2.3 5.6
v -0.4 2.3 5.6
v -0.3 2.3 5.6
v 6.5 2.3 5.6
v 6.6 2.3 5.6
v 6.9 2.3 5.6
v 7 2.3 5.6
v -0.8 2.3 5.4
v -0.7 2.3 5.4
v 6.9 2.3 5.4
v 7 2.3 5.4
v -0.7 2.4 5.6
v -0.4 2.4 5.6
v 6.6 2.4 5.6
v 6.9 2.4 5.6
v -0.9 2.4 5.4
v -0.8 2.4 5.4
v -0.7 2.4 5.4
v -0.4 2.4 5.4
v 6.6 2.4 5.4
v 6.9 2.4 5.4
v 7 2.4 5.4
v 7.1 2.4 5.4
v -0.9 2.4 4.8
v -0.8 2.4 4.8
v 7 2.4 4.8
v 7.1 2.4 4.8
v -0.4 2.5 5.6
v -0.3 2.5 5.6
v 6.5 2.5 5.6
v 6.6 2.5 5.6
v -0.8 2.5 5.4
v -0.7 2.5 5.4
v -0.4 2.5 5.4
v -0.3 2.5 5.4
v 6.5 2.5 5.4
v 6.6 2.5 5.4
v 6.9 2.5 5.4
v 7 2.5 5.4
v -0.8 2.5 4.7
v -0.7 2.5 4.7
v 6.9 2.5 4.7
v 7 2.5 4.7
v -0.7 2.6 5.4
v -0.4 2.6 5.4
v 6.6 2.6 5.4
v 6.9 2.6 5.4
v -0.4 2.6 5.1
v -0.2 2.6 5.1
v 6.4 2.6 5.1
v 6.6 2.6 5.1
v -0.2 2.6 4.9
v 6.4 2.6 4.9
v -0.7 2.6 4.6
v 6.9 2.6 4.6
v -0.4 2.7 5.4
v -0.3 2.7 5.4
v 6.5 2.7 5.4
v 6.6 2.7 5.4
v -0.3 2.7 5.2
v -0.2 2.7 5.2
v 6.4 2.7 5.2
v 6.5 2.7 5.2
v -0.4 2.7 5.1
v -0.2 2.7 5.1
v -0.1 2.7 5.1
v 6.3 2.7 5.1
v 6.4 2.7 5.1
v 6.6 2.7 5.1
v -0.1 2.7 5
v 6.3 2.7 5
v -0.2 2.7 4.9
v 6.4 2.7 4.9
v 1.4 3.5 9.5
v 2.4 3.5 9.5
v 1.4 3.5 9.4
v 2.4 3.5 9.4
v 1 3.7 9.5
v 1.4 3.7 9.5
v 2.4 3.7 9.5
v 2.6 3.7 9.5
v 1 3.7 9.4
v 1.4 3.7 9.4
v 2.4 3.7 9.4
v 2.6 3.7 9.4
v 0.8 4.1 9.5
v 1 4.1 9.5
v 2.6 4.1 9.5
v 2.8 4.1 9.5
v 0.8 4.1 9.4
v 1 4.1 9.4
v 2.6 4.1 9.4
v 2.8 4.1 9.4
v 4.4 4.5 9.3
v 5.8 4.5 9.3
v 4.4 4.5 9.2
v 5.8 4.5 9.2
v 0.7 4.6 9.4
v 0.8 4.6 9.4
v 0.9 4.6 9.4
v 1.7 4.6 9.4
v 0.7 4.6 9.3
v 1.7 4.6 9.3
v 1 4.7 9.8
v 1.1 4.7 9.8
v 2.5 4.7 9.8
v 2.6 4.7 9.8
v 0.9 4.7 9.7
v 1 4.7 9.7
v 1.1 4.7 9.7
v 2.5 4.7 9.7
v 2.6 4.7 9.7
v 2.7 4.7 9.7
v 0.9 4.7 9.6
v 1 4.7 9.6
v 2.6 4.7 9.6
v 2.7 4.7 9.6
v 1.1 4.8 9.8
v 1.2 4.8 9.8
v 2.4 4.8 9.8
v 2.5 4.8 9.8
v 1 4.8 9.7
v 1.1 4.8 9.7
v 1.2 4.8 9.7
v 2.4 4.8 9.7
v 2.5 4.8 9.7
v 2.6 4.8 9.7
v 0.9 4.8 9.6
v 1 4.8 9.6
v 2.6 4.8 9.6
v 2.7 4.8 9.6
v 0.9 4.8 9.4
v 1.1 4.8 9.4
v 2.5 4.8 9.4
v 2.7 4.8 9.4
v 4.7 4.8 9.4
v 4.9 4.8 9.4
v 4.7 4.8 9.2
v 4.9 4.8 9.2
v 0.7 5 9.5
v 0.9 5 9.5
v 2.7 5 9.5
v 2.9 5 9.5
v 0.7 5 9.2
v 0.9 5 9.2
v 2.7 5 9.2
v 2.9 5 9.2
v 1.2 5.1 9.8
v 1.5 5.1 9.8
v 2.1 5.1 9.8
v 2.4 5.1 9.8
v 1.1 5.1 9.7
v 1.2 5.1 9.7
v 1.5 5.1 9.7
v 2.1 5.1 9.7
v 2.4 5.1 9.7
v 2.5 5.1 9.7
v 1.1 5.1 9.6
v 1.2 5.1 9.6
v 2.4 5.1 9.6
v 2.5 5.1 9.6
v 1.6 5.2 10.2
v 1.7 5.2 10.2
v 1.9 5.2 10.2
v 2 5.2 10.2
v 1.6 5.2 10.1
v 1.7 5.2 10.1
v 1.9 5.2 10.1
v 2 5.2 10.1
v 1.2 5.2 9.7
v 1.5 5.2 9.7
v 2.1 5.2 9.7
v 2.4 5.2 9.7
v 1.1 5.2 9.6
v 1.2 5.2 9.6
v 2.4 5.2 9.6
v 2.5 5.2 9.6
v 1.1 5.2 9.4
v 1.5 5.2 9.4
v 2.1 5.2 9.4
v 2.5 5.2 9.4
v 1.7 5.3 10.2
v 1.9 5.3 10.2
v 1.6 5.3 10.1
v 1.7 5.3 10.1
v 1.9 5.3 10.1
v 2 5.3 10.1
v 1.5 5.3 10
v 1.6 5.3 10
v 2 5.3 10
v 2.1 5.3 10
v 1.6 5.3 9.9
v 1.7 5.3 9.9
v 1.9 5.3 9.9
v 2 5.3 9.9
v 1.5 5.3 9.8
v 1.6 5.3 9.8
v 2 5.3 9.8
v 2.1 5.3 9.8
v 1.7 5.4 10.1
v 1.9 5.4 10.1
v 1.6 5.4 9.9
v 1.7 5.4 9.9
v 1.9 5.4 9.9
v 2 5.4 9.9
v 1.5 5.4 9.8
v 1.6 5.4 9.8
v 2 5.4 9.8
v 2.1 5.4 9.8
v 0.9 5.4 9.5
v 1.3 5.4 9.5
v 2.3 5.4 9.5
v 2.7 5.4 9.5
v 1.5 5.4 9.4
v 1.6 5.4 9.4
v 1.7 5.4 9.4
v 2.1 5.4 9.4
v 0.9 5.4 9.2
v 1.3 5.4 9.2
v 2.3 5.4 9.2
v 2.7 5.4 9.2
v 1.3 5.6 9.5
v 2.3 5.6 9.5
v 1.6 5.6 9.4
v 1.7 5.6 9.4
v 1.6 5.6 9.3
v 1.7 5.6 9.3
v 1.3 5.6 9.2
v 2.3 5.6 9.2
v 4.6 6.1 9.4
v 5.6 6.1 9.4
v 4.6 6.1 9.3
v 5.6 6.1 9.3
v 4.5 6.2 9.3
v 5.7 6.2 9.3
v 4.5 6.2 9.2
v 5.7 6.2 9.2
v 4.3 6.3 9.3
v 4.4 6.3 9.3
v 5.8 6.3 9.3
v 5.9 6.3 9.3
v 4.3 6.3 9.2
v 4.4 6.3 9.2
v 5.8 6.3 9.2
v 5.9 6.3 9.2
v 4.4 6.4 9.3
v 5.8 6.4 9.3
v 1.3 6.4 9.2
v 2.3 6.4 9.2
v 4.4 6.4 9.2
v 5.8 6.4 9.2
v 1.3 6.4 9.1
v 1.4 6.4 9.1
v 2.2 6.4 9.1
v 2.3 6.4 9.1
v 1.4 6.4 9
v 2.2 6.4 9
v -0.3 6.8 9.2
v -0.1 6.8 9.2
v 6.3 6.8 9.2
v 6.5 6.8 9.2
v -0.4 6.8 9.1
v -0.3 6.8 9.1
v -0.1 6.8 9.1
v 6.3 6.8 9.1
v 6.5 6.8 9.1
v 6.6 6.8 9.1
v -0.5 6.8 9
v -0.4 6.8 9
v -0.3 6.8 9
v 6.5 6.8 9
v 6.6 6.8 9
v 6.7 6.8 9
v -0.5 6.8 8.9
v -0.4 6.8 8.9
v 6.6 6.8 8.9
v 6.7 6.8 8.9
v -0.1 6.9 9.2
v 6.3 6.9 9.2
v -0.3 6.9 9.1
v -0.1 6.9 9.1
v 6.3 6.9 9.1
v 6.5 6.9 9.1
v -0.4 6.9 9
v -0.3 6.9 9
v -0.2 6.9 9
v -0.1 6.9 9
v 6.3 6.9 9
v 6.4 6.9 9
v 6.5 6.9 9
v 6.6 6.9 9
v -0.5 6.9 8.9
v -0.4 6.9 8.9
v -0.3 6.9 8.9
v -0.2 6.9 8.9
v 6.4 6.9 8.9
v 6.5 6.9 8.9
v 6.6 6.9 8.9
v 6.7 6.9 8.9
v -0.5 6.9 8.4
v -0.4 6.9 8.4
v 6.6 6.9 8.4
v 6.7 6.9 8.4
v -0.1 7 9.1
v 6.3 7 9.1
v -0.2 7 9
v -0.1 7 9
v 6.3 7 9
v 6.4 7 9
v -0.4 7 8.9
v -0.3 7 8.9
v -0.2 7 8.9
v -0.1 7 8.9
v 6.3 7 8.9
v 6.4 7 8.9
v 6.5 7 8.9
v 6.6 7 8.9
v -0.3 7 8.8
v -0.2 7 8.8
v -0.1 7 8.8
v 6.3 7 8.8
v 6.4 7 8.8
v 6.5 7 8.8
v -0.3 7 8.7
v -0.2 7 8.7
v 6.4 7 8.7
v 6.5 7 8.7
v -0.4 7 8.6
v -0.3 7 8.6
v 6.5 7 8.6
v 6.6 7 8.6
v -0.5 7 8.4
v -0.4 7 8.4
v 6.6 7 8.4
v 6.7 7 8.4
v -0.5 7 8.3
v -0.4 7 8.3
v 6.6 7 8.3
v 6.7 7 8.3
v -0.2 7.1 8.8
v -0.1 7.1 8.8
v 6.3 7.1 8.8
v 6.4 7.1 8.8
v -0.3 7.1 8.7
v -0.2 7.1 8.7
v -0.1 7.1 8.7
v 6.3 7.1 8.7
v 6.4 7.1 8.7
v 6.5 7.1 8.7
v -0.4 7.1 8.6
v -0.3 7.1 8.6
v -0.2 7.1 8.6
v 6.4 7.1 8.6
v 6.5 7.1 8.6
v 6.6 7.1 8.6
v -0.4 7.1 8.4
v -0.3 7.1 8.4
v 6.5 7.1 8.4
v 6.6 7.1 8.4
v -0.5 7.1 8.3
v -0.4 7.1 8.3
v 6.6 7.1 8.3
v 6.7 7.1 8.3
v -0.5 7.1 8.2
v -0.4 7.1 8.2
v 6.6 7.1 8.2
v 6.7 7.1 8.2
v -0.5 7.1 8
v -0.4 7.1 8
v 6.6 7.1 8
v 6.7 7.1 8
v -0.4 7.2 8.4
v -0.3 7.2 8.4
v 6.5 7.2 8.4
v 6.6 7.2 8.4
v -0.4 7.2 8.2
v -0.3 7.2 8.2
v 6.5 7.2 8.2
v 6.6 7.2 8.2
v -0.5 7.2 8
v -0.4 7.2 8
v -0.3 7.2 8
v 6.5 7.2 8
v 6.6 7.2 8
v 6.7 7.2 8
v -0.5 7.2 7.9
v -0.4 7.2 7.9
v 6.6 7.2 7.9
v 6.7 7.2 7.9
v -0.5 7.3 7.9
v -0.4 7.3 7.9
v 6.6 7.3 7.9
v 6.7 7.3 7.9
v -0.5 7.3 7.6
v -0.4 7.3 7.6
v 6.6 7.3 7.6
v 6.7 7.3 7.6
v -0.4 7.4 8
v -0.3 7.4 8
v 6.5 7.4 8
v 6.6 7.4 8
v -0.5 7.4 7.6
v -0.4 7.4 7.6
v -0.3 7.4 7.6
v 6.5 7.4 7.6
v 6.6 7.4 7.6
v 6.7 7.4 7.6
v -0.5 7.4 7.5
v -0.4 7.4 7.5
v 6.6 7.4 7.5
v 6.7 7.4 7.5
v -0.5 7.5 7.5
v -0.4 7.5 7.5
v 6.6 7.5 7.5
v 6.7 7.5 7.5
v -0.5 7.5 7.2
v -0.4 7.5 7.2
v 6.6 7.5 7.2
v 6.7 7.5 7.2
v -0.4 7.6 7.6
v -0.3 7.6 7.6
v 6.5 7.6 7.6
v 6.6 7.6 7.6
v -0.5 7.6 7.2
v -0.4 7.6 7.2
v -0.3 7.6 7.2
v 6.5 7.6 7.2
v 6.6 7.6 7.2
v 6.7 7.6 7.2
v -0.5 7.6 7.1
v -0.4 7.6 7.1
v 6.6 7.6 7.1
v 6.7 7.6 7.1
v -0.5 7.7 7.1
v -0.4 7.7 7.1
v 6.6 7.7 7.1
v 6.7 7.7 7.1
v -0.5 7.7 6.8
v -0.4 7.7 6.8
v 6.6 7.7 6.8
v 6.7 7.7 6.8
v -0.4 7.8 7.2
v -0.3 7.8 7.2
v 6.5 7.8 7.2
v 6.6 7.8 7.2
v -0.5 7.8 6.8
v -0.4 7.8 6.8
v -0.3 7.8 6.8
v 6.5 7.8 6.8
v 6.6 7.8 6.8
v 6.7 7.8 6.8
v -0.5 7.8 6.7
v -0.4 7.8 6.7
v 6.6 7.8 6.7
v 6.7 7.8 6.7
v -0.5 7.9 6.7
v -0.4 7.9 6.7
v 6.6 7.9 6.7
v 6.7 7.9 6.7
v -0.5 7.9 6.6
v -0.4 7.9 6.6
v 6.6 7.9 6.6
v 6.7 7.9 6.6
v -0.4 8 6.8
v -0.3 8 6.8
v 6.5 8 6.8
v 6.6 8 6.8
v -0.5 8 6.6
v -0.4 8 6.6
v -0.3 8 6.6
v 6.5 8 6.6
v 6.6 8 6.6
v 6.7 8 6.6
v -0.5 8 6.5
v -0.4 8 6.5
v 6.6 8 6.5
v 6.7 8 6.5
v 0.1 9.8 10.4
v 6.1 9.8 10.4
v 0 9.8 10.3
v 0.1 9.8 10.3
v 6.1 9.8 10.3
v 6.2 9.8 10.3
v -0.1 9.8 10.2
v 0 9.8 10.2
v 0.1 9.8 10.2
v 6.1 9.8 10.2
v 6.2 9.8 10.2
v 6.3 9.8 10.2
v -0.2 9.8 10.1
v -0.1 9.8 10.1
v 6.3 9.8 10.1
v 6.4 9.8 10.1
v -0.3 9.8 10
v -0.2 9.8 10
v -0.1 9.8 10
v 0 9.8 10
v 6.2 9.8 10
v 6.4 9.8 10
v 6.5 9.8 10
v -0.2 9.8 9.9
v -0.1 9.8 9.9
v 6.4 9.8 9.9
v 6.5 9.8 9.9
v -0.3 9.8 9.8
v -0.2 9.8 9.8
v 0.1 10.1 10.3
v 6.1 10.1 10.3
v 0.1 10.1 10.2
v 6.1 10.1 10.2
v 0 10.3 10.2
v 6.2 10.3 10.2
v 0 10.3 10
v 6.2 10.3 10
v -0.1 10.4 10
v 6.4 10.4 10
v -0.2 10.4 9.9
v -0.1 10.4 9.9
v 6.4 10.4 9.9
v 6.5 10.4 9.9
v -0.3 10.4 9.8
v -0.2 10.4 9.8
v -0.1 10.4 9.8
v 6.3 10.4 9.8
v -0.2 10.4 9.7
v -0.1 10.4 9.7
v 6.3 10.4 9.7
v 6.4 10.4 9.7
v -0.3 10.4 9.6
v -0.2 10.4 9.6
v 6.4 10.4 9.6
v 6.5 10.4 9.6
v -0.1 10.6 9.8
v 6.3 10.6 9.8
v -0.2 10.6 9.7
v -0.1 10.6 9.7
v 6.3 10.6 9.7
v 6.4 10.6 9.7
v -0.3 10.6 9.6
v -0.2 10.6 9.6
v 6.3 10.6 9.6
v 6.4 10.6 9.6
v 6.5 10.6 9.6
v 6.3 10.6 9.5
v 6.4 10.6 9.5
v -0.3 10.6 9.4
v -0.2 10.6 9.4
v 6.4 10.6 9.4
v 6.5 10.6 9.4
v -0.2 10.8 9.6
v 6.3 10.8 9.6
v 6.3 10.8 9.5
v 6.4 10.8 9.5
v -0.3 10.8 9.4
v -0.2 10.8 9.4
v -0.1 10.8 9.4
v 6.3 10.8 9.4
v 6.4 10.8 9.4
v 6.5 10.8 9.4
v -0.2 10.8 9.3
v -0.1 10.8 9.3
v 6.3 10.8 9.3
v 6.4 10.8 9.3
v -0.3 10.8 9.2
v -0.2 10.8 9.2
v 6.4 10.8 9.2
v 6.5 10.8 9.2
v -0.1 11 9.4
v 6.3 11 9.4
v -0.2 11 9.3
v -0.1 11 9.3
v 6.3 11 9.3
v 6.4 11 9.3
v -0.3 11 9.2
v -0.2 11 9.2
v -0.1 11 9.2
v 6.3 11 9.2
v 6.4 11 9.2
v 6.5 11 9.2
v -0.2 11 9.1
v -0.1 11 9.1
v 6.3 11 9.1
v 6.4 11 9.1
v -0.3 11 9
v -0.2 11 9
v 6.4 11 9
v 6.5 11 9
v -0.1 11.2 9.2
v 6.3 11.2 9.2
v -0.1 11.2 9
v 6.3 11.2 9
v 0.1 11.4 9
v 6.1 11.4 9
v 0.1 11.4 8.6
v 6.1 11.4 8.6
v -0.1 11.5 5.1
v 6.3 11.5 5.1
v -0.1 11.5 5
v 6.3 11.5 5
v -0.4 11.6 6
v -0.2 11.6 6
v 6.4 11.6 6
v 6.6 11.6 6
v -0.4 11.6 5.9
v -0.3 11.6 5.9
v 6.5 11.6 5.9
v 6.6 11.6 5.9
v -0.3 11.6 5.2
v -0.2 11.6 5.2
v 6.4 11.6 5.2
v 6.5 11.6 5.2
v -0.2 11.6 5.1
v 6.4 11.6 5.1
v -0.2 11.7 6
v -0.1 11.7 6
v 6.3 11.7 6
v 6.4 11.7 6
v -0.1 11.7 5.3
v 6.3 11.7 5.3
v -0.2 11.7 5.2
v 6.4 11.7 5.2
v -0.3 11.8 9.2
v 6.5 11.8 9.2
v -0.3 11.8 9.1
v 6.5 11.8 9.1
v -0.5 11.8 9
v -0.4 11.8 9
v 6.6 11.8 9
v 6.7 11.8 9
v -0.5 11.8 6.2
v -0.4 11.8 6.2
v 6.6 11.8 6.2
v 6.7 11.8 6.2
v -0.5 11.8 6
v -0.4 11.8 6
v -0.1 11.8 6
v 6.3 11.8 6
v 6.6 11.8 6
v 6.7 11.8 6
v -0.1 11.8 5.3
v 6.3 11.8 5.3
v -0.4 11.9 9.1
v 6.6 11.9 9.1
v -0.3 11.9 9
v 6.5 11.9 9
v -0.4 11.9 6.2
v -0.3 11.9 6.2
v 6.5 11.9 6.2
v 6.6 11.9 6.2
v -0.4 11.9 6
v -0.3 11.9 6
v 6.5 11.9 6
v 6.6 11.9 6
v -0.3 12 9
v 6.5 12 9
v -0.3 12 6.2
v 6.5 12 6.2
v -0.3 12 6
v 6.5 12 6

# faces
f 3/8/1 2/8/1 1/8/1
f 4/8/1 2/8/1 3/8/1
f 5/8/1 2/8/1 4/8/1
f 6/8/1 2/8/1 5/8/1
f 7/8/1 2/8/1 6/8/1
f 8/8/1 2/8/1 7/8/1
f 9/8/1 2/8/1 8/8/1
f 10/8/1 2/8/1 9/8/1
f 11/8/1 2/8/1 10/8/1
f 12/8/1 2/8/1 11/8/1
f 13/8/1 2/8/1 12/8/1
f 14/8/1 2/8/1 13/8/1
f 15/8/1 2/8/1 14/8/1
f 16/8/1 2/8/1 15/8/1
f 17/8/1 2/8/1 16/8/1
f 18/8/1 2/8/1 17/8/1
f 19/8/1 2/8/1 18/8/1
f 20/8/1 2/8/1 19/8/1
f 21/8/1 2/8/1 20/8/1
f 22/8/1 2/8/1 21/8/1
f 23/8/1 2/8/1 22/8/1
f 24/8/1 2/8/1 23/8/1
f 25/8/1 2/8/1 24/8/1
f 26/8/1 2/8/1 25/8/1
f 31/8/1 30/8/1 29/8/1
f 32/8/1 30/8/1 31/8/1
f 33/8/1 30/8/1 32/8/1
f 34/8/1 30/8/1 33/8/1
f 37/8/1 36/8/1 35/8/1
f 38/8/1 36/8/1 37/8/1
f 41/8/1 40/8/1 39/8/1
f 42/8/1 40/8/1 41/8/1
f 45/8/1 44/8/1 43/8/1
f 46/8/1 44/8/1 45/8/1
f 48/8/1 47/8/1 46/8/1
f 49/8/1 47/8/1 48/8/1
f 52/8/1 51/8/1 50/8/1
f 53/8/1 51/8/1 52/8/1
f 56/8/1 55/8/1 54/8/1
f 57/8/1 55/8/1 56/8/1
f 60/8/1 59/8/1 58/8/1
f 61/8/1 59/8/1 60/8/1
f 64/8/1 63/8/1 62/8/1
f 65/8/1 63/8/1 64/8/1
f 68/8/1 67/8/1 66/8/1
f 69/8/1 67/8/1 68/8/1
f 71/8/1 28/8/1 27/8/1
f 72/8/1 71/8/1 70/8/1
f 73/8/1 28/8/1 71/8/1
f 73/8/1 71/8/1 72/8/1
f 78/8/1 75/8/1 74/8/1
f 79/8/1 75/8/1 78/8/1
f 80/8/1 75/8/1 79/8/1
f 81/8/1 75/8/1 80/8/1
f 84/8/1 83/8/1 82/8/1
f 85/8/1 83/8/1 84/8/1
f 86/8/1 83/8/1 85/8/1
f 88/8/1 87/8/1 86/8/1
f 88/8/1 86/8/1 85/8/1
f 89/8/1 87/8/1 88/8/1
f 90/8/1 87/8/1 89/8/1
f 92/8/1 91/8/1 90/8/1
f 92/8/1 90/8/1 89/8/1
f 93/8/1 91/8/1 92/8/1
f 94/8/1 91/8/1 93/8/1
f 96/8/1 95/8/1 94/8/1
f 96/8/1 94/8/1 93/8/1
f 97/8/1 95/8/1 96/8/1
f 98/8/1 95/8/1 97/8/1
f 100/8/1 99/8/1 98/8/1
f 100/8/1 98/8/1 97/8/1
f 101/8/1 99/8/1 100/8/1
f 104/8/1 103/8/1 102/8/1
f 105/8/1 103/8/1 104/8/1
f 108/8/1 107/8/1 106/8/1
f 109/8/1 107/8/1 108/8/1
f 111/8/1 110/8/1 109/8/1
f 112/8/1 110/8/1 111/8/1
f 115/8/1 114/8/1 113/8/1
f 116/8/1 114/8/1 115/8/1
f 119/8/1 118/8/1 117/8/1
f 120/8/1 118/8/1 119/8/1
f 123/8/1 122/8/1 121/8/1
f 124/8/1 122/8/1 123/8/1
f 126/8/1 77/8/1 76/8/1
f 127/8/1 126/8/1 125/8/1
f 128/8/1 77/8/1 126/8/1
f 128/8/1 126/8/1 127/8/1
f 131/8/1 130/8/1 129/8/1
f 132/8/1 130/8/1 131/8/1
f 135/8/1 134/8/1 133/8/1
f 136/8/1 134/8/1 135/8/1
f 139/8/1 138/8/1 137/8/1
f 140/8/1 138/8/1 139/8/1
f 143/8/1 142/8/1 141/8/1
f 144/8/1 142/8/1 143/8/1
f 147/8/1 146/8/1 145/8/1
f 148/8/1 146/8/1 147/8/1
f 151/8/1 150/8/1 149/8/1
f 152/8/1 150/8/1 151/8/1
f 155/8/1 154/8/1 153/8/1
f 156/8/1 154/8/1 155/8/1
f 158/8/1 157/8/1 156/8/1
f 159/8/1 157/8/1 158/8/1
f 162/8/1 161/8/1 160/8/1
f 163/8/1 161/8/1 162/8/1
f 165/8/1 164/8/1 163/8/1
f 166/8/1 164/8/1 165/8/1
f 169/8/1 168/8/1 167/8/1
f 170/8/1 168/8/1 169/8/1
f 173/8/1 172/8/1 171/8/1
f 174/8/1 172/8/1 173/8/1
f 177/8/1 176/8/1 175/8/1
f 178/8/1 176/8/1 177/8/1
f 181/8/1 180/8/1 179/8/1
f 182/8/1 180/8/1 181/8/1
f 185/8/1 184/8/1 183/8/1
f 186/8/1 184/8/1 185/8/1
f 191/8/1 188/8/1 187/8/1
f 192/8/1 188/8/1 191/8/1
f 193/8/1 190/8/1 189/8/1
f 194/8/1 190/8/1 193/8/1
f 196/8/1 195/8/1 194/8/1
f 197/8/1 195/8/1 196/8/1
f 199/8/1 198/8/1 197/8/1
f 200/8/1 198/8/1 199/8/1
f 203/5/1 202/5/1 201/5/1
f 206/3/1 205/3/1 204/3/1
f 207/5/1 203/5/1 201/5/1
f 207/5/1 204/5/1 203/5/1
f 208/5/1 204/5/1 207/5/1
f 209/5/1 204/5/1 208/5/1
f 210/9/1 209/9/1 208/9/1
f 211/5/1 204/5/1 209/5/1
f 211/9/1 209/9/1 210/9/1
f 212/5/1 204/5/1 211/5/1
f 213/5/1 204/5/1 212/5/1
f 214/5/1 204/5/1 213/5/1
f 215/5/1 204/5/1 214/5/1
f 216/8/1 214/8/1 213/8/1
f 217/9/1 215/9/1 214/9/1
f 217/8/1 214/8/1 216/8/1
f 218/5/1 204/5/1 215/5/1
f 218/9/1 215/9/1 217/9/1
f 219/5/1 204/5/1 218/5/1
f 220/5/1 204/5/1 219/5/1
f 221/5/1 204/5/1 220/5/1
f 222/8/1 221/8/1 220/8/1
f 223/5/1 204/5/1 221/5/1
f 223/8/1 221/8/1 222/8/1
f 224/5/1 204/5/1 223/5/1
f 225/5/1 204/5/1 224/5/1
f 226/5/1 204/5/1 225/5/1
f 227/8/1 226/8/1 225/8/1
f 228/5/1 204/5/1 226/5/1
f 228/8/1 226/8/1 227/8/1
f 229/5/1 204/5/1 228/5/1
f 230/5/1 204/5/1 229/5/1
f 231/5/1 204/5/1 230/5/1
f 232/8/1 231/8/1 230/8/1
f 233/5/1 204/5/1 231/5/1
f 233/8/1 231/8/1 232/8/1
f 234/5/1 204/5/1 233/5/1
f 235/5/1 204/5/1 234/5/1
f 236/5/1 204/5/1 235/5/1
f 237/8/1 236/8/1 235/8/1
f 238/5/1 204/5/1 236/5/1
f 238/8/1 236/8/1 237/8/1
f 239/5/1 204/5/1 238/5/1
f 240/5/1 204/5/1 239/5/1
f 241/5/1 204/5/1 240/5/1
f 244/8/1 241/8/1 240/8/1
f 245/5/1 204/5/1 241/5/1
f 245/8/1 241/8/1 244/8/1
f 247/8/1 243/8/1 242/8/1
f 248/5/1 244/5/1 243/5/1
f 248/5/1 245/5/1 244/5/1
f 248/8/1 243/8/1 247/8/1
f 250/8/1 247/8/1 246/8/1
f 251/5/1 248/5/1 247/5/1
f 251/8/1 247/8/1 250/8/1
f 255/8/1 250/8/1 249/8/1
f 256/5/1 251/5/1 250/5/1
f 256/8/1 250/8/1 255/8/1
f 257/9/1 253/9/1 252/9/1
f 258/8/1 254/8/1 253/8/1
f 258/9/1 253/9/1 257/9/1
f 259/5/1 255/5/1 254/5/1
f 259/8/1 254/8/1 258/8/1
f 259/5/1 256/5/1 255/5/1
f 260/5/1 258/5/1 257/5/1
f 260/5/1 259/5/1 258/5/1
f 261/3/1 206/3/1 204/3/1
f 261/5/1 259/5/1 260/5/1
f 261/5/1 245/5/1 248/5/1
f 261/5/1 204/5/1 245/5/1
f 261/5/1 251/5/1 256/5/1
f 261/5/1 248/5/1 251/5/1
f 261/5/1 256/5/1 259/5/1
f 262/3/1 206/3/1 261/3/1
f 265/8/1 264/8/1 263/8/1
f 266/8/1 264/8/1 265/8/1
f 269/8/1 268/8/1 267/8/1
f 270/8/1 268/8/1 269/8/1
f 271/8/1 268/8/1 270/8/1
f 274/8/1 273/8/1 272/8/1
f 275/8/1 273/8/1 274/8/1
f 278/8/1 277/8/1 276/8/1
f 279/8/1 277/8/1 278/8/1
f 282/8/1 281/8/1 280/8/1
f 283/8/1 281/8/1 282/8/1
f 284/5/1 266/5/1 265/5/1
f 285/5/1 266/5/1 284/5/1
f 287/9/1 286/9/1 285/9/1
f 288/9/1 286/9/1 287/9/1
f 290/9/1 289/9/1 288/9/1
f 291/9/1 289/9/1 290/9/1
f 292/9/1 289/9/1 291/9/1
f 294/11/1 292/11/1 291/11/1
f 295/8/1 293/8/1 292/8/1
f 295/11/1 292/11/1 294/11/1
f 296/8/1 293/8/1 295/8/1
f 299/8/1 296/8/1 295/8/1
f 299/8/1 297/8/1 296/8/1
f 300/9/1 298/9/1 297/9/1
f 300/8/1 297/8/1 299/8/1
f 301/9/1 298/9/1 300/9/1
f 303/8/1 302/8/1 301/8/1
f 305/8/1 303/8/1 301/8/1
f 305/8/1 304/8/1 303/8/1
f 306/8/1 304/8/1 305/8/1
f 308/8/1 307/8/1 306/8/1
f 310/8/1 308/8/1 306/8/1
f 310/8/1 309/8/1 308/8/1
f 311/8/1 309/8/1 310/8/1
f 313/8/1 312/8/1 311/8/1
f 315/8/1 313/8/1 311/8/1
f 315/8/1 314/8/1 313/8/1
f 316/8/1 314/8/1 315/8/1
f 318/8/1 317/8/1 316/8/1
f 320/8/1 318/8/1 316/8/1
f 320/8/1 319/8/1 318/8/1
f 321/8/1 319/8/1 320/8/1
f 323/8/1 322/8/1 321/8/1
f 324/8/1 322/8/1 323/8/1
f 327/3/1 270/3/1 269/3/1
f 328/3/1 270/3/1 327/3/1
f 329/5/1 326/5/1 325/5/1
f 332/5/1 329/5/1 325/5/1
f 332/5/1 330/5/1 329/5/1
f 333/3/1 331/3/1 330/3/1
f 333/5/1 330/5/1 332/5/1
f 334/3/1 331/3/1 333/3/1
f 337/5/1 336/5/1 335/5/1
f 340/3/1 339/3/1 338/3/1
f 342/3/1 341/3/1 340/3/1
f 344/3/1 343/3/1 342/3/1
f 346/5/1 337/5/1 335/5/1
f 347/5/1 337/5/1 346/5/1
f 349/11/1 348/11/1 347/11/1
f 350/11/1 348/11/1 349/11/1
f 353/11/1 352/11/1 351/11/1
f 354/11/1 352/11/1 353/11/1
f 357/2/1 355/2/1 354/2/1
f 358/2/1 355/2/1 357/2/1
f 362/2/1 357/2/1 356/2/1
f 362/2/1 360/2/1 359/2/1
f 362/2/1 359/2/1 358/2/1
f 362/2/1 358/2/1 357/2/1
f 363/2/1 360/2/1 362/2/1
f 366/2/1 362/2/1 361/2/1
f 366/2/1 364/2/1 363/2/1
f 366/2/1 363/2/1 362/2/1
f 367/2/1 364/2/1 366/2/1
f 370/2/1 366/2/1 365/2/1
f 370/2/1 368/2/1 367/2/1
f 370/2/1 367/2/1 366/2/1
f 371/2/1 368/2/1 370/2/1
f 374/2/1 370/2/1 369/2/1
f 374/2/1 372/2/1 371/2/1
f 374/2/1 371/2/1 370/2/1
f 375/2/1 372/2/1 374/2/1
f 378/2/1 374/2/1 373/2/1
f 378/2/1 376/2/1 375/2/1
f 378/2/1 375/2/1 374/2/1
f 379/2/1 378/2/1 377/2/1
f 380/2/1 376/2/1 378/2/1
f 380/2/1 378/2/1 379/2/1
f 381/2/1 376/2/1 380/2/1
f 382/2/1 376/2/1 381/2/1
f 383/2/1 376/2/1 382/2/1
f 384/2/1 376/2/1 383/2/1
f 385/2/1 383/2/1 382/2/1
f 386/2/1 383/2/1 385/2/1
f 387/2/1 383/2/1 386/2/1
f 388/2/1 383/2/1 387/2/1
f 389/2/1 383/2/1 388/2/1
f 390/2/1 383/2/1 389/2/1
f 391/2/1 389/2/1 388/2/1
f 392/2/1 389/2/1 391/2/1
f 393/2/1 389/2/1 392/2/1
f 394/2/1 389/2/1 393/2/1
f 396/2/1 393/2/1 392/2/1
f 397/2/1 393/2/1 396/2/1
f 398/2/1 393/2/1 397/2/1
f 399/2/1 393/2/1 398/2/1
f 400/4/1 396/4/1 395/4/1
f 401/4/1 396/4/1 400/4/1
f 402/4/1 396/4/1 401/4/1
f 403/3/1 345/3/1 344/3/1
f 403/3/1 340/3/1 338/3/1
f 403/3/1 342/3/1 340/3/1
f 403/3/1 344/3/1 342/3/1
f 404/3/1 345/3/1 403/3/1
f 405/5/1 401/5/1 400/5/1
f 406/5/1 401/5/1 405/5/1
f 410/5/1 408/5/1 407/5/1
f 411/3/1 409/3/1 408/3/1
f 411/5/1 408/5/1 410/5/1
f 412/3/1 409/3/1 411/3/1
f 416/8/1 414/8/1 413/8/1
f 417/8/1 414/8/1 416/8/1
f 420/11/1 419/11/1 418/11/1
f 421/11/1 419/11/1 420/11/1
f 424/11/1 423/11/1 422/11/1
f 425/11/1 423/11/1 424/11/1
f 429/2/1 426/2/1 425/2/1
f 430/2/1 426/2/1 429/2/1
f 433/2/1 428/2/1 427/2/1
f 434/2/1 428/2/1 433/2/1
f 437/2/1 432/2/1 431/2/1
f 438/2/1 432/2/1 437/2/1
f 441/2/1 436/2/1 435/2/1
f 442/2/1 436/2/1 441/2/1
f 445/2/1 440/2/1 439/2/1
f 446/2/1 440/2/1 445/2/1
f 449/2/1 444/2/1 443/2/1
f 450/2/1 444/2/1 449/2/1
f 451/2/1 448/2/1 447/2/1
f 452/2/1 448/2/1 451/2/1
f 455/2/1 454/2/1 453/2/1
f 456/2/1 454/2/1 455/2/1
f 459/2/1 458/2/1 457/2/1
f 460/2/1 458/2/1 459/2/1
f 462/2/1 461/2/1 460/2/1
f 463/2/1 461/2/1 462/2/1
f 466/2/1 465/2/1 464/2/1
f 467/2/1 465/2/1 466/2/1
f 470/2/1 469/2/1 468/2/1
f 471/2/1 469/2/1 470/2/1
f 473/3/1 416/3/1 415/3/1
f 474/3/1 416/3/1 473/3/1
f 475/3/1 473/3/1 472/3/1
f 476/3/1 473/3/1 475/3/1
f 481/7/1 480/7/1 479/7/1
f 482/7/1 480/7/1 481/7/1
f 484/7/1 483/7/1 482/7/1
f 485/7/1 483/7/1 484/7/1
f 488/2/1 487/2/1 486/2/1
f 488/2/1 486/2/1 485/2/1
f 492/2/1 488/2/1 485/2/1
f 492/2/1 489/2/1 488/2/1
f 493/2/1 489/2/1 492/2/1
f 496/2/1 491/2/1 490/2/1
f 497/2/1 491/2/1 496/2/1
f 500/2/1 495/2/1 494/2/1
f 501/2/1 495/2/1 500/2/1
f 504/2/1 499/2/1 498/2/1
f 505/2/1 499/2/1 504/2/1
f 508/2/1 503/2/1 502/2/1
f 509/2/1 503/2/1 508/2/1
f 512/2/1 507/2/1 506/2/1
f 513/2/1 507/2/1 512/2/1
f 514/2/1 511/2/1 510/2/1
f 515/2/1 511/2/1 514/2/1
f 518/2/1 517/2/1 516/2/1
f 519/2/1 517/2/1 518/2/1
f 522/2/1 521/2/1 520/2/1
f 523/2/1 521/2/1 522/2/1
f 526/2/1 525/2/1 524/2/1
f 527/2/1 525/2/1 526/2/1
f 530/2/1 529/2/1 528/2/1
f 531/2/1 529/2/1 530/2/1
f 532/3/1 478/3/1 477/3/1
f 533/3/1 478/3/1 532/3/1
f 536/3/1 535/3/1 534/3/1
f 537/3/1 535/3/1 536/3/1
f 542/2/1 539/2/1 538/2/1
f 543/2/1 539/2/1 542/2/1
f 546/2/1 541/2/1 540/2/1
f 547/2/1 541/2/1 546/2/1
f 550/2/1 545/2/1 544/2/1
f 551/2/1 545/2/1 550/2/1
f 554/2/1 549/2/1 548/2/1
f 555/2/1 549/2/1 554/2/1
f 558/2/1 553/2/1 552/2/1
f 559/2/1 553/2/1 558/2/1
f 560/2/1 557/2/1 556/2/1
f 561/2/1 557/2/1 560/2/1
f 563/2/1 562/2/1 561/2/1
f 564/2/1 562/2/1 563/2/1
f 569/2/1 566/2/1 565/2/1
f 570/2/1 566/2/1 569/2/1
f 573/2/1 568/2/1 567/2/1
f 574/2/1 568/2/1 573/2/1
f 577/2/1 572/2/1 571/2/1
f 578/2/1 572/2/1 577/2/1
f 581/2/1 576/2/1 575/2/1
f 582/2/1 576/2/1 581/2/1
f 584/2/1 580/2/1 579/2/1
f 586/2/1 584/2/1 583/2/1
f 587/2/1 580/2/1 584/2/1
f 587/2/1 584/2/1 586/2/1
f 588/2/1 586/2/1 585/2/1
f 589/2/1 586/2/1 588/2/1
f 591/2/1 590/2/1 589/2/1
f 592/2/1 590/2/1 591/2/1
f 595/9/1 594/9/1 593/9/1
f 596/9/1 594/9/1 595/9/1
f 597/9/1 595/9/1 593/9/1
f 598/9/1 594/9/1 596/9/1
f 599/9/1 597/9/1 593/9/1
f 599/9/1 598/9/1 597/9/1
f 600/9/1 594/9/1 598/9/1
f 600/9/1 598/9/1 599/9/1
f 603/9/1 602/9/1 601/9/1
f 604/9/1 602/9/1 603/9/1
f 608/9/1 606/9/1 605/9/1
f 609/9/1 606/9/1 608/9/1
f 609/9/1 608/9/1 607/9/1
f 610/9/1 609/9/1 607/9/1
f 611/9/1 609/9/1 610/9/1
f 612/9/1 609/9/1 611/9/1
f 613/9/1 612/9/1 611/9/1
f 614/9/1 612/9/1 613/9/1
f 617/9/1 616/9/1 615/9/1
f 618/9/1 616/9/1 617/9/1
f 622/9/1 620/9/1 619/9/1
f 623/9/1 620/9/1 622/9/1
f 624/9/1 622/9/1 621/9/1
f 625/9/1 622/9/1 624/9/1
f 627/9/1 626/9/1 625/9/1
f 628/9/1 626/9/1 627/9/1
f 632/9/1 630/9/1 629/9/1
f 634/9/1 632/9/1 631/9/1
f 635/9/1 630/9/1 632/9/1
f 635/9/1 632/9/1 634/9/1
f 636/9/1 634/9/1 633/9/1
f 637/9/1 634/9/1 636/9/1
f 640/9/1 639/9/1 638/9/1
f 641/9/1 639/9/1 640/9/1
f 643/9/1 642/9/1 641/9/1
f 644/9/1 642/9/1 643/9/1
f 645/9/1 642/9/1 644/9/1
f 646/9/1 642/9/1 645/9/1
f 650/9/1 648/9/1 647/9/1
f 651/9/1 648/9/1 650/9/1
f 652/9/1 650/9/1 649/9/1
f 653/9/1 650/9/1 652/9/1
f 656/9/1 655/9/1 654/9/1
f 657/9/1 655/9/1 656/9/1
f 659/9/1 658/9/1 657/9/1
f 660/9/1 658/9/1 659/9/1
f 663/9/1 662/9/1 661/9/1
f 664/9/1 662/9/1 663/9/1
f 667/9/1 666/9/1 665/9/1
f 668/9/1 666/9/1 667/9/1
f 672/9/1 670/9/1 669/9/1
f 673/9/1 670/9/1 672/9/1
f 673/9/1 672/9/1 671/9/1
f 674/9/1 670/9/1 673/9/1
f 675/9/1 673/9/1 671/9/1
f 676/9/1 673/9/1 675/9/1
f 677/9/1 675/9/1 671/9/1
f 679/9/1 678/9/1 677/9/1
f 681/9/1 679/9/1 677/9/1
f 681/9/1 680/9/1 679/9/1
f 681/9/1 677/9/1 671/9/1
f 682/9/1 680/9/1 681/9/1
f 683/9/1 680/9/1 682/9/1
f 684/9/1 680/9/1 683/9/1
f 689/9/1 686/9/1 685/9/1
f 690/9/1 686/9/1 689/9/1
f 692/9/1 688/9/1 687/9/1
f 693/9/1 692/9/1 691/9/1
f 694/9/1 688/9/1 692/9/1
f 694/9/1 692/9/1 693/9/1
f 695/9/1 688/9/1 694/9/1
f 696/9/1 688/9/1 695/9/1
f 699/9/1 698/9/1 697/9/1
f 700/9/1 698/9/1 699/9/1
f 704/9/1 702/9/1 701/9/1
f 705/9/1 702/9/1 704/9/1
f 706/9/1 704/9/1 703/9/1
f 707/9/1 704/9/1 706/9/1
f 712/9/1 711/9/1 710/9/1
f 713/9/1 711/9/1 712/9/1
f 715/9/1 714/9/1 713/9/1
f 716/9/1 714/9/1 715/9/1
f 717/9/1 709/9/1 708/9/1
f 718/9/1 709/9/1 717/9/1
f 719/9/1 709/9/1 718/9/1
f 720/9/1 709/9/1 719/9/1
f 723/9/1 722/9/1 721/9/1
f 724/9/1 722/9/1 723/9/1
f 727/7/1 726/7/1 725/7/1
f 728/7/1 726/7/1 727/7/1
f 731/5/1 730/5/1 729/5/1
f 732/5/1 730/5/1 731/5/1
f 735/9/1 734/9/1 733/9/1
f 736/9/1 734/9/1 735/9/1
f 739/9/1 738/9/1 737/9/1
f 740/9/1 738/9/1 739/9/1
f 743/9/1 742/9/1 741/9/1
f 744/9/1 742/9/1 743/9/1
f 747/9/1 746/9/1 745/9/1
f 748/9/1 746/9/1 747/9/1
f 751/7/1 750/7/1 749/7/1
f 753/7/1 752/7/1 751/7/1
f 755/7/1 754/7/1 753/7/1
f 757/7/1 751/7/1 749/7/1
f 757/7/1 756/7/1 755/7/1
f 757/7/1 755/7/1 753/7/1
f 757/7/1 753/7/1 751/7/1
f 758/7/1 756/7/1 757/7/1
f 761/7/1 760/7/1 759/7/1
f 762/7/1 760/7/1 761/7/1
f 765/7/1 764/7/1 763/7/1
f 766/7/1 764/7/1 765/7/1
f 769/7/1 768/7/1 767/7/1
f 770/7/1 768/7/1 769/7/1
f 773/7/1 772/7/1 771/7/1
f 774/7/1 772/7/1 773/7/1
f 777/1/1 776/1/1 775/1/1
f 778/1/1 776/1/1 777/1/1
f 781/7/1 780/7/1 779/7/1
f 782/7/1 780/7/1 781/7/1
f 785/1/1 784/1/1 783/1/1
f 786/1/1 784/1/1 785/1/1
f 789/1/1 788/1/1 787/1/1
f 790/1/1 788/1/1 789/1/1
f 793/12/1 792/12/1 791/12/1
f 794/12/1 792/12/1 793/12/1
f 797/12/1 796/12/1 795/12/1
f 798/12/1 796/12/1 797/12/1
f 801/7/1 800/7/1 799/7/1
f 802/7/1 800/7/1 801/7/1
f 805/8/1 804/8/1 803/8/1
f 806/8/1 804/8/1 805/8/1
f 807/7/1 806/7/1 805/7/1
f 808/7/1 806/7/1 807/7/1
f 811/12/1 810/12/1 809/12/1
f 812/12/1 810/12/1 811/12/1
f 815/7/1 814/7/1 813/7/1
f 816/7/1 814/7/1 815/7/1
f 821/7/1 818/7/1 817/7/1
f 822/7/1 820/7/1 819/7/1
f 823/7/1 820/7/1 822/7/1
f 824/7/1 821/7/1 817/7/1
f 825/7/1 821/7/1 824/7/1
f 826/7/1 824/7/1 817/7/1
f 827/7/1 824/7/1 826/7/1
f 831/5/1 829/5/1 828/5/1
f 832/7/1 830/7/1 829/7/1
f 832/5/1 829/5/1 831/5/1
f 833/7/1 830/7/1 832/7/1
f 836/7/1 835/7/1 834/7/1
f 837/7/1 835/7/1 836/7/1
f 840/7/1 839/7/1 838/7/1
f 841/7/1 839/7/1 840/7/1
f 844/7/1 843/7/1 842/7/1
f 845/7/1 844/7/1 842/7/1
f 846/7/1 844/7/1 845/7/1
f 847/7/1 845/7/1 842/7/1
f 848/7/1 845/7/1 847/7/1
f 852/5/1 850/5/1 849/5/1
f 853/7/1 851/7/1 850/7/1
f 853/5/1 850/5/1 852/5/1
f 854/7/1 851/7/1 853/7/1
f 857/7/1 856/7/1 855/7/1
f 858/7/1 856/7/1 857/7/1
f 861/1/1 860/1/1 859/1/1
f 862/1/1 860/1/1 861/1/1
f 865/7/1 864/7/1 863/7/1
f 866/7/1 864/7/1 865/7/1
f 869/7/1 868/7/1 867/7/1
f 871/7/1 870/7/1 869/7/1
f 873/7/1 872/7/1 871/7/1
f 875/7/1 874/7/1 873/7/1
f 877/7/1 869/7/1 867/7/1
f 877/7/1 876/7/1 875/7/1
f 877/7/1 875/7/1 873/7/1
f 877/7/1 873/7/1 871/7/1
f 877/7/1 871/7/1 869/7/1
f 878/7/1 876/7/1 877/7/1
f 879/7/1 877/7/1 867/7/1
f 880/7/1 877/7/1 879/7/1
f 884/5/1 882/5/1 881/5/1
f 885/7/1 883/7/1 882/7/1
f 885/5/1 882/5/1 884/5/1
f 886/7/1 883/7/1 885/7/1
f 889/7/1 888/7/1 887/7/1
f 890/7/1 888/7/1 889/7/1
f 894/5/1 892/5/1 891/5/1
f 895/7/1 893/7/1 892/7/1
f 895/5/1 892/5/1 894/5/1
f 896/7/1 893/7/1 895/7/1
f 900/5/1 898/5/1 897/5/1
f 900/5/1 899/5/1 898/5/1
f 901/5/1 899/5/1 900/5/1
f 904/4/1 903/4/1 902/4/1
f 905/4/1 903/4/1 904/4/1
f 908/8/1 907/8/1 906/8/1
f 909/8/1 907/8/1 908/8/1
f 910/8/1 907/8/1 909/8/1
f 911/8/1 907/8/1 910/8/1
f 912/8/2 913/8/2 914/8/2
f 914/8/2 913/8/2 915/8/2
f 915/8/2 913/8/2 916/8/2
f 916/8/2 913/8/2 917/8/2
f 918/4/2 919/4/2 920/4/2
f 920/4/2 919/4/2 921/4/2
f 922/5/2 923/5/2 925/5/2
f 923/5/2 924/5/2 925/5/2
f 925/5/2 924/5/2 926/5/2
f 927/9/2 928/9/2 929/9/2
f 927/9/2 929/9/2 930/9/2
f 927/9/2 930/9/2 931/9/2
f 931/9/2 930/9/2 932/9/2
f 933/9/2 934/9/2 935/9/2
f 935/9/2 934/9/2 936/9/2
f 937/9/2 938/9/2 939/9/2
f 939/9/2 938/9/2 940/9/2
f 941/5/2 942/5/2 943/5/2
f 943/5/2 942/5/2 944/5/2
f 945/9/2 946/9/2 947/9/2
f 947/9/2 946/9/2 948/9/2
f 949/9/2 950/9/2 951/9/2
f 951/9/2 950/9/2 952/9/2
f 953/7/2 954/7/2 955/7/2
f 955/7/2 954/7/2 956/7/2
f 957/9/2 958/9/2 959/9/2
f 959/9/2 958/9/2 960/9/2
f 960/9/2 958/9/2 961/9/2
f 961/9/2 958/9/2 962/9/2
f 963/9/2 964/9/2 966/9/2
f 966/9/2 964/9/2 967/9/2
f 965/9/2 966/9/2 968/9/2
f 968/9/2 966/9/2 969/9/2
f 970/9/2 971/9/2 972/9/2
f 972/9/2 971/9/2 973/9/2
f 973/9/2 974/9/2 975/9/2
f 975/9/2 974/9/2 976/9/2
f 977/9/2 978/9/2 981/9/2
f 981/9/2 978/9/2 982/9/2
f 979/9/2 980/9/2 984/9/2
f 983/9/2 984/9/2 985/9/2
f 984/9/2 980/9/2 986/9/2
f 985/9/2 984/9/2 986/9/2
f 986/9/2 980/9/2 987/9/2
f 987/9/2 980/9/2 988/9/2
f 989/9/2 990/9/2 991/9/2
f 991/9/2 990/9/2 992/9/2
f 993/9/2 994/9/2 996/9/2
f 996/9/2 994/9/2 997/9/2
f 995/9/2 996/9/2 997/9/2
f 997/9/2 994/9/2 998/9/2
f 995/9/2 997/9/2 999/9/2
f 999/9/2 997/9/2 1000/9/2
f 995/9/2 999/9/2 1001/9/2
f 1001/9/2 1002/9/2 1003/9/2
f 1001/9/2 1003/9/2 1005/9/2
f 1003/9/2 1004/9/2 1005/9/2
f 995/9/2 1001/9/2 1005/9/2
f 1005/9/2 1004/9/2 1006/9/2
f 1006/9/2 1004/9/2 1007/9/2
f 1007/9/2 1004/9/2 1008/9/2
f 1009/9/2 1010/9/2 1011/9/2
f 1011/9/2 1010/9/2 1012/9/2
f 1013/9/2 1014/9/2 1016/9/2
f 1016/9/2 1014/9/2 1017/9/2
f 1015/9/2 1016/9/2 1018/9/2
f 1018/9/2 1016/9/2 1019/9/2
f 1020/9/2 1021/9/2 1022/9/2
f 1022/9/2 1021/9/2 1023/9/2
f 1023/9/2 1024/9/2 1025/9/2
f 1025/9/2 1024/9/2 1026/9/2
f 1027/9/2 1028/9/2 1029/9/2
f 1029/9/2 1028/9/2 1030/9/2
f 1031/9/2 1032/9/2 1034/9/2
f 1033/9/2 1034/9/2 1036/9/2
f 1034/9/2 1032/9/2 1037/9/2
f 1036/9/2 1034/9/2 1037/9/2
f 1035/9/2 1036/9/2 1038/9/2
f 1038/9/2 1036/9/2 1039/9/2
f 1040/9/2 1041/9/2 1042/9/2
f 1042/9/2 1041/9/2 1043/9/2
f 1043/9/2 1044/9/2 1045/9/2
f 1045/9/2 1044/9/2 1046/9/2
f 1046/9/2 1044/9/2 1047/9/2
f 1047/9/2 1044/9/2 1048/9/2
f 1049/9/2 1050/9/2 1052/9/2
f 1052/9/2 1050/9/2 1053/9/2
f 1051/9/2 1052/9/2 1054/9/2
f 1054/9/2 1052/9/2 1055/9/2
f 1055/9/2 1056/9/2 1057/9/2
f 1057/9/2 1056/9/2 1058/9/2
f 1059/9/2 1060/9/2 1061/9/2
f 1061/9/2 1060/9/2 1062/9/2
f 1063/9/2 1064/9/2 1066/9/2
f 1065/9/2 1066/9/2 1067/9/2
f 1066/9/2 1064/9/2 1068/9/2
f 1067/9/2 1066/9/2 1068/9/2
f 1068/9/2 1064/9/2 1069/9/2
f 1069/9/2 1064/9/2 1070/9/2
f 1071/9/2 1072/9/2 1073/9/2
f 1073/9/2 1072/9/2 1074/9/2
f 1075/9/2 1076/9/2 1077/9/2
f 1077/9/2 1076/9/2 1078/9/2
f 1079/5/2 1080/5/2 1082/5/2
f 1080/7/2 1081/7/2 1083/7/2
f 1082/5/2 1080/5/2 1083/5/2
f 1083/7/2 1081/7/2 1084/7/2
f 1085/7/2 1086/7/2 1087/7/2
f 1087/7/2 1086/7/2 1088/7/2
f 1089/7/2 1090/7/2 1091/7/2
f 1091/7/2 1092/7/2 1093/7/2
f 1093/7/2 1094/7/2 1095/7/2
f 1095/7/2 1096/7/2 1097/7/2
f 1089/7/2 1091/7/2 1099/7/2
f 1097/7/2 1098/7/2 1099/7/2
f 1095/7/2 1097/7/2 1099/7/2
f 1093/7/2 1095/7/2 1099/7/2
f 1091/7/2 1093/7/2 1099/7/2
f 1099/7/2 1098/7/2 1100/7/2
f 1089/7/2 1099/7/2 1101/7/2
f 1101/7/2 1099/7/2 1102/7/2
f 1103/5/2 1104/5/2 1106/5/2
f 1104/7/2 1105/7/2 1107/7/2
f 1106/5/2 1104/5/2 1107/5/2
f 1107/7/2 1105/7/2 1108/7/2
f 1109/7/2 1110/7/2 1111/7/2
f 1111/7/2 1110/7/2 1112/7/2
f 1113/7/2 1114/7/2 1115/7/2
f 1113/7/2 1115/7/2 1116/7/2
f 1116/7/2 1115/7/2 1117/7/2
f 1113/7/2 1116/7/2 1118/7/2
f 1118/7/2 1116/7/2 1119/7/2
f 1120/5/2 1121/5/2 1123/5/2
f 1121/7/2 1122/7/2 1124/7/2
f 1123/5/2 1121/5/2 1124/5/2
f 1124/7/2 1122/7/2 1125/7/2
f 1126/7/2 1127/7/2 1128/7/2
f 1128/7/2 1127/7/2 1129/7/2
f 1130/1/2 1131/1/2 1132/1/2
f 1132/1/2 1131/1/2 1133/1/2
f 1134/7/2 1135/7/2 1138/7/2
f 1136/7/2 1137/7/2 1139/7/2
f 1139/7/2 1137/7/2 1140/7/2
f 1134/7/2 1138/7/2 1141/7/2
f 1141/7/2 1138/7/2 1142/7/2
f 1134/7/2 1141/7/2 1143/7/2
f 1143/7/2 1141/7/2 1144/7/2
f 1145/5/2 1146/5/2 1148/5/2
f 1146/7/2 1147/7/2 1149/7/2
f 1148/5/2 1146/5/2 1149/5/2
f 1149/7/2 1147/7/2 1150/7/2
f 1151/12/2 1152/12/2 1153/12/2
f 1153/12/2 1152/12/2 1154/12/2
f 1155/7/2 1156/7/2 1157/7/2
f 1157/7/2 1156/7/2 1158/7/2
f 1159/8/2 1160/8/2 1161/8/2
f 1161/8/2 1160/8/2 1162/8/2
f 1161/7/2 1162/7/2 1163/7/2
f 1163/7/2 1162/7/2 1164/7/2
f 1165/7/2 1166/7/2 1167/7/2
f 1167/7/2 1166/7/2 1168/7/2
f 1169/7/2 1170/7/2 1171/7/2
f 1171/7/2 1170/7/2 1172/7/2
f 1173/7/2 1174/7/2 1175/7/2
f 1175/7/2 1174/7/2 1176/7/2
f 1177/12/2 1178/12/2 1179/12/2
f 1179/12/2 1178/12/2 1180/12/2
f 1183/7/2 1184/7/2 1185/7/2
f 1185/7/2 1184/7/2 1186/7/2
f 1181/7/2 1182/7/2 1187/7/2
f 1187/7/2 1182/7/2 1188/7/2
f 1189/12/2 1190/12/2 1191/12/2
f 1191/12/2 1190/12/2 1192/12/2
f 1193/7/2 1194/7/2 1195/7/2
f 1195/7/2 1194/7/2 1196/7/2
f 1197/1/2 1198/1/2 1199/1/2
f 1199/1/2 1198/1/2 1200/1/2
f 1201/1/2 1202/1/2 1203/1/2
f 1203/1/2 1202/1/2 1204/1/2
f 1205/7/2 1206/7/2 1207/7/2
f 1207/7/2 1206/7/2 1208/7/2
f 1209/1/2 1210/1/2 1211/1/2
f 1211/1/2 1210/1/2 1212/1/2
f 1213/7/2 1214/7/2 1215/7/2
f 1215/7/2 1214/7/2 1216/7/2
f 1217/7/2 1218/7/2 1219/7/2
f 1219/7/2 1220/7/2 1221/7/2
f 1221/7/2 1222/7/2 1223/7/2
f 1217/7/2 1219/7/2 1225/7/2
f 1223/7/2 1224/7/2 1225/7/2
f 1221/7/2 1223/7/2 1225/7/2
f 1219/7/2 1221/7/2 1225/7/2
f 1225/7/2 1224/7/2 1226/7/2
f 1227/2/2 1228/2/2 1231/2/2
f 1231/2/2 1228/2/2 1232/2/2
f 1229/2/2 1230/2/2 1235/2/2
f 1235/2/2 1230/2/2 1236/2/2
f 1233/2/2 1234/2/2 1239/2/2
f 1239/2/2 1234/2/2 1240/2/2
f 1237/2/2 1238/2/2 1243/2/2
f 1243/2/2 1238/2/2 1244/2/2
f 1241/2/2 1242/2/2 1246/2/2
f 1245/2/2 1246/2/2 1248/2/2
f 1246/2/2 1242/2/2 1249/2/2
f 1248/2/2 1246/2/2 1249/2/2
f 1247/2/2 1248/2/2 1250/2/2
f 1250/2/2 1248/2/2 1251/2/2
f 1251/2/2 1252/2/2 1253/2/2
f 1253/2/2 1252/2/2 1254/2/2
f 1255/2/2 1256/2/2 1259/2/2
f 1259/2/2 1256/2/2 1260/2/2
f 1257/2/2 1258/2/2 1263/2/2
f 1263/2/2 1258/2/2 1264/2/2
f 1261/2/2 1262/2/2 1267/2/2
f 1267/2/2 1262/2/2 1268/2/2
f 1265/2/2 1266/2/2 1271/2/2
f 1271/2/2 1266/2/2 1272/2/2
f 1269/2/2 1270/2/2 1275/2/2
f 1275/2/2 1270/2/2 1276/2/2
f 1273/2/2 1274/2/2 1277/2/2
f 1277/2/2 1274/2/2 1278/2/2
f 1278/2/2 1279/2/2 1280/2/2
f 1280/2/2 1279/2/2 1281/2/2
f 1284/7/2 1285/7/2 1286/7/2
f 1286/7/2 1285/7/2 1287/7/2
f 1287/7/2 1288/7/2 1289/7/2
f 1289/7/2 1288/7/2 1290/7/2
f 1291/2/2 1292/2/2 1293/2/2
f 1290/2/2 1291/2/2 1293/2/2
f 1290/2/2 1293/2/2 1297/2/2
f 1293/2/2 1294/2/2 1297/2/2
f 1297/2/2 1294/2/2 1298/2/2
f 1295/2/2 1296/2/2 1301/2/2
f 1301/2/2 1296/2/2 1302/2/2
f 1299/2/2 1300/2/2 1305/2/2
f 1305/2/2 1300/2/2 1306/2/2
f 1303/2/2 1304/2/2 1309/2/2
f 1309/2/2 1304/2/2 1310/2/2
f 1307/2/2 1308/2/2 1313/2/2
f 1313/2/2 1308/2/2 1314/2/2
f 1311/2/2 1312/2/2 1317/2/2
f 1317/2/2 1312/2/2 1318/2/2
f 1315/2/2 1316/2/2 1319/2/2
f 1319/2/2 1316/2/2 1320/2/2
f 1321/2/2 1322/2/2 1323/2/2
f 1323/2/2 1322/2/2 1324/2/2
f 1325/2/2 1326/2/2 1327/2/2
f 1327/2/2 1326/2/2 1328/2/2
f 1329/2/2 1330/2/2 1331/2/2
f 1331/2/2 1330/2/2 1332/2/2
f 1333/2/2 1334/2/2 1335/2/2
f 1335/2/2 1334/2/2 1336/2/2
f 1282/3/2 1283/3/2 1337/3/2
f 1337/3/2 1283/3/2 1338/3/2
f 1339/3/2 1340/3/2 1341/3/2
f 1341/3/2 1340/3/2 1342/3/2
f 1343/8/2 1344/8/2 1346/8/2
f 1346/8/2 1344/8/2 1347/8/2
f 1348/11/2 1349/11/2 1350/11/2
f 1350/11/2 1349/11/2 1351/11/2
f 1352/11/2 1353/11/2 1354/11/2
f 1354/11/2 1353/11/2 1355/11/2
f 1355/2/2 1356/2/2 1359/2/2
f 1359/2/2 1356/2/2 1360/2/2
f 1357/2/2 1358/2/2 1363/2/2
f 1363/2/2 1358/2/2 1364/2/2
f 1361/2/2 1362/2/2 1367/2/2
f 1367/2/2 1362/2/2 1368/2/2
f 1365/2/2 1366/2/2 1371/2/2
f 1371/2/2 1366/2/2 1372/2/2
f 1369/2/2 1370/2/2 1375/2/2
f 1375/2/2 1370/2/2 1376/2/2
f 1373/2/2 1374/2/2 1379/2/2
f 1379/2/2 1374/2/2 1380/2/2
f 1377/2/2 1378/2/2 1381/2/2
f 1381/2/2 1378/2/2 1382/2/2
f 1382/2/2 1383/2/2 1384/2/2
f 1384/2/2 1383/2/2 1385/2/2
f 1386/2/2 1387/2/2 1388/2/2
f 1388/2/2 1387/2/2 1389/2/2
f 1390/2/2 1391/2/2 1392/2/2
f 1392/2/2 1391/2/2 1393/2/2
f 1394/2/2 1395/2/2 1396/2/2
f 1396/2/2 1395/2/2 1397/2/2
f 1398/2/2 1399/2/2 1400/2/2
f 1400/2/2 1399/2/2 1401/2/2
f 1345/3/2 1346/3/2 1403/3/2
f 1403/3/2 1346/3/2 1404/3/2
f 1402/3/2 1403/3/2 1405/3/2
f 1405/3/2 1403/3/2 1406/3/2
f 1407/5/2 1408/5/2 1409/5/2
f 1410/3/2 1411/3/2 1412/3/2
f 1412/3/2 1413/3/2 1414/3/2
f 1414/3/2 1415/3/2 1416/3/2
f 1407/5/2 1409/5/2 1418/5/2
f 1418/5/2 1409/5/2 1419/5/2
f 1419/11/2 1420/11/2 1421/11/2
f 1421/11/2 1420/11/2 1422/11/2
f 1423/11/2 1424/11/2 1425/11/2
f 1425/11/2 1424/11/2 1426/11/2
f 1426/2/2 1427/2/2 1429/2/2
f 1429/2/2 1427/2/2 1430/2/2
f 1428/2/2 1429/2/2 1434/2/2
f 1431/2/2 1432/2/2 1434/2/2
f 1430/2/2 1431/2/2 1434/2/2
f 1429/2/2 1430/2/2 1434/2/2
f 1434/2/2 1432/2/2 1435/2/2
f 1433/2/2 1434/2/2 1438/2/2
f 1435/2/2 1436/2/2 1438/2/2
f 1434/2/2 1435/2/2 1438/2/2
f 1438/2/2 1436/2/2 1439/2/2
f 1437/2/2 1438/2/2 1442/2/2
f 1439/2/2 1440/2/2 1442/2/2
f 1438/2/2 1439/2/2 1442/2/2
f 1442/2/2 1440/2/2 1443/2/2
f 1441/2/2 1442/2/2 1446/2/2
f 1443/2/2 1444/2/2 1446/2/2
f 1442/2/2 1443/2/2 1446/2/2
f 1446/2/2 1444/2/2 1447/2/2
f 1445/2/2 1446/2/2 1450/2/2
f 1447/2/2 1448/2/2 1450/2/2
f 1446/2/2 1447/2/2 1450/2/2
f 1449/2/2 1450/2/2 1451/2/2
f 1451/2/2 1450/2/2 1452/2/2
f 1452/2/2 1450/2/2 1453/2/2
f 1450/2/2 1448/2/2 1454/2/2
f 1453/2/2 1450/2/2 1454/2/2
f 1454/2/2 1448/2/2 1455/2/2
f 1455/2/2 1448/2/2 1456/2/2
f 1454/2/2 1455/2/2 1457/2/2
f 1457/2/2 1455/2/2 1458/2/2
f 1458/2/2 1455/2/2 1459/2/2
f 1459/2/2 1455/2/2 1460/2/2
f 1460/2/2 1455/2/2 1461/2/2
f 1461/2/2 1455/2/2 1462/2/2
f 1460/2/2 1461/2/2 1463/2/2
f 1463/2/2 1461/2/2 1464/2/2
f 1464/2/2 1461/2/2 1465/2/2
f 1465/2/2 1461/2/2 1466/2/2
f 1464/2/2 1465/2/2 1468/2/2
f 1468/2/2 1465/2/2 1469/2/2
f 1469/2/2 1465/2/2 1470/2/2
f 1470/2/2 1465/2/2 1471/2/2
f 1467/4/2 1468/4/2 1472/4/2
f 1472/4/2 1468/4/2 1473/4/2
f 1473/4/2 1468/4/2 1474/4/2
f 1416/3/2 1417/3/2 1475/3/2
f 1410/3/2 1412/3/2 1475/3/2
f 1412/3/2 1414/3/2 1475/3/2
f 1414/3/2 1416/3/2 1475/3/2
f 1475/3/2 1417/3/2 1476/3/2
f 1472/5/2 1473/5/2 1477/5/2
f 1477/5/2 1473/5/2 1478/5/2
f 1479/5/2 1480/5/2 1482/5/2
f 1480/3/2 1481/3/2 1483/3/2
f 1482/5/2 1480/5/2 1483/5/2
f 1483/3/2 1481/3/2 1484/3/2
f 1485/8/2 1486/8/2 1487/8/2
f 1487/8/2 1486/8/2 1488/8/2
f 1489/8/2 1490/8/2 1491/8/2
f 1491/8/2 1490/8/2 1492/8/2
f 1492/8/2 1490/8/2 1493/8/2
f 1494/8/2 1495/8/2 1496/8/2
f 1496/8/2 1495/8/2 1497/8/2
f 1498/8/2 1499/8/2 1500/8/2
f 1500/8/2 1499/8/2 1501/8/2
f 1502/8/2 1503/8/2 1504/8/2
f 1504/8/2 1503/8/2 1505/8/2
f 1487/5/2 1488/5/2 1506/5/2
f 1506/5/2 1488/5/2 1507/5/2
f 1507/9/2 1508/9/2 1509/9/2
f 1509/9/2 1508/9/2 1510/9/2
f 1510/9/2 1511/9/2 1512/9/2
f 1512/9/2 1511/9/2 1513/9/2
f 1513/9/2 1511/9/2 1514/9/2
f 1513/11/2 1514/11/2 1516/11/2
f 1514/8/2 1515/8/2 1517/8/2
f 1516/11/2 1514/11/2 1517/11/2
f 1517/8/2 1515/8/2 1518/8/2
f 1517/8/2 1518/8/2 1521/8/2
f 1518/8/2 1519/8/2 1521/8/2
f 1519/9/2 1520/9/2 1522/9/2
f 1521/8/2 1519/8/2 1522/8/2
f 1522/9/2 1520/9/2 1523/9/2
f 1523/8/2 1524/8/2 1525/8/2
f 1523/8/2 1525/8/2 1527/8/2
f 1525/8/2 1526/8/2 1527/8/2
f 1527/8/2 1526/8/2 1528/8/2
f 1528/8/2 1529/8/2 1530/8/2
f 1528/8/2 1530/8/2 1532/8/2
f 1530/8/2 1531/8/2 1532/8/2
f 1532/8/2 1531/8/2 1533/8/2
f 1533/8/2 1534/8/2 1535/8/2
f 1533/8/2 1535/8/2 1537/8/2
f 1535/8/2 1536/8/2 1537/8/2
f 1537/8/2 1536/8/2 1538/8/2
f 1538/8/2 1539/8/2 1540/8/2
f 1538/8/2 1540/8/2 1542/8/2
f 1540/8/2 1541/8/2 1542/8/2
f 1542/8/2 1541/8/2 1543/8/2
f 1543/8/2 1544/8/2 1545/8/2
f 1545/8/2 1544/8/2 1546/8/2
f 1491/3/2 1492/3/2 1549/3/2
f 1549/3/2 1492/3/2 1550/3/2
f 1547/5/2 1548/5/2 1551/5/2
f 1547/5/2 1551/5/2 1554/5/2
f 1551/5/2 1552/5/2 1554/5/2
f 1552/3/2 1553/3/2 1555/3/2
f 1554/5/2 1552/5/2 1555/5/2
f 1555/3/2 1553/3/2 1556/3/2
f 1557/8/2 1558/8/2 1559/8/2
f 1559/8/2 1558/8/2 1560/8/2
f 1561/8/2 1562/8/2 1563/8/2
f 1563/8/2 1562/8/2 1564/8/2
f 1565/8/2 1566/8/2 1567/8/2
f 1567/8/2 1566/8/2 1568/8/2
f 1569/8/2 1570/8/2 1571/8/2
f 1571/8/2 1570/8/2 1572/8/2
f 1573/8/2 1574/8/2 1575/8/2
f 1575/8/2 1574/8/2 1576/8/2
f 1577/8/2 1578/8/2 1579/8/2
f 1579/8/2 1578/8/2 1580/8/2
f 1581/8/2 1582/8/2 1583/8/2
f 1583/8/2 1582/8/2 1584/8/2
f 1584/8/2 1585/8/2 1586/8/2
f 1586/8/2 1585/8/2 1587/8/2
f 1588/5/2 1589/5/2 1590/5/2
f 1591/3/2 1592/3/2 1593/3/2
f 1588/5/2 1590/5/2 1594/5/2
f 1590/5/2 1591/5/2 1594/5/2
f 1594/5/2 1591/5/2 1595/5/2
f 1595/5/2 1591/5/2 1596/5/2
f 1595/9/2 1596/9/2 1597/9/2
f 1596/5/2 1591/5/2 1598/5/2
f 1597/9/2 1596/9/2 1598/9/2
f 1598/5/2 1591/5/2 1599/5/2
f 1599/5/2 1591/5/2 1600/5/2
f 1600/5/2 1591/5/2 1601/5/2
f 1601/5/2 1591/5/2 1602/5/2
f 1600/8/2 1601/8/2 1603/8/2
f 1601/9/2 1602/9/2 1604/9/2
f 1603/8/2 1601/8/2 1604/8/2
f 1602/5/2 1591/5/2 1605/5/2
f 1604/9/2 1602/9/2 1605/9/2
f 1605/5/2 1591/5/2 1606/5/2
f 1606/5/2 1591/5/2 1607/5/2
f 1607/5/2 1591/5/2 1608/5/2
f 1607/8/2 1608/8/2 1609/8/2
f 1608/5/2 1591/5/2 1610/5/2
f 1609/8/2 1608/8/2 1610/8/2
f 1610/5/2 1591/5/2 1611/5/2
f 1611/5/2 1591/5/2 1612/5/2
f 1612/5/2 1591/5/2 1613/5/2
f 1612/8/2 1613/8/2 1614/8/2
f 1613/5/2 1591/5/2 1615/5/2
f 1614/8/2 1613/8/2 1615/8/2
f 1615/5/2 1591/5/2 1616/5/2
f 1616/5/2 1591/5/2 1617/5/2
f 1617/5/2 1591/5/2 1618/5/2
f 1617/8/2 1618/8/2 1619/8/2
f 1618/5/2 1591/5/2 1620/5/2
f 1619/8/2 1618/8/2 1620/8/2
f 1620/5/2 1591/5/2 1621/5/2
f 1621/5/2 1591/5/2 1622/5/2
f 1622/5/2 1591/5/2 1623/5/2
f 1622/8/2 1623/8/2 1624/8/2
f 1623/5/2 1591/5/2 1625/5/2
f 1624/8/2 1623/8/2 1625/8/2
f 1625/5/2 1591/5/2 1626/5/2
f 1626/5/2 1591/5/2 1627/5/2
f 1627/5/2 1591/5/2 1628/5/2
f 1627/8/2 1628/8/2 1631/8/2
f 1628/5/2 1591/5/2 1632/5/2
f 1631/8/2 1628/8/2 1632/8/2
f 1629/8/2 1630/8/2 1634/8/2
f 1630/5/2 1631/5/2 1635/5/2
f 1631/5/2 1632/5/2 1635/5/2
f 1634/8/2 1630/8/2 1635/8/2
f 1633/8/2 1634/8/2 1637/8/2
f 1634/5/2 1635/5/2 1638/5/2
f 1637/8/2 1634/8/2 1638/8/2
f 1636/8/2 1637/8/2 1642/8/2
f 1637/5/2 1638/5/2 1643/5/2
f 1642/8/2 1637/8/2 1643/8/2
f 1639/9/2 1640/9/2 1644/9/2
f 1640/8/2 1641/8/2 1645/8/2
f 1644/9/2 1640/9/2 1645/9/2
f 1641/5/2 1642/5/2 1646/5/2
f 1645/8/2 1641/8/2 1646/8/2
f 1642/5/2 1643/5/2 1646/5/2
f 1644/5/2 1645/5/2 1647/5/2
f 1645/5/2 1646/5/2 1647/5/2
f 1591/3/2 1593/3/2 1648/3/2
f 1647/5/2 1646/5/2 1648/5/2
f 1635/5/2 1632/5/2 1648/5/2
f 1632/5/2 1591/5/2 1648/5/2
f 1643/5/2 1638/5/2 1648/5/2
f 1638/5/2 1635/5/2 1648/5/2
f 1646/5/2 1643/5/2 1648/5/2
f 1648/3/2 1593/3/2 1649/3/2
f 1650/8/2 1651/8/2 1652/8/2
f 1652/8/2 1651/8/2 1653/8/2
f 1654/8/2 1655/8/2 1656/8/2
f 1656/8/2 1655/8/2 1657/8/2
f 1658/8/2 1659/8/2 1660/8/2
f 1660/8/2 1659/8/2 1661/8/2
f 1662/8/2 1663/8/2 1664/8/2
f 1664/8/2 1663/8/2 1665/8/2
f 1666/8/2 1667/8/2 1668/8/2
f 1668/8/2 1667/8/2 1669/8/2
f 1670/8/2 1671/8/2 1672/8/2
f 1672/8/2 1671/8/2 1673/8/2
f 1674/8/2 1675/8/2 1676/8/2
f 1676/8/2 1675/8/2 1677/8/2
f 1677/8/2 1678/8/2 1679/8/2
f 1679/8/2 1678/8/2 1680/8/2
f 1681/8/2 1682/8/2 1683/8/2
f 1683/8/2 1682/8/2 1684/8/2
f 1684/8/2 1685/8/2 1686/8/2
f 1686/8/2 1685/8/2 1687/8/2
f 1688/8/2 1689/8/2 1692/8/2
f 1692/8/2 1689/8/2 1693/8/2
f 1693/8/2 1689/8/2 1694/8/2
f 1694/8/2 1689/8/2 1695/8/2
f 1696/8/2 1697/8/2 1698/8/2
f 1698/8/2 1697/8/2 1699/8/2
f 1699/8/2 1697/8/2 1700/8/2
f 1700/8/2 1701/8/2 1702/8/2
f 1699/8/2 1700/8/2 1702/8/2
f 1702/8/2 1701/8/2 1703/8/2
f 1703/8/2 1701/8/2 1704/8/2
f 1704/8/2 1705/8/2 1706/8/2
f 1703/8/2 1704/8/2 1706/8/2
f 1706/8/2 1705/8/2 1707/8/2
f 1707/8/2 1705/8/2 1708/8/2
f 1708/8/2 1709/8/2 1710/8/2
f 1707/8/2 1708/8/2 1710/8/2
f 1710/8/2 1709/8/2 1711/8/2
f 1711/8/2 1709/8/2 1712/8/2
f 1712/8/2 1713/8/2 1714/8/2
f 1711/8/2 1712/8/2 1714/8/2
f 1714/8/2 1713/8/2 1715/8/2
f 1715/8/2 1716/8/2 1717/8/2
f 1717/8/2 1716/8/2 1718/8/2
f 1719/8/2 1720/8/2 1721/8/2
f 1721/8/2 1720/8/2 1722/8/2
f 1722/8/2 1723/8/2 1724/8/2
f 1724/8/2 1723/8/2 1725/8/2
f 1726/8/2 1727/8/2 1728/8/2
f 1728/8/2 1727/8/2 1729/8/2
f 1730/8/2 1731/8/2 1732/8/2
f 1732/8/2 1731/8/2 1733/8/2
f 1734/8/2 1735/8/2 1736/8/2
f 1736/8/2 1735/8/2 1737/8/2
f 1690/8/2 1691/8/2 1739/8/2
f 1738/8/2 1739/8/2 1740/8/2
f 1739/8/2 1691/8/2 1741/8/2
f 1740/8/2 1739/8/2 1741/8/2
f 1744/8/2 1745/8/2 1746/8/2
f 1746/8/2 1745/8/2 1747/8/2
f 1747/8/2 1745/8/2 1748/8/2
f 1748/8/2 1745/8/2 1749/8/2
f 1750/8/2 1751/8/2 1752/8/2
f 1752/8/2 1751/8/2 1753/8/2
f 1754/8/2 1755/8/2 1756/8/2
f 1756/8/2 1755/8/2 1757/8/2
f 1758/8/2 1759/8/2 1760/8/2
f 1760/8/2 1759/8/2 1761/8/2
f 1761/8/2 1762/8/2 1763/8/2
f 1763/8/2 1762/8/2 1764/8/2
f 1765/8/2 1766/8/2 1767/8/2
f 1767/8/2 1766/8/2 1768/8/2
f 1769/8/2 1770/8/2 1771/8/2
f 1771/8/2 1770/8/2 1772/8/2
f 1773/8/2 1774/8/2 1775/8/2
f 1775/8/2 1774/8/2 1776/8/2
f 1777/8/2 1778/8/2 1779/8/2
f 1779/8/2 1778/8/2 1780/8/2
f 1781/8/2 1782/8/2 1783/8/2
f 1783/8/2 1782/8/2 1784/8/2
f 1742/8/2 1743/8/2 1786/8/2
f 1785/8/2 1786/8/2 1787/8/2
f 1786/8/2 1743/8/2 1788/8/2
f 1787/8/2 1786/8/2 1788/8/2
f 1789/8/2 1790/8/2 1791/8/2
f 1791/8/2 1790/8/2 1792/8/2
f 1792/8/2 1790/8/2 1793/8/2
f 1793/8/2 1790/8/2 1794/8/2
f 1794/8/2 1790/8/2 1795/8/2
f 1795/8/2 1790/8/2 1796/8/2
f 1796/8/2 1790/8/2 1797/8/2
f 1797/8/2 1790/8/2 1798/8/2
f 1798/8/2 1790/8/2 1799/8/2
f 1799/8/2 1790/8/2 1800/8/2
f 1800/8/2 1790/8/2 1801/8/2
f 1801/8/2 1790/8/2 1802/8/2
f 1802/8/2 1790/8/2 1803/8/2
f 1803/8/2 1790/8/2 1804/8/2
f 1804/8/2 1790/8/2 1805/8/2
f 1805/8/2 1790/8/2 1806/8/2
f 1806/8/2 1790/8/2 1807/8/2
f 1807/8/2 1790/8/2 1808/8/2
f 1808/8/2 1790/8/2 1809/8/2
f 1809/8/2 1790/8/2 1810/8/2
f 1810/8/2 1790/8/2 1811/8/2
f 1811/8/2 1790/8/2 1812/8/2
f 1812/8/2 1790/8/2 1813/8/2
f 1813/8/2 1790/8/2 1814/8/2
f 1817/8/3 1816/8/3 1815/8/3
f 1820/8/3 1817/8/3 1815/8/3
f 1820/8/3 1818/8/3 1817/8/3
f 1821/7/3 1819/7/3 1818/7/3
f 1821/8/3 1818/8/3 1820/8/3
f 1822/7/3 1819/7/3 1821/7/3
f 1823/8/3 1820/8/3 1815/8/3
f 1824/8/3 1820/8/3 1823/8/3
f 1827/8/3 1826/8/3 1825/8/3
f 1829/8/3 1827/8/3 1825/8/3
f 1830/7/3 1828/7/3 1827/7/3
f 1830/8/3 1827/8/3 1829/8/3
f 1831/7/3 1828/7/3 1830/7/3
f 1835/8/3 1833/8/3 1832/8/3
f 1835/7/3 1834/7/3 1833/7/3
f 1836/7/3 1834/7/3 1835/7/3
f 1837/8/3 1835/8/3 1832/8/3
f 1838/8/3 1835/8/3 1837/8/3
f 1841/8/3 1840/8/3 1839/8/3
f 1843/8/3 1841/8/3 1839/8/3
f 1843/8/3 1842/8/3 1841/8/3
f 1844/8/3 1842/8/3 1843/8/3
f 1847/7/3 1846/7/3 1845/7/3
f 1848/7/3 1846/7/3 1847/7/3
f 1851/7/3 1850/7/3 1849/7/3
f 1852/7/3 1850/7/3 1851/7/3
f 1855/8/3 1854/8/3 1853/8/3
f 1856/8/3 1854/8/3 1855/8/3
f 1857/8/3 1855/8/3 1853/8/3
f 1858/8/3 1855/8/3 1857/8/3
f 1861/7/3 1860/7/3 1859/7/3
f 1862/7/3 1860/7/3 1861/7/3
f 1865/7/3 1864/7/3 1863/7/3
f 1866/7/3 1864/7/3 1865/7/3
f 1869/8/3 1868/8/3 1867/8/3
f 1870/8/3 1868/8/3 1869/8/3
f 1872/7/3 1870/7/3 1869/7/3
f 1872/7/3 1871/7/3 1870/7/3
f 1873/7/3 1871/7/3 1872/7/3
f 1876/7/3 1875/7/3 1874/7/3
f 1877/7/3 1875/7/3 1876/7/3
f 1880/7/3 1879/7/3 1878/7/3
f 1881/7/3 1879/7/3 1880/7/3
f 1882/7/3 1879/7/3 1881/7/3
f 1883/8/3 1881/8/3 1880/8/3
f 1884/8/3 1881/8/3 1883/8/3
f 1887/8/3 1886/8/3 1885/8/3
f 1888/8/3 1886/8/3 1887/8/3
f 1891/7/3 1890/7/3 1889/7/3
f 1892/7/3 1890/7/3 1891/7/3
f 1895/7/3 1894/7/3 1893/7/3
f 1896/7/3 1894/7/3 1895/7/3
f 1899/8/3 1898/8/3 1897/8/3
f 1900/8/3 1898/8/3 1899/8/3
f 1903/8/3 1902/8/3 1901/8/3
f 1904/8/3 1902/8/3 1903/8/3
f 1907/8/3 1906/8/3 1905/8/3
f 1908/8/3 1906/8/3 1907/8/3
f 1910/7/3 1908/7/3 1907/7/3
f 1910/7/3 1909/7/3 1908/7/3
f 1911/7/3 1909/7/3 1910/7/3
f 1916/7/3 1915/7/3 1914/7/3
f 1917/7/3 1915/7/3 1916/7/3
f 1918/7/3 1913/7/3 1912/7/3
f 1919/7/3 1913/7/3 1918/7/3
f 1922/7/3 1921/7/3 1920/7/3
f 1923/7/3 1921/7/3 1922/7/3
f 1924/7/3 1921/7/3 1923/7/3
f 1925/8/3 1923/8/3 1922/8/3
f 1926/8/3 1923/8/3 1925/8/3
f 1929/8/3 1928/8/3 1927/8/3
f 1930/8/3 1928/8/3 1929/8/3
f 1933/8/3 1932/8/3 1931/8/3
f 1934/8/3 1932/8/3 1933/8/3
f 1937/7/3 1936/7/3 1935/7/3
f 1938/7/3 1936/7/3 1937/7/3
f 1941/7/3 1940/7/3 1939/7/3
f 1942/7/3 1940/7/3 1941/7/3
f 1945/7/3 1944/7/3 1943/7/3
f 1946/7/3 1944/7/3 1945/7/3
f 1949/8/3 1948/8/3 1947/8/3
f 1950/8/3 1948/8/3 1949/8/3
f 1953/8/3 1952/8/3 1951/8/3
f 1954/8/3 1952/8/3 1953/8/3
f 1959/8/3 1956/8/3 1955/8/3
f 1960/8/3 1956/8/3 1959/8/3
f 1963/8/3 1962/8/3 1961/8/3
f 1964/8/3 1962/8/3 1963/8/3
f 1967/2/3 1958/2/3 1957/2/3
f 1968/2/3 1958/2/3 1967/2/3
f 1969/8/3 1966/8/3 1965/8/3
f 1970/8/3 1966/8/3 1969/8/3
f 1973/8/3 1972/8/3 1971/8/3
f 1974/8/3 1972/8/3 1973/8/3
f 1977/8/3 1976/8/3 1975/8/3
f 1978/8/3 1976/8/3 1977/8/3
f 1981/8/3 1980/8/3 1979/8/3
f 1982/8/3 1980/8/3 1981/8/3
f 1986/2/3 1984/2/3 1983/2/3
f 1987/2/3 1984/2/3 1986/2/3
f 1989/2/3 1986/2/3 1985/2/3
f 1990/2/3 1986/2/3 1989/2/3
f 1991/2/3 1988/2/3 1987/2/3
f 1992/2/3 1988/2/3 1991/2/3
f 1993/2/3 1991/2/3 1990/2/3
f 1994/2/3 1991/2/3 1993/2/3
f 1997/8/3 1996/8/3 1995/8/3
f 1998/8/3 1996/8/3 1997/8/3
f 2001/8/3 2000/8/3 1999/8/3
f 2002/8/3 2000/8/3 2001/8/3
f 2005/8/3 2004/8/3 2003/8/3
f 2006/8/3 2004/8/3 2005/8/3
f 2009/8/3 2008/8/3 2007/8/3
f 2010/8/3 2008/8/3 2009/8/3
f 2015/2/3 2014/2/3 2013/2/3
f 2016/2/3 2014/2/3 2015/2/3
f 2020/2/3 2017/2/3 2016/2/3
f 2021/2/3 2017/2/3 2020/2/3
f 2025/9/3 2023/9/3 2022/9/3
f 2026/9/3 2023/9/3 2025/9/3
f 2028/9/3 2025/9/3 2024/9/3
f 2028/9/3 2027/9/3 2026/9/3
f 2028/9/3 2026/9/3 2025/9/3
f 2029/9/3 2027/9/3 2028/9/3
f 2030/9/3 2027/9/3 2029/9/3
f 2031/9/3 2027/9/3 2030/9/3
f 2032/9/3 2030/9/3 2029/9/3
f 2033/9/3 2030/9/3 2032/9/3
f 2034/8/3 2012/8/3 2011/8/3
f 2035/8/3 2012/8/3 2034/8/3
f 2038/7/3 2037/7/3 2036/7/3
f 2039/7/3 2037/7/3 2038/7/3
f 2042/2/3 2019/2/3 2018/2/3
f 2043/2/3 2019/2/3 2042/2/3
f 2045/2/3 2017/2/3 2021/2/3
f 2047/2/3 2045/2/3 2044/2/3
f 2048/2/3 2017/2/3 2045/2/3
f 2048/2/3 2045/2/3 2047/2/3
f 2049/2/3 2047/2/3 2046/2/3
f 2050/2/3 2047/2/3 2049/2/3
f 2051/8/3 2041/8/3 2040/8/3
f 2052/8/3 2041/8/3 2051/8/3
f 2055/8/3 2054/8/3 2053/8/3
f 2056/8/3 2054/8/3 2055/8/3
f 2059/8/3 2058/8/3 2057/8/3
f 2060/8/3 2058/8/3 2059/8/3
f 2063/8/3 2062/8/3 2061/8/3
f 2064/8/3 2062/8/3 2063/8/3
f 2067/8/3 2066/8/3 2065/8/3
f 2068/8/3 2066/8/3 2067/8/3
f 2071/2/3 2070/2/3 2069/2/3
f 2072/2/3 2070/2/3 2071/2/3
f 2075/2/3 2074/2/3 2073/2/3
f 2076/2/3 2074/2/3 2075/2/3
f 2082/9/3 2078/9/3 2077/9/3
f 2083/9/3 2078/9/3 2082/9/3
f 2084/9/3 2080/9/3 2079/9/3
f 2085/9/3 2080/9/3 2084/9/3
f 2087/9/3 2082/9/3 2081/9/3
f 2088/9/3 2082/9/3 2087/9/3
f 2091/9/3 2086/9/3 2085/9/3
f 2092/9/3 2086/9/3 2091/9/3
f 2093/9/3 2089/9/3 2088/9/3
f 2094/9/3 2089/9/3 2093/9/3
f 2095/9/3 2091/9/3 2090/9/3
f 2096/9/3 2091/9/3 2095/9/3
f 2099/7/3 2098/7/3 2097/7/3
f 2100/7/3 2098/7/3 2099/7/3
f 2103/2/3 2102/2/3 2101/2/3
f 2104/2/3 2102/2/3 2103/2/3
f 2107/2/3 2106/2/3 2105/2/3
f 2108/2/3 2106/2/3 2107/2/3
f 2111/8/3 2110/8/3 2109/8/3
f 2112/8/3 2110/8/3 2111/8/3
f 2115/8/3 2114/8/3 2113/8/3
f 2116/8/3 2114/8/3 2115/8/3
f 2119/8/3 2118/8/3 2117/8/3
f 2120/8/3 2118/8/3 2119/8/3
f 2123/8/3 2122/8/3 2121/8/3
f 2124/8/3 2122/8/3 2123/8/3
f 2129/2/3 2128/2/3 2127/2/3
f 2130/2/3 2128/2/3 2129/2/3
f 2135/2/3 2132/2/3 2131/2/3
f 2136/2/3 2132/2/3 2135/2/3
f 2137/2/3 2134/2/3 2133/2/3
f 2138/2/3 2134/2/3 2137/2/3
f 2143/9/3 2142/9/3 2141/9/3
f 2144/9/3 2142/9/3 2143/9/3
f 2147/9/3 2146/9/3 2145/9/3
f 2148/9/3 2146/9/3 2147/9/3
f 2149/8/3 2126/8/3 2125/8/3
f 2150/8/3 2126/8/3 2149/8/3
f 2153/2/3 2140/2/3 2139/2/3
f 2154/2/3 2140/2/3 2153/2/3
f 2158/2/3 2134/2/3 2138/2/3
f 2159/2/3 2156/2/3 2155/2/3
f 2160/2/3 2156/2/3 2159/2/3
f 2162/2/3 2158/2/3 2157/2/3
f 2163/2/3 2134/2/3 2158/2/3
f 2163/2/3 2158/2/3 2162/2/3
f 2164/2/3 2162/2/3 2161/2/3
f 2165/2/3 2162/2/3 2164/2/3
f 2166/8/3 2152/8/3 2151/8/3
f 2167/8/3 2152/8/3 2166/8/3
f 2170/8/3 2169/8/3 2168/8/3
f 2171/8/3 2169/8/3 2170/8/3
f 2174/8/3 2173/8/3 2172/8/3
f 2175/8/3 2173/8/3 2174/8/3
f 2178/8/3 2177/8/3 2176/8/3
f 2179/8/3 2177/8/3 2178/8/3
f 2182/8/3 2181/8/3 2180/8/3
f 2183/8/3 2181/8/3 2182/8/3
f 2188/2/3 2185/2/3 2184/2/3
f 2189/2/3 2185/2/3 2188/2/3
f 2190/2/3 2187/2/3 2186/2/3
f 2191/2/3 2187/2/3 2190/2/3
f 2194/2/3 2193/2/3 2192/2/3
f 2195/2/3 2193/2/3 2194/2/3
f 2200/9/3 2197/9/3 2196/9/3
f 2201/9/3 2197/9/3 2200/9/3
f 2202/9/3 2199/9/3 2198/9/3
f 2203/9/3 2199/9/3 2202/9/3
f 2208/9/3 2205/9/3 2204/9/3
f 2209/9/3 2205/9/3 2208/9/3
f 2210/9/3 2207/9/3 2206/9/3
f 2211/9/3 2207/9/3 2210/9/3
f 2214/2/3 2213/2/3 2212/2/3
f 2215/2/3 2213/2/3 2214/2/3
f 2218/2/3 2217/2/3 2216/2/3
f 2219/2/3 2217/2/3 2218/2/3
f 2222/2/3 2221/2/3 2220/2/3
f 2223/2/3 2221/2/3 2222/2/3
f 2226/8/3 2225/8/3 2224/8/3
f 2227/8/3 2225/8/3 2226/8/3
f 2230/8/3 2229/8/3 2228/8/3
f 2231/8/3 2229/8/3 2230/8/3
f 2234/8/3 2233/8/3 2232/8/3
f 2235/8/3 2233/8/3 2234/8/3
f 2238/8/3 2237/8/3 2236/8/3
f 2239/8/3 2237/8/3 2238/8/3
f 2246/2/3 2243/2/3 2242/2/3
f 2247/2/3 2243/2/3 2246/2/3
f 2248/2/3 2245/2/3 2244/2/3
f 2249/2/3 2245/2/3 2248/2/3
f 2254/2/3 2251/2/3 2250/2/3
f 2255/2/3 2251/2/3 2254/2/3
f 2261/9/3 2259/9/3 2258/9/3
f 2262/9/3 2259/9/3 2261/9/3
f 2265/9/3 2261/9/3 2260/9/3
f 2265/9/3 2263/9/3 2262/9/3
f 2265/9/3 2262/9/3 2261/9/3
f 2266/9/3 2263/9/3 2265/9/3
f 2270/9/3 2265/9/3 2264/9/3
f 2270/9/3 2266/9/3 2265/9/3
f 2270/9/3 2267/9/3 2266/9/3
f 2271/9/3 2267/9/3 2270/9/3
f 2274/9/3 2269/9/3 2268/9/3
f 2275/9/3 2269/9/3 2274/9/3
f 2276/9/3 2273/9/3 2272/9/3
f 2277/9/3 2273/9/3 2276/9/3
f 2282/9/3 2279/9/3 2278/9/3
f 2283/9/3 2279/9/3 2282/9/3
f 2286/9/3 2281/9/3 2280/9/3
f 2287/9/3 2281/9/3 2286/9/3
f 2288/9/3 2285/9/3 2284/9/3
f 2289/9/3 2285/9/3 2288/9/3
f 2290/9/3 2285/9/3 2289/9/3
f 2291/9/3 2285/9/3 2290/9/3
f 2292/9/3 2290/9/3 2289/9/3
f 2293/9/3 2290/9/3 2292/9/3
f 2294/9/3 2290/9/3 2293/9/3
f 2295/9/3 2290/9/3 2294/9/3
f 2296/9/3 2294/9/3 2293/9/3
f 2297/9/3 2294/9/3 2296/9/3
f 2298/8/3 2241/8/3 2240/8/3
f 2299/8/3 2241/8/3 2298/8/3
f 2302/7/3 2301/7/3 2300/7/3
f 2303/7/3 2301/7/3 2302/7/3
f 2306/2/3 2257/2/3 2256/2/3
f 2307/2/3 2257/2/3 2306/2/3
f 2310/2/3 2309/2/3 2308/2/3
f 2311/2/3 2309/2/3 2310/2/3
f 2312/2/3 2253/2/3 2252/2/3
f 2313/2/3 2253/2/3 2312/2/3
f 2316/2/3 2315/2/3 2314/2/3
f 2317/2/3 2315/2/3 2316/2/3
f 2318/8/3 2305/8/3 2304/8/3
f 2319/8/3 2305/8/3 2318/8/3
f 2322/8/3 2321/8/3 2320/8/3
f 2323/8/3 2321/8/3 2322/8/3
f 2326/8/3 2325/8/3 2324/8/3
f 2327/8/3 2325/8/3 2326/8/3
f 2330/8/3 2329/8/3 2328/8/3
f 2331/8/3 2329/8/3 2330/8/3
f 2334/8/3 2333/8/3 2332/8/3
f 2335/8/3 2333/8/3 2334/8/3
f 2340/2/3 2337/2/3 2336/2/3
f 2341/2/3 2337/2/3 2340/2/3
f 2342/2/3 2339/2/3 2338/2/3
f 2343/2/3 2339/2/3 2342/2/3
f 2346/2/3 2345/2/3 2344/2/3
f 2347/2/3 2345/2/3 2346/2/3
f 2351/9/3 2349/9/3 2348/9/3
f 2352/9/3 2349/9/3 2351/9/3
f 2355/9/3 2351/9/3 2350/9/3
f 2356/9/3 2351/9/3 2355/9/3
f 2357/9/3 2353/9/3 2352/9/3
f 2358/9/3 2353/9/3 2357/9/3
f 2361/9/3 2355/9/3 2354/9/3
f 2362/9/3 2355/9/3 2361/9/3
f 2363/9/3 2359/9/3 2358/9/3
f 2364/9/3 2359/9/3 2363/9/3
f 2366/9/3 2361/9/3 2360/9/3
f 2367/9/3 2361/9/3 2366/9/3
f 2368/9/3 2365/9/3 2364/9/3
f 2369/9/3 2365/9/3 2368/9/3
f 2374/9/3 2371/9/3 2370/9/3
f 2375/9/3 2371/9/3 2374/9/3
f 2378/9/3 2373/9/3 2372/9/3
f 2379/9/3 2373/9/3 2378/9/3
f 2380/9/3 2376/9/3 2375/9/3
f 2381/9/3 2376/9/3 2380/9/3
f 2384/9/3 2378/9/3 2377/9/3
f 2385/9/3 2378/9/3 2384/9/3
f 2386/9/3 2382/9/3 2381/9/3
f 2387/9/3 2382/9/3 2386/9/3
f 2388/9/3 2384/9/3 2383/9/3
f 2389/9/3 2384/9/3 2388/9/3
f 2390/9/3 2388/9/3 2387/9/3
f 2391/9/3 2388/9/3 2390/9/3
f 2394/2/3 2393/2/3 2392/2/3
f 2395/2/3 2393/2/3 2394/2/3
f 2400/2/3 2397/2/3 2396/2/3
f 2401/2/3 2397/2/3 2400/2/3
f 2402/2/3 2399/2/3 2398/2/3
f 2403/2/3 2399/2/3 2402/2/3
f 2406/8/3 2405/8/3 2404/8/3
f 2407/8/3 2405/8/3 2406/8/3
f 2410/8/3 2409/8/3 2408/8/3
f 2411/8/3 2409/8/3 2410/8/3
f 2414/8/3 2413/8/3 2412/8/3
f 2415/8/3 2413/8/3 2414/8/3
f 2417/8/3 2416/8/3 2415/8/3
f 2418/8/3 2416/8/3 2417/8/3
f 2423/2/3 2420/2/3 2419/2/3
f 2424/2/3 2420/2/3 2423/2/3
f 2425/2/3 2422/2/3 2421/2/3
f 2426/2/3 2422/2/3 2425/2/3
f 2430/2/3 2429/2/3 2428/2/3
f 2431/2/3 2429/2/3 2430/2/3
f 2438/9/3 2435/9/3 2434/9/3
f 2439/9/3 2435/9/3 2438/9/3
f 2440/9/3 2437/9/3 2436/9/3
f 2441/9/3 2437/9/3 2440/9/3
f 2446/9/3 2443/9/3 2442/9/3
f 2447/9/3 2443/9/3 2446/9/3
f 2448/9/3 2445/9/3 2444/9/3
f 2449/9/3 2445/9/3 2448/9/3
f 2454/9/3 2451/9/3 2450/9/3
f 2455/9/3 2451/9/3 2454/9/3
f 2456/9/3 2453/9/3 2452/9/3
f 2457/9/3 2453/9/3 2456/9/3
f 2462/9/3 2459/9/3 2458/9/3
f 2463/9/3 2459/9/3 2462/9/3
f 2464/9/3 2461/9/3 2460/9/3
f 2465/9/3 2461/9/3 2464/9/3
f 2469/7/3 2467/7/3 2466/7/3
f 2470/7/3 2469/7/3 2468/7/3
f 2471/7/3 2467/7/3 2469/7/3
f 2471/7/3 2469/7/3 2470/7/3
f 2472/7/3 2467/7/3 2471/7/3
f 2473/7/3 2467/7/3 2472/7/3
f 2474/2/3 2433/2/3 2432/2/3
f 2475/2/3 2433/2/3 2474/2/3
f 2478/2/3 2477/2/3 2476/2/3
f 2479/2/3 2477/2/3 2478/2/3
f 2480/2/3 2427/2/3 2426/2/3
f 2481/2/3 2427/2/3 2480/2/3
f 2486/2/3 2483/2/3 2482/2/3
f 2487/2/3 2483/2/3 2486/2/3
f 2488/2/3 2485/2/3 2484/2/3
f 2489/2/3 2485/2/3 2488/2/3
f 2493/8/3 2491/8/3 2490/8/3
f 2494/8/3 2491/8/3 2493/8/3
f 2496/8/3 2493/8/3 2492/8/3
f 2497/8/3 2493/8/3 2496/8/3
f 2498/8/3 2496/8/3 2495/8/3
f 2499/8/3 2496/8/3 2498/8/3
f 2502/2/3 2501/2/3 2500/2/3
f 2503/2/3 2501/2/3 2502/2/3
f 2506/2/3 2505/2/3 2504/2/3
f 2507/2/3 2505/2/3 2506/2/3
f 2510/9/3 2509/9/3 2508/9/3
f 2511/9/3 2509/9/3 2510/9/3
f 2513/9/3 2510/9/3 2508/9/3
f 2514/9/3 2509/9/3 2511/9/3
f 2516/9/3 2513/9/3 2512/9/3
f 2517/9/3 2510/9/3 2513/9/3
f 2517/9/3 2513/9/3 2516/9/3
f 2518/9/3 2515/9/3 2514/9/3
f 2518/9/3 2514/9/3 2511/9/3
f 2519/9/3 2515/9/3 2518/9/3
f 2521/9/3 2516/9/3 2512/9/3
f 2522/9/3 2515/9/3 2519/9/3
f 2524/9/3 2521/9/3 2520/9/3
f 2525/9/3 2516/9/3 2521/9/3
f 2525/9/3 2521/9/3 2524/9/3
f 2526/9/3 2523/9/3 2522/9/3
f 2526/9/3 2522/9/3 2519/9/3
f 2527/9/3 2523/9/3 2526/9/3
f 2529/9/3 2523/9/3 2527/9/3
f 2530/9/3 2529/9/3 2528/9/3
f 2531/9/3 2523/9/3 2529/9/3
f 2531/9/3 2529/9/3 2530/9/3
f 2532/9/3 2524/9/3 2520/9/3
f 2534/9/3 2532/9/3 2520/9/3
f 2534/9/3 2533/9/3 2532/9/3
f 2535/9/3 2533/9/3 2534/9/3
f 2536/9/3 2533/9/3 2535/9/3
f 2539/9/3 2530/9/3 2528/9/3
f 2540/9/3 2537/9/3 2536/9/3
f 2540/9/3 2536/9/3 2535/9/3
f 2541/9/3 2537/9/3 2540/9/3
f 2542/9/3 2539/9/3 2538/9/3
f 2543/9/3 2530/9/3 2539/9/3
f 2543/9/3 2539/9/3 2542/9/3
f 2544/9/3 2537/9/3 2541/9/3
f 2545/9/3 2542/9/3 2538/9/3
f 2546/9/3 2544/9/3 2541/9/3
f 2546/9/3 2545/9/3 2544/9/3
f 2547/9/3 2542/9/3 2545/9/3
f 2547/9/3 2545/9/3 2546/9/3
f 2550/2/3 2549/2/3 2548/2/3
f 2551/2/3 2549/2/3 2550/2/3
f 2556/2/3 2553/2/3 2552/2/3
f 2557/2/3 2553/2/3 2556/2/3
f 2558/2/3 2555/2/3 2554/2/3
f 2559/2/3 2555/2/3 2558/2/3
f 2562/8/3 2561/8/3 2560/8/3
f 2563/8/3 2561/8/3 2562/8/3
f 2566/8/3 2565/8/3 2564/8/3
f 2567/8/3 2565/8/3 2566/8/3
f 2569/8/3 2568/8/3 2567/8/3
f 2570/8/3 2568/8/3 2569/8/3
f 2575/2/3 2572/2/3 2571/2/3
f 2576/2/3 2572/2/3 2575/2/3
f 2577/2/3 2574/2/3 2573/2/3
f 2578/2/3 2574/2/3 2577/2/3
f 2583/2/3 2580/2/3 2579/2/3
f 2584/2/3 2580/2/3 2583/2/3
f 2591/9/3 2588/9/3 2587/9/3
f 2592/9/3 2588/9/3 2591/9/3
f 2593/9/3 2590/9/3 2589/9/3
f 2594/9/3 2590/9/3 2593/9/3
f 2596/9/3 2591/9/3 2587/9/3
f 2597/9/3 2590/9/3 2594/9/3
f 2599/9/3 2596/9/3 2595/9/3
f 2600/9/3 2591/9/3 2596/9/3
f 2600/9/3 2596/9/3 2599/9/3
f 2601/9/3 2598/9/3 2597/9/3
f 2601/9/3 2597/9/3 2594/9/3
f 2602/9/3 2598/9/3 2601/9/3
f 2604/9/3 2599/9/3 2595/9/3
f 2605/9/3 2598/9/3 2602/9/3
f 2607/9/3 2604/9/3 2603/9/3
f 2608/9/3 2599/9/3 2604/9/3
f 2608/9/3 2604/9/3 2607/9/3
f 2609/9/3 2606/9/3 2605/9/3
f 2609/9/3 2605/9/3 2602/9/3
f 2610/9/3 2606/9/3 2609/9/3
f 2611/9/3 2606/9/3 2610/9/3
f 2612/9/3 2606/9/3 2611/9/3
f 2615/9/3 2607/9/3 2603/9/3
f 2618/9/3 2614/9/3 2613/9/3
f 2619/9/3 2618/9/3 2617/9/3
f 2620/9/3 2614/9/3 2618/9/3
f 2620/9/3 2618/9/3 2619/9/3
f 2621/9/3 2616/9/3 2615/9/3
f 2621/9/3 2615/9/3 2603/9/3
f 2622/9/3 2616/9/3 2621/9/3
f 2623/9/3 2616/9/3 2622/9/3
f 2626/9/3 2619/9/3 2617/9/3
f 2627/9/3 2624/9/3 2623/9/3
f 2627/9/3 2623/9/3 2622/9/3
f 2628/9/3 2624/9/3 2627/9/3
f 2629/9/3 2626/9/3 2625/9/3
f 2630/9/3 2619/9/3 2626/9/3
f 2630/9/3 2626/9/3 2629/9/3
f 2631/9/3 2624/9/3 2628/9/3
f 2632/9/3 2629/9/3 2625/9/3
f 2633/9/3 2631/9/3 2628/9/3
f 2633/9/3 2632/9/3 2631/9/3
f 2634/9/3 2629/9/3 2632/9/3
f 2634/9/3 2632/9/3 2633/9/3
f 2639/12/3 2636/12/3 2635/12/3
f 2640/12/3 2636/12/3 2639/12/3
f 2641/12/3 2639/12/3 2635/12/3
f 2642/12/3 2636/12/3 2640/12/3
f 2643/12/3 2642/12/3 2641/12/3
f 2644/12/3 2642/12/3 2643/12/3
f 2645/12/3 2642/12/3 2644/12/3
f 2646/12/3 2642/12/3 2645/12/3
f 2647/12/3 2642/12/3 2646/12/3
f 2648/12/3 2636/12/3 2642/12/3
f 2648/12/3 2642/12/3 2647/12/3
f 2649/12/3 2641/12/3 2635/12/3
f 2649/12/3 2643/12/3 2641/12/3
f 2650/10/3 2644/10/3 2643/10/3
f 2650/12/3 2643/12/3 2649/12/3
f 2651/12/3 2645/12/3 2644/12/3
f 2651/10/3 2644/10/3 2650/10/3
f 2652/12/3 2645/12/3 2651/12/3
f 2653/10/3 2648/10/3 2647/10/3
f 2654/10/3 2648/10/3 2653/10/3
f 2655/7/3 2638/7/3 2637/7/3
f 2656/7/3 2638/7/3 2655/7/3
f 2657/12/3 2649/12/3 2635/12/3
f 2657/10/3 2650/10/3 2649/10/3
f 2658/12/3 2651/12/3 2650/12/3
f 2658/10/3 2650/10/3 2657/10/3
f 2659/12/3 2651/12/3 2658/12/3
f 2660/12/3 2651/12/3 2659/12/3
f 2661/10/3 2652/10/3 2651/10/3
f 2661/12/3 2651/12/3 2660/12/3
f 2662/12/3 2645/12/3 2652/12/3
f 2662/10/3 2652/10/3 2661/10/3
f 2663/10/3 2646/10/3 2645/10/3
f 2663/12/3 2645/12/3 2662/12/3
f 2664/12/3 2647/12/3 2646/12/3
f 2664/10/3 2646/10/3 2663/10/3
f 2665/10/3 2653/10/3 2647/10/3
f 2665/12/3 2647/12/3 2664/12/3
f 2666/12/3 2654/12/3 2653/12/3
f 2666/10/3 2653/10/3 2665/10/3
f 2667/12/3 2658/12/3 2657/12/3
f 2667/10/3 2659/10/3 2658/10/3
f 2668/12/3 2660/12/3 2659/12/3
f 2668/10/3 2659/10/3 2667/10/3
f 2669/10/3 2661/10/3 2660/10/3
f 2669/12/3 2660/12/3 2668/12/3
f 2670/12/3 2663/12/3 2662/12/3
f 2670/10/3 2661/10/3 2669/10/3
f 2670/12/3 2662/12/3 2661/12/3
f 2670/12/3 2664/12/3 2663/12/3
f 2671/10/3 2665/10/3 2664/10/3
f 2671/12/3 2664/12/3 2670/12/3
f 2672/12/3 2666/12/3 2665/12/3
f 2672/10/3 2665/10/3 2671/10/3
f 2673/10/3 2648/10/3 2654/10/3
f 2673/12/3 2666/12/3 2672/12/3
f 2673/12/3 2654/12/3 2666/12/3
f 2674/12/3 2636/12/3 2648/12/3
f 2674/10/3 2648/10/3 2673/10/3
f 2675/12/3 2672/12/3 2671/12/3
f 2675/12/3 2673/12/3 2672/12/3
f 2675/12/3 2674/12/3 2673/12/3
f 2675/12/3 2667/12/3 2657/12/3
f 2675/12/3 2657/12/3 2635/12/3
f 2675/12/3 2671/12/3 2670/12/3
f 2675/12/3 2670/12/3 2669/12/3
f 2675/12/3 2669/12/3 2668/12/3
f 2675/12/3 2668/12/3 2667/12/3
f 2676/12/3 2636/12/3 2674/12/3
f 2676/12/3 2674/12/3 2675/12/3
f 2677/2/3 2586/2/3 2585/2/3
f 2678/2/3 2586/2/3 2677/2/3
f 2681/2/3 2680/2/3 2679/2/3
f 2682/2/3 2680/2/3 2681/2/3
f 2683/2/3 2582/2/3 2581/2/3
f 2684/2/3 2582/2/3 2683/2/3
f 2691/2/3 2686/2/3 2685/2/3
f 2692/2/3 2686/2/3 2691/2/3
f 2693/2/3 2688/2/3 2687/2/3
f 2694/2/3 2688/2/3 2693/2/3
f 2695/8/3 2690/8/3 2689/8/3
f 2696/8/3 2690/8/3 2695/8/3
f 2699/8/3 2698/8/3 2697/8/3
f 2700/8/3 2698/8/3 2699/8/3
f 2703/8/3 2702/8/3 2701/8/3
f 2704/8/3 2702/8/3 2703/8/3
f 2707/8/3 2706/8/3 2705/8/3
f 2708/8/3 2706/8/3 2707/8/3
f 2710/8/3 2709/8/3 2708/8/3
f 2711/8/3 2709/8/3 2710/8/3
f 2716/2/3 2713/2/3 2712/2/3
f 2717/2/3 2713/2/3 2716/2/3
f 2718/2/3 2715/2/3 2714/2/3
f 2719/2/3 2715/2/3 2718/2/3
f 2722/2/3 2721/2/3 2720/2/3
f 2723/2/3 2721/2/3 2722/2/3
f 2726/9/3 2725/9/3 2724/9/3
f 2728/9/3 2726/9/3 2724/9/3
f 2728/9/3 2727/9/3 2726/9/3
f 2729/9/3 2727/9/3 2728/9/3
f 2733/1/3 2731/1/3 2730/1/3
f 2734/1/3 2731/1/3 2733/1/3
f 2738/12/3 2737/12/3 2736/12/3
f 2739/12/3 2737/12/3 2738/12/3
f 2740/12/3 2738/12/3 2736/12/3
f 2741/12/3 2737/12/3 2739/12/3
f 2742/12/3 2740/12/3 2736/12/3
f 2742/12/3 2741/12/3 2740/12/3
f 2743/12/3 2737/12/3 2741/12/3
f 2743/12/3 2741/12/3 2742/12/3
f 2744/1/3 2733/1/3 2732/1/3
f 2745/1/3 2733/1/3 2744/1/3
f 2746/1/3 2735/1/3 2734/1/3
f 2747/1/3 2735/1/3 2746/1/3
f 2748/1/3 2746/1/3 2745/1/3
f 2749/1/3 2746/1/3 2748/1/3
f 2752/2/3 2751/2/3 2750/2/3
f 2753/2/3 2751/2/3 2752/2/3
f 2758/2/3 2755/2/3 2754/2/3
f 2759/2/3 2755/2/3 2758/2/3
f 2760/2/3 2757/2/3 2756/2/3
f 2761/2/3 2757/2/3 2760/2/3
f 2765/8/3 2763/8/3 2762/8/3
f 2766/8/3 2763/8/3 2765/8/3
f 2767/8/3 2765/8/3 2764/8/3
f 2768/8/3 2765/8/3 2767/8/3
f 2771/8/3 2770/8/3 2769/8/3
f 2772/8/3 2770/8/3 2771/8/3
f 2775/8/3 2774/8/3 2773/8/3
f 2776/8/3 2774/8/3 2775/8/3
f 2777/8/3 2774/8/3 2776/8/3
f 2778/8/3 2774/8/3 2777/8/3
f 2780/8/3 2779/8/3 2778/8/3
f 2781/8/3 2779/8/3 2780/8/3
f 2792/2/3 2786/2/3 2785/2/3
f 2793/2/3 2786/2/3 2792/2/3
f 2794/2/3 2788/2/3 2787/2/3
f 2795/2/3 2788/2/3 2794/2/3
f 2796/5/3 2783/5/3 2782/5/3
f 2796/5/3 2784/5/3 2783/5/3
f 2801/4/3 2790/4/3 2789/4/3
f 2802/5/3 2791/5/3 2790/5/3
f 2802/4/3 2790/4/3 2801/4/3
f 2803/2/3 2799/2/3 2798/2/3
f 2804/2/3 2799/2/3 2803/2/3
f 2805/5/3 2791/5/3 2802/5/3
f 2806/5/3 2791/5/3 2805/5/3
f 2807/5/3 2796/5/3 2782/5/3
f 2808/5/3 2796/5/3 2807/5/3
f 2809/5/3 2796/5/3 2808/5/3
f 2810/5/3 2807/5/3 2782/5/3
f 2811/5/3 2807/5/3 2810/5/3
f 2812/7/3 2809/7/3 2808/7/3
f 2813/7/3 2809/7/3 2812/7/3
f 2814/5/3 2810/5/3 2782/5/3
f 2815/5/3 2810/5/3 2814/5/3
f 2816/7/3 2809/7/3 2813/7/3
f 2817/7/3 2809/7/3 2816/7/3
f 2818/5/3 2796/5/3 2809/5/3
f 2818/7/3 2809/7/3 2817/7/3
f 2819/7/3 2797/7/3 2796/7/3
f 2819/5/3 2796/5/3 2818/5/3
f 2821/7/3 2818/7/3 2817/7/3
f 2822/7/3 2818/7/3 2821/7/3
f 2823/7/3 2797/7/3 2819/7/3
f 2824/5/3 2814/5/3 2782/5/3
f 2826/5/3 2825/5/3 2824/5/3
f 2829/7/3 2822/7/3 2821/7/3
f 2829/7/3 2821/7/3 2820/7/3
f 2830/5/3 2827/5/3 2826/5/3
f 2831/7/3 2829/7/3 2828/7/3
f 2832/5/3 2823/5/3 2822/5/3
f 2832/7/3 2822/7/3 2829/7/3
f 2832/7/3 2829/7/3 2831/7/3
f 2833/5/3 2831/5/3 2830/5/3
f 2833/5/3 2830/5/3 2826/5/3
f 2833/5/3 2832/5/3 2831/5/3
f 2833/5/3 2826/5/3 2824/5/3
f 2833/5/3 2824/5/3 2782/5/3
f 2834/5/3 2832/5/3 2833/5/3
f 2835/5/3 2832/5/3 2834/5/3
f 2836/5/3 2832/5/3 2835/5/3
f 2837/5/3 2832/5/3 2836/5/3
f 2838/5/3 2832/5/3 2837/5/3
f 2839/5/3 2832/5/3 2838/5/3
f 2840/5/3 2832/5/3 2839/5/3
f 2841/5/3 2839/5/3 2838/5/3
f 2842/5/3 2839/5/3 2841/5/3
f 2843/5/3 2832/5/3 2840/5/3
f 2844/5/3 2823/5/3 2832/5/3
f 2844/5/3 2832/5/3 2843/5/3
f 2845/1/3 2843/1/3 2842/1/3
f 2846/1/3 2843/1/3 2845/1/3
f 2847/5/3 2841/5/3 2838/5/3
f 2848/5/3 2841/5/3 2847/5/3
f 2851/9/3 2850/9/3 2849/9/3
f 2852/9/3 2850/9/3 2851/9/3
f 2854/5/3 2841/5/3 2848/5/3
f 2856/5/3 2854/5/3 2853/5/3
f 2857/1/3 2845/1/3 2842/1/3
f 2858/1/3 2843/1/3 2846/1/3
f 2859/5/3 2856/5/3 2855/5/3
f 2859/5/3 2854/5/3 2856/5/3
f 2859/5/3 2841/5/3 2854/5/3
f 2860/1/3 2857/1/3 2842/1/3
f 2860/1/3 2858/1/3 2857/1/3
f 2861/1/3 2843/1/3 2858/1/3
f 2861/1/3 2858/1/3 2860/1/3
f 2862/5/3 2823/5/3 2844/5/3
f 2864/5/3 2859/5/3 2855/5/3
f 2864/5/3 2860/5/3 2859/5/3
f 2865/5/3 2860/5/3 2864/5/3
f 2866/5/3 2862/5/3 2861/5/3
f 2868/5/3 2865/5/3 2864/5/3
f 2868/5/3 2866/5/3 2865/5/3
f 2868/5/3 2864/5/3 2863/5/3
f 2870/5/3 2791/5/3 2806/5/3
f 2873/5/3 2862/5/3 2866/5/3
f 2873/5/3 2868/5/3 2867/5/3
f 2873/7/3 2797/7/3 2823/7/3
f 2873/5/3 2823/5/3 2862/5/3
f 2873/5/3 2866/5/3 2868/5/3
f 2874/7/3 2797/7/3 2873/7/3
f 2875/2/3 2872/2/3 2871/2/3
f 2876/2/3 2872/2/3 2875/2/3
f 2877/2/3 2801/2/3 2800/2/3
f 2878/2/3 2801/2/3 2877/2/3
f 2879/5/3 2870/5/3 2869/5/3
f 2884/5/3 2873/5/3 2867/5/3
f 2885/5/3 2873/5/3 2884/5/3
f 2886/5/3 2873/5/3 2885/5/3
f 2887/2/3 2881/2/3 2880/2/3
f 2888/2/3 2881/2/3 2887/2/3
f 2889/2/3 2883/2/3 2882/2/3
f 2890/2/3 2883/2/3 2889/2/3
f 2891/4/3 2879/4/3 2878/4/3
f 2892/5/3 2870/5/3 2879/5/3
f 2892/4/3 2879/4/3 2891/4/3
f 2893/5/3 2791/5/3 2870/5/3
f 2893/5/3 2870/5/3 2892/5/3
f 2897/8/3 2895/8/3 2894/8/3
f 2898/8/3 2895/8/3 2897/8/3
f 2900/8/3 2897/8/3 2896/8/3
f 2901/8/3 2900/8/3 2899/8/3
f 2902/8/3 2897/8/3 2900/8/3
f 2902/8/3 2900/8/3 2901/8/3
f 2905/8/3 2904/8/3 2903/8/3
f 2906/8/3 2904/8/3 2905/8/3
f 2912/8/3 2908/8/3 2907/8/3
f 2913/5/3 2909/5/3 2908/5/3
f 2913/8/3 2908/8/3 2912/8/3
f 2914/5/3 2909/5/3 2913/5/3
f 2916/5/3 2911/5/3 2910/5/3
f 2917/5/3 2911/5/3 2916/5/3
f 2922/11/3 2915/11/3 2914/11/3
f 2923/11/3 2915/11/3 2922/11/3
f 2925/2/3 2919/2/3 2918/2/3
f 2926/2/3 2919/2/3 2925/2/3
f 2927/2/3 2921/2/3 2920/2/3
f 2928/2/3 2921/2/3 2927/2/3
f 2931/7/3 2930/7/3 2929/7/3
f 2932/7/3 2930/7/3 2931/7/3
f 2934/7/3 2930/7/3 2932/7/3
f 2935/7/3 2934/7/3 2933/7/3
f 2936/7/3 2930/7/3 2934/7/3
f 2936/7/3 2934/7/3 2935/7/3
f 2938/7/3 2924/7/3 2923/7/3
f 2939/7/3 2924/7/3 2938/7/3
f 2944/2/3 2941/2/3 2940/2/3
f 2945/2/3 2941/2/3 2944/2/3
f 2946/2/3 2943/2/3 2942/2/3
f 2947/2/3 2943/2/3 2946/2/3
f 2950/11/3 2938/11/3 2937/11/3
f 2951/11/3 2938/11/3 2950/11/3
f 2953/5/3 2911/5/3 2917/5/3
f 2954/8/3 2949/8/3 2948/8/3
f 2955/5/3 2950/5/3 2949/5/3
f 2955/8/3 2949/8/3 2954/8/3
f 2956/5/3 2950/5/3 2955/5/3
f 2957/5/3 2953/5/3 2952/5/3
f 2958/5/3 2911/5/3 2953/5/3
f 2958/5/3 2953/5/3 2957/5/3
f 2961/8/3 2960/8/3 2959/8/3
f 2962/8/3 2960/8/3 2961/8/3
f 2965/8/3 2964/8/3 2963/8/3
f 2967/8/3 2966/8/3 2965/8/3
f 2972/8/3 2965/8/3 2963/8/3
f 2972/8/3 2967/8/3 2965/8/3
f 2973/5/3 2968/5/3 2967/5/3
f 2973/8/3 2967/8/3 2972/8/3
f 2974/5/3 2968/5/3 2973/5/3
f 2976/5/3 2971/5/3 2970/5/3
f 2976/9/3 2970/9/3 2969/9/3
f 2977/5/3 2971/5/3 2976/5/3
f 2978/9/3 2975/9/3 2974/9/3
f 2979/9/3 2975/9/3 2978/9/3
f 2983/9/3 2976/9/3 2969/9/3
f 2984/9/3 2976/9/3 2983/9/3
f 2989/2/3 2981/2/3 2980/2/3
f 2990/2/3 2981/2/3 2989/2/3
f 2991/2/3 2983/2/3 2982/2/3
f 2992/2/3 2983/2/3 2991/2/3
f 2993/11/3 2988/11/3 2987/11/3
f 2994/11/3 2988/11/3 2993/11/3
f 2998/2/3 2997/2/3 2996/2/3
f 3001/7/3 3000/7/3 2999/7/3
f 3002/7/3 3000/7/3 3001/7/3
f 3003/2/3 2998/2/3 2996/2/3
f 3005/2/3 2995/2/3 2994/2/3
f 3006/2/3 2995/2/3 3005/2/3
f 3007/2/3 3003/2/3 2996/2/3
f 3008/2/3 3003/2/3 3007/2/3
f 3009/11/3 3005/11/3 3004/11/3
f 3010/11/3 3005/11/3 3009/11/3
f 3017/2/3 3012/2/3 3011/2/3
f 3018/2/3 3012/2/3 3017/2/3
f 3019/2/3 3014/2/3 3013/2/3
f 3020/2/3 3014/2/3 3019/2/3
f 3022/5/3 2986/5/3 2985/5/3
f 3023/5/3 2986/5/3 3022/5/3
f 3026/9/3 3016/9/3 3015/9/3
f 3027/9/3 3016/9/3 3026/9/3
f 3028/9/3 3021/9/3 3020/9/3
f 3030/8/3 3025/8/3 3024/8/3
f 3030/5/3 3026/5/3 3025/5/3
f 3031/5/3 3026/5/3 3030/5/3
f 3032/9/3 3028/9/3 3020/9/3
f 3033/5/3 3029/5/3 3028/5/3
f 3033/9/3 3028/9/3 3032/9/3
f 3034/5/3 3029/5/3 3033/5/3
f 3035/8/3 3030/8/3 3024/8/3
f 3036/8/3 3030/8/3 3035/8/3
f 3037/8/3 3035/8/3 3024/8/3
f 3038/8/3 3035/8/3 3037/8/3
f 3041/8/3 3040/8/3 3039/8/3
f 3042/8/3 3040/8/3 3041/8/3
f 3044/8/3 3043/8/3 3042/8/3
f 3045/8/3 3043/8/3 3044/8/3
f 3047/8/3 3046/8/3 3045/8/3
f 3048/8/3 3046/8/3 3047/8/3
f 3051/9/3 3050/9/3 3049/9/3
f 3052/9/3 3050/9/3 3051/9/3
f 3054/9/3 3053/9/3 3052/9/3
f 3055/9/3 3053/9/3 3054/9/3
f 3056/7/3 3055/7/3 3054/7/3
f 3057/7/3 3055/7/3 3056/7/3
f 3060/7/3 3059/7/3 3058/7/3
f 3061/7/3 3059/7/3 3060/7/3
f 3063/9/3 3061/9/3 3060/9/3
f 3064/9/3 3061/9/3 3063/9/3
f 3067/9/3 3063/9/3 3062/9/3
f 3068/9/3 3063/9/3 3067/9/3
f 3070/8/3 3066/8/3 3065/8/3
f 3071/8/3 3066/8/3 3070/8/3
f 3073/8/3 3070/8/3 3069/8/3
f 3074/8/3 3070/8/3 3073/8/3
f 3075/8/3 3073/8/3 3072/8/3
f 3076/8/3 3073/8/3 3075/8/3
f 3079/11/3 3078/11/3 3077/11/3
f 3080/11/3 3078/11/3 3079/11/3
f 3083/11/3 3082/11/3 3081/11/3
f 3084/11/3 3082/11/3 3083/11/3
f 3087/11/3 3086/11/3 3085/11/3
f 3088/11/3 3086/11/3 3087/11/3
f 3090/2/3 3089/2/3 3088/2/3
f 3091/2/3 3089/2/3 3090/2/3
f 3095/2/3 3093/2/3 3092/2/3
f 3096/2/3 3093/2/3 3095/2/3
f 3097/11/3 3095/11/3 3094/11/3
f 3098/11/3 3095/11/3 3097/11/3
f 3101/11/3 3100/11/3 3099/11/3
f 3102/11/3 3100/11/3 3101/11/3
f 3104/2/3 3103/2/3 3102/2/3
f 3105/2/3 3103/2/3 3104/2/3
f 3108/2/3 3107/2/3 3106/2/3
f 3109/2/3 3107/2/3 3108/2/3
f 3113/2/3 3111/2/3 3110/2/3
f 3114/2/3 3111/2/3 3113/2/3
f 3115/11/3 3113/11/3 3112/11/3
f 3116/11/3 3113/11/3 3115/11/3
f 3119/5/3 3118/5/3 3117/5/3
f 3120/5/3 3118/5/3 3119/5/3
f 3123/8/3 3122/8/3 3121/8/3
f 3124/8/3 3122/8/3 3123/8/3
f 3129/8/3 3126/8/3 3125/8/3
f 3130/8/3 3126/8/3 3129/8/3
f 3131/5/3 3128/5/3 3127/5/3
f 3132/5/3 3128/5/3 3131/5/3
f 3135/8/3 3134/8/3 3133/8/3
f 3136/8/3 3134/8/3 3135/8/3
f 3139/8/3 3138/8/3 3137/8/3
f 3140/8/3 3138/8/3 3139/8/3
f 3143/6/3 3142/6/3 3141/6/3
f 3145/6/3 3144/6/3 3143/6/3
f 3147/6/3 3146/6/3 3145/6/3
f 3149/6/3 3147/6/3 3145/6/3
f 3149/6/3 3148/6/3 3147/6/3
f 3150/6/3 3148/6/3 3149/6/3
f 3151/6/3 3145/6/3 3143/6/3
f 3151/6/3 3149/6/3 3145/6/3
f 3152/6/3 3149/6/3 3151/6/3
f 3153/6/3 3143/6/3 3141/6/3
f 3153/6/3 3151/6/3 3143/6/3
f 3154/6/3 3151/6/3 3153/6/3
f 3155/6/3 3153/6/3 3141/6/3
f 3156/6/3 3153/6/3 3155/6/3
f 3159/5/3 3158/5/3 3157/5/3
f 3160/5/3 3158/5/3 3159/5/3
f 3162/8/3 3161/8/3 3160/8/3
f 3163/8/3 3161/8/3 3162/8/3
f 3167/8/3 3165/8/3 3164/8/3
f 3168/8/3 3165/8/3 3167/8/3
f 3169/5/3 3167/5/3 3166/5/3
f 3170/5/3 3167/5/3 3169/5/3
f 3173/8/3 3172/8/3 3171/8/3
f 3174/8/3 3172/8/3 3173/8/3
f 3177/8/3 3176/8/3 3175/8/3
f 3178/8/3 3176/8/3 3177/8/3
f 3181/5/3 3180/5/3 3179/5/3
f 3182/5/3 3180/5/3 3181/5/3
f 3184/8/3 3183/8/3 3182/8/3
f 3185/8/3 3183/8/3 3184/8/3
f 3189/8/3 3187/8/3 3186/8/3
f 3190/8/3 3187/8/3 3189/8/3
f 3191/5/3 3189/5/3 3188/5/3
f 3192/5/3 3189/5/3 3191/5/3
f 3195/8/3 3194/8/3 3193/8/3
f 3196/8/3 3194/8/3 3195/8/3
f 3199/8/3 3198/8/3 3197/8/3
f 3200/8/3 3198/8/3 3199/8/3
f 3205/5/3 3202/5/3 3201/5/3
f 3206/5/3 3202/5/3 3205/5/3
f 3208/8/3 3207/8/3 3206/8/3
f 3209/8/3 3207/8/3 3208/8/3
f 3210/8/3 3204/8/3 3203/8/3
f 3211/8/3 3204/8/3 3210/8/3
f 3217/8/3 3213/8/3 3212/8/3
f 3218/8/3 3213/8/3 3217/8/3
f 3219/5/3 3217/5/3 3216/5/3
f 3220/5/3 3217/5/3 3219/5/3
f 3221/8/3 3215/8/3 3214/8/3
f 3222/8/3 3215/8/3 3221/8/3
f 3225/8/3 3224/8/3 3223/8/3
f 3226/8/3 3224/8/3 3225/8/3
f 3229/8/3 3228/8/3 3227/8/3
f 3230/8/3 3228/8/3 3229/8/3
f 3233/8/3 3232/8/3 3231/8/3
f 3234/8/3 3232/8/3 3233/8/3
f 3237/8/3 3236/8/3 3235/8/3
f 3238/8/3 3236/8/3 3237/8/3
f 3243/5/3 3240/5/3 3239/5/3
f 3244/5/3 3240/5/3 3243/5/3
f 3246/8/3 3245/8/3 3244/8/3
f 3247/8/3 3245/8/3 3246/8/3
f 3248/8/3 3242/8/3 3241/8/3
f 3249/8/3 3242/8/3 3248/8/3
f 3255/8/3 3251/8/3 3250/8/3
f 3256/8/3 3251/8/3 3255/8/3
f 3257/5/3 3255/5/3 3254/5/3
f 3258/5/3 3255/5/3 3257/5/3
f 3259/8/3 3253/8/3 3252/8/3
f 3260/8/3 3253/8/3 3259/8/3
f 3263/8/3 3262/8/3 3261/8/3
f 3264/8/3 3262/8/3 3263/8/3
f 3267/8/3 3266/8/3 3265/8/3
f 3268/8/3 3266/8/3 3267/8/3
f 3271/5/3 3270/5/3 3269/5/3
f 3272/5/3 3270/5/3 3271/5/3
f 3274/8/3 3273/8/3 3272/8/3
f 3275/8/3 3273/8/3 3274/8/3
f 3279/8/3 3277/8/3 3276/8/3
f 3280/8/3 3277/8/3 3279/8/3
f 3281/5/3 3279/5/3 3278/5/3
f 3282/5/3 3279/5/3 3281/5/3
f 3285/8/3 3284/8/3 3283/8/3
f 3286/8/3 3284/8/3 3285/8/3
f 3289/8/3 3288/8/3 3287/8/3
f 3290/8/3 3288/8/3 3289/8/3
f 3293/8/3 3292/8/3 3291/8/3
f 3294/8/3 3292/8/3 3293/8/3
f 3295/8/3 3292/8/3 3294/8/3
f 3297/8/3 3296/8/3 3295/8/3
f 3297/8/3 3295/8/3 3294/8/3
f 3298/8/3 3296/8/3 3297/8/3
f 3299/8/3 3296/8/3 3298/8/3
f 3301/8/3 3300/8/3 3299/8/3
f 3301/8/3 3299/8/3 3298/8/3
f 3302/8/3 3300/8/3 3301/8/3
f 3303/8/3 3300/8/3 3302/8/3
f 3304/8/3 3300/8/3 3303/8/3
f 3308/8/3 3306/8/3 3305/8/3
f 3310/8/3 3308/8/3 3307/8/3
f 3311/8/3 3306/8/3 3308/8/3
f 3311/8/3 3308/8/3 3310/8/3
f 3312/8/3 3306/8/3 3311/8/3
f 3314/8/3 3310/8/3 3309/8/3
f 3314/8/3 3311/8/3 3310/8/3
f 3315/8/3 3311/8/3 3314/8/3
f 3316/8/3 3311/8/3 3315/8/3
f 3317/8/3 3314/8/3 3313/8/3
f 3317/8/3 3315/8/3 3314/8/3
f 3318/8/3 3315/8/3 3317/8/3
f 3321/8/3 3320/8/3 3319/8/3
f 3322/8/3 3320/8/3 3321/8/3
f 3323/8/3 3320/8/3 3322/8/3
f 3325/8/3 3324/8/3 3323/8/3
f 3325/8/3 3323/8/3 3322/8/3
f 3326/8/3 3324/8/3 3325/8/3
f 3327/8/3 3324/8/3 3326/8/3
f 3329/8/3 3328/8/3 3327/8/3
f 3329/8/3 3327/8/3 3326/8/3
f 3330/8/3 3328/8/3 3329/8/3
f 3331/8/3 3328/8/3 3330/8/3
f 3333/8/3 3332/8/3 3331/8/3
f 3333/8/3 3331/8/3 3330/8/3
f 3334/8/3 3332/8/3 3333/8/3
f 3338/8/3 3336/8/3 3335/8/3
f 3339/8/3 3336/8/3 3338/8/3
f 3340/8/3 3336/8/3 3339/8/3
f 3342/8/3 3338/8/3 3337/8/3
f 3342/8/3 3339/8/3 3338/8/3
f 3343/8/3 3339/8/3 3342/8/3
f 3344/8/3 3339/8/3 3343/8/3
f 3346/8/3 3342/8/3 3341/8/3
f 3346/8/3 3343/8/3 3342/8/3
f 3347/8/3 3343/8/3 3346/8/3
f 3348/8/3 3343/8/3 3347/8/3
f 3349/8/3 3346/8/3 3345/8/3
f 3349/8/3 3347/8/3 3346/8/3
f 3350/8/3 3347/8/3 3349/8/3
f 3353/8/3 3352/8/3 3351/8/3
f 3354/8/3 3352/8/3 3353/8/3
f 3355/8/3 3352/8/3 3354/8/3
f 3357/8/3 3356/8/3 3355/8/3
f 3357/8/3 3355/8/3 3354/8/3
f 3358/8/3 3356/8/3 3357/8/3
f 3359/8/3 3356/8/3 3358/8/3
f 3361/8/3 3360/8/3 3359/8/3
f 3361/8/3 3359/8/3 3358/8/3
f 3362/8/3 3360/8/3 3361/8/3
f 3363/8/3 3360/8/3 3362/8/3
f 3365/8/3 3364/8/3 3363/8/3
f 3365/8/3 3363/8/3 3362/8/3
f 3366/8/3 3364/8/3 3365/8/3
f 3370/8/3 3368/8/3 3367/8/3
f 3371/8/3 3368/8/3 3370/8/3
f 3372/8/3 3368/8/3 3371/8/3
f 3374/8/3 3370/8/3 3369/8/3
f 3374/8/3 3371/8/3 3370/8/3
f 3375/8/3 3371/8/3 3374/8/3
f 3376/8/3 3371/8/3 3375/8/3
f 3378/8/3 3374/8/3 3373/8/3
f 3378/8/3 3375/8/3 3374/8/3
f 3379/8/3 3375/8/3 3378/8/3
f 3380/8/3 3375/8/3 3379/8/3
f 3381/8/3 3378/8/3 3377/8/3
f 3381/8/3 3379/8/3 3378/8/3
f 3382/8/3 3379/8/3 3381/8/3
f 3385/8/3 3384/8/3 3383/8/3
f 3386/8/3 3384/8/3 3385/8/3
f 3387/8/3 3384/8/3 3386/8/3
f 3389/8/3 3388/8/3 3387/8/3
f 3389/8/3 3387/8/3 3386/8/3
f 3390/8/3 3388/8/3 3389/8/3
f 3391/8/3 3388/8/3 3390/8/3
f 3393/8/3 3392/8/3 3391/8/3
f 3393/8/3 3391/8/3 3390/8/3
f 3394/8/3 3392/8/3 3393/8/3
f 3395/8/3 3392/8/3 3394/8/3
f 3397/8/3 3396/8/3 3395/8/3
f 3397/8/3 3395/8/3 3394/8/3
f 3398/8/3 3396/8/3 3397/8/3
f 3402/8/3 3400/8/3 3399/8/3
f 3403/8/3 3400/8/3 3402/8/3
f 3404/8/3 3400/8/3 3403/8/3
f 3406/8/3 3402/8/3 3401/8/3
f 3406/8/3 3403/8/3 3402/8/3
f 3407/8/3 3403/8/3 3406/8/3
f 3408/8/3 3403/8/3 3407/8/3
f 3410/8/3 3406/8/3 3405/8/3
f 3410/8/3 3407/8/3 3406/8/3
f 3411/8/3 3407/8/3 3410/8/3
f 3412/8/3 3407/8/3 3411/8/3
f 3413/8/3 3410/8/3 3409/8/3
f 3413/8/3 3411/8/3 3410/8/3
f 3414/8/3 3411/8/3 3413/8/3
f 3415/7/4 3416/7/4 3417/7/4
f 3417/7/4 3416/7/4 3418/7/4
f 3419/7/4 3420/7/4 3421/7/4
f 3421/7/4 3420/7/4 3422/7/4
f 3419/7/4 3421/7/4 3423/7/4
f 3419/7/4 3423/7/4 3425/7/4
f 3423/7/4 3424/7/4 3425/7/4
f 3425/7/4 3424/7/4 3426/7/4
f 3427/7/4 3428/7/4 3429/7/4
f 3429/7/4 3428/7/4 3430/7/4
f 3431/7/4 3432/7/4 3433/7/4
f 3433/7/4 3432/7/4 3434/7/4
f 3435/7/4 3436/7/4 3437/7/4
f 3437/7/4 3436/7/4 3438/7/4
f 3435/7/4 3437/7/4 3439/7/4
f 3439/7/4 3437/7/4 3440/7/4
f 3441/7/4 3442/7/4 3445/7/4
f 3443/7/4 3444/7/4 3447/7/4
f 3447/7/4 3444/7/4 3448/7/4
f 3441/7/4 3445/7/4 3449/7/4
f 3445/7/4 3446/7/4 3449/7/4
f 3449/7/4 3446/7/4 3450/7/4
f 3451/7/4 3452/7/4 3453/7/4
f 3453/7/4 3452/7/4 3454/7/4
f 3455/7/4 3456/7/4 3457/7/4
f 3457/7/4 3456/7/4 3458/7/4
f 3459/7/4 3460/7/4 3461/7/4
f 3461/7/4 3460/7/4 3462/7/4
f 3459/7/4 3461/7/4 3463/7/4
f 3463/7/4 3461/7/4 3464/7/4
f 3467/7/4 3468/7/4 3469/7/4
f 3465/7/4 3466/7/4 3471/7/4
f 3471/7/4 3466/7/4 3472/7/4
f 3467/7/4 3469/7/4 3473/7/4
f 3469/7/4 3470/7/4 3473/7/4
f 3473/7/4 3470/7/4 3474/7/4
f 3475/7/4 3476/7/4 3477/7/4
f 3477/7/4 3476/7/4 3478/7/4
f 3479/7/4 3480/7/4 3481/7/4
f 3481/7/4 3480/7/4 3482/7/4
f 3483/7/4 3484/7/4 3485/7/4
f 3485/7/4 3484/7/4 3486/7/4
f 3487/8/4 3488/8/4 3489/8/4
f 3489/8/4 3488/8/4 3490/8/4
f 3491/9/4 3492/9/4 3493/9/4
f 3493/9/4 3492/9/4 3494/9/4
f 3495/9/4 3496/9/4 3497/9/4
f 3495/9/4 3497/9/4 3501/9/4
f 3497/9/4 3498/9/4 3501/9/4
f 3501/9/4 3498/9/4 3502/9/4
f 3499/9/4 3500/9/4 3503/9/4
f 3503/9/4 3500/9/4 3504/9/4
f 3505/3/4 3506/3/4 3507/3/4
f 3507/3/4 3506/3/4 3508/3/4
f 3508/3/4 3506/3/4 3509/3/4
f 3509/3/4 3506/3/4 3510/3/4
f 3510/3/4 3511/3/4 3512/3/4
f 3509/3/4 3510/3/4 3512/3/4
f 3509/3/4 3512/3/4 3514/3/4
f 3512/3/4 3513/3/4 3514/3/4
f 3514/3/4 3513/3/4 3515/3/4
f 3515/3/4 3513/3/4 3516/3/4
f 3516/3/4 3513/3/4 3517/3/4
f 3517/3/4 3513/3/4 3519/3/4
f 3518/3/4 3519/3/4 3521/3/4
f 3519/3/4 3513/3/4 3522/3/4
f 3520/3/4 3521/3/4 3522/3/4
f 3521/3/4 3519/3/4 3522/3/4
f 3522/3/4 3513/3/4 3523/3/4
f 3520/3/4 3522/3/4 3526/3/4
f 3526/3/4 3522/3/4 3527/3/4
f 3527/3/4 3522/3/4 3528/3/4
f 3524/3/4 3525/3/4 3529/3/4
f 3525/3/4 3526/3/4 3529/3/4
f 3526/3/4 3527/3/4 3529/3/4
f 3529/3/4 3527/3/4 3530/3/4
f 3531/3/4 3532/3/4 3533/3/4
f 3533/3/4 3532/3/4 3534/3/4
f 3535/3/4 3536/3/4 3537/3/4
f 3537/3/4 3536/3/4 3538/3/4
f 3539/3/4 3540/3/4 3541/3/4
f 3541/3/4 3540/3/4 3542/3/4
f 3543/3/4 3544/3/4 3545/3/4
f 3545/3/4 3544/3/4 3546/3/4
f 3546/3/4 3547/3/4 3549/3/4
f 3549/3/4 3547/3/4 3550/3/4
f 3548/3/4 3549/3/4 3551/3/4
f 3551/3/4 3549/3/4 3552/3/4
f 3553/8/4 3554/8/4 3555/8/4
f 3555/8/4 3554/8/4 3556/8/4
f 3556/3/4 3557/3/4 3558/3/4
f 3558/3/4 3557/3/4 3559/3/4
f 3559/3/4 3557/3/4 3561/3/4
f 3560/3/4 3561/3/4 3563/3/4
f 3561/3/4 3557/3/4 3564/3/4
f 3563/3/4 3561/3/4 3564/3/4
f 3562/8/4 3563/8/4 3565/8/4
f 3565/8/4 3563/8/4 3566/8/4
f 3567/3/4 3568/3/4 3569/3/4
f 3569/3/4 3568/3/4 3570/3/4
f 3571/8/4 3572/8/4 3573/8/4
f 3573/8/4 3572/8/4 3574/8/4
f 3575/8/4 3576/8/4 3577/8/4
f 3577/8/4 3576/8/4 3578/8/4
f 3579/8/4 3580/8/4 3581/8/4
f 3581/8/4 3580/8/4 3582/8/4
f 3583/8/4 3584/8/4 3585/8/4
f 3585/8/4 3584/8/4 3586/8/4
f 3587/8/4 3588/8/4 3589/8/4
f 3589/8/4 3588/8/4 3590/8/4
f 3591/8/4 3592/8/4 3593/8/4
f 3593/8/4 3592/8/4 3594/8/4
f 3598/8/5 3596/8/5 3595/8/5
f 3599/8/5 3596/8/5 3598/8/5
f 3601/8/5 3598/8/5 3597/8/5
f 3601/8/5 3600/8/5 3599/8/5
f 3601/8/5 3599/8/5 3598/8/5
f 3602/8/5 3600/8/5 3601/8/5
f 3603/8/5 3600/8/5 3602/8/5
f 3604/8/5 3600/8/5 3603/8/5
f 3605/8/5 3603/8/5 3602/8/5
f 3606/8/5 3603/8/5 3605/8/5
f 3607/8/5 3603/8/5 3606/8/5
f 3608/8/5 3603/8/5 3607/8/5
f 3609/8/5 3607/8/5 3606/8/5
f 3610/8/5 3607/8/5 3609/8/5
f 3613/7/5 3612/7/5 3611/7/5
f 3614/7/5 3612/7/5 3613/7/5
f 3616/7/5 3615/7/5 3614/7/5
f 3617/7/5 3615/7/5 3616/7/5
f 3620/7/5 3619/7/5 3618/7/5
f 3621/7/5 3619/7/5 3620/7/5
f 3626/5/5 3623/5/5 3622/5/5
f 3627/5/5 3623/5/5 3626/5/5
f 3628/5/5 3625/5/5 3624/5/5
f 3629/5/5 3625/5/5 3628/5/5
f 3630/7/5 3627/7/5 3626/7/5
f 3631/7/5 3627/7/5 3630/7/5
f 3632/7/5 3629/7/5 3628/7/5
f 3633/7/5 3629/7/5 3632/7/5
f 3636/9/5 3635/9/5 3634/9/5
f 3637/9/5 3635/9/5 3636/9/5
f 3642/5/5 3639/5/5 3638/5/5
f 3643/5/5 3639/5/5 3642/5/5
f 3644/5/5 3641/5/5 3640/5/5
f 3645/5/5 3641/5/5 3644/5/5
f 3646/7/5 3643/7/5 3642/7/5
f 3647/7/5 3643/7/5 3646/7/5
f 3648/7/5 3645/7/5 3644/7/5
f 3649/7/5 3645/7/5 3648/7/5
f 3653/9/5 3651/9/5 3650/9/5
f 3654/9/5 3651/9/5 3653/9/5
f 3657/9/5 3653/9/5 3652/9/5
f 3657/9/5 3655/9/5 3654/9/5
f 3657/9/5 3654/9/5 3653/9/5
f 3658/9/5 3655/9/5 3657/9/5
f 3664/9/5 3657/9/5 3656/9/5
f 3664/9/5 3658/9/5 3657/9/5
f 3664/9/5 3659/9/5 3658/9/5
f 3665/9/5 3659/9/5 3664/9/5
f 3666/9/5 3661/9/5 3660/9/5
f 3667/9/5 3661/9/5 3666/9/5
f 3668/9/5 3663/9/5 3662/9/5
f 3669/9/5 3663/9/5 3668/9/5
f 3674/5/5 3671/5/5 3670/5/5
f 3675/5/5 3671/5/5 3674/5/5
f 3676/5/5 3673/5/5 3672/5/5
f 3677/5/5 3673/5/5 3676/5/5
f 3678/7/5 3675/7/5 3674/7/5
f 3679/7/5 3675/7/5 3678/7/5
f 3680/7/5 3677/7/5 3676/7/5
f 3681/7/5 3677/7/5 3680/7/5
f 3685/9/5 3683/9/5 3682/9/5
f 3686/9/5 3683/9/5 3685/9/5
f 3689/9/5 3685/9/5 3684/9/5
f 3690/9/5 3687/9/5 3686/9/5
f 3692/9/5 3689/9/5 3688/9/5
f 3692/9/5 3685/9/5 3689/9/5
f 3693/9/5 3685/9/5 3692/9/5
f 3694/9/5 3691/9/5 3690/9/5
f 3694/9/5 3690/9/5 3686/9/5
f 3695/9/5 3691/9/5 3694/9/5
f 3696/9/5 3692/9/5 3688/9/5
f 3697/9/5 3692/9/5 3696/9/5
f 3698/9/5 3691/9/5 3695/9/5
f 3699/9/5 3691/9/5 3698/9/5
f 3704/9/5 3701/9/5 3700/9/5
f 3705/9/5 3701/9/5 3704/9/5
f 3706/9/5 3703/9/5 3702/9/5
f 3707/9/5 3703/9/5 3706/9/5
f 3713/9/5 3709/9/5 3708/9/5
f 3714/9/5 3711/9/5 3710/9/5
f 3716/9/5 3713/9/5 3712/9/5
f 3717/9/5 3709/9/5 3713/9/5
f 3717/9/5 3713/9/5 3716/9/5
f 3718/9/5 3715/9/5 3714/9/5
f 3718/9/5 3714/9/5 3710/9/5
f 3719/9/5 3715/9/5 3718/9/5
f 3722/5/5 3721/5/5 3720/5/5
f 3723/5/5 3721/5/5 3722/5/5
f 3724/7/5 3723/7/5 3722/7/5
f 3725/7/5 3723/7/5 3724/7/5
f 3731/9/5 3727/9/5 3726/9/5
f 3732/9/5 3727/9/5 3731/9/5
f 3733/9/5 3729/9/5 3728/9/5
f 3734/9/5 3729/9/5 3733/9/5
f 3736/9/5 3731/9/5 3730/9/5
f 3737/9/5 3731/9/5 3736/9/5
f 3738/9/5 3735/9/5 3734/9/5
f 3739/9/5 3735/9/5 3738/9/5
f 3744/9/5 3741/9/5 3740/9/5
f 3745/9/5 3741/9/5 3744/9/5
f 3746/9/5 3743/9/5 3742/9/5
f 3747/9/5 3743/9/5 3746/9/5
f 3753/9/5 3749/9/5 3748/9/5
f 3754/9/5 3749/9/5 3753/9/5
f 3755/9/5 3751/9/5 3750/9/5
f 3756/9/5 3751/9/5 3755/9/5
f 3759/9/5 3753/9/5 3752/9/5
f 3760/9/5 3757/9/5 3756/9/5
f 3762/9/5 3759/9/5 3758/9/5
f 3763/9/5 3753/9/5 3759/9/5
f 3763/9/5 3759/9/5 3762/9/5
f 3764/9/5 3761/9/5 3760/9/5
f 3764/9/5 3760/9/5 3756/9/5
f 3765/9/5 3761/9/5 3764/9/5
f 3771/9/5 3767/9/5 3766/9/5
f 3772/9/5 3767/9/5 3771/9/5
f 3773/9/5 3769/9/5 3768/9/5
f 3774/9/5 3769/9/5 3773/9/5
f 3776/9/5 3771/9/5 3770/9/5
f 3777/9/5 3771/9/5 3776/9/5
f 3778/9/5 3775/9/5 3774/9/5
f 3779/9/5 3775/9/5 3778/9/5
f 3782/1/5 3781/1/5 3780/1/5
f 3783/1/5 3781/1/5 3782/1/5
f 3788/1/5 3785/1/5 3784/1/5
f 3789/1/5 3785/1/5 3788/1/5
f 3790/1/5 3787/1/5 3786/1/5
f 3791/1/5 3787/1/5 3790/1/5
f 3794/12/5 3793/12/5 3792/12/5
f 3795/12/5 3793/12/5 3794/12/5
f 3802/9/5 3797/9/5 3796/9/5
f 3802/9/5 3798/9/5 3797/9/5
f 3802/9/5 3799/9/5 3798/9/5
f 3803/9/5 3799/9/5 3802/9/5
f 3804/12/5 3801/12/5 3800/12/5
f 3805/12/5 3801/12/5 3804/12/5
f 3810/9/5 3807/9/5 3806/9/5
f 3811/9/5 3807/9/5 3810/9/5
f 3812/9/5 3809/9/5 3808/9/5
f 3813/9/5 3809/9/5 3812/9/5
f 3818/9/5 3815/9/5 3814/9/5
f 3819/9/5 3815/9/5 3818/9/5
f 3820/9/5 3817/9/5 3816/9/5
f 3821/9/5 3817/9/5 3820/9/5
f 3824/9/5 3823/9/5 3822/9/5
f 3825/9/5 3823/9/5 3824/9/5
f 3826/9/5 3823/9/5 3825/9/5
f 3827/9/5 3823/9/5 3826/9/5
f 3830/12/5 3829/12/5 3828/12/5
f 3831/12/5 3829/12/5 3830/12/5
f 3834/1/5 3833/1/5 3832/1/5
f 3835/1/5 3833/1/5 3834/1/5
f 3838/7/5 3837/7/5 3836/7/5
f 3839/7/5 3837/7/5 3838/7/5
f 3842/7/5 3841/7/5 3840/7/5
f 3843/7/5 3841/7/5 3842/7/5
f 3847/2/5 3845/2/5 3844/2/5
f 3848/2/5 3845/2/5 3847/2/5
f 3851/2/5 3847/2/5 3846/2/5
f 3851/2/5 3849/2/5 3848/2/5
f 3851/2/5 3848/2/5 3847/2/5
f 3852/2/5 3849/2/5 3851/2/5
f 3855/2/5 3851/2/5 3850/2/5
f 3855/2/5 3853/2/5 3852/2/5
f 3855/2/5 3852/2/5 3851/2/5
f 3856/2/5 3853/2/5 3855/2/5
f 3859/2/5 3855/2/5 3854/2/5
f 3859/2/5 3857/2/5 3856/2/5
f 3859/2/5 3856/2/5 3855/2/5
f 3860/2/5 3857/2/5 3859/2/5
f 3861/2/5 3857/2/5 3860/2/5
f 3862/2/5 3857/2/5 3861/2/5
f 3864/2/5 3859/2/5 3858/2/5
f 3864/2/5 3860/2/5 3859/2/5
f 3865/2/5 3860/2/5 3864/2/5
f 3866/2/5 3863/2/5 3862/2/5
f 3866/2/5 3862/2/5 3861/2/5
f 3867/2/5 3863/2/5 3866/2/5
f 3868/2/5 3864/2/5 3858/2/5
f 3869/2/5 3864/2/5 3868/2/5
f 3870/2/5 3863/2/5 3867/2/5
f 3871/2/5 3863/2/5 3870/2/5
f 3875/2/5 3873/2/5 3872/2/5
f 3876/2/5 3873/2/5 3875/2/5
f 3879/2/5 3875/2/5 3874/2/5
f 3879/2/5 3877/2/5 3876/2/5
f 3879/2/5 3876/2/5 3875/2/5
f 3880/2/5 3877/2/5 3879/2/5
f 3881/2/5 3877/2/5 3880/2/5
f 3882/2/5 3877/2/5 3881/2/5
f 3885/2/5 3879/2/5 3878/2/5
f 3885/2/5 3880/2/5 3879/2/5
f 3886/2/5 3880/2/5 3885/2/5
f 3887/2/5 3880/2/5 3886/2/5
f 3888/2/5 3882/2/5 3881/2/5
f 3888/2/5 3883/2/5 3882/2/5
f 3889/2/5 3883/2/5 3888/2/5
f 3890/2/5 3883/2/5 3889/2/5
f 3893/2/5 3886/2/5 3885/2/5
f 3893/2/5 3885/2/5 3884/2/5
f 3894/2/5 3886/2/5 3893/2/5
f 3895/2/5 3886/2/5 3894/2/5
f 3896/2/5 3891/2/5 3890/2/5
f 3896/2/5 3890/2/5 3889/2/5
f 3897/2/5 3891/2/5 3896/2/5
f 3898/2/5 3891/2/5 3897/2/5
f 3900/2/5 3894/2/5 3893/2/5
f 3900/2/5 3893/2/5 3892/2/5
f 3901/2/5 3894/2/5 3900/2/5
f 3902/2/5 3899/2/5 3898/2/5
f 3902/2/5 3898/2/5 3897/2/5
f 3903/2/5 3899/2/5 3902/2/5
f 3904/2/5 3900/2/5 3892/2/5
f 3905/2/5 3900/2/5 3904/2/5
f 3906/2/5 3899/2/5 3903/2/5
f 3907/2/5 3899/2/5 3906/2/5
f 3911/2/5 3909/2/5 3908/2/5
f 3912/2/5 3909/2/5 3911/2/5
f 3915/2/5 3911/2/5 3910/2/5
f 3915/2/5 3913/2/5 3912/2/5
f 3915/2/5 3912/2/5 3911/2/5
f 3916/2/5 3913/2/5 3915/2/5
f 3917/2/5 3913/2/5 3916/2/5
f 3918/2/5 3913/2/5 3917/2/5
f 3921/2/5 3915/2/5 3914/2/5
f 3921/2/5 3916/2/5 3915/2/5
f 3922/2/5 3916/2/5 3921/2/5
f 3923/2/5 3916/2/5 3922/2/5
f 3924/2/5 3918/2/5 3917/2/5
f 3924/2/5 3919/2/5 3918/2/5
f 3925/2/5 3919/2/5 3924/2/5
f 3926/2/5 3919/2/5 3925/2/5
f 3929/2/5 3922/2/5 3921/2/5
f 3929/2/5 3921/2/5 3920/2/5
f 3930/2/5 3922/2/5 3929/2/5
f 3931/2/5 3922/2/5 3930/2/5
f 3932/2/5 3927/2/5 3926/2/5
f 3932/2/5 3926/2/5 3925/2/5
f 3933/2/5 3927/2/5 3932/2/5
f 3934/2/5 3927/2/5 3933/2/5
f 3936/2/5 3930/2/5 3929/2/5
f 3936/2/5 3929/2/5 3928/2/5
f 3937/2/5 3930/2/5 3936/2/5
f 3938/2/5 3935/2/5 3934/2/5
f 3938/2/5 3934/2/5 3933/2/5
f 3939/2/5 3935/2/5 3938/2/5
f 3940/2/5 3936/2/5 3928/2/5
f 3941/2/5 3936/2/5 3940/2/5
f 3942/2/5 3935/2/5 3939/2/5
f 3943/2/5 3935/2/5 3942/2/5
f 3947/2/5 3945/2/5 3944/2/5
f 3948/2/5 3945/2/5 3947/2/5
f 3951/2/5 3947/2/5 3946/2/5
f 3951/2/5 3949/2/5 3948/2/5
f 3951/2/5 3948/2/5 3947/2/5
f 3952/2/5 3949/2/5 3951/2/5
f 3953/2/5 3949/2/5 3952/2/5
f 3954/2/5 3949/2/5 3953/2/5
f 3957/2/5 3951/2/5 3950/2/5
f 3957/2/5 3952/2/5 3951/2/5
f 3958/2/5 3952/2/5 3957/2/5
f 3959/2/5 3952/2/5 3958/2/5
f 3960/2/5 3954/2/5 3953/2/5
f 3960/2/5 3955/2/5 3954/2/5
f 3961/2/5 3955/2/5 3960/2/5
f 3962/2/5 3955/2/5 3961/2/5
f 3965/2/5 3958/2/5 3957/2/5
f 3965/2/5 3957/2/5 3956/2/5
f 3966/2/5 3958/2/5 3965/2/5
f 3967/2/5 3958/2/5 3966/2/5
f 3968/2/5 3963/2/5 3962/2/5
f 3968/2/5 3962/2/5 3961/2/5
f 3969/2/5 3963/2/5 3968/2/5
f 3970/2/5 3963/2/5 3969/2/5
f 3972/2/5 3966/2/5 3965/2/5
f 3972/2/5 3965/2/5 3964/2/5
f 3973/2/5 3966/2/5 3972/2/5
f 3974/2/5 3971/2/5 3970/2/5
f 3974/2/5 3970/2/5 3969/2/5
f 3975/2/5 3971/2/5 3974/2/5
f 3976/2/5 3972/2/5 3964/2/5
f 3977/2/5 3972/2/5 3976/2/5
f 3978/2/5 3971/2/5 3975/2/5
f 3979/2/5 3971/2/5 3978/2/5
f 3983/2/5 3981/2/5 3980/2/5
f 3984/2/5 3981/2/5 3983/2/5
f 3987/2/5 3983/2/5 3982/2/5
f 3987/2/5 3985/2/5 3984/2/5
f 3987/2/5 3984/2/5 3983/2/5
f 3988/2/5 3985/2/5 3987/2/5
f 3989/2/5 3985/2/5 3988/2/5
f 3990/2/5 3985/2/5 3989/2/5
f 3993/2/5 3987/2/5 3986/2/5
f 3993/2/5 3988/2/5 3987/2/5
f 3994/2/5 3988/2/5 3993/2/5
f 3995/2/5 3988/2/5 3994/2/5
f 3996/2/5 3990/2/5 3989/2/5
f 3996/2/5 3991/2/5 3990/2/5
f 3997/2/5 3991/2/5 3996/2/5
f 3998/2/5 3991/2/5 3997/2/5
f 4001/2/5 3994/2/5 3993/2/5
f 4001/2/5 3993/2/5 3992/2/5
f 4002/2/5 3994/2/5 4001/2/5
f 4003/2/5 3994/2/5 4002/2/5
f 4004/2/5 3999/2/5 3998/2/5
f 4004/2/5 3998/2/5 3997/2/5
f 4005/2/5 3999/2/5 4004/2/5
f 4006/2/5 3999/2/5 4005/2/5
f 4008/2/5 4002/2/5 4001/2/5
f 4008/2/5 4001/2/5 4000/2/5
f 4009/2/5 4002/2/5 4008/2/5
f 4010/2/5 4007/2/5 4006/2/5
f 4010/2/5 4006/2/5 4005/2/5
f 4011/2/5 4007/2/5 4010/2/5
f 4012/2/5 4008/2/5 4000/2/5
f 4013/2/5 4008/2/5 4012/2/5
f 4014/2/5 4007/2/5 4011/2/5
f 4015/2/5 4007/2/5 4014/2/5
f 4018/2/5 4017/2/5 4016/2/5
f 4019/2/5 4017/2/5 4018/2/5
f 4023/2/5 4021/2/5 4020/2/5
f 4024/2/5 4021/2/5 4023/2/5
f 4027/2/5 4023/2/5 4022/2/5
f 4028/2/5 4025/2/5 4024/2/5
f 4031/2/5 4027/2/5 4026/2/5
f 4032/2/5 4023/2/5 4027/2/5
f 4032/2/5 4027/2/5 4031/2/5
f 4033/2/5 4023/2/5 4032/2/5
f 4034/2/5 4029/2/5 4028/2/5
f 4034/2/5 4028/2/5 4024/2/5
f 4035/2/5 4029/2/5 4034/2/5
f 4036/2/5 4029/2/5 4035/2/5
f 4039/2/5 4031/2/5 4030/2/5
f 4039/2/5 4032/2/5 4031/2/5
f 4040/2/5 4032/2/5 4039/2/5
f 4041/2/5 4032/2/5 4040/2/5
f 4042/2/5 4037/2/5 4036/2/5
f 4042/2/5 4036/2/5 4035/2/5
f 4043/2/5 4037/2/5 4042/2/5
f 4044/2/5 4037/2/5 4043/2/5
f 4046/2/5 4040/2/5 4039/2/5
f 4046/2/5 4039/2/5 4038/2/5
f 4047/2/5 4040/2/5 4046/2/5
f 4048/2/5 4045/2/5 4044/2/5
f 4048/2/5 4044/2/5 4043/2/5
f 4049/2/5 4045/2/5 4048/2/5
f 4050/2/5 4046/2/5 4038/2/5
f 4051/2/5 4046/2/5 4050/2/5
f 4052/2/5 4045/2/5 4049/2/5
f 4053/2/5 4045/2/5 4052/2/5
f 4058/8/5 4055/8/5 4054/8/5
f 4059/8/5 4055/8/5 4058/8/5
f 4060/8/5 4055/8/5 4059/8/5
f 4061/8/5 4057/8/5 4056/8/5
f 4062/8/5 4057/8/5 4061/8/5
f 4063/8/5 4057/8/5 4062/8/5
f 4064/5/5 4059/5/5 4058/5/5
f 4065/5/5 4059/5/5 4064/5/5
f 4066/5/5 4063/5/5 4062/5/5
f 4067/5/5 4063/5/5 4066/5/5
f 4072/8/5 4069/8/5 4068/8/5
f 4073/8/5 4069/8/5 4072/8/5
f 4074/8/5 4071/8/5 4070/8/5
f 4075/8/5 4071/8/5 4074/8/5
f 4080/8/5 4077/8/5 4076/8/5
f 4081/8/5 4077/8/5 4080/8/5
f 4082/8/5 4079/8/5 4078/8/5
f 4083/8/5 4079/8/5 4082/8/5
f 4088/4/5 4085/4/5 4084/4/5
f 4089/4/5 4085/4/5 4088/4/5
f 4090/4/5 4087/4/5 4086/4/5
f 4091/4/5 4087/4/5 4090/4/5
f 4093/4/5 4088/4/5 4084/4/5
f 4094/4/5 4088/4/5 4093/4/5
f 4095/4/5 4087/4/5 4091/4/5
f 4096/4/5 4087/4/5 4095/4/5
f 4098/9/5 4093/9/5 4092/9/5
f 4099/9/5 4093/9/5 4098/9/5
f 4100/9/5 4097/9/5 4096/9/5
f 4101/9/5 4097/9/5 4100/9/5
f 4102/8/5 4099/8/5 4098/8/5
f 4103/8/5 4099/8/5 4102/8/5
f 4104/8/5 4101/8/5 4100/8/5
f 4105/8/5 4101/8/5 4104/8/5
f 4106/5/5 4103/5/5 4102/5/5
f 4107/5/5 4103/5/5 4106/5/5
f 4108/5/5 4105/5/5 4104/5/5
f 4109/5/5 4105/5/5 4108/5/5
f 4118/5/5 4115/5/5 4114/5/5
f 4119/5/5 4115/5/5 4118/5/5
f 4120/5/5 4111/5/5 4110/5/5
f 4121/5/5 4111/5/5 4120/5/5
f 4122/5/5 4113/5/5 4112/5/5
f 4123/5/5 4113/5/5 4122/5/5
f 4124/5/5 4117/5/5 4116/5/5
f 4125/5/5 4117/5/5 4124/5/5
f 4128/5/5 4127/5/5 4126/5/5
f 4129/5/5 4127/5/5 4128/5/5
f 4130/8/6 4131/8/6 4134/8/6
f 4134/8/6 4131/8/6 4135/8/6
f 4132/8/6 4133/8/6 4136/8/6
f 4136/8/6 4133/8/6 4137/8/6
f 4138/8/6 4139/8/6 4142/8/6
f 4142/8/6 4139/8/6 4143/8/6
f 4140/8/6 4141/8/6 4144/8/6
f 4144/8/6 4141/8/6 4145/8/6
f 4146/8/6 4147/8/6 4151/8/6
f 4151/8/6 4147/8/6 4152/8/6
f 4152/8/6 4147/8/6 4153/8/6
f 4148/8/6 4149/8/6 4154/8/6
f 4154/8/6 4149/8/6 4155/8/6
f 4155/8/6 4149/8/6 4156/8/6
f 4150/8/6 4151/8/6 4158/8/6
f 4151/8/6 4152/8/6 4158/8/6
f 4158/8/6 4152/8/6 4159/8/6
f 4156/8/6 4157/8/6 4160/8/6
f 4155/8/6 4156/8/6 4160/8/6
f 4160/8/6 4157/8/6 4161/8/6
f 4150/8/6 4158/8/6 4162/8/6
f 4162/8/6 4158/8/6 4163/8/6
f 4163/8/6 4158/8/6 4164/8/6
f 4161/8/6 4157/8/6 4166/8/6
f 4166/8/6 4157/8/6 4167/8/6
f 4167/8/6 4157/8/6 4168/8/6
f 4150/8/6 4162/8/6 4169/8/6
f 4169/8/6 4162/8/6 4170/8/6
f 4168/8/6 4157/8/6 4171/8/6
f 4171/8/6 4157/8/6 4172/8/6
f 4150/8/6 4169/8/6 4173/8/6
f 4173/8/6 4169/8/6 4174/8/6
f 4165/8/6 4166/8/6 4175/8/6
f 4175/8/6 4166/8/6 4176/8/6
f 4172/8/6 4157/8/6 4178/8/6
f 4178/8/6 4157/8/6 4179/8/6
f 4176/8/6 4177/8/6 4180/8/6
f 4180/8/6 4177/8/6 4181/8/6
f 4150/8/6 4173/8/6 4182/8/6
f 4182/8/6 4173/8/6 4183/8/6
f 4179/8/6 4157/8/6 4184/8/6
f 4184/8/6 4157/8/6 4185/8/6
f 4186/7/6 4187/7/6 4190/7/6
f 4190/7/6 4187/7/6 4191/7/6
f 4188/8/6 4189/8/6 4195/8/6
f 4195/8/6 4189/8/6 4196/8/6
f 4196/8/6 4189/8/6 4197/8/6
f 4192/8/6 4193/8/6 4198/8/6
f 4198/8/6 4193/8/6 4199/8/6
f 4199/8/6 4193/8/6 4200/8/6
f 4194/8/6 4195/8/6 4203/8/6
f 4195/8/6 4196/8/6 4203/8/6
f 4203/8/6 4196/8/6 4204/8/6
f 4204/8/6 4196/8/6 4205/8/6
f 4205/8/6 4196/8/6 4206/8/6
f 4200/8/6 4201/8/6 4207/8/6
f 4199/8/6 4200/8/6 4207/8/6
f 4207/8/6 4201/8/6 4208/8/6
f 4208/8/6 4201/8/6 4209/8/6
f 4209/8/6 4201/8/6 4210/8/6
f 4202/8/6 4203/8/6 4212/8/6
f 4203/8/6 4204/8/6 4212/8/6
f 4212/8/6 4204/8/6 4213/8/6
f 4210/8/6 4211/8/6 4214/8/6
f 4209/8/6 4210/8/6 4214/8/6
f 4214/8/6 4211/8/6 4215/8/6
f 4202/8/6 4212/8/6 4216/8/6
f 4216/8/6 4212/8/6 4217/8/6
f 4215/8/6 4211/8/6 4218/8/6
f 4218/8/6 4211/8/6 4219/8/6
f 4220/8/6 4221/8/6 4225/8/6
f 4222/8/6 4223/8/6 4226/8/6
f 4224/8/6 4225/8/6 4228/8/6
f 4225/8/6 4221/8/6 4228/8/6
f 4228/8/6 4221/8/6 4229/8/6
f 4226/8/6 4227/8/6 4230/8/6
f 4222/8/6 4226/8/6 4230/8/6
f 4230/8/6 4227/8/6 4231/8/6
f 4224/8/6 4228/8/6 4232/8/6
f 4232/8/6 4228/8/6 4233/8/6
f 4231/8/6 4227/8/6 4234/8/6
f 4234/8/6 4227/8/6 4235/8/6
f 4236/7/6 4237/7/6 4238/7/6
f 4238/7/6 4237/7/6 4239/7/6
f 4240/7/6 4241/7/6 4246/7/6
f 4241/7/6 4242/7/6 4246/7/6
f 4242/7/6 4243/7/6 4246/7/6
f 4246/7/6 4243/7/6 4247/7/6
f 4244/8/6 4245/8/6 4251/8/6
f 4251/8/6 4245/8/6 4252/8/6
f 4252/8/6 4245/8/6 4253/8/6
f 4248/8/6 4249/8/6 4254/8/6
f 4254/8/6 4249/8/6 4255/8/6
f 4255/8/6 4249/8/6 4256/8/6
f 4250/8/6 4251/8/6 4259/8/6
f 4251/8/6 4252/8/6 4259/8/6
f 4259/8/6 4252/8/6 4260/8/6
f 4260/8/6 4252/8/6 4261/8/6
f 4256/8/6 4257/8/6 4262/8/6
f 4255/8/6 4256/8/6 4262/8/6
f 4262/8/6 4257/8/6 4263/8/6
f 4263/8/6 4257/8/6 4264/8/6
f 4259/8/6 4260/8/6 4266/8/6
f 4258/8/6 4259/8/6 4266/8/6
f 4266/8/6 4260/8/6 4267/8/6
f 4264/8/6 4265/8/6 4268/8/6
f 4263/8/6 4264/8/6 4268/8/6
f 4268/8/6 4265/8/6 4269/8/6
f 4258/8/6 4266/8/6 4270/8/6
f 4270/8/6 4266/8/6 4271/8/6
f 4269/8/6 4265/8/6 4272/8/6
f 4272/8/6 4265/8/6 4273/8/6
f 4274/8/6 4275/8/6 4279/8/6
f 4276/8/6 4277/8/6 4280/8/6
f 4278/8/6 4279/8/6 4282/8/6
f 4279/8/6 4275/8/6 4282/8/6
f 4282/8/6 4275/8/6 4283/8/6
f 4280/8/6 4281/8/6 4284/8/6
f 4276/8/6 4280/8/6 4284/8/6
f 4284/8/6 4281/8/6 4285/8/6
f 4278/8/6 4282/8/6 4286/8/6
f 4286/8/6 4282/8/6 4287/8/6
f 4285/8/6 4281/8/6 4288/8/6
f 4288/8/6 4281/8/6 4289/8/6
f 4290/7/6 4291/7/6 4294/7/6
f 4292/7/6 4293/7/6 4294/7/6
f 4291/7/6 4292/7/6 4294/7/6
f 4294/7/6 4293/7/6 4295/7/6
f 4298/8/6 4299/8/6 4303/8/6
f 4300/8/6 4301/8/6 4304/8/6
f 4302/8/6 4303/8/6 4307/8/6
f 4303/8/6 4299/8/6 4308/8/6
f 4307/8/6 4303/8/6 4308/8/6
f 4308/8/6 4299/8/6 4309/8/6
f 4296/7/6 4297/7/6 4310/7/6
f 4310/7/6 4297/7/6 4311/7/6
f 4304/8/6 4305/8/6 4312/8/6
f 4300/8/6 4304/8/6 4312/8/6
f 4312/8/6 4305/8/6 4313/8/6
f 4313/8/6 4305/8/6 4314/8/6
f 4306/8/6 4307/8/6 4316/8/6
f 4307/8/6 4308/8/6 4316/8/6
f 4316/8/6 4308/8/6 4317/8/6
f 4314/8/6 4315/8/6 4318/8/6
f 4313/8/6 4314/8/6 4318/8/6
f 4318/8/6 4315/8/6 4319/8/6
f 4306/8/6 4316/8/6 4320/8/6
f 4320/8/6 4316/8/6 4321/8/6
f 4319/8/6 4315/8/6 4322/8/6
f 4322/8/6 4315/8/6 4323/8/6
f 4324/8/6 4325/8/6 4329/8/6
f 4326/8/6 4327/8/6 4330/8/6
f 4328/8/6 4329/8/6 4332/8/6
f 4329/8/6 4325/8/6 4332/8/6
f 4332/8/6 4325/8/6 4333/8/6
f 4330/8/6 4331/8/6 4334/8/6
f 4326/8/6 4330/8/6 4334/8/6
f 4334/8/6 4331/8/6 4335/8/6
f 4328/8/6 4332/8/6 4336/8/6
f 4336/8/6 4332/8/6 4337/8/6
f 4335/8/6 4331/8/6 4338/8/6
f 4338/8/6 4331/8/6 4339/8/6
f 4340/7/6 4341/7/6 4342/7/6
f 4342/7/6 4341/7/6 4343/7/6
f 4344/8/6 4345/8/6 4349/8/6
f 4346/8/6 4347/8/6 4352/8/6
f 4348/8/6 4349/8/6 4355/8/6
f 4349/8/6 4345/8/6 4356/8/6
f 4355/8/6 4349/8/6 4356/8/6
f 4356/8/6 4345/8/6 4357/8/6
f 4352/8/6 4353/8/6 4358/8/6
f 4346/8/6 4352/8/6 4358/8/6
f 4358/8/6 4353/8/6 4359/8/6
f 4359/8/6 4353/8/6 4360/8/6
f 4354/8/6 4355/8/6 4362/8/6
f 4355/8/6 4356/8/6 4362/8/6
f 4362/8/6 4356/8/6 4363/8/6
f 4360/8/6 4361/8/6 4364/8/6
f 4359/8/6 4360/8/6 4364/8/6
f 4364/8/6 4361/8/6 4365/8/6
f 4354/8/6 4362/8/6 4366/8/6
f 4366/8/6 4362/8/6 4367/8/6
f 4350/7/6 4351/7/6 4368/7/6
f 4368/7/6 4351/7/6 4369/7/6
f 4365/8/6 4361/8/6 4370/8/6
f 4370/8/6 4361/8/6 4371/8/6
f 4372/8/6 4373/8/6 4377/8/6
f 4377/8/6 4373/8/6 4378/8/6
f 4374/8/6 4375/8/6 4379/8/6
f 4379/8/6 4375/8/6 4380/8/6
f 4376/8/6 4377/8/6 4382/8/6
f 4382/8/6 4377/8/6 4383/8/6
f 4380/8/6 4381/8/6 4384/8/6
f 4384/8/6 4381/8/6 4385/8/6
f 4386/8/6 4387/8/6 4391/8/6
f 4388/8/6 4389/8/6 4392/8/6
f 4390/8/6 4391/8/6 4395/8/6
f 4391/8/6 4387/8/6 4396/8/6
f 4395/8/6 4391/8/6 4396/8/6
f 4396/8/6 4387/8/6 4397/8/6
f 4392/8/6 4393/8/6 4400/8/6
f 4388/8/6 4392/8/6 4400/8/6
f 4400/8/6 4393/8/6 4401/8/6
f 4401/8/6 4393/8/6 4402/8/6
f 4394/8/6 4395/8/6 4404/8/6
f 4395/8/6 4396/8/6 4404/8/6
f 4404/8/6 4396/8/6 4405/8/6
f 4402/8/6 4403/8/6 4406/8/6
f 4401/8/6 4402/8/6 4406/8/6
f 4406/8/6 4403/8/6 4407/8/6
f 4394/8/6 4404/8/6 4409/8/6
f 4409/8/6 4404/8/6 4410/8/6
f 4398/7/6 4399/7/6 4412/7/6
f 4412/7/6 4399/7/6 4413/7/6
f 4407/8/6 4403/8/6 4414/8/6
f 4414/8/6 4403/8/6 4415/8/6
f 4410/8/6 4411/8/6 4418/8/6
f 4408/8/6 4409/8/6 4418/8/6
f 4409/8/6 4410/8/6 4418/8/6
f 4418/8/6 4411/8/6 4419/8/6
f 4419/8/6 4411/8/6 4420/8/6
f 4415/8/6 4416/8/6 4421/8/6
f 4417/8/6 4418/8/6 4423/8/6
f 4418/8/6 4419/8/6 4423/8/6
f 4423/8/6 4419/8/6 4424/8/6
f 4421/8/6 4422/8/6 4425/8/6
f 4415/8/6 4421/8/6 4425/8/6
f 4425/8/6 4422/8/6 4426/8/6
f 4417/8/6 4423/8/6 4427/8/6
f 4427/8/6 4423/8/6 4428/8/6
f 4426/8/6 4422/8/6 4429/8/6
f 4429/8/6 4422/8/6 4430/8/6
f 4431/7/6 4432/7/6 4433/7/6
f 4433/7/6 4432/7/6 4434/7/6
f 4435/7/6 4436/7/6 4439/7/6
f 4439/7/6 4436/7/6 4440/7/6
f 4437/7/6 4438/7/6 4441/7/6
f 4441/7/6 4438/7/6 4442/7/6
f 4443/7/6 4444/7/6 4447/7/6
f 4447/7/6 4444/7/6 4448/7/6
f 4445/7/6 4446/7/6 4449/7/6
f 4449/7/6 4446/7/6 4450/7/6
f 4451/7/6 4452/7/6 4455/7/6
f 4455/7/6 4452/7/6 4456/7/6
f 4453/7/6 4454/7/6 4457/7/6
f 4457/7/6 4454/7/6 4458/7/6
f 4459/7/6 4460/7/6 4462/7/6
f 4462/7/6 4460/7/6 4463/7/6
f 4461/7/6 4462/7/6 4466/7/6
f 4466/7/6 4462/7/6 4467/7/6
f 4463/7/6 4464/7/6 4468/7/6
f 4468/7/6 4464/7/6 4469/7/6
f 4465/7/6 4466/7/6 4472/7/6
f 4472/7/6 4466/7/6 4473/7/6
f 4469/7/6 4470/7/6 4474/7/6
f 4474/7/6 4470/7/6 4475/7/6
f 4471/7/6 4472/7/6 4478/7/6
f 4478/7/6 4472/7/6 4479/7/6
f 4475/7/6 4476/7/6 4480/7/6
f 4480/7/6 4476/7/6 4481/7/6
f 4477/7/6 4478/7/6 4484/7/6
f 4484/7/6 4478/7/6 4485/7/6
f 4481/7/6 4482/7/6 4486/7/6
f 4486/7/6 4482/7/6 4487/7/6
f 4483/7/6 4484/7/6 4490/7/6
f 4490/7/6 4484/7/6 4491/7/6
f 4487/7/6 4488/7/6 4492/7/6
f 4492/7/6 4488/7/6 4493/7/6
f 4489/7/6 4490/7/6 4496/7/6
f 4496/7/6 4490/7/6 4497/7/6
f 4493/7/6 4494/7/6 4498/7/6
f 4498/7/6 4494/7/6 4499/7/6
f 4495/7/6 4496/7/6 4502/7/6
f 4499/7/6 4500/7/6 4503/7/6
f 4501/8/6 4502/8/6 4506/8/6
f 4503/8/6 4504/8/6 4507/8/6
f 4505/8/6 4506/8/6 4509/8/6
f 4506/8/6 4502/8/6 4510/8/6
f 4509/8/6 4506/8/6 4510/8/6
f 4502/7/6 4496/7/6 4511/7/6
f 4499/7/6 4503/7/6 4512/7/6
f 4507/8/6 4508/8/6 4513/8/6
f 4510/8/6 4502/8/6 4516/8/6
f 4516/8/6 4502/8/6 4517/8/6
f 4511/7/6 4512/7/6 4518/7/6
f 4518/7/6 4512/7/6 4519/7/6
f 4507/8/6 4513/8/6 4520/8/6
f 4503/8/6 4507/8/6 4520/8/6
f 4513/8/6 4514/8/6 4520/8/6
f 4520/8/6 4514/8/6 4521/8/6
f 4515/8/6 4516/8/6 4523/8/6
f 4523/8/6 4516/8/6 4524/8/6
f 4524/8/6 4516/8/6 4525/8/6
f 4521/8/6 4514/8/6 4526/8/6
f 4526/8/6 4514/8/6 4527/8/6
f 4527/8/6 4514/8/6 4528/8/6
f 4522/8/6 4523/8/6 4530/8/6
f 4523/8/6 4524/8/6 4530/8/6
f 4530/8/6 4524/8/6 4531/8/6
f 4517/8/6 4502/8/6 4532/8/6
f 4502/7/6 4511/7/6 4533/7/6
f 4532/8/6 4502/8/6 4533/8/6
f 4511/7/6 4518/7/6 4533/7/6
f 4519/7/6 4512/7/6 4534/7/6
f 4512/7/6 4503/7/6 4534/7/6
f 4503/8/6 4520/8/6 4534/8/6
f 4534/8/6 4520/8/6 4535/8/6
f 4528/8/6 4529/8/6 4536/8/6
f 4527/8/6 4528/8/6 4536/8/6
f 4536/8/6 4529/8/6 4537/8/6
f 4533/7/6 4518/7/6 4538/7/6
f 4518/8/6 4519/8/6 4539/8/6
f 4538/7/6 4518/7/6 4539/7/6
f 4519/7/6 4534/7/6 4540/7/6
f 4539/8/6 4519/8/6 4540/8/6
f 4540/7/6 4534/7/6 4541/7/6
f 4538/8/6 4539/8/6 4542/8/6
f 4539/8/6 4540/8/6 4542/8/6
f 4540/8/6 4541/8/6 4542/8/6
f 4542/8/6 4541/8/6 4543/8/6
f 4544/8/6 4545/8/6 4549/8/6
f 4549/8/6 4545/8/6 4550/8/6
f 4546/8/6 4547/8/6 4551/8/6
f 4551/8/6 4547/8/6 4552/8/6
f 4548/8/6 4549/8/6 4555/8/6
f 4555/8/6 4549/8/6 4556/8/6
f 4552/8/6 4553/8/6 4557/8/6
f 4557/8/6 4553/8/6 4558/8/6
f 4554/8/6 4555/8/6 4560/8/6
f 4560/8/6 4555/8/6 4561/8/6
f 4558/8/6 4559/8/6 4562/8/6
f 4562/8/6 4559/8/6 4563/8/6
f 4564/8/6 4565/8/6 4569/8/6
f 4569/8/6 4565/8/6 4570/8/6
f 4566/8/6 4567/8/6 4571/8/6
f 4571/8/6 4567/8/6 4572/8/6
f 4569/8/6 4570/8/6 4575/8/6
f 4568/8/6 4569/8/6 4575/8/6
f 4575/8/6 4570/8/6 4576/8/6
f 4576/8/6 4570/8/6 4577/8/6
f 4572/8/6 4573/8/6 4578/8/6
f 4571/8/6 4572/8/6 4578/8/6
f 4578/8/6 4573/8/6 4579/8/6
f 4579/8/6 4573/8/6 4580/8/6
f 4575/8/6 4576/8/6 4582/8/6
f 4574/8/6 4575/8/6 4582/8/6
f 4582/8/6 4576/8/6 4583/8/6
f 4580/8/6 4581/8/6 4584/8/6
f 4579/8/6 4580/8/6 4584/8/6
f 4584/8/6 4581/8/6 4585/8/6
f 4574/8/6 4582/8/6 4586/8/6
f 4586/8/6 4582/8/6 4587/8/6
f 4585/8/6 4581/8/6 4588/8/6
f 4588/8/6 4581/8/6 4589/8/6
f 4574/8/6 4586/8/6 4590/8/6
f 4590/8/6 4586/8/6 4591/8/6
f 4589/8/6 4581/8/6 4592/8/6
f 4592/8/6 4581/8/6 4593/8/6
f 4594/8/6 4595/8/6 4599/8/6
f 4599/8/6 4595/8/6 4600/8/6
f 4596/8/6 4597/8/6 4601/8/6
f 4601/8/6 4597/8/6 4602/8/6
f 4598/8/6 4599/8/6 4604/8/6
f 4604/8/6 4599/8/6 4605/8/6
f 4602/8/6 4603/8/6 4606/8/6
f 4606/8/6 4603/8/6 4607/8/6
f 4608/8/6 4609/8/6 4613/8/6
f 4613/8/6 4609/8/6 4614/8/6
f 4610/8/6 4611/8/6 4615/8/6
f 4615/8/6 4611/8/6 4616/8/6
f 4612/8/6 4613/8/6 4620/8/6
f 4620/8/6 4613/8/6 4621/8/6
f 4616/8/6 4617/8/6 4622/8/6
f 4622/8/6 4617/8/6 4623/8/6
f 4618/8/6 4619/8/6 4626/8/6
f 4626/8/6 4619/8/6 4627/8/6
f 4624/8/6 4625/8/6 4628/8/6
f 4628/8/6 4625/8/6 4629/8/6
f 4630/8/6 4631/8/6 4634/8/6
f 4632/8/6 4633/8/6 4635/8/6
f 4630/8/6 4634/8/6 4638/8/6
f 4638/8/6 4634/8/6 4639/8/6
f 4635/8/6 4633/8/6 4640/8/6
f 4640/8/6 4633/8/6 4641/8/6
f 4636/8/6 4637/8/6 4644/8/6
f 4644/8/6 4637/8/6 4645/8/6
f 4642/8/6 4643/8/6 4646/8/6
f 4646/8/6 4643/8/6 4647/8/6
f 4648/8/6 4649/8/6 4656/8/6
f 4649/8/6 4650/8/6 4656/8/6
f 4656/8/6 4650/8/6 4657/8/6
f 4652/8/6 4653/8/6 4658/8/6
f 4651/8/6 4652/8/6 4658/8/6
f 4658/8/6 4653/8/6 4659/8/6
f 4654/8/6 4655/8/6 4662/8/6
f 4662/8/6 4655/8/6 4663/8/6
f 4660/8/6 4661/8/6 4664/8/6
f 4664/8/6 4661/8/6 4665/8/6
f 4666/8/6 4667/8/6 4672/8/6
f 4672/8/6 4667/8/6 4673/8/6
f 4668/8/6 4669/8/6 4674/8/6
f 4674/8/6 4669/8/6 4675/8/6
f 4670/8/6 4671/8/6 4678/8/6
f 4678/8/6 4671/8/6 4679/8/6
f 4676/8/6 4677/8/6 4680/8/6
f 4680/8/6 4677/8/6 4681/8/6
f 4682/8/6 4683/8/6 4688/8/6
f 4688/8/6 4683/8/6 4689/8/6
f 4684/8/6 4685/8/6 4690/8/6
f 4690/8/6 4685/8/6 4691/8/6
f 4686/8/6 4687/8/6 4694/8/6
f 4694/8/6 4687/8/6 4695/8/6
f 4692/8/6 4693/8/6 4696/8/6
f 4696/8/6 4693/8/6 4697/8/6
f 4698/8/6 4699/8/6 4704/8/6
f 4704/8/6 4699/8/6 4705/8/6
f 4700/8/6 4701/8/6 4706/8/6
f 4706/8/6 4701/8/6 4707/8/6
f 4702/8/6 4703/8/6 4710/8/6
f 4710/8/6 4703/8/6 4711/8/6
f 4708/8/6 4709/8/6 4712/8/6
f 4712/8/6 4709/8/6 4713/8/6
f 4714/8/6 4715/8/6 4720/8/6
f 4720/8/6 4715/8/6 4721/8/6
f 4716/8/6 4717/8/6 4722/8/6
f 4722/8/6 4717/8/6 4723/8/6
f 4718/8/6 4719/8/6 4726/8/6
f 4726/8/6 4719/8/6 4727/8/6
f 4724/8/6 4725/8/6 4728/8/6
f 4728/8/6 4725/8/6 4729/8/6
f 4730/8/6 4731/8/6 4736/8/6
f 4736/8/6 4731/8/6 4737/8/6
f 4732/8/6 4733/8/6 4738/8/6
f 4738/8/6 4733/8/6 4739/8/6
f 4734/8/6 4735/8/6 4742/8/6
f 4742/8/6 4735/8/6 4743/8/6
f 4740/8/6 4741/8/6 4744/8/6
f 4744/8/6 4741/8/6 4745/8/6
f 4746/8/6 4747/8/6 4750/8/6
f 4748/8/6 4749/8/6 4753/8/6
f 4750/8/6 4751/8/6 4754/8/6
f 4752/8/6 4753/8/6 4755/8/6
f 4750/8/6 4754/8/6 4756/8/6
f 4754/8/6 4755/8/6 4756/8/6
f 4746/8/6 4750/8/6 4756/8/6
f 4755/8/6 4753/8/6 4757/8/6
f 4756/8/6 4755/8/6 4757/8/6
f 4753/8/6 4749/8/6 4757/8/6
f 4758/8/6 4759/8/6 4762/8/6
f 4760/8/6 4761/8/6 4765/8/6
f 4762/8/6 4763/8/6 4766/8/6
f 4758/8/6 4762/8/6 4766/8/6
f 4766/8/6 4763/8/6 4767/8/6
f 4764/8/6 4765/8/6 4770/8/6
f 4765/8/6 4761/8/6 4771/8/6
f 4770/8/6 4765/8/6 4771/8/6
f 4767/8/6 4768/8/6 4772/8/6
f 4769/8/6 4770/8/6 4773/8/6
f 4767/8/6 4772/8/6 4774/8/6
f 4772/8/6 4773/8/6 4774/8/6
f 4773/8/6 4770/8/6 4775/8/6
f 4774/8/6 4773/8/6 4775/8/6
f 4776/9/6 4777/9/6 4778/9/6
f 4778/9/6 4777/9/6 4779/9/6
f 4780/9/6 4781/9/6 4784/9/6
f 4784/9/6 4781/9/6 4785/9/6
f 4782/9/6 4783/9/6 4786/9/6
f 4786/9/6 4783/9/6 4787/9/6
f 4788/9/6 4789/9/6 4792/9/6
f 4792/9/6 4789/9/6 4793/9/6
f 4790/9/6 4791/9/6 4794/9/6
f 4794/9/6 4791/9/6 4795/9/6
f 4796/1/6 4797/1/6 4798/1/6
f 4798/1/6 4797/1/6 4799/1/6
f 4800/9/6 4801/9/6 4804/9/6
f 4802/9/6 4803/9/6 4804/9/6
f 4801/9/6 4802/9/6 4804/9/6
f 4804/9/6 4803/9/6 4805/9/6
f 4806/9/6 4807/9/6 4811/9/6
f 4811/9/6 4807/9/6 4812/9/6
f 4808/9/6 4809/9/6 4813/9/6
f 4813/9/6 4809/9/6 4814/9/6
f 4810/9/6 4811/9/6 4816/9/6
f 4816/9/6 4811/9/6 4817/9/6
f 4814/9/6 4815/9/6 4818/9/6
f 4818/9/6 4815/9/6 4819/9/6
f 4820/9/6 4821/9/6 4825/9/6
f 4825/9/6 4821/9/6 4826/9/6
f 4822/9/6 4823/9/6 4827/9/6
f 4827/9/6 4823/9/6 4828/9/6
f 4824/9/6 4825/9/6 4831/9/6
f 4828/9/6 4829/9/6 4832/9/6
f 4830/9/6 4831/9/6 4834/9/6
f 4831/9/6 4825/9/6 4835/9/6
f 4834/9/6 4831/9/6 4835/9/6
f 4832/9/6 4833/9/6 4836/9/6
f 4828/9/6 4832/9/6 4836/9/6
f 4836/9/6 4833/9/6 4837/9/6
f 4838/12/6 4839/12/6 4840/12/6
f 4840/12/6 4839/12/6 4841/12/6
f 4842/9/6 4843/9/6 4846/9/6
f 4846/9/6 4843/9/6 4847/9/6
f 4844/9/6 4845/9/6 4848/9/6
f 4848/9/6 4845/9/6 4849/9/6
f 4850/9/6 4851/9/6 4855/9/6
f 4855/9/6 4851/9/6 4856/9/6
f 4852/9/6 4853/9/6 4857/9/6
f 4857/9/6 4853/9/6 4858/9/6
f 4854/9/6 4855/9/6 4860/9/6
f 4860/9/6 4855/9/6 4861/9/6
f 4858/9/6 4859/9/6 4862/9/6
f 4862/9/6 4859/9/6 4863/9/6
f 4864/9/6 4865/9/6 4868/9/6
f 4868/9/6 4865/9/6 4869/9/6
f 4866/9/6 4867/9/6 4870/9/6
f 4870/9/6 4867/9/6 4871/9/6
f 4872/9/6 4873/9/6 4877/9/6
f 4874/9/6 4875/9/6 4878/9/6
f 4876/9/6 4877/9/6 4880/9/6
f 4877/9/6 4873/9/6 4881/9/6
f 4880/9/6 4877/9/6 4881/9/6
f 4878/9/6 4879/9/6 4882/9/6
f 4874/9/6 4878/9/6 4882/9/6
f 4882/9/6 4879/9/6 4883/9/6
f 4884/9/6 4885/9/6 4887/9/6
f 4887/9/6 4885/9/6 4888/9/6
f 4886/9/6 4887/9/6 4891/9/6
f 4888/9/6 4889/9/6 4892/9/6
f 4890/9/6 4891/9/6 4894/9/6
f 4891/9/6 4887/9/6 4894/9/6
f 4894/9/6 4887/9/6 4895/9/6
f 4892/9/6 4893/9/6 4896/9/6
f 4888/9/6 4892/9/6 4896/9/6
f 4896/9/6 4893/9/6 4897/9/6
f 4890/9/6 4894/9/6 4898/9/6
f 4898/9/6 4894/9/6 4899/9/6
f 4897/9/6 4893/9/6 4900/9/6
f 4900/9/6 4893/9/6 4901/9/6
f 4902/9/6 4903/9/6 4905/9/6
f 4905/9/6 4903/9/6 4906/9/6
f 4904/9/6 4905/9/6 4909/9/6
f 4906/9/6 4907/9/6 4909/9/6
f 4905/9/6 4906/9/6 4909/9/6
f 4909/9/6 4907/9/6 4910/9/6
f 4908/9/6 4909/9/6 4916/9/6
f 4909/9/6 4910/9/6 4916/9/6
f 4910/9/6 4911/9/6 4916/9/6
f 4916/9/6 4911/9/6 4917/9/6
f 4917/9/6 4911/9/6 4918/9/6
f 4918/9/6 4911/9/6 4919/9/6
f 4912/9/6 4913/9/6 4920/9/6
f 4920/9/6 4913/9/6 4921/9/6
f 4914/9/6 4915/9/6 4922/9/6
f 4922/9/6 4915/9/6 4923/9/6
f 4924/9/6 4925/9/6 4926/9/6
f 4926/9/6 4925/9/6 4927/9/6
f 4924/9/6 4926/9/6 4928/9/6
f 4927/9/6 4925/9/6 4929/9/6
f 4924/9/6 4928/9/6 4930/9/6
f 4928/9/6 4929/9/6 4930/9/6
f 4929/9/6 4925/9/6 4931/9/6
f 4930/9/6 4929/9/6 4931/9/6
f 4932/12/6 4933/12/6 4934/12/6
f 4934/12/6 4933/12/6 4935/12/6
f 4936/12/6 4937/12/6 4938/12/6
f 4938/12/6 4937/12/6 4939/12/6
f 4940/1/6 4941/1/6 4944/1/6
f 4944/1/6 4941/1/6 4945/1/6
f 4942/1/6 4943/1/6 4946/1/6
f 4946/1/6 4943/1/6 4947/1/6
f 4948/1/6 4949/1/6 4952/1/6
f 4952/1/6 4949/1/6 4953/1/6
f 4950/7/6 4951/7/6 4954/7/6
f 4954/7/6 4951/7/6 4955/7/6
f 4955/7/6 4951/7/6 4956/7/6
f 4956/7/6 4951/7/6 4957/7/6
f 4955/7/6 4956/7/6 4958/7/6
f 4958/7/6 4956/7/6 4959/7/6
f 4960/5/6 4961/5/6 4965/5/6
f 4965/5/6 4961/5/6 4966/5/6
f 4962/5/6 4963/5/6 4967/5/6
f 4967/5/6 4963/5/6 4968/5/6
f 4964/5/6 4965/5/6 4971/5/6
f 4971/5/6 4965/5/6 4972/5/6
f 4968/5/6 4969/5/6 4973/5/6
f 4973/5/6 4969/5/6 4974/5/6
f 4970/5/6 4971/5/6 4976/5/6
f 4976/5/6 4971/5/6 4977/5/6
f 4974/5/6 4975/5/6 4978/5/6
f 4978/5/6 4975/5/6 4979/5/6
f 4980/7/6 4981/7/6 4983/7/6
f 4983/7/6 4981/7/6 4984/7/6
f 4982/11/6 4983/11/6 4987/11/6
f 4987/11/6 4983/11/6 4988/11/6
f 4988/11/6 4983/11/6 4989/11/6
f 4984/11/6 4985/11/6 4990/11/6
f 4990/11/6 4985/11/6 4991/11/6
f 4991/11/6 4985/11/6 4992/11/6
f 4986/9/6 4987/9/6 4995/9/6
f 4987/7/6 4988/7/6 4996/7/6
f 4995/9/6 4987/9/6 4996/9/6
f 4996/7/6 4988/7/6 4997/7/6
f 4991/7/6 4992/7/6 4998/7/6
f 4992/9/6 4993/9/6 4999/9/6
f 4998/7/6 4992/7/6 4999/7/6
f 4999/9/6 4993/9/6 5000/9/6
f 4994/9/6 4995/9/6 5002/9/6
f 5002/9/6 4995/9/6 5003/9/6
f 5000/9/6 5001/9/6 5004/9/6
f 5004/9/6 5001/9/6 5005/9/6
f 5006/7/6 5007/7/6 5009/7/6
f 5009/7/6 5007/7/6 5010/7/6
f 5008/11/6 5009/11/6 5014/11/6
f 5014/11/6 5009/11/6 5015/11/6
f 5010/11/6 5011/11/6 5016/11/6
f 5016/11/6 5011/11/6 5017/11/6
f 5012/9/6 5013/9/6 5020/9/6
f 5014/7/6 5015/7/6 5020/7/6
f 5013/7/6 5014/7/6 5020/7/6
f 5020/7/6 5015/7/6 5021/7/6
f 5021/7/6 5015/7/6 5022/7/6
f 5017/7/6 5018/7/6 5023/7/6
f 5016/7/6 5017/7/6 5023/7/6
f 5023/7/6 5018/7/6 5024/7/6
f 5018/9/6 5019/9/6 5025/9/6
f 5024/7/6 5018/7/6 5025/7/6
f 5020/5/6 5021/5/6 5026/5/6
f 5012/9/6 5020/9/6 5026/9/6
f 5026/5/6 5021/5/6 5027/5/6
f 5024/5/6 5025/5/6 5028/5/6
f 5025/9/6 5019/9/6 5029/9/6
f 5028/5/6 5025/5/6 5029/5/6
f 5012/9/6 5026/9/6 5030/9/6
f 5030/9/6 5026/9/6 5031/9/6
f 5029/9/6 5019/9/6 5032/9/6
f 5032/9/6 5019/9/6 5033/9/6
f 5034/5/6 5035/5/6 5038/5/6
f 5038/5/6 5035/5/6 5039/5/6
f 5036/5/6 5037/5/6 5040/5/6
f 5040/5/6 5037/5/6 5041/5/6
f 5042/11/6 5043/11/6 5047/11/6
f 5047/11/6 5043/11/6 5048/11/6
f 5044/11/6 5045/11/6 5049/11/6
f 5049/11/6 5045/11/6 5050/11/6
f 5046/11/6 5047/11/6 5053/11/6
f 5053/11/6 5047/11/6 5054/11/6
f 5050/11/6 5051/11/6 5055/11/6
f 5055/11/6 5051/11/6 5056/11/6
f 5052/11/6 5053/11/6 5058/11/6
f 5058/11/6 5053/11/6 5059/11/6
f 5056/11/6 5057/11/6 5060/11/6
f 5060/11/6 5057/11/6 5061/11/6
f 5062/8/6 5063/8/6 5066/8/6
f 5066/8/6 5063/8/6 5067/8/6
f 5064/8/6 5065/8/6 5068/8/6
f 5068/8/6 5065/8/6 5069/8/6
f 5066/9/6 5067/9/6 5070/9/6
f 5070/9/6 5067/9/6 5071/9/6
f 5068/9/6 5069/9/6 5072/9/6
f 5072/9/6 5069/9/6 5073/9/6
f 5074/8/6 5075/8/6 5078/8/6
f 5078/8/6 5075/8/6 5079/8/6
f 5076/8/6 5077/8/6 5080/8/6
f 5080/8/6 5077/8/6 5081/8/6
f 5078/9/6 5079/9/6 5083/9/6
f 5083/9/6 5079/9/6 5084/9/6
f 5080/9/6 5081/9/6 5085/9/6
f 5085/9/6 5081/9/6 5086/9/6
f 5082/5/6 5083/5/6 5088/5/6
f 5088/5/6 5083/5/6 5089/5/6
f 5086/5/6 5087/5/6 5090/5/6
f 5090/5/6 5087/5/6 5091/5/6
f 5092/8/6 5093/8/6 5096/8/6
f 5096/8/6 5093/8/6 5097/8/6
f 5094/8/6 5095/8/6 5098/8/6
f 5098/8/6 5095/8/6 5099/8/6
f 5100/8/6 5101/8/6 5105/8/6
f 5105/8/6 5101/8/6 5106/8/6
f 5102/8/6 5103/8/6 5107/8/6
f 5107/8/6 5103/8/6 5108/8/6
f 5104/5/6 5105/5/6 5110/5/6
f 5110/5/6 5105/5/6 5111/5/6
f 5108/5/6 5109/5/6 5112/5/6
f 5112/5/6 5109/5/6 5113/5/6
f 5114/8/6 5115/8/6 5118/8/6
f 5118/8/6 5115/8/6 5119/8/6
f 5116/8/6 5117/8/6 5120/8/6
f 5120/8/6 5117/8/6 5121/8/6
f 5122/8/6 5123/8/6 5127/8/6
f 5127/8/6 5123/8/6 5128/8/6
f 5124/8/6 5125/8/6 5129/8/6
f 5129/8/6 5125/8/6 5130/8/6
f 5126/5/6 5127/5/6 5132/5/6
f 5132/5/6 5127/5/6 5133/5/6
f 5130/5/6 5131/5/6 5134/5/6
f 5134/5/6 5131/5/6 5135/5/6
f 5136/8/6 5137/8/6 5140/8/6
f 5140/8/6 5137/8/6 5141/8/6
f 5138/8/6 5139/8/6 5142/8/6
f 5142/8/6 5139/8/6 5143/8/6
f 5144/8/6 5145/8/6 5149/8/6
f 5149/8/6 5145/8/6 5150/8/6
f 5146/8/6 5147/8/6 5151/8/6
f 5151/8/6 5147/8/6 5152/8/6
f 5148/5/6 5149/5/6 5154/5/6
f 5154/5/6 5149/5/6 5155/5/6
f 5152/5/6 5153/5/6 5156/5/6
f 5156/5/6 5153/5/6 5157/5/6
f 5158/8/6 5159/8/6 5162/8/6
f 5162/8/6 5159/8/6 5163/8/6
f 5160/8/6 5161/8/6 5164/8/6
f 5164/8/6 5161/8/6 5165/8/6
f 5166/8/6 5167/8/6 5171/8/6
f 5171/8/6 5167/8/6 5172/8/6
f 5168/8/6 5169/8/6 5173/8/6
f 5173/8/6 5169/8/6 5174/8/6
f 5170/5/6 5171/5/6 5176/5/6
f 5176/5/6 5171/5/6 5177/5/6
f 5174/5/6 5175/5/6 5178/5/6
f 5178/5/6 5175/5/6 5179/5/6
f 5180/2/6 5181/2/6 5183/2/6
f 5183/2/6 5181/2/6 5184/2/6
f 5182/2/6 5183/2/6 5187/2/6
f 5187/2/6 5183/2/6 5188/2/6
f 5184/2/6 5185/2/6 5189/2/6
f 5189/2/6 5185/2/6 5190/2/6
f 5186/2/6 5187/2/6 5193/2/6
f 5190/2/6 5191/2/6 5194/2/6
f 5192/2/6 5193/2/6 5197/2/6
f 5193/2/6 5187/2/6 5198/2/6
f 5197/2/6 5193/2/6 5198/2/6
f 5198/2/6 5187/2/6 5199/2/6
f 5194/2/6 5195/2/6 5200/2/6
f 5190/2/6 5194/2/6 5200/2/6
f 5200/2/6 5195/2/6 5201/2/6
f 5196/2/6 5197/2/6 5203/2/6
f 5197/2/6 5198/2/6 5203/2/6
f 5203/2/6 5198/2/6 5204/2/6
f 5201/2/6 5202/2/6 5205/2/6
f 5205/2/6 5202/2/6 5206/2/6
f 5196/2/6 5203/2/6 5207/2/6
f 5207/2/6 5203/2/6 5208/2/6
f 5209/2/6 5210/2/6 5211/2/6
f 5211/2/6 5210/2/6 5212/2/6
f 5213/2/6 5214/2/6 5215/2/6
f 5215/2/6 5214/2/6 5216/2/6
f 5217/2/6 5218/2/6 5220/2/6
f 5220/2/6 5218/2/6 5221/2/6
f 5219/2/6 5220/2/6 5224/2/6
f 5221/2/6 5222/2/6 5224/2/6
f 5220/2/6 5221/2/6 5224/2/6
f 5224/2/6 5222/2/6 5225/2/6
f 5225/2/6 5222/2/6 5226/2/6
f 5223/2/6 5224/2/6 5227/2/6
f 5224/2/6 5225/2/6 5227/2/6
f 5227/2/6 5225/2/6 5228/2/6
f 5226/2/6 5222/2/6 5229/2/6
f 5229/2/6 5222/2/6 5230/2/6
f 5223/2/6 5227/2/6 5231/2/6
f 5231/2/6 5227/2/6 5232/2/6
f 5230/2/6 5222/2/6 5233/2/6
f 5233/2/6 5222/2/6 5234/2/6
f 5235/2/6 5236/2/6 5238/2/6
f 5238/2/6 5236/2/6 5239/2/6
f 5237/2/6 5238/2/6 5242/2/6
f 5239/2/6 5240/2/6 5242/2/6
f 5238/2/6 5239/2/6 5242/2/6
f 5242/2/6 5240/2/6 5243/2/6
f 5243/2/6 5240/2/6 5244/2/6
f 5244/2/6 5245/2/6 5246/2/6
f 5243/2/6 5244/2/6 5246/2/6
f 5246/2/6 5245/2/6 5247/2/6
f 5241/2/6 5242/2/6 5248/2/6
f 5248/2/6 5242/2/6 5249/2/6
f 5247/2/6 5245/2/6 5250/2/6
f 5250/2/6 5245/2/6 5251/2/6
f 5252/2/6 5253/2/6 5254/2/6
f 5252/2/6 5254/2/6 5257/2/6
f 5254/2/6 5255/2/6 5257/2/6
f 5257/2/6 5255/2/6 5258/2/6
f 5258/2/6 5255/2/6 5259/2/6
f 5259/2/6 5255/2/6 5260/2/6
f 5256/2/6 5257/2/6 5262/2/6
f 5257/2/6 5258/2/6 5262/2/6
f 5262/2/6 5258/2/6 5263/2/6
f 5260/2/6 5261/2/6 5264/2/6
f 5259/2/6 5260/2/6 5264/2/6
f 5264/2/6 5261/2/6 5265/2/6
f 5256/2/6 5262/2/6 5266/2/6
f 5266/2/6 5262/2/6 5267/2/6
f 5265/2/6 5261/2/6 5268/2/6
f 5268/2/6 5261/2/6 5269/2/6
f 5270/2/6 5271/2/6 5273/2/6
f 5273/2/6 5271/2/6 5274/2/6
f 5272/2/6 5273/2/6 5277/2/6
f 5274/2/6 5275/2/6 5277/2/6
f 5273/2/6 5274/2/6 5277/2/6
f 5277/2/6 5275/2/6 5278/2/6
f 5278/2/6 5275/2/6 5279/2/6
f 5279/2/6 5275/2/6 5280/2/6
f 5276/2/6 5277/2/6 5282/2/6
f 5277/2/6 5278/2/6 5282/2/6
f 5282/2/6 5278/2/6 5283/2/6
f 5280/2/6 5281/2/6 5284/2/6
f 5279/2/6 5280/2/6 5284/2/6
f 5284/2/6 5281/2/6 5285/2/6
f 5276/2/6 5282/2/6 5286/2/6
f 5286/2/6 5282/2/6 5287/2/6
f 5285/2/6 5281/2/6 5288/2/6
f 5288/2/6 5281/2/6 5289/2/6
f 5290/2/6 5291/2/6 5292/2/6
f 5292/2/6 5291/2/6 5293/2/6
f 5294/2/6 5295/2/6 5296/2/6
f 5296/2/6 5295/2/6 5297/2/6
f 5298/3/6 5299/3/6 5300/3/6
f 5300/3/6 5299/3/6 5301/3/6
f 5302/3/6 5303/3/6 5306/3/6
f 5306/3/6 5303/3/6 5307/3/6
f 5304/3/6 5305/3/6 5308/3/6
f 5308/3/6 5305/3/6 5309/3/6
f 5307/3/6 5303/3/6 5310/3/6
f 5310/3/6 5303/3/6 5311/3/6
f 5304/3/6 5308/3/6 5312/3/6
f 5312/3/6 5308/3/6 5313/3/6
f 5311/3/6 5312/3/6 5314/3/6
f 5314/3/6 5312/3/6 5315/3/6
f 5316/3/6 5317/3/6 5320/3/6
f 5318/3/6 5319/3/6 5321/3/6
f 5316/3/6 5320/3/6 5322/3/6
f 5320/3/6 5321/3/6 5322/3/6
f 5321/3/6 5319/3/6 5323/3/6
f 5322/3/6 5321/3/6 5323/3/6
f 5324/5/6 5325/5/6 5326/5/6
f 5326/5/6 5325/5/6 5327/5/6
f 5328/5/6 5329/5/6 5332/5/6
f 5332/5/6 5329/5/6 5333/5/6
f 5330/5/6 5331/5/6 5334/5/6
f 5334/5/6 5331/5/6 5335/5/6
f 5332/3/6 5333/3/6 5336/3/6
f 5336/3/6 5333/3/6 5337/3/6
f 5334/3/6 5335/3/6 5340/3/6
f 5340/3/6 5335/3/6 5341/3/6
f 5338/3/6 5339/3/6 5342/3/6
f 5342/3/6 5339/3/6 5343/3/6
f 5344/5/6 5345/5/6 5346/5/6
f 5346/5/6 5345/5/6 5347/5/6
f 5344/5/6 5346/5/6 5348/5/6
f 5348/5/6 5346/5/6 5349/5/6
f 5347/5/6 5345/5/6 5350/5/6
f 5350/5/6 5345/5/6 5351/5/6
f 5348/3/6 5349/3/6 5352/3/6
f 5352/3/6 5349/3/6 5353/3/6
f 5350/3/6 5351/3/6 5354/3/6
f 5354/3/6 5351/3/6 5355/3/6
f 5356/5/6 5357/5/6 5358/5/6
f 5358/5/6 5357/5/6 5359/5/6
f 5358/3/6 5359/3/6 5360/3/6
f 5360/3/6 5359/3/6 5361/3/6
